density,density_level,target_long_fraction_pct,model_key,model_label,method,repeat_index,round_wall_ms,throughput_rps,source_json,request_count,short_request_count,long_request_count,measured_long_fraction,all_ttft_p50_ms,all_ttft_p90_ms,all_ttft_p99_ms,all_completion_p50_ms,all_completion_p90_ms,all_completion_p99_ms,short_ttft_p50_ms,short_ttft_p90_ms,short_ttft_p99_ms,short_completion_p50_ms,short_completion_p90_ms,short_completion_p99_ms,long_ttft_p50_ms,long_ttft_p90_ms,long_ttft_p99_ms,long_completion_p50_ms,long_completion_p90_ms,long_completion_p99_ms
mid_l10,mid,10,mistral-7b-instruct-v0.2,Mistral-7B-Instruct-v0.2,Chunked prefill,0,10436.40744005097,3.8327365264118742,/home/onceas/Arantir/CUCUMIS-lorekeep/lorekeep/results/chapter5_baseline_variants/ratio_sweep_20step_5models_a100_overnight_baseline/raw/mid_l10/mistral-7b-instruct-v0.2_fixed_chunk_vs_sarathi.json,40.0,36.0,4.0,0.1,143.39499204652384,185.24655812070745,599.0567448781802,4653.465455485275,4698.4501599974465,5110.644993793103,143.13033898361027,145.51544198184274,156.25019200961106,4648.312362987781,4667.923478002194,4669.956958887633,504.9011819937732,612.30358784087,652.0441167289391,5026.2346914969385,5123.078320996137,5160.378302605241
mid_l10,mid,10,mistral-7b-instruct-v0.2,Mistral-7B-Instruct-v0.2,Sarathi,0,10364.049536990933,3.8594952539770935,/home/onceas/Arantir/CUCUMIS-lorekeep/lorekeep/results/chapter5_baseline_variants/ratio_sweep_20step_5models_a100_overnight_baseline/raw/mid_l10/mistral-7b-instruct-v0.2_fixed_chunk_vs_sarathi.json,40.0,36.0,4.0,0.1,141.25015851459466,182.44305957341606,592.2901253681629,4592.946883494733,4635.614240571158,5046.106312205666,141.15157950436696,144.48139804881066,153.66354302386753,4588.8995735149365,4604.872424039058,4607.01070362411,497.8636100422591,605.0389868905768,643.2855714578182,4957.826832018327,5058.460883999942,5095.52459938277
mid_l10,mid,10,mistral-7b-instruct-v0.2,Mistral-7B-Instruct-v0.2,Chunked prefill,1,10397.056768997572,3.8472426272860085,/home/onceas/Arantir/CUCUMIS-lorekeep/lorekeep/results/chapter5_baseline_variants/ratio_sweep_20step_5models_a100_overnight_baseline/raw/mid_l10/mistral-7b-instruct-v0.2_fixed_chunk_vs_sarathi.json,40.0,36.0,4.0,0.1,142.67778699286282,185.00479310751,597.6519668957916,4670.216821483336,4711.363943392644,5120.516714576515,142.51932300976478,145.91702396865003,155.5344427091768,4656.284716998925,4681.573354988359,4683.041634451365,507.18064900138415,610.2848340000492,648.1834353128215,5040.8450854883995,5132.132508599898,5166.979890670045
mid_l10,mid,10,mistral-7b-instruct-v0.2,Mistral-7B-Instruct-v0.2,Sarathi,1,10390.140428964514,3.849803597311573,/home/onceas/Arantir/CUCUMIS-lorekeep/lorekeep/results/chapter5_baseline_variants/ratio_sweep_20step_5models_a100_overnight_baseline/raw/mid_l10/mistral-7b-instruct-v0.2_fixed_chunk_vs_sarathi.json,40.0,36.0,4.0,0.1,140.98576802643947,171.5902465104595,580.2615229308138,4602.509470510995,4646.978185983608,5035.575070757186,140.80564700998366,143.2785024808254,143.47123025509063,4602.351688023191,4618.929087999277,4620.075452688616,494.8043170152232,592.2225531656295,628.1056438700762,4941.638915013755,5048.471341573168,5087.160154021112
mid_l30,mid,30,mistral-7b-instruct-v0.2,Mistral-7B-Instruct-v0.2,Chunked prefill,0,10410.268387990072,3.8423601111136065,/home/onceas/Arantir/CUCUMIS-lorekeep/lorekeep/results/chapter5_baseline_variants/ratio_sweep_20step_5models_a100_overnight_baseline/raw/mid_l30/mistral-7b-instruct-v0.2_fixed_chunk_vs_sarathi.json,40.0,28.0,12.0,0.3,151.60589502193034,681.409465696197,838.8267412583809,5198.471960989991,5562.411818729015,5733.868140638806,145.637806475861,195.05933277541772,221.4661146706203,4943.425631499849,5243.99834346259,5247.754003078444,657.731988991145,828.4458512556739,841.7109901865479,5523.6141300119925,5698.692699184176,5745.313321794383
mid_l30,mid,30,mistral-7b-instruct-v0.2,Mistral-7B-Instruct-v0.2,Sarathi,0,10365.087093028706,3.8591089144733752,/home/onceas/Arantir/CUCUMIS-lorekeep/lorekeep/results/chapter5_baseline_variants/ratio_sweep_20step_5models_a100_overnight_baseline/raw/mid_l30/mistral-7b-instruct-v0.2_fixed_chunk_vs_sarathi.json,40.0,28.0,12.0,0.3,151.67170751374215,653.4786287986208,818.724481195095,5100.163060997147,5453.436143876752,5624.935383244301,142.56892300909385,196.60017502610572,203.12858329096343,4874.5432650030125,5141.929181484738,5145.6439070700435,637.6540069759358,785.6783768860623,833.1490737519925,5434.886778501095,5594.866353290854,5633.848791820346
mid_l30,mid,30,mistral-7b-instruct-v0.2,Mistral-7B-Instruct-v0.2,Chunked prefill,1,10409.275343001354,3.8427266723128697,/home/onceas/Arantir/CUCUMIS-lorekeep/lorekeep/results/chapter5_baseline_variants/ratio_sweep_20step_5models_a100_overnight_baseline/raw/mid_l30/mistral-7b-instruct-v0.2_fixed_chunk_vs_sarathi.json,40.0,28.0,12.0,0.3,155.17362247919664,673.5831839672755,835.2735941117862,5158.569740480743,5516.2161628948525,5674.933616599301,145.15894601936452,196.60519210156053,220.6980370299425,4925.151374511188,5174.606866011163,5178.303327249596,653.7871699838433,813.3166831743438,842.5080804043682,5497.892098501325,5655.554986587958,5677.795625404688
mid_l30,mid,30,mistral-7b-instruct-v0.2,Mistral-7B-Instruct-v0.2,Sarathi,1,10391.000465955585,3.8494849587442,/home/onceas/Arantir/CUCUMIS-lorekeep/lorekeep/results/chapter5_baseline_variants/ratio_sweep_20step_5models_a100_overnight_baseline/raw/mid_l30/mistral-7b-instruct-v0.2_fixed_chunk_vs_sarathi.json,40.0,28.0,12.0,0.3,149.11631800350733,651.5605576278176,798.9915539714275,5063.840173999779,5415.80737431068,5587.337361883256,142.85320849739946,196.11115991719998,201.3712525862502,4831.895415496547,5102.654873410938,5108.4575035382295,626.3103645178489,782.1687957213726,806.5667400456732,5401.154253515415,5557.522154098842,5596.123131601489
mid_l50,mid,50,mistral-7b-instruct-v0.2,Mistral-7B-Instruct-v0.2,Chunked prefill,0,11253.184629022144,3.55454934035645,/home/onceas/Arantir/CUCUMIS-lorekeep/lorekeep/results/chapter5_baseline_variants/ratio_sweep_20step_5models_a100_overnight_baseline/raw/mid_l50/mistral-7b-instruct-v0.2_fixed_chunk_vs_sarathi.json,40.0,20.0,20.0,0.5,373.74853901565075,906.9217977055814,1067.7667219465366,5916.322987002786,6316.267174197128,6433.365180864348,154.08570901490748,241.72189093660566,266.74392400309443,5774.828625493683,5953.355413029203,6010.319890468381,731.5613955142908,924.8662430793047,1103.5267845419,6131.309917022008,6381.680588785093,6442.41227786697
mid_l50,mid,50,mistral-7b-instruct-v0.2,Mistral-7B-Instruct-v0.2,Sarathi,0,11169.713600014802,3.5811124109705905,/home/onceas/Arantir/CUCUMIS-lorekeep/lorekeep/results/chapter5_baseline_variants/ratio_sweep_20step_5models_a100_overnight_baseline/raw/mid_l50/mistral-7b-instruct-v0.2_fixed_chunk_vs_sarathi.json,40.0,20.0,20.0,0.5,365.49878399819136,883.5930598783307,1057.220874503255,5827.61118299095,6236.71814109548,6353.156461038743,150.82920098211616,244.0438420919236,266.0546660190448,5680.328192509478,5885.393249971094,5927.127292723744,733.265789487632,911.4539129892365,1091.8213008996097,6033.285934507148,6287.150731211295,6364.183413838618
mid_l50,mid,50,mistral-7b-instruct-v0.2,Mistral-7B-Instruct-v0.2,Chunked prefill,1,11258.299013017677,3.5529345910735755,/home/onceas/Arantir/CUCUMIS-lorekeep/lorekeep/results/chapter5_baseline_variants/ratio_sweep_20step_5models_a100_overnight_baseline/raw/mid_l50/mistral-7b-instruct-v0.2_fixed_chunk_vs_sarathi.json,40.0,20.0,20.0,0.5,373.6461410007905,908.8798326905817,1067.6666797645157,5935.044515004847,6347.656427201582,6465.582326862495,160.7331149862148,242.20373037969696,267.17707799980417,5792.787190002855,5980.68591132178,6039.234037713031,738.9655325096101,922.3961964307819,1104.4079947675343,6130.655108514475,6407.459469104651,6474.9333038623445
mid_l50,mid,50,mistral-7b-instruct-v0.2,Mistral-7B-Instruct-v0.2,Sarathi,1,11172.060623997822,3.5803600916807734,/home/onceas/Arantir/CUCUMIS-lorekeep/lorekeep/results/chapter5_baseline_variants/ratio_sweep_20step_5models_a100_overnight_baseline/raw/mid_l50/mistral-7b-instruct-v0.2_fixed_chunk_vs_sarathi.json,40.0,20.0,20.0,0.5,365.73891146690585,885.4431777668651,1062.697010668926,5831.224517518422,6246.320874092635,6361.161489519291,149.2729669844266,243.78233279567215,270.34835098311305,5694.671584496973,5896.020443161251,5939.466123997117,736.4035644859541,914.9285660940224,1097.1695482684297,6042.783796990989,6297.697915066965,6372.831028713845
mid_l70,mid,70,mistral-7b-instruct-v0.2,Mistral-7B-Instruct-v0.2,Chunked prefill,0,12124.344261013903,3.2991474952275057,/home/onceas/Arantir/CUCUMIS-lorekeep/lorekeep/results/chapter5_baseline_variants/ratio_sweep_20step_5models_a100_overnight_baseline/raw/mid_l70/mistral-7b-instruct-v0.2_fixed_chunk_vs_sarathi.json,40.0,12.0,28.0,0.7,808.1805965048261,1777.4613315996248,1975.3885451116366,7181.562956509879,7618.435537896585,7750.526220204192,148.51345150964335,192.40755441132933,218.60988461528908,7177.194637537468,7280.3001048916485,7282.037755216006,1259.244682994904,1823.943504714407,1982.3041392298182,7216.522385977441,7647.018663055496,7762.963039515889
mid_l70,mid,70,mistral-7b-instruct-v0.2,Mistral-7B-Instruct-v0.2,Sarathi,0,12071.842523000669,3.3134958415658073,/home/onceas/Arantir/CUCUMIS-lorekeep/lorekeep/results/chapter5_baseline_variants/ratio_sweep_20step_5models_a100_overnight_baseline/raw/mid_l70/mistral-7b-instruct-v0.2_fixed_chunk_vs_sarathi.json,40.0,12.0,28.0,0.7,804.1083429707214,1781.5550937026273,1977.7399164548842,7180.770983482944,7616.27098522149,7744.6032324043335,146.52905450202525,195.25908395880833,227.73832578444856,7180.770983482944,7275.2142284065485,7278.1260438764,1261.256081983447,1827.8563818021212,1984.2497707757866,7186.607124487637,7645.623633213108,7756.718475963571
mid_l70,mid,70,mistral-7b-instruct-v0.2,Mistral-7B-Instruct-v0.2,Chunked prefill,1,12093.097702017985,3.3076719452390737,/home/onceas/Arantir/CUCUMIS-lorekeep/lorekeep/results/chapter5_baseline_variants/ratio_sweep_20step_5models_a100_overnight_baseline/raw/mid_l70/mistral-7b-instruct-v0.2_fixed_chunk_vs_sarathi.json,40.0,12.0,28.0,0.7,803.3328225137666,1778.7049298989587,1976.250587591785,7173.030193516752,7617.365575622534,7740.015766042052,150.83902049809694,191.6893946530763,219.4071745843394,7171.685283014085,7284.328685607761,7285.427592862397,1259.1276990133338,1826.2782878766302,1983.1485738739138,7192.506900522858,7643.555215309607,7753.999310958898
mid_l70,mid,70,mistral-7b-instruct-v0.2,Mistral-7B-Instruct-v0.2,Sarathi,1,12051.982527016662,3.3189560232379103,/home/onceas/Arantir/CUCUMIS-lorekeep/lorekeep/results/chapter5_baseline_variants/ratio_sweep_20step_5models_a100_overnight_baseline/raw/mid_l70/mistral-7b-instruct-v0.2_fixed_chunk_vs_sarathi.json,40.0,12.0,28.0,0.7,805.8785995235667,1783.255657472182,1984.47006112081,7178.954484028509,7617.790325533133,7748.453466047649,143.89490798930638,199.00669092894532,221.53295924363192,7178.954484028509,7287.793302279897,7291.179763324908,1273.6982484930195,1835.138316906523,1992.4082860036287,7183.238603523932,7646.634639718104,7762.673101733089
mid_l90,mid,90,mistral-7b-instruct-v0.2,Mistral-7B-Instruct-v0.2,Chunked prefill,0,13014.43515002029,3.0735102629435005,/home/onceas/Arantir/CUCUMIS-lorekeep/lorekeep/results/chapter5_baseline_variants/ratio_sweep_20step_5models_a100_overnight_baseline/raw/mid_l90/mistral-7b-instruct-v0.2_fixed_chunk_vs_sarathi.json,40.0,4.0,36.0,0.9,1597.5510204734746,2582.895961997565,2850.8070899848826,8404.101130494382,8852.342194470111,9024.600408103433,164.92924248450436,178.74596791807562,181.4764825219754,8526.259696518537,8570.844174508238,8587.70993646176,1753.6012229975313,2582.895961997565,2857.8605523449364,8269.970738503616,8864.429344481323,9029.122782862396
mid_l90,mid,90,mistral-7b-instruct-v0.2,Mistral-7B-Instruct-v0.2,Sarathi,0,13204.783915018197,3.0292051924080936,/home/onceas/Arantir/CUCUMIS-lorekeep/lorekeep/results/chapter5_baseline_variants/ratio_sweep_20step_5models_a100_overnight_baseline/raw/mid_l90/mistral-7b-instruct-v0.2_fixed_chunk_vs_sarathi.json,40.0,4.0,36.0,0.9,1642.2264270076994,2769.272922584787,2999.932033942896,8513.782890484435,9002.70657723886,9176.547176738968,167.10406402125955,180.50548911560327,184.18946443125606,8672.625891020289,8717.673439509235,8734.504546950338,1798.263313510688,2776.0609129909426,3005.068968105479,8418.707975011785,9016.876110021258,9181.266908458201
mid_l90,mid,90,mistral-7b-instruct-v0.2,Mistral-7B-Instruct-v0.2,Chunked prefill,1,12938.20010201307,3.0916201391703897,/home/onceas/Arantir/CUCUMIS-lorekeep/lorekeep/results/chapter5_baseline_variants/ratio_sweep_20step_5models_a100_overnight_baseline/raw/mid_l90/mistral-7b-instruct-v0.2_fixed_chunk_vs_sarathi.json,40.0,4.0,36.0,0.9,1602.8040174860507,2594.86279101111,2864.444048399455,8364.937820006162,8878.545451688115,9013.259746441036,155.24298400850967,180.42671880102716,190.14044507814106,8538.217463006731,8580.53324771463,8596.855050387676,1759.3481494986918,2594.86279101111,2871.4319083577716,8223.539459489984,8883.285902498756,9016.774152961443
mid_l90,mid,90,mistral-7b-instruct-v0.2,Mistral-7B-Instruct-v0.2,Sarathi,1,12936.228344973642,3.092091368002325,/home/onceas/Arantir/CUCUMIS-lorekeep/lorekeep/results/chapter5_baseline_variants/ratio_sweep_20step_5models_a100_overnight_baseline/raw/mid_l90/mistral-7b-instruct-v0.2_fixed_chunk_vs_sarathi.json,40.0,4.0,36.0,0.9,1603.2616824959405,2603.480480570579,2862.119621144957,8377.234973013401,8864.184049889445,9022.312010267051,164.12601948832162,178.37446870398708,181.53628507920075,8532.863723492483,8579.000284784706,8595.109714370337,1761.3645270175766,2658.9521509886254,2868.8424377440238,8231.983823498012,8875.426613492891,9026.519316906342
high_l10,high,10,mistral-7b-instruct-v0.2,Mistral-7B-Instruct-v0.2,Chunked prefill,0,8918.385520053562,4.485116718721952,/home/onceas/Arantir/CUCUMIS-lorekeep/lorekeep/results/chapter5_baseline_variants/ratio_sweep_20step_5models_a100_overnight_baseline/raw/high_l10/mistral-7b-instruct-v0.2_fixed_chunk_vs_sarathi.json,40.0,36.0,4.0,0.1,141.63839400862344,226.58006708370564,643.433165255701,4677.3265750089195,4740.233794593951,5154.0445284574525,141.15669051534496,148.9842114970088,194.05288343841676,4622.667218995048,4711.381161992904,4713.193041001796,508.07889297720976,662.7379011944868,720.6521090108436,5062.726673029829,5166.499085124815,5203.862755126902
high_l10,high,10,mistral-7b-instruct-v0.2,Mistral-7B-Instruct-v0.2,Sarathi,0,8951.70503098052,4.468422480585089,/home/onceas/Arantir/CUCUMIS-lorekeep/lorekeep/results/chapter5_baseline_variants/ratio_sweep_20step_5models_a100_overnight_baseline/raw/high_l10/mistral-7b-instruct-v0.2_fixed_chunk_vs_sarathi.json,40.0,36.0,4.0,0.1,142.8591630246956,215.22951469523878,646.5623998647787,4685.076005989686,4752.519049093826,5162.393397623091,142.80410250648856,149.0518889913801,178.9346298377495,4638.175752013922,4725.310786481714,4726.652666999144,510.34927149885334,664.7060548944864,719.1370199836092,5080.1700904848985,5173.907502711518,5208.449817976798
high_l10,high,10,mistral-7b-instruct-v0.2,Mistral-7B-Instruct-v0.2,Chunked prefill,1,8931.857267976739,4.47835190374251,/home/onceas/Arantir/CUCUMIS-lorekeep/lorekeep/results/chapter5_baseline_variants/ratio_sweep_20step_5models_a100_overnight_baseline/raw/high_l10/mistral-7b-instruct-v0.2_fixed_chunk_vs_sarathi.json,40.0,36.0,4.0,0.1,141.35012149927206,215.60851333197252,645.4656226182123,4663.277674524579,4727.644651592709,5138.825241753948,140.88262998848222,151.1842350300867,179.54419172310733,4624.908643017989,4697.386317013297,4700.353011992411,507.4706870072987,664.2378730175551,720.5546242155833,5051.960867014714,5151.142684504157,5188.095012754784
high_l10,high,10,mistral-7b-instruct-v0.2,Mistral-7B-Instruct-v0.2,Sarathi,1,8941.141791001428,4.473701562395188,/home/onceas/Arantir/CUCUMIS-lorekeep/lorekeep/results/chapter5_baseline_variants/ratio_sweep_20step_5models_a100_overnight_baseline/raw/high_l10/mistral-7b-instruct-v0.2_fixed_chunk_vs_sarathi.json,40.0,36.0,4.0,0.1,142.17712997924536,223.9208429353316,642.217881111428,4686.982049024664,4746.555824845564,5159.531316943467,141.79238100768998,150.9009485016577,191.06371718226,4631.778627983294,4717.51922549447,4719.531884524622,506.8304690066725,660.7298993854783,716.265954207629,5070.577573002083,5171.807703492232,5208.636863138527
high_l30,high,30,mistral-7b-instruct-v0.2,Mistral-7B-Instruct-v0.2,Chunked prefill,0,8914.074910979252,4.487285601642517,/home/onceas/Arantir/CUCUMIS-lorekeep/lorekeep/results/chapter5_baseline_variants/ratio_sweep_20step_5models_a100_overnight_baseline/raw/high_l30/mistral-7b-instruct-v0.2_fixed_chunk_vs_sarathi.json,40.0,28.0,12.0,0.3,214.33691898710094,841.8970093771351,977.6634252973599,5411.944554478396,5794.603601220297,5995.451091653667,167.47568603022955,243.38801288977265,254.81935194693506,5103.123878507176,5538.466942880768,5541.077015518094,758.7242135195993,960.1944616995752,985.468361172243,5735.215255001094,5931.669666199014,6022.7813498536125
high_l30,high,30,mistral-7b-instruct-v0.2,Mistral-7B-Instruct-v0.2,Sarathi,0,9057.314405974466,4.416320137193741,/home/onceas/Arantir/CUCUMIS-lorekeep/lorekeep/results/chapter5_baseline_variants/ratio_sweep_20step_5models_a100_overnight_baseline/raw/high_l30/mistral-7b-instruct-v0.2_fixed_chunk_vs_sarathi.json,40.0,28.0,12.0,0.3,211.9111929787323,834.5369671471417,999.6815891400911,5493.745712970849,5874.186278972775,6075.43270079128,168.8217599876225,232.0326070243027,248.2049317995552,5190.2209110266995,5590.705869894009,5593.336266888073,763.4865839791019,941.6270087647717,1025.5303368275054,5832.732817507349,6031.418472173391,6091.673887725337
high_l30,high,30,mistral-7b-instruct-v0.2,Mistral-7B-Instruct-v0.2,Chunked prefill,1,8905.898369033821,4.49140539702111,/home/onceas/Arantir/CUCUMIS-lorekeep/lorekeep/results/chapter5_baseline_variants/ratio_sweep_20step_5models_a100_overnight_baseline/raw/high_l30/mistral-7b-instruct-v0.2_fixed_chunk_vs_sarathi.json,40.0,28.0,12.0,0.3,216.40113048488274,841.6282061138191,984.7364204475889,5423.326187999919,5797.585521597648,5992.134405938559,167.01241303235292,241.51862823055126,253.32157703815028,5110.131527995691,5531.978872406762,5533.803483424126,748.2620360096917,977.195520728128,986.9384586048545,5741.2018995091785,5932.996243366506,6016.834296549787
high_l30,high,30,mistral-7b-instruct-v0.2,Mistral-7B-Instruct-v0.2,Sarathi,1,9056.97463999968,4.416485812308889,/home/onceas/Arantir/CUCUMIS-lorekeep/lorekeep/results/chapter5_baseline_variants/ratio_sweep_20step_5models_a100_overnight_baseline/raw/high_l30/mistral-7b-instruct-v0.2_fixed_chunk_vs_sarathi.json,40.0,28.0,12.0,0.3,208.56618997640908,834.0135879640003,998.2515184039949,5517.528864002088,5880.048761103535,6074.73263612017,169.37237948877737,233.1300738209393,247.66896025685128,5202.682427014224,5597.243885166245,5601.657805753057,770.0032645079773,967.919291916769,1011.3884741201764,5832.989070011536,6019.601348560536,6097.130013378337
high_l50,high,50,mistral-7b-instruct-v0.2,Mistral-7B-Instruct-v0.2,Chunked prefill,0,10043.769418960437,3.9825685289517656,/home/onceas/Arantir/CUCUMIS-lorekeep/lorekeep/results/chapter5_baseline_variants/ratio_sweep_20step_5models_a100_overnight_baseline/raw/high_l50/mistral-7b-instruct-v0.2_fixed_chunk_vs_sarathi.json,40.0,20.0,20.0,0.5,402.3993290029466,1123.7985115789343,1317.3840840288904,6296.838062495226,6719.723546120804,6811.230460932129,198.54191597551107,272.2080870298669,276.1917755345348,6296.838062495226,6431.962311977986,6434.219638083014,920.068692008499,1212.9634219920263,1345.7153250172266,6312.304806517204,6788.771183596691,6816.625971736503
high_l50,high,50,mistral-7b-instruct-v0.2,Mistral-7B-Instruct-v0.2,Sarathi,0,10026.676758017857,3.9893576870336327,/home/onceas/Arantir/CUCUMIS-lorekeep/lorekeep/results/chapter5_baseline_variants/ratio_sweep_20step_5models_a100_overnight_baseline/raw/high_l50/mistral-7b-instruct-v0.2_fixed_chunk_vs_sarathi.json,40.0,20.0,20.0,0.5,401.17170350276865,1084.1860054410063,1265.7336369366385,6264.979803992901,6686.8017847999,6792.894857059,193.55140498373657,269.9348430032842,275.02190220169723,6264.979803992901,6417.875575169455,6420.18512209761,896.6891245217994,1155.796960205771,1286.6125395265406,6283.6521939898375,6773.42388620018,6799.233318058541
high_l50,high,50,mistral-7b-instruct-v0.2,Mistral-7B-Instruct-v0.2,Chunked prefill,1,10607.698571984656,3.7708462140545316,/home/onceas/Arantir/CUCUMIS-lorekeep/lorekeep/results/chapter5_baseline_variants/ratio_sweep_20step_5models_a100_overnight_baseline/raw/high_l50/mistral-7b-instruct-v0.2_fixed_chunk_vs_sarathi.json,40.0,20.0,20.0,0.5,406.9202684913762,1204.315074312035,1337.275686932844,6633.295639534481,7051.568375574425,7204.497741289088,202.1819409856107,272.37881801556796,276.203431445756,6566.722783492878,6657.976095366757,6676.543769839336,925.2066375047434,1267.8883046784904,1350.99712953961,6817.616881482536,7112.19643666409,7206.196462687221
high_l50,high,50,mistral-7b-instruct-v0.2,Mistral-7B-Instruct-v0.2,Sarathi,1,10045.247534988448,3.9819825107023608,/home/onceas/Arantir/CUCUMIS-lorekeep/lorekeep/results/chapter5_baseline_variants/ratio_sweep_20step_5models_a100_overnight_baseline/raw/high_l50/mistral-7b-instruct-v0.2_fixed_chunk_vs_sarathi.json,40.0,20.0,20.0,0.5,402.8138504945673,1086.1614045221359,1268.2078257558169,6241.971840994665,6647.198459255742,6753.087654715637,193.81869948119856,271.36971097206697,275.169607285643,6229.9107710132375,6358.406099007698,6363.561242126743,864.2386884603184,1157.541871711146,1288.7993725488193,6267.174756503664,6718.255682964809,6761.5617333271075
high_l70,high,70,mistral-7b-instruct-v0.2,Mistral-7B-Instruct-v0.2,Chunked prefill,0,11363.175082020462,3.5201428923937415,/home/onceas/Arantir/CUCUMIS-lorekeep/lorekeep/results/chapter5_baseline_variants/ratio_sweep_20step_5models_a100_overnight_baseline/raw/high_l70/mistral-7b-instruct-v0.2_fixed_chunk_vs_sarathi.json,40.0,12.0,28.0,0.7,935.41576951975,2345.46882098075,2640.077594262548,7414.896148518892,7783.274125918979,7964.56558450649,172.29817650513723,205.73500002501532,206.08639335026965,7360.431355511537,7518.973898893455,7520.026948610321,1498.1028045003768,2500.7850369729567,2659.611356020905,7422.220561013091,7828.082234808244,7981.806254510884
high_l70,high,70,mistral-7b-instruct-v0.2,Mistral-7B-Instruct-v0.2,Sarathi,0,11447.532122023404,3.4942029053620876,/home/onceas/Arantir/CUCUMIS-lorekeep/lorekeep/results/chapter5_baseline_variants/ratio_sweep_20step_5models_a100_overnight_baseline/raw/high_l70/mistral-7b-instruct-v0.2_fixed_chunk_vs_sarathi.json,40.0,12.0,28.0,0.7,982.6307235052809,2423.6149034870323,2650.1107182819396,7455.7010929856915,7851.274270674912,7970.951085085981,170.16815399983898,223.255087248981,231.2634312757291,7371.377463976387,7524.2932998458855,7526.732768558431,1512.8603379998822,2464.77279868559,2681.0739618726075,7483.843471476575,7855.583559192019,7988.336770278402
high_l70,high,70,mistral-7b-instruct-v0.2,Mistral-7B-Instruct-v0.2,Chunked prefill,1,11434.532965999097,3.498175231025274,/home/onceas/Arantir/CUCUMIS-lorekeep/lorekeep/results/chapter5_baseline_variants/ratio_sweep_20step_5models_a100_overnight_baseline/raw/high_l70/mistral-7b-instruct-v0.2_fixed_chunk_vs_sarathi.json,40.0,12.0,28.0,0.7,981.6004809981678,2427.3664102947805,2653.160451616277,7449.501928029349,7846.137815510156,7966.22799131088,170.69174197968096,225.08936483063735,230.75626085395925,7366.620451502968,7519.527372176526,7522.40781036613,1514.3694020516705,2468.3522410690784,2684.3543895805487,7472.641275002388,7848.4355203283485,7983.844940755516
high_l70,high,70,mistral-7b-instruct-v0.2,Mistral-7B-Instruct-v0.2,Sarathi,1,11514.563215954695,3.473861687135088,/home/onceas/Arantir/CUCUMIS-lorekeep/lorekeep/results/chapter5_baseline_variants/ratio_sweep_20step_5models_a100_overnight_baseline/raw/high_l70/mistral-7b-instruct-v0.2_fixed_chunk_vs_sarathi.json,40.0,12.0,28.0,0.7,979.0669715148397,2437.53409916535,2665.94591209956,7516.546041995753,7897.307543281931,8006.07709979231,169.804433506215,223.01484592608176,230.3428240393987,7416.288970998721,7551.594384381315,7554.150708164088,1513.033427996561,2477.310063893674,2697.1229360537836,7549.799446482211,7903.917256387649,8024.192859235336
high_l90,high,90,mistral-7b-instruct-v0.2,Mistral-7B-Instruct-v0.2,Chunked prefill,0,12681.911733991,3.154098596411851,/home/onceas/Arantir/CUCUMIS-lorekeep/lorekeep/results/chapter5_baseline_variants/ratio_sweep_20step_5models_a100_overnight_baseline/raw/high_l90/mistral-7b-instruct-v0.2_fixed_chunk_vs_sarathi.json,40.0,4.0,36.0,0.9,1986.372229497647,3652.494797593681,3974.314462361508,8736.730219970923,9008.505723910639,9148.621451389045,175.87956448551267,184.25448138150387,184.62275382888038,8665.982901962707,8704.70241161529,8717.41219129879,2244.48891801876,3676.6534599883016,3987.526519762468,8756.808267498855,9018.698259518715,9153.051759349182
high_l90,high,90,mistral-7b-instruct-v0.2,Mistral-7B-Instruct-v0.2,Sarathi,0,12694.11455100635,3.151066570202718,/home/onceas/Arantir/CUCUMIS-lorekeep/lorekeep/results/chapter5_baseline_variants/ratio_sweep_20step_5models_a100_overnight_baseline/raw/high_l90/mistral-7b-instruct-v0.2_fixed_chunk_vs_sarathi.json,40.0,4.0,36.0,0.9,1996.6410244815052,3652.3487329948694,3968.314402901451,8756.801890966017,9014.000686991494,9159.26916472672,182.04780499218032,185.5347674980294,186.87973875028547,8665.95434199553,8705.742260080297,8721.08902848442,2254.989471490262,3676.4269929844886,3981.5864425007017,8772.892367502209,9028.378067014273,9163.599825886195
high_l90,high,90,mistral-7b-instruct-v0.2,Mistral-7B-Instruct-v0.2,Chunked prefill,1,12698.765904991888,3.149912385129959,/home/onceas/Arantir/CUCUMIS-lorekeep/lorekeep/results/chapter5_baseline_variants/ratio_sweep_20step_5models_a100_overnight_baseline/raw/high_l90/mistral-7b-instruct-v0.2_fixed_chunk_vs_sarathi.json,40.0,4.0,36.0,0.9,1990.2953954879194,3665.3144125360996,3989.6581490145763,8753.448115021456,9026.558051619213,9164.613747878466,184.4959210138768,187.91636740788817,189.23568244557828,8675.96785898786,8719.23065482988,8735.917733226088,2248.3599664992653,3690.831938525662,4002.846756295184,8774.29492448573,9036.269918025937,9169.228561839554
high_l90,high,90,mistral-7b-instruct-v0.2,Mistral-7B-Instruct-v0.2,Sarathi,1,12696.15774002159,3.1505594699654367,/home/onceas/Arantir/CUCUMIS-lorekeep/lorekeep/results/chapter5_baseline_variants/ratio_sweep_20step_5models_a100_overnight_baseline/raw/high_l90/mistral-7b-instruct-v0.2_fixed_chunk_vs_sarathi.json,40.0,4.0,36.0,0.9,1988.105373980943,3659.769925591536,3984.8552621295676,8747.141548024956,9025.05611947854,9163.816324408981,182.74082598509267,188.30118358018808,190.4458929382963,8673.45031898003,8716.887777397642,8733.642225644435,2244.230627489742,3683.764119981788,3998.0277745286,8770.771860989043,9034.901505481685,9168.430360368802
mid_l10,mid,10,gemma-7b-it,Gemma-7B-IT,Chunked prefill,0,10446.682248963043,3.8289668477253125,/home/onceas/Arantir/CUCUMIS-lorekeep/lorekeep/results/chapter5_baseline_variants/ratio_sweep_20step_5models_a100_overnight_baseline/raw/mid_l10/gemma-7b-it_fixed_chunk_vs_sarathi.json,40.0,36.0,4.0,0.1,145.83876801771112,247.71149987937014,754.4002712197835,4722.410775983008,4886.413281300339,5344.977014817414,145.41700098197907,150.78935847850516,198.4265484847128,4682.439335971139,4850.025541498326,4852.665679340134,687.9096019838471,760.0103424687404,776.8405562156113,5331.793796969578,5346.427896089153,5350.780539904372
mid_l10,mid,10,gemma-7b-it,Gemma-7B-IT,Sarathi,0,10936.453095986508,3.6574929411693193,/home/onceas/Arantir/CUCUMIS-lorekeep/lorekeep/results/chapter5_baseline_variants/ratio_sweep_20step_5models_a100_overnight_baseline/raw/mid_l10/gemma-7b-it_fixed_chunk_vs_sarathi.json,40.0,36.0,4.0,0.1,161.11703802016564,242.75666663306836,790.9155221498804,5236.343799013412,5351.485321897781,5861.7488180991495,160.9472850104794,168.9265450113453,193.0311782110948,5209.996494522784,5303.35199701949,5308.984838944161,743.8242014904972,794.5993368106429,805.6507807929302,5857.491537986789,5861.777797382092,5861.86473523092
mid_l10,mid,10,gemma-7b-it,Gemma-7B-IT,Chunked prefill,1,10449.027293012477,3.82810752410887,/home/onceas/Arantir/CUCUMIS-lorekeep/lorekeep/results/chapter5_baseline_variants/ratio_sweep_20step_5models_a100_overnight_baseline/raw/mid_l10/gemma-7b-it_fixed_chunk_vs_sarathi.json,40.0,36.0,4.0,0.1,145.29148198198527,226.8990099313675,719.4314940343611,4698.32568950369,4829.219496191946,5294.810886727646,145.1800795039162,149.18444599607028,177.18139377830082,4679.598056973191,4790.82250551437,4794.774060638156,683.5668985149823,720.4943040385842,723.6827340512536,5277.9776165261865,5296.0199767840095,5299.6472469531
mid_l10,mid,10,gemma-7b-it,Gemma-7B-IT,Sarathi,1,10969.258279947098,3.646554669345693,/home/onceas/Arantir/CUCUMIS-lorekeep/lorekeep/results/chapter5_baseline_variants/ratio_sweep_20step_5models_a100_overnight_baseline/raw/mid_l10/gemma-7b-it_fixed_chunk_vs_sarathi.json,40.0,36.0,4.0,0.1,161.43303998978809,274.75762675749206,816.3384632440284,5257.280612015165,5387.261913286057,5893.371086659608,161.15897748386487,169.16648400365375,214.47845798684278,5201.922384469071,5343.23372549261,5348.450839985162,751.9892525160685,822.6107778027654,841.4277214789763,5873.447234975174,5894.836290890817,5899.231903584441
mid_l30,mid,30,gemma-7b-it,Gemma-7B-IT,Chunked prefill,0,10471.776752965525,3.8197911341714113,/home/onceas/Arantir/CUCUMIS-lorekeep/lorekeep/results/chapter5_baseline_variants/ratio_sweep_20step_5models_a100_overnight_baseline/raw/mid_l30/gemma-7b-it_fixed_chunk_vs_sarathi.json,40.0,28.0,12.0,0.3,272.97735249157995,1199.06569350278,1259.2330612975638,5880.126310017658,6621.133457415272,6861.273972850759,197.7440390328411,307.9145761730615,321.7278759693727,5626.917756482726,6364.734659099486,6367.072248958866,1127.6385975070298,1247.386431088671,1264.275573178893,6291.43182199914,6844.52930688858,6862.8158777044155
mid_l30,mid,30,gemma-7b-it,Gemma-7B-IT,Sarathi,0,10326.632315001916,3.8734796378767533,/home/onceas/Arantir/CUCUMIS-lorekeep/lorekeep/results/chapter5_baseline_variants/ratio_sweep_20step_5models_a100_overnight_baseline/raw/mid_l30/gemma-7b-it_fixed_chunk_vs_sarathi.json,40.0,28.0,12.0,0.3,275.4095130076166,1204.245458607329,1266.3213274662849,5885.807867976837,6609.268030553358,6807.9745066474425,209.06736099277623,307.81695678597316,322.2239100141451,5532.078882009955,6326.365436404012,6328.908188227797,1132.057225506287,1255.6309662933927,1270.7512366014998,6190.637546009384,6790.7353026093915,6810.640264843241
mid_l30,mid,30,gemma-7b-it,Gemma-7B-IT,Chunked prefill,1,10483.88893698575,3.8153780758669984,/home/onceas/Arantir/CUCUMIS-lorekeep/lorekeep/results/chapter5_baseline_variants/ratio_sweep_20step_5models_a100_overnight_baseline/raw/mid_l30/gemma-7b-it_fixed_chunk_vs_sarathi.json,40.0,28.0,12.0,0.3,255.8780600083992,1204.841275291983,1232.4108311685268,5845.15614999691,6346.506295219297,6760.6496192427585,198.46289799897932,282.469406502787,309.99503695755266,5608.964345476124,6313.151955703506,6315.390119430958,1079.8290024977177,1229.0229003003333,1233.8714338012505,6121.96675298037,6676.747371500824,6798.3767307625385
mid_l30,mid,30,gemma-7b-it,Gemma-7B-IT,Sarathi,1,10276.458444015589,3.892391548889459,/home/onceas/Arantir/CUCUMIS-lorekeep/lorekeep/results/chapter5_baseline_variants/ratio_sweep_20step_5models_a100_overnight_baseline/raw/mid_l30/gemma-7b-it_fixed_chunk_vs_sarathi.json,40.0,28.0,12.0,0.3,255.89586497517303,1211.611633404391,1248.9909540390363,5682.576578459702,6321.264586475445,6782.175618269248,210.32209252007306,284.366360277636,334.48162095155567,5459.136502468027,6300.579178298358,6302.165218436276,1088.327217992628,1246.0474402934778,1250.0162149145035,6007.014674512902,6754.694175143959,6783.568345255917
mid_l50,mid,50,gemma-7b-it,Gemma-7B-IT,Chunked prefill,0,12205.98741894355,3.2770802252278637,/home/onceas/Arantir/CUCUMIS-lorekeep/lorekeep/results/chapter5_baseline_variants/ratio_sweep_20step_5models_a100_overnight_baseline/raw/mid_l50/gemma-7b-it_fixed_chunk_vs_sarathi.json,40.0,20.0,20.0,0.5,570.9080985106993,1670.5930573865771,1925.9954611869762,7266.755379998358,7969.33837091201,8386.062663422199,219.31747646885924,330.55879501625896,333.83078187995125,7365.934829489561,7880.3189933125395,7881.81925522571,1295.3840040136129,1852.6184035930783,1939.177208787878,7138.836463011103,8283.250113140093,8386.802152429009
mid_l50,mid,50,gemma-7b-it,Gemma-7B-IT,Sarathi,0,12638.527367031202,3.1649256941393187,/home/onceas/Arantir/CUCUMIS-lorekeep/lorekeep/results/chapter5_baseline_variants/ratio_sweep_20step_5models_a100_overnight_baseline/raw/mid_l50/gemma-7b-it_fixed_chunk_vs_sarathi.json,40.0,20.0,20.0,0.5,604.5730289479252,1664.7363680996932,2037.868587836856,7790.695832518395,8441.516347962897,8684.424100850592,227.55872400011867,329.63995303725824,349.15685112762725,7809.728969499702,8128.8895243022125,8129.11388004839,1311.9797700201161,1890.4589929734357,2077.087816643761,7790.695832518395,8580.863158026477,8685.074374242104
mid_l50,mid,50,gemma-7b-it,Gemma-7B-IT,Chunked prefill,1,12188.532359024975,3.2817732949104474,/home/onceas/Arantir/CUCUMIS-lorekeep/lorekeep/results/chapter5_baseline_variants/ratio_sweep_20step_5models_a100_overnight_baseline/raw/mid_l50/gemma-7b-it_fixed_chunk_vs_sarathi.json,40.0,20.0,20.0,0.5,567.4914164701477,1671.2465029850136,1934.7549091652036,7315.110535011627,8109.73918515956,8380.154456372838,220.65456697600894,326.1426032753661,326.63768698694184,7532.876904500881,7879.0943823812995,7882.360337428399,1284.861357504269,1861.5723653521854,1948.1448003649712,7126.596891495865,8277.672151179286,8381.183804373723
mid_l50,mid,50,gemma-7b-it,Gemma-7B-IT,Sarathi,1,12705.33248805441,3.1482843945727605,/home/onceas/Arantir/CUCUMIS-lorekeep/lorekeep/results/chapter5_baseline_variants/ratio_sweep_20step_5models_a100_overnight_baseline/raw/mid_l50/gemma-7b-it_fixed_chunk_vs_sarathi.json,40.0,20.0,20.0,0.5,589.4926084729377,1688.9452060684562,1952.6654192741262,7755.0536889757495,8371.581833879463,8662.730469481321,223.1464859796688,327.17026298632845,329.79637125274166,7791.246291977586,8108.814457023982,8109.792733674985,1295.7311994978227,1884.6485641726758,1965.570808868506,7718.540886009578,8561.526968318503,8663.363931278
mid_l70,mid,70,gemma-7b-it,Gemma-7B-IT,Chunked prefill,0,14391.451967007015,2.779427683301283,/home/onceas/Arantir/CUCUMIS-lorekeep/lorekeep/results/chapter5_baseline_variants/ratio_sweep_20step_5models_a100_overnight_baseline/raw/mid_l70/gemma-7b-it_fixed_chunk_vs_sarathi.json,40.0,12.0,28.0,0.7,1232.9374614928383,3845.6300064979587,3970.7186793646542,9128.922511998098,9724.04208680382,10181.77219489764,211.15792950149626,284.7012357087806,313.7928279826883,9356.96423900663,9673.074595426442,9676.490500982036,2128.3334830077365,3866.569212730974,3973.983381720609,9051.942545018392,10034.999001485994,10182.961954944185
mid_l70,mid,70,gemma-7b-it,Gemma-7B-IT,Sarathi,0,14483.470157021657,2.761769076494959,/home/onceas/Arantir/CUCUMIS-lorekeep/lorekeep/results/chapter5_baseline_variants/ratio_sweep_20step_5models_a100_overnight_baseline/raw/mid_l70/gemma-7b-it_fixed_chunk_vs_sarathi.json,40.0,12.0,28.0,0.7,1241.0209015069995,3868.424331577262,4110.750060946448,9140.68868450704,9797.287605708698,10216.417933880584,212.98706802190281,287.2090667136945,313.018645796692,9394.707227998879,9715.622902027098,9717.867523944005,2147.02543252497,3892.8308117669076,4131.221489267191,9039.46217946941,10072.928073414369,10216.557326844195
mid_l70,mid,70,gemma-7b-it,Gemma-7B-IT,Chunked prefill,1,14494.398801994976,2.759686727709913,/home/onceas/Arantir/CUCUMIS-lorekeep/lorekeep/results/chapter5_baseline_variants/ratio_sweep_20step_5models_a100_overnight_baseline/raw/mid_l70/gemma-7b-it_fixed_chunk_vs_sarathi.json,40.0,12.0,28.0,0.7,1237.3833644960541,3881.0313999128994,4122.809700915241,9203.408987494186,9787.907775351778,10246.252742530778,210.1601614849642,284.83528700307943,312.0122547575738,9421.871827478753,9740.23381138104,9743.239466376835,2162.3918389959726,3902.733970497502,4143.4207437123405,9123.850505013252,10101.574729569256,10246.847749445587
mid_l70,mid,70,gemma-7b-it,Gemma-7B-IT,Sarathi,1,14996.318146993872,2.6673213790158425,/home/onceas/Arantir/CUCUMIS-lorekeep/lorekeep/results/chapter5_baseline_variants/ratio_sweep_20step_5models_a100_overnight_baseline/raw/mid_l70/gemma-7b-it_fixed_chunk_vs_sarathi.json,40.0,12.0,28.0,0.7,1251.8081019807141,3914.9868728825822,4179.748545677867,9502.104019979015,9906.008430791553,10402.648508558632,212.06760249333456,289.79077030089684,314.87481416319497,9612.826972996118,9892.213307897327,9895.21121969272,2250.7831400143914,4001.7757070832886,4198.557966079097,9445.006191497669,10088.967842276907,10416.635115154204
mid_l90,mid,90,gemma-7b-it,Gemma-7B-IT,Chunked prefill,0,17094.399017980322,2.3399477195967515,/home/onceas/Arantir/CUCUMIS-lorekeep/lorekeep/results/chapter5_baseline_variants/ratio_sweep_20step_5models_a100_overnight_baseline/raw/mid_l90/gemma-7b-it_fixed_chunk_vs_sarathi.json,40.0,4.0,36.0,0.9,3337.4471979914233,6030.437062232522,6638.87877433619,11542.081844992936,12104.933214193443,12352.128799079219,225.6468055129517,279.943379946053,287.79554613516666,11694.47124650469,11756.554551486624,11765.967560129357,3565.8930175122805,6034.320999024203,6659.379690096829,11503.37849999778,12131.948791007744,12354.175139480503
mid_l90,mid,90,gemma-7b-it,Gemma-7B-IT,Sarathi,0,17388.973507040646,2.3003082950126035,/home/onceas/Arantir/CUCUMIS-lorekeep/lorekeep/results/chapter5_baseline_variants/ratio_sweep_20step_5models_a100_overnight_baseline/raw/mid_l90/gemma-7b-it_fixed_chunk_vs_sarathi.json,40.0,4.0,36.0,0.9,3408.4660894877743,6163.6492252058815,6520.725289953407,11991.39436747646,12327.714103710605,12480.706321904436,238.38046946912073,255.64903276972473,257.2650648537092,11874.26210398553,11958.659340377199,11984.948106911615,3637.9014880221803,6240.937722002855,6523.873822472524,12028.938552975887,12339.122742501786,12481.34010550566
mid_l90,mid,90,gemma-7b-it,Gemma-7B-IT,Chunked prefill,1,17472.528034006245,2.2893081025338304,/home/onceas/Arantir/CUCUMIS-lorekeep/lorekeep/results/chapter5_baseline_variants/ratio_sweep_20step_5models_a100_overnight_baseline/raw/mid_l90/gemma-7b-it_fixed_chunk_vs_sarathi.json,40.0,4.0,36.0,0.9,3365.6760785379447,6083.8100787310395,7058.552193795331,11802.53745149821,12220.729974366259,12506.556064966135,223.12837350182235,277.62150177150033,285.7107838446973,11816.533124510897,11891.895649186336,11905.829619102878,3587.551730510313,6087.23730550264,7069.166013714857,11799.79936699965,12264.418919978198,12509.494100767188
mid_l90,mid,90,gemma-7b-it,Gemma-7B-IT,Sarathi,1,17432.389690016862,2.294579269467978,/home/onceas/Arantir/CUCUMIS-lorekeep/lorekeep/results/chapter5_baseline_variants/ratio_sweep_20step_5models_a100_overnight_baseline/raw/mid_l90/gemma-7b-it_fixed_chunk_vs_sarathi.json,40.0,4.0,36.0,0.9,3420.9567304933444,6212.295483320486,6574.659777775523,12015.187495504506,12412.290586391464,12580.871129396837,231.39274949789979,249.8456338827964,250.7441579614533,11939.35512646567,12017.315248883097,12040.904024876072,3656.179991987301,6290.270100522321,6577.872767337249,12031.437985016964,12417.793055996299,12583.382130076643
high_l10,high,10,gemma-7b-it,Gemma-7B-IT,Chunked prefill,0,8980.45076802373,4.454119401492198,/home/onceas/Arantir/CUCUMIS-lorekeep/lorekeep/results/chapter5_baseline_variants/ratio_sweep_20step_5models_a100_overnight_baseline/raw/high_l10/gemma-7b-it_fixed_chunk_vs_sarathi.json,40.0,36.0,4.0,0.1,147.5924394908361,271.11961743212373,813.3576840528985,4799.251708493102,4980.724288220517,5453.358029276133,147.29588199406862,174.69076052657329,214.0142774180276,4758.870376012055,4980.034912499832,4980.847082321998,735.5026234872639,821.6778911941219,846.638512617792,5328.206950012827,5460.160899593029,5480.569510543719
high_l10,high,10,gemma-7b-it,Gemma-7B-IT,Sarathi,0,8904.44337198278,4.492139298213435,/home/onceas/Arantir/CUCUMIS-lorekeep/lorekeep/results/chapter5_baseline_variants/ratio_sweep_20step_5models_a100_overnight_baseline/raw/high_l10/gemma-7b-it_fixed_chunk_vs_sarathi.json,40.0,36.0,4.0,0.1,144.4352015387267,264.0599504869903,805.4433040012373,4723.181177512743,4887.063996994402,5341.74699838215,144.02090798830613,162.7979739860166,209.32561893423548,4627.4676639877725,4854.441456525819,4856.442284534569,722.1558924939018,814.1132322431076,840.1230169687187,5326.34533251985,5343.430145533057,5348.479586985777
high_l10,high,10,gemma-7b-it,Gemma-7B-IT,Chunked prefill,1,8999.068673001602,4.444904406608797,/home/onceas/Arantir/CUCUMIS-lorekeep/lorekeep/results/chapter5_baseline_variants/ratio_sweep_20step_5models_a100_overnight_baseline/raw/high_l10/gemma-7b-it_fixed_chunk_vs_sarathi.json,40.0,36.0,4.0,0.1,146.78194903535768,266.7499334202154,819.193208697834,4803.334664495196,4958.781796687981,5421.518710524542,146.69169951230288,163.8397325295955,211.10750324733084,4751.08640952385,4923.309737991076,4926.98507658497,729.6051580051426,827.7591343794484,853.4569114242913,5409.44135846803,5422.730282787234,5426.364999575308
high_l10,high,10,gemma-7b-it,Gemma-7B-IT,Sarathi,1,8967.19865698833,4.460701890308535,/home/onceas/Arantir/CUCUMIS-lorekeep/lorekeep/results/chapter5_baseline_variants/ratio_sweep_20step_5models_a100_overnight_baseline/raw/high_l10/gemma-7b-it_fixed_chunk_vs_sarathi.json,40.0,36.0,4.0,0.1,145.35353952669539,268.6933309247258,808.2221961568575,4744.348267035093,4911.704203003319,5357.060176858795,144.87472351174802,161.21554997516796,212.6211379800224,4646.82136697229,4871.00150596234,4880.653881616308,719.7506405063905,817.2753875027411,844.4349615403917,5348.082548007369,5357.7804438828025,5359.941244954825
high_l30,high,30,gemma-7b-it,Gemma-7B-IT,Chunked prefill,0,9241.8622939731,4.328132007126444,/home/onceas/Arantir/CUCUMIS-lorekeep/lorekeep/results/chapter5_baseline_variants/ratio_sweep_20step_5models_a100_overnight_baseline/raw/high_l30/gemma-7b-it_fixed_chunk_vs_sarathi.json,40.0,28.0,12.0,0.3,361.1123480077367,1630.8190862182528,1894.5606713980667,6362.158405012451,6906.040224386379,7107.654821937322,313.32899900735356,595.855024008779,869.9361459474313,5992.24071847857,6610.566122224554,6612.032710806816,1522.8664620080963,1725.284199404996,1969.1327975440074,6781.794343522051,7096.575634169858,7109.280489070225
high_l30,high,30,gemma-7b-it,Gemma-7B-IT,Sarathi,0,9254.926915979013,4.3220222442749225,/home/onceas/Arantir/CUCUMIS-lorekeep/lorekeep/results/chapter5_baseline_variants/ratio_sweep_20step_5models_a100_overnight_baseline/raw/high_l30/gemma-7b-it_fixed_chunk_vs_sarathi.json,40.0,28.0,12.0,0.3,456.0119840025436,1582.4190534302033,1832.2179854335263,6299.487379466882,6702.157172973966,7154.812383138924,304.1233910189476,624.9700846325142,763.9045546425041,6105.569674022263,6679.913221503375,6681.961885655182,1494.0411575080361,1781.8554612866137,1851.1062596039847,6545.829899027012,7092.135461216094,7177.491025423515
high_l30,high,30,gemma-7b-it,Gemma-7B-IT,Chunked prefill,1,9233.78234700067,4.331919304226708,/home/onceas/Arantir/CUCUMIS-lorekeep/lorekeep/results/chapter5_baseline_variants/ratio_sweep_20step_5models_a100_overnight_baseline/raw/high_l30/gemma-7b-it_fixed_chunk_vs_sarathi.json,40.0,28.0,12.0,0.3,368.9306204614695,1563.6041954741816,1791.8361027765786,6159.169723978266,6607.471577718388,7081.084401455591,302.60312650352716,562.4251559493132,885.3313472686569,5833.95341099822,6606.782951724017,6608.194551201304,1455.9794575034175,1742.6334033661988,1811.4674966566963,6262.377708480926,7016.854971193243,7104.419602583512
high_l30,high,30,gemma-7b-it,Gemma-7B-IT,Sarathi,1,9234.456494974438,4.331603058801429,/home/onceas/Arantir/CUCUMIS-lorekeep/lorekeep/results/chapter5_baseline_variants/ratio_sweep_20step_5models_a100_overnight_baseline/raw/high_l30/gemma-7b-it_fixed_chunk_vs_sarathi.json,40.0,28.0,12.0,0.3,456.5259414957836,1592.1276117791422,1843.2347590709105,6371.9804089923855,6960.053644870641,7167.513878691243,306.811876478605,628.045865497552,903.3858609676828,5925.058610970154,6670.52533570095,6676.374007157865,1502.0559570402838,1794.9447653780226,1861.136202919297,6754.787811514689,7156.878452503588,7168.768774286145
high_l50,high,50,gemma-7b-it,Gemma-7B-IT,Chunked prefill,0,11523.601084947586,3.47113716494829,/home/onceas/Arantir/CUCUMIS-lorekeep/lorekeep/results/chapter5_baseline_variants/ratio_sweep_20step_5models_a100_overnight_baseline/raw/high_l50/gemma-7b-it_fixed_chunk_vs_sarathi.json,40.0,20.0,20.0,0.5,779.6416234923527,2308.6776760872453,2693.435014974675,7649.385666998569,8322.243360395078,8682.848978220136,296.4158520044293,578.3477395190858,701.003004873055,7857.009547995403,8184.192100830842,8185.968186419341,1667.5775540061295,2547.293338709278,2731.7097821662896,7476.3454670028295,8611.044237471651,8683.28973041207
high_l50,high,50,gemma-7b-it,Gemma-7B-IT,Sarathi,0,11537.706640025135,3.466893486547588,/home/onceas/Arantir/CUCUMIS-lorekeep/lorekeep/results/chapter5_baseline_variants/ratio_sweep_20step_5models_a100_overnight_baseline/raw/high_l50/gemma-7b-it_fixed_chunk_vs_sarathi.json,40.0,20.0,20.0,0.5,782.7809170121327,2337.041740224231,2724.4234587886604,7652.887410484254,8214.897206361638,8692.118432580028,297.0064705295954,581.8195255880711,705.8111935161286,7897.096668020822,8207.025420485297,8208.980209669098,1684.6068620216101,2572.787092567887,2763.55073018989,7240.003568003885,8507.594503840664,8707.53682816634
high_l50,high,50,gemma-7b-it,Gemma-7B-IT,Chunked prefill,1,11548.99210401345,3.463505701601388,/home/onceas/Arantir/CUCUMIS-lorekeep/lorekeep/results/chapter5_baseline_variants/ratio_sweep_20step_5models_a100_overnight_baseline/raw/high_l50/gemma-7b-it_fixed_chunk_vs_sarathi.json,40.0,20.0,20.0,0.5,783.0340664950199,2335.011667292565,2722.541984518757,7680.735494504916,8354.173663520487,8719.765014513978,297.7905930019915,582.6413389178925,704.5900911127683,7889.713299984578,8222.761136927875,8224.497142026084,1680.9070259914733,2574.497935094405,2761.3184837147123,7500.140799995279,8647.615219419822,8720.826552713406
high_l50,high,50,gemma-7b-it,Gemma-7B-IT,Sarathi,1,11562.870905036107,3.4593484895328506,/home/onceas/Arantir/CUCUMIS-lorekeep/lorekeep/results/chapter5_baseline_variants/ratio_sweep_20step_5models_a100_overnight_baseline/raw/high_l50/gemma-7b-it_fixed_chunk_vs_sarathi.json,40.0,20.0,20.0,0.5,782.3440730280709,2370.104279363295,2824.037536899559,7662.573679001071,8271.987169625936,8762.46664999111,299.32655199081637,586.3366071134807,708.0905898363562,7828.247840487165,8267.125562601723,8269.110088190064,1696.9367409474216,2657.502798800124,2831.2533266982064,7346.819056983804,8691.945524857147,8762.803933595424
high_l70,high,70,gemma-7b-it,Gemma-7B-IT,Chunked prefill,0,14546.758994983975,2.749753399626187,/home/onceas/Arantir/CUCUMIS-lorekeep/lorekeep/results/chapter5_baseline_variants/ratio_sweep_20step_5models_a100_overnight_baseline/raw/high_l70/gemma-7b-it_fixed_chunk_vs_sarathi.json,40.0,12.0,28.0,0.7,1597.6563885051291,4651.872870780062,5046.018963140668,10043.486704467796,10272.869997716043,10627.425239510485,272.6752629969269,549.1830348910298,730.5938689323376,9896.028563496657,10104.956898099044,10107.32593297027,2845.596707484219,4913.629515183857,5050.203856943408,10066.174373001559,10390.663077734644,10637.630467669223
high_l70,high,70,gemma-7b-it,Gemma-7B-IT,Sarathi,0,13990.839386999141,2.8590135940785393,/home/onceas/Arantir/CUCUMIS-lorekeep/lorekeep/results/chapter5_baseline_variants/ratio_sweep_20step_5models_a100_overnight_baseline/raw/high_l70/gemma-7b-it_fixed_chunk_vs_sarathi.json,40.0,12.0,28.0,0.7,1537.4059294699691,4689.366791641805,5149.059996340657,9719.797377474606,10077.693638787605,10511.183852277463,242.634561000159,340.9972083987668,369.6749805856962,9764.4653954776,10052.961145102745,10056.355584792327,2771.3620474969503,4926.281070505502,5163.321544538485,9703.362393018324,10306.19829306379,10525.510456197662
high_l70,high,70,gemma-7b-it,Gemma-7B-IT,Chunked prefill,1,14077.450466982555,2.841423601085761,/home/onceas/Arantir/CUCUMIS-lorekeep/lorekeep/results/chapter5_baseline_variants/ratio_sweep_20step_5models_a100_overnight_baseline/raw/high_l70/gemma-7b-it_fixed_chunk_vs_sarathi.json,40.0,12.0,28.0,0.7,1741.1197629990056,4868.899123894516,5229.956631762325,9841.41464001732,10209.612440504134,10661.214583602268,272.7660225064028,555.4987030336633,827.2606195270785,9886.289868009044,10159.22651841538,10178.154684485635,2755.520047969185,5140.595753170783,5235.1951595227,9807.918545993743,10497.707362001529,10664.745098801795
high_l70,high,70,gemma-7b-it,Gemma-7B-IT,Sarathi,1,14092.647381999996,2.8383595300263087,/home/onceas/Arantir/CUCUMIS-lorekeep/lorekeep/results/chapter5_baseline_variants/ratio_sweep_20step_5models_a100_overnight_baseline/raw/high_l70/gemma-7b-it_fixed_chunk_vs_sarathi.json,40.0,12.0,28.0,0.7,1540.6651259982027,4734.998638072284,5245.195012015756,9834.70856049098,10188.534333062125,10624.22523454763,246.56587251229212,341.54999655438587,369.08413994999137,9839.960469515063,10122.874898574082,10124.167546488461,2779.728135035839,4993.054438685067,5245.195012015756,9834.70856049098,10487.534478394082,10624.51015714556
high_l90,high,90,gemma-7b-it,Gemma-7B-IT,Chunked prefill,0,16506.729115033522,2.4232541602424402,/home/onceas/Arantir/CUCUMIS-lorekeep/lorekeep/results/chapter5_baseline_variants/ratio_sweep_20step_5models_a100_overnight_baseline/raw/high_l90/gemma-7b-it_fixed_chunk_vs_sarathi.json,40.0,4.0,36.0,0.9,3818.7222334963735,7221.673929027747,7610.78836059256,12147.199900995474,12315.752473683096,12387.948125293478,228.30456399242394,287.2697018145118,295.15391619468573,11789.623929507798,11852.32802289538,11873.827077193419,4134.791394986678,7295.527897018474,7614.818077351083,12168.402286013588,12317.637232481502,12389.967512851581
high_l90,high,90,gemma-7b-it,Gemma-7B-IT,Sarathi,0,16625.00437500421,2.4060144044316902,/home/onceas/Arantir/CUCUMIS-lorekeep/lorekeep/results/chapter5_baseline_variants/ratio_sweep_20step_5models_a100_overnight_baseline/raw/high_l90/gemma-7b-it_fixed_chunk_vs_sarathi.json,40.0,4.0,36.0,0.9,3802.362323505804,7339.982320234412,7867.4305849085795,12277.49207650777,12477.461603522534,12535.033467276953,237.58473052293994,278.4758527879603,284.9904921592679,11960.75612748973,12020.771018508822,12039.054933870211,4114.5350115257315,7340.667889016913,7868.335972508066,12303.778448491357,12486.207345529692,12536.323335557245
high_l90,high,90,gemma-7b-it,Gemma-7B-IT,Chunked prefill,1,17154.44910596125,2.3317566045358937,/home/onceas/Arantir/CUCUMIS-lorekeep/lorekeep/results/chapter5_baseline_variants/ratio_sweep_20step_5models_a100_overnight_baseline/raw/high_l90/gemma-7b-it_fixed_chunk_vs_sarathi.json,40.0,4.0,36.0,0.9,3808.423722482985,7303.07474368019,8104.577310186578,12350.016976997722,12542.494178522611,12748.005561217433,219.7505549993366,277.33018900617026,284.33610580919776,11987.786943995161,12008.256471407367,12009.360653160256,4225.027864478761,7307.513090490829,8125.067045347531,12370.580394024728,12544.2801125173,12754.539845295949
high_l90,high,90,gemma-7b-it,Gemma-7B-IT,Sarathi,1,17678.259562992025,2.2626661780516386,/home/onceas/Arantir/CUCUMIS-lorekeep/lorekeep/results/chapter5_baseline_variants/ratio_sweep_20step_5models_a100_overnight_baseline/raw/high_l90/gemma-7b-it_fixed_chunk_vs_sarathi.json,40.0,4.0,36.0,0.9,3921.5014685178176,7603.100855532102,8639.715851017972,12687.263627012726,12849.798383144662,13119.928529108874,227.95670799678192,287.2451525880024,294.49085854692385,12230.578535498353,12244.737002876354,12249.049574363162,4247.917278989917,7614.474085508846,8662.098943738965,12718.304134497885,12862.61689150706,13133.637751149945
mid_l10,mid,10,baichuan2-7b-chat,Baichuan2-7B-Chat,Chunked prefill,0,10114.281271002255,3.954803997262801,/home/onceas/Arantir/CUCUMIS-lorekeep/lorekeep/results/chapter5_baseline_variants/ratio_sweep_20step_5models_a100_overnight_baseline/raw/mid_l10/baichuan2-7b-chat_fixed_chunk_vs_sarathi.json,40.0,36.0,4.0,0.1,137.27595750242472,172.72013846668455,576.7742626107064,4403.404404001776,4456.060134631116,4869.210109707783,136.65491601568647,140.38514750427566,144.20275583397597,4403.404404001776,4454.4957144826185,4457.411738147493,484.5869935234077,589.7249370755162,628.5769604699453,3262.183778511826,4879.569434694713,4910.647409655503
mid_l10,mid,10,baichuan2-7b-chat,Baichuan2-7B-Chat,Sarathi,0,10257.576222997159,3.8995566916014015,/home/onceas/Arantir/CUCUMIS-lorekeep/lorekeep/results/chapter5_baseline_variants/ratio_sweep_20step_5models_a100_overnight_baseline/raw/mid_l10/baichuan2-7b-chat_fixed_chunk_vs_sarathi.json,40.0,36.0,4.0,0.1,141.44947749446146,180.90154604869934,589.9211080523672,4523.1582455162425,4581.474141718354,4995.649034297094,141.38693051063456,145.09885999723338,152.4589413049398,4523.1582455162425,4580.825755983824,4584.321877610637,500.0137775205076,602.8242428088561,641.5336470783222,3346.2246664857958,5006.170300068334,5037.734097382054
mid_l10,mid,10,baichuan2-7b-chat,Baichuan2-7B-Chat,Chunked prefill,1,10110.987078980543,3.956092485090295,/home/onceas/Arantir/CUCUMIS-lorekeep/lorekeep/results/chapter5_baseline_variants/ratio_sweep_20step_5models_a100_overnight_baseline/raw/mid_l10/baichuan2-7b-chat_fixed_chunk_vs_sarathi.json,40.0,36.0,4.0,0.1,138.13653000397608,174.23399581457528,577.8964947198982,4411.028066999279,4469.252402073471,4877.477579470724,137.77554049738683,142.96786501654424,146.26595062145498,4411.028066999279,4469.109898491297,4470.534484626842,487.73534400970675,590.1995100197382,627.1085559192579,3270.6819784943946,4887.264622899238,4916.6257531847805
mid_l10,mid,10,baichuan2-7b-chat,Baichuan2-7B-Chat,Sarathi,1,10229.709531005938,3.9101794512113193,/home/onceas/Arantir/CUCUMIS-lorekeep/lorekeep/results/chapter5_baseline_variants/ratio_sweep_20step_5models_a100_overnight_baseline/raw/mid_l10/baichuan2-7b-chat_fixed_chunk_vs_sarathi.json,40.0,36.0,4.0,0.1,141.02311100577936,173.43045889865647,588.2761746481991,4515.842855500523,4562.69011508557,4986.29418806755,140.79601850244217,143.11782547156326,145.06944039603695,4515.842855500523,4562.102060008328,4566.891199257225,501.4005064731464,600.6181091885082,637.6439128094353,3340.0607419898733,4996.1396792088635,5025.676152632805
mid_l30,mid,30,baichuan2-7b-chat,Baichuan2-7B-Chat,Chunked prefill,0,10176.739340997301,3.930532035822004,/home/onceas/Arantir/CUCUMIS-lorekeep/lorekeep/results/chapter5_baseline_variants/ratio_sweep_20step_5models_a100_overnight_baseline/raw/mid_l30/baichuan2-7b-chat_fixed_chunk_vs_sarathi.json,40.0,28.0,12.0,0.3,144.0635124745313,607.8902673674747,759.8191934044007,4617.236543999752,4984.491142060142,5215.398061618325,140.86948698968627,171.51914902497083,203.55844599369448,4617.236543999752,4877.068958431482,4879.45827348216,584.4698109722231,737.1742693707347,764.4087011471856,3459.6533045114484,5174.486694886582,5230.571329384693
mid_l30,mid,30,baichuan2-7b-chat,Baichuan2-7B-Chat,Sarathi,0,10807.709543034434,3.701061713467308,/home/onceas/Arantir/CUCUMIS-lorekeep/lorekeep/results/chapter5_baseline_variants/ratio_sweep_20step_5models_a100_overnight_baseline/raw/mid_l30/baichuan2-7b-chat_fixed_chunk_vs_sarathi.json,40.0,28.0,12.0,0.3,166.0792125039734,660.2272610645741,829.1182957257843,5266.575930989347,5757.807933469303,5828.9423340023495,161.67465000762604,184.4647885300219,202.77652091288473,5244.646577019012,5446.347077493556,5450.17678719596,643.0527190095745,799.5714324468281,838.8463387888623,5626.305248006247,5807.701324636582,5837.942446509842
mid_l30,mid,30,baichuan2-7b-chat,Baichuan2-7B-Chat,Chunked prefill,1,10200.720506953076,3.921291635501136,/home/onceas/Arantir/CUCUMIS-lorekeep/lorekeep/results/chapter5_baseline_variants/ratio_sweep_20step_5models_a100_overnight_baseline/raw/mid_l30/baichuan2-7b-chat_fixed_chunk_vs_sarathi.json,40.0,28.0,12.0,0.3,144.83478001784533,608.6009916092735,764.9117736535845,4627.892256015912,5002.066838828614,5214.393562776968,139.97750298585743,173.29687931924127,204.5757170545403,4627.892256015912,4887.409409205429,4891.13727664575,581.9344824994914,738.0343082768377,771.3775468192762,4092.3223099962343,5176.123777939938,5228.999907243997
mid_l30,mid,30,baichuan2-7b-chat,Baichuan2-7B-Chat,Sarathi,1,10302.326410019305,3.882618197876051,/home/onceas/Arantir/CUCUMIS-lorekeep/lorekeep/results/chapter5_baseline_variants/ratio_sweep_20step_5models_a100_overnight_baseline/raw/mid_l30/baichuan2-7b-chat_fixed_chunk_vs_sarathi.json,40.0,28.0,12.0,0.3,157.56487450562418,620.8735742024146,773.998907818459,4755.559231503867,5134.932165883947,5328.954990055063,145.32601449172944,173.8578544347547,203.23345150449313,4755.559231503867,4989.672669005813,5041.273739775643,605.1741680130363,755.4492355964612,776.1509606568143,4065.8027729950845,5306.168543698732,5336.36723545671
mid_l50,mid,50,baichuan2-7b-chat,Baichuan2-7B-Chat,Chunked prefill,0,10756.289520999417,3.718754494466547,/home/onceas/Arantir/CUCUMIS-lorekeep/lorekeep/results/chapter5_baseline_variants/ratio_sweep_20step_5models_a100_overnight_baseline/raw/mid_l50/baichuan2-7b-chat_fixed_chunk_vs_sarathi.json,40.0,20.0,20.0,0.5,331.9671744829975,742.4917190975975,860.8631780213909,5124.616174027324,5553.419939172454,5757.8817810548935,141.30575000308454,213.40508829453032,227.83392696874216,5201.7917970079,5388.9393481833395,5411.48634935962,653.8421084696893,771.912988292752,869.9258744210238,3578.744383499725,5625.746787310345,5773.339474844979
mid_l50,mid,50,baichuan2-7b-chat,Baichuan2-7B-Chat,Sarathi,0,10837.803778005764,3.690784666278604,/home/onceas/Arantir/CUCUMIS-lorekeep/lorekeep/results/chapter5_baseline_variants/ratio_sweep_20step_5models_a100_overnight_baseline/raw/mid_l50/baichuan2-7b-chat_fixed_chunk_vs_sarathi.json,40.0,20.0,20.0,0.5,325.86184749379754,751.2613039230928,883.5751697811065,5244.115051988047,5655.204474180937,5868.624915786786,145.49915149109438,182.80029413290322,204.62238933134356,5292.814462998649,5514.133879326982,5542.158384142676,663.374293508241,775.7732139027213,890.315317576169,4074.9135130026843,5726.4374452934135,5884.330958988285
mid_l50,mid,50,baichuan2-7b-chat,Baichuan2-7B-Chat,Chunked prefill,1,10766.361208981834,3.71527568354571,/home/onceas/Arantir/CUCUMIS-lorekeep/lorekeep/results/chapter5_baseline_variants/ratio_sweep_20step_5models_a100_overnight_baseline/raw/mid_l50/baichuan2-7b-chat_fixed_chunk_vs_sarathi.json,40.0,20.0,20.0,0.5,321.47636148147285,737.4330663238652,854.0556632325752,5129.106927488465,5543.02039744216,5745.401312438189,143.04509651265107,193.22922703577206,205.7649262883933,5181.801400496624,5380.09798861458,5399.01588240813,645.0429955148138,831.0313460300677,860.1623800344532,3984.7364124725573,5663.134173111757,5761.089865040849
mid_l50,mid,50,baichuan2-7b-chat,Baichuan2-7B-Chat,Sarathi,1,10886.65568397846,3.674222935043928,/home/onceas/Arantir/CUCUMIS-lorekeep/lorekeep/results/chapter5_baseline_variants/ratio_sweep_20step_5models_a100_overnight_baseline/raw/mid_l50/baichuan2-7b-chat_fixed_chunk_vs_sarathi.json,40.0,20.0,20.0,0.5,336.0574319958687,739.491777564399,868.1627277412917,5226.487323030597,5641.33212439483,5812.988906971877,145.7472185138613,214.06564712524417,231.47623799741268,5278.951539512491,5462.681228801375,5485.031017165165,668.1071725033689,768.1013165216428,868.2309981330764,4437.911505490774,5698.018451122334,5828.480450565694
mid_l70,mid,70,baichuan2-7b-chat,Baichuan2-7B-Chat,Chunked prefill,0,11287.11158997612,3.5438650252668076,/home/onceas/Arantir/CUCUMIS-lorekeep/lorekeep/results/chapter5_baseline_variants/ratio_sweep_20step_5models_a100_overnight_baseline/raw/mid_l70/baichuan2-7b-chat_fixed_chunk_vs_sarathi.json,40.0,12.0,28.0,0.7,611.2819100089837,1348.312291072216,1470.5035791156115,6245.669973985059,6637.991401588079,6781.400120848557,143.32751152687706,175.06824611336924,200.68259445368312,6403.990386024816,6446.132240421139,6474.409780088463,1089.792505488731,1441.3222127128392,1470.7093039952451,5679.228314984357,6673.670648800908,6786.569853209658
mid_l70,mid,70,baichuan2-7b-chat,Baichuan2-7B-Chat,Sarathi,0,11311.045503010973,3.5363662880988405,/home/onceas/Arantir/CUCUMIS-lorekeep/lorekeep/results/chapter5_baseline_variants/ratio_sweep_20step_5models_a100_overnight_baseline/raw/mid_l70/baichuan2-7b-chat_fixed_chunk_vs_sarathi.json,40.0,12.0,28.0,0.7,625.9749995078892,1353.9157770981546,1469.824038700317,6274.504916975275,6668.885724997381,6839.81597353355,144.67986903036945,177.12175099295564,201.59066296822857,6437.7454794885125,6525.661706109531,6547.228601027164,1093.2210664905142,1436.234168818919,1471.0033781832317,4980.689349002205,6712.112522823736,6845.076607215451
mid_l70,mid,70,baichuan2-7b-chat,Baichuan2-7B-Chat,Chunked prefill,1,11197.01502105454,3.572380667953483,/home/onceas/Arantir/CUCUMIS-lorekeep/lorekeep/results/chapter5_baseline_variants/ratio_sweep_20step_5models_a100_overnight_baseline/raw/mid_l70/baichuan2-7b-chat_fixed_chunk_vs_sarathi.json,40.0,12.0,28.0,0.7,613.2999660039786,1347.927322238684,1467.8968912485288,6209.534890484065,6576.395534572657,6744.026654430199,141.69504898018204,175.07159180822782,202.2716622130247,6347.092957003042,6422.111766797025,6444.585144320154,1088.0252764909528,1433.4910731005948,1468.1249902496347,5598.805121990154,6620.489570288919,6748.446242904756
mid_l70,mid,70,baichuan2-7b-chat,Baichuan2-7B-Chat,Sarathi,1,11336.62049099803,3.528388379214286,/home/onceas/Arantir/CUCUMIS-lorekeep/lorekeep/results/chapter5_baseline_variants/ratio_sweep_20step_5models_a100_overnight_baseline/raw/mid_l70/baichuan2-7b-chat_fixed_chunk_vs_sarathi.json,40.0,12.0,28.0,0.7,626.6996224876493,1361.4762778335717,1481.5425900783157,6296.657078957651,6684.110384696396,6847.916660619667,144.7876684833318,178.51632349775173,200.77808212314267,6437.276678509079,6531.943047617096,6551.1555210797815,1091.1419040057808,1439.9010280205403,1481.9839174457593,5725.074265035801,6708.491628599586,6853.007128423778
mid_l90,mid,90,baichuan2-7b-chat,Baichuan2-7B-Chat,Chunked prefill,0,12387.15696404688,3.2291509759743944,/home/onceas/Arantir/CUCUMIS-lorekeep/lorekeep/results/chapter5_baseline_variants/ratio_sweep_20step_5models_a100_overnight_baseline/raw/mid_l90/baichuan2-7b-chat_fixed_chunk_vs_sarathi.json,40.0,4.0,36.0,0.9,1321.6012740158476,1999.5106390328147,2130.598577350611,7147.926860518055,8099.546379008098,8250.746140907286,158.8549620064441,172.7896475873422,178.03614392702002,7786.3354584842455,7820.293790398864,7832.786199552356,1437.8667809942272,2029.736843018327,2131.3728876702953,6235.465961479349,8118.850878992816,8252.507779787993
mid_l90,mid,90,baichuan2-7b-chat,Baichuan2-7B-Chat,Sarathi,0,12022.712779988069,3.3270361466657024,/home/onceas/Arantir/CUCUMIS-lorekeep/lorekeep/results/chapter5_baseline_variants/ratio_sweep_20step_5models_a100_overnight_baseline/raw/mid_l90/baichuan2-7b-chat_fixed_chunk_vs_sarathi.json,40.0,4.0,36.0,0.9,1364.6443165198434,1997.2956180106848,2145.5897034873487,6823.0575709894765,7952.977483079303,8119.599790000939,149.73958348855376,171.09413372236304,179.25484080042224,7719.31298499112,7754.987117624842,7767.960198598448,1387.3411089880392,2007.103173993528,2145.88507184817,5684.119440469658,7999.712467484642,8122.664633279783
mid_l90,mid,90,baichuan2-7b-chat,Baichuan2-7B-Chat,Chunked prefill,1,12409.951639012434,3.2232196517393636,/home/onceas/Arantir/CUCUMIS-lorekeep/lorekeep/results/chapter5_baseline_variants/ratio_sweep_20step_5models_a100_overnight_baseline/raw/mid_l90/baichuan2-7b-chat_fixed_chunk_vs_sarathi.json,40.0,4.0,36.0,0.9,1330.4792779963464,2013.2195581740234,2147.5870391959324,7315.702180494554,8113.920626655454,8265.374596572365,158.7027980131097,176.2873524101451,183.02857524366118,7806.511513015721,7843.998785718577,7857.769593282719,1450.0565215130337,2041.7662749823648,2148.718011076562,6841.876727965428,8138.156313478248,8267.30549641361
mid_l90,mid,90,baichuan2-7b-chat,Baichuan2-7B-Chat,Sarathi,1,12234.025897982065,3.269569668525696,/home/onceas/Arantir/CUCUMIS-lorekeep/lorekeep/results/chapter5_baseline_variants/ratio_sweep_20step_5models_a100_overnight_baseline/raw/mid_l90/baichuan2-7b-chat_fixed_chunk_vs_sarathi.json,40.0,4.0,36.0,0.9,1280.8933620108292,1945.3940031991808,2153.837322720792,7137.187521526357,8042.075355519773,8139.830308109522,146.80367149412632,168.32502668257803,176.28138965112157,7741.672976495465,7775.231384794461,7787.70656847686,1416.1197304783855,1981.3019879802596,2156.292827881407,6623.98107649642,8057.869593525538,8143.049779068679
high_l10,high,10,baichuan2-7b-chat,Baichuan2-7B-Chat,Chunked prefill,0,8727.104165009223,4.583421859495787,/home/onceas/Arantir/CUCUMIS-lorekeep/lorekeep/results/chapter5_baseline_variants/ratio_sweep_20step_5models_a100_overnight_baseline/raw/high_l10/baichuan2-7b-chat_fixed_chunk_vs_sarathi.json,40.0,36.0,4.0,0.1,138.1303780071903,192.85150111536538,601.3472293823723,4410.706851485884,4505.104150017723,4909.58685864287,137.5932350056246,141.18245849385858,162.49198714795057,4410.706851485884,4504.8632270190865,4506.2596508534625,484.73494200152345,617.7823252219241,667.0876127405791,3307.1494990144856,4920.0678631837945,4951.510876806569
high_l10,high,10,baichuan2-7b-chat,Baichuan2-7B-Chat,Sarathi,0,9371.946160041261,4.268056956040376,/home/onceas/Arantir/CUCUMIS-lorekeep/lorekeep/results/chapter5_baseline_variants/ratio_sweep_20step_5models_a100_overnight_baseline/raw/high_l10/baichuan2-7b-chat_fixed_chunk_vs_sarathi.json,40.0,36.0,4.0,0.1,159.9732585309539,215.81857226556212,682.2328721813391,5104.051912494469,5207.962573796976,5656.604478721856,159.67606101185083,171.8698950135149,183.67168796248734,5104.051912494469,5206.849490001332,5215.622714953497,562.949789018603,698.7974459771067,748.4911673644092,3804.3470905104186,5668.232883088058,5703.118096186663
high_l10,high,10,baichuan2-7b-chat,Baichuan2-7B-Chat,Chunked prefill,1,8686.939413950313,4.6046136727699745,/home/onceas/Arantir/CUCUMIS-lorekeep/lorekeep/results/chapter5_baseline_variants/ratio_sweep_20step_5models_a100_overnight_baseline/raw/high_l10/baichuan2-7b-chat_fixed_chunk_vs_sarathi.json,40.0,36.0,4.0,0.1,137.6522394712083,184.6035885391761,589.7263990022474,4385.222833021544,4496.062891476322,4867.446077676141,137.23544901586138,144.82834248337895,156.88957704696804,4385.222833021544,4494.271024537738,4496.258141705766,489.0221834939439,603.4639163815882,644.6764685196104,3276.1789615033194,4876.9664799037855,4905.52768658672
high_l10,high,10,baichuan2-7b-chat,Baichuan2-7B-Chat,Sarathi,1,9356.964775011875,4.274890518645694,/home/onceas/Arantir/CUCUMIS-lorekeep/lorekeep/results/chapter5_baseline_variants/ratio_sweep_20step_5models_a100_overnight_baseline/raw/high_l10/baichuan2-7b-chat_fixed_chunk_vs_sarathi.json,40.0,36.0,4.0,0.1,159.54389097169042,218.32587463432037,681.4550031319958,5083.559555991087,5199.062975862762,5644.19063391455,159.2555459938012,171.0165940457955,186.15641582000535,5083.559555991087,5196.8214605003595,5199.164666002616,563.8456130109262,697.3609904118348,745.0789522513514,3806.0707745025866,5653.031075705076,5679.552401076653
high_l30,high,30,baichuan2-7b-chat,Baichuan2-7B-Chat,Chunked prefill,0,8734.229662979487,4.579682644428529,/home/onceas/Arantir/CUCUMIS-lorekeep/lorekeep/results/chapter5_baseline_variants/ratio_sweep_20step_5models_a100_overnight_baseline/raw/high_l30/baichuan2-7b-chat_fixed_chunk_vs_sarathi.json,40.0,28.0,12.0,0.3,167.39036250510253,673.69157418143,799.5233644067775,4612.06111300271,5010.586967982817,5283.9618081302615,142.65419248840772,193.5037838120479,198.5909605480265,4612.06111300271,4974.4326241954695,4975.0172809453215,619.3403289944399,786.0023315355647,800.6452121154871,3593.152599991299,5234.739004069706,5301.29732381145
high_l30,high,30,baichuan2-7b-chat,Baichuan2-7B-Chat,Sarathi,0,9387.447970046196,4.261008969384803,/home/onceas/Arantir/CUCUMIS-lorekeep/lorekeep/results/chapter5_baseline_variants/ratio_sweep_20step_5models_a100_overnight_baseline/raw/high_l30/baichuan2-7b-chat_fixed_chunk_vs_sarathi.json,40.0,28.0,12.0,0.3,190.8722674997989,720.7269634236582,859.3209148390451,5249.029518978205,5689.053018495906,5901.034801367787,165.4064810136333,203.9534670067951,216.87145188858267,5249.029518978205,5537.1227262949105,5542.525849250378,680.8639584924094,842.7694487152621,862.4804967251839,4614.22474149731,5859.32185719721,5916.974186651059
high_l30,high,30,baichuan2-7b-chat,Baichuan2-7B-Chat,Chunked prefill,1,8694.565703975968,4.60057481441635,/home/onceas/Arantir/CUCUMIS-lorekeep/lorekeep/results/chapter5_baseline_variants/ratio_sweep_20step_5models_a100_overnight_baseline/raw/high_l30/baichuan2-7b-chat_fixed_chunk_vs_sarathi.json,40.0,28.0,12.0,0.3,166.76473250845447,672.507393208798,796.8962809396908,4598.019868513802,4984.38839581213,5274.084096562583,142.3958594969008,192.40264199324884,199.72211929794867,4598.019868513802,4966.668032808229,4971.723798156017,622.358954482479,782.3842148936819,798.4456480620429,3579.7587764973287,5219.088636012748,5294.073104488198
high_l30,high,30,baichuan2-7b-chat,Baichuan2-7B-Chat,Sarathi,1,9354.471495957114,4.276029919732772,/home/onceas/Arantir/CUCUMIS-lorekeep/lorekeep/results/chapter5_baseline_variants/ratio_sweep_20step_5models_a100_overnight_baseline/raw/high_l30/baichuan2-7b-chat_fixed_chunk_vs_sarathi.json,40.0,28.0,12.0,0.3,189.79928648332134,721.0845719964709,854.4895027915481,5228.634810511721,5670.55994340335,5885.991014766623,162.36732149263844,203.63228329224512,216.87358929950278,5228.634810511721,5523.635472502792,5524.932587968651,679.6140985097736,838.0120804882608,857.7527686685789,3990.7281344931107,5845.131729642162,5901.283711754368
high_l50,high,50,baichuan2-7b-chat,Baichuan2-7B-Chat,Chunked prefill,0,10050.023554998916,3.9800901740278873,/home/onceas/Arantir/CUCUMIS-lorekeep/lorekeep/results/chapter5_baseline_variants/ratio_sweep_20step_5models_a100_overnight_baseline/raw/high_l50/baichuan2-7b-chat_fixed_chunk_vs_sarathi.json,40.0,20.0,20.0,0.5,383.07983049890026,902.1447937877383,1056.9730084831826,5908.278647519182,6201.564653479727,6484.546044806484,180.74400501791388,244.13139396347106,244.13139396347106,6035.872551496141,6144.26915209624,6145.726786321611,783.0231120169628,961.885106394766,1069.1030020802282,4082.493687485112,6335.939186904579,6501.588637207169
high_l50,high,50,baichuan2-7b-chat,Baichuan2-7B-Chat,Sarathi,0,9578.083036001772,4.1762010049035245,/home/onceas/Arantir/CUCUMIS-lorekeep/lorekeep/results/chapter5_baseline_variants/ratio_sweep_20step_5models_a100_overnight_baseline/raw/high_l50/baichuan2-7b-chat_fixed_chunk_vs_sarathi.json,40.0,20.0,20.0,0.5,361.0088370041922,916.165156516945,1038.1933213805314,5594.946688506752,5843.87379771797,6149.306855350151,169.5944709936157,242.28263000259176,242.28263000259176,5718.841674504802,5843.460131401662,5844.111730778823,778.4280049963854,982.5882031000219,1051.207449369831,3781.8997135036625,5982.511397113558,6164.817442360218
high_l50,high,50,baichuan2-7b-chat,Baichuan2-7B-Chat,Chunked prefill,1,10090.267288964242,3.964216096014437,/home/onceas/Arantir/CUCUMIS-lorekeep/lorekeep/results/chapter5_baseline_variants/ratio_sweep_20step_5models_a100_overnight_baseline/raw/high_l50/baichuan2-7b-chat_fixed_chunk_vs_sarathi.json,40.0,20.0,20.0,0.5,384.2976685264148,943.6394514166751,1055.3668958734488,5935.539306490682,6230.944641091628,6512.501762669999,177.4945129873231,244.26714604487643,244.26714604487643,6064.103738521226,6172.023428918328,6173.730779768084,787.4796114629135,1015.4895381943788,1067.6089092640905,4675.24175249855,6365.247788740089,6529.343996664975
high_l50,high,50,baichuan2-7b-chat,Baichuan2-7B-Chat,Sarathi,1,9638.250514981337,4.150130766763687,/home/onceas/Arantir/CUCUMIS-lorekeep/lorekeep/results/chapter5_baseline_variants/ratio_sweep_20step_5models_a100_overnight_baseline/raw/high_l50/baichuan2-7b-chat_fixed_chunk_vs_sarathi.json,40.0,20.0,20.0,0.5,364.31764252483845,928.3421831321903,1050.0563890777994,5685.970800492214,5890.699074987788,6217.080731598544,165.29071450349875,248.23141703382134,248.23141703382134,5759.727117983857,5871.337043703534,5872.288577159052,782.6201589778066,995.1373260177206,1063.8571546750609,5312.456887506414,6145.876972697442,6217.980191800161
high_l70,high,70,baichuan2-7b-chat,Baichuan2-7B-Chat,Chunked prefill,0,10516.45361399278,3.8035635840943156,/home/onceas/Arantir/CUCUMIS-lorekeep/lorekeep/results/chapter5_baseline_variants/ratio_sweep_20step_5models_a100_overnight_baseline/raw/high_l70/baichuan2-7b-chat_fixed_chunk_vs_sarathi.json,40.0,12.0,28.0,0.7,829.910533502698,1823.9032436977143,1998.2807640044484,6522.685511037707,6829.727746604476,7039.275787294027,152.9563440126367,210.55353183182888,211.3420350360684,6624.603302014293,6751.05118319043,6757.73784015968,1226.1877409764566,1909.7792963963002,2008.5892870847601,4921.595850988524,6869.276483805152,7047.0607810613
high_l70,high,70,baichuan2-7b-chat,Baichuan2-7B-Chat,Sarathi,0,10649.902414006647,3.7559029599550504,/home/onceas/Arantir/CUCUMIS-lorekeep/lorekeep/results/chapter5_baseline_variants/ratio_sweep_20step_5models_a100_overnight_baseline/raw/high_l70/baichuan2-7b-chat_fixed_chunk_vs_sarathi.json,40.0,12.0,28.0,0.7,814.59901900962,1887.0909410412423,1967.3850942240097,6635.373112512752,6862.310442101443,7084.88797666796,155.3515974956099,203.9754689380061,207.76783133100253,6666.777402511798,6794.7783888550475,6802.041592778987,1212.7142914687283,1944.5256799925119,1968.9875793852843,6319.050578516908,6908.138145372504,7092.727769390331
high_l70,high,70,baichuan2-7b-chat,Baichuan2-7B-Chat,Chunked prefill,1,10506.95753999753,3.8070012035100893,/home/onceas/Arantir/CUCUMIS-lorekeep/lorekeep/results/chapter5_baseline_variants/ratio_sweep_20step_5models_a100_overnight_baseline/raw/high_l70/baichuan2-7b-chat_fixed_chunk_vs_sarathi.json,40.0,12.0,28.0,0.7,830.4309215163812,1829.7909176675603,2087.957520612981,6513.542748027248,6825.807531253668,7041.991526870988,152.92990251327865,192.772678041365,206.2322298582876,6626.402997993864,6760.390241956338,6767.7846279449295,1220.533579471521,1855.134551122319,2093.306861051824,4923.401521489723,6846.928889094852,7049.243681984954
high_l70,high,70,baichuan2-7b-chat,Baichuan2-7B-Chat,Sarathi,1,10638.500811997801,3.7599282743757585,/home/onceas/Arantir/CUCUMIS-lorekeep/lorekeep/results/chapter5_baseline_variants/ratio_sweep_20step_5models_a100_overnight_baseline/raw/high_l70/baichuan2-7b-chat_fixed_chunk_vs_sarathi.json,40.0,12.0,28.0,0.7,839.4093120004982,1840.4166752065066,2053.646096944576,6628.059102513362,6884.194888197817,7121.736992766382,153.65815747645684,179.8426294932142,205.5024735000916,6708.625889470568,6834.9308558914345,6842.217311243876,1250.25980049395,1861.2613070290536,2067.4478025070857,6323.122330504702,6937.076413515024,7129.4196466880385
high_l90,high,90,baichuan2-7b-chat,Baichuan2-7B-Chat,Chunked prefill,0,11531.22975100996,3.468840779665899,/home/onceas/Arantir/CUCUMIS-lorekeep/lorekeep/results/chapter5_baseline_variants/ratio_sweep_20step_5models_a100_overnight_baseline/raw/high_l90/baichuan2-7b-chat_fixed_chunk_vs_sarathi.json,40.0,4.0,36.0,0.9,1640.3184515074827,2905.978506291285,3031.437777504907,7549.156279041199,8009.827040403616,8158.723632891197,164.5342719857581,174.31240327423438,178.08396819978952,7766.061867005192,7801.724671619013,7815.064137178706,1809.2668345198035,2910.07898747921,3037.693686786224,7289.226261986187,8028.977909998503,8162.824242853094
high_l90,high,90,baichuan2-7b-chat,Baichuan2-7B-Chat,Sarathi,0,11640.229835000355,3.4363582649997375,/home/onceas/Arantir/CUCUMIS-lorekeep/lorekeep/results/chapter5_baseline_variants/ratio_sweep_20step_5models_a100_overnight_baseline/raw/high_l90/baichuan2-7b-chat_fixed_chunk_vs_sarathi.json,40.0,4.0,36.0,0.9,1643.8819824834354,2825.2210199309047,3114.5906161511084,7498.821248533204,8046.555654803524,8230.357164359302,166.4081999915652,173.10606388491578,175.689525672351,7834.23820900498,7864.9958057911135,7876.859450265765,1812.7655859861989,2887.405835528625,3115.1459118322236,6678.713843488367,8064.862797997193,8234.84382503957
high_l90,high,90,baichuan2-7b-chat,Baichuan2-7B-Chat,Chunked prefill,1,11529.637984000146,3.469319683368082,/home/onceas/Arantir/CUCUMIS-lorekeep/lorekeep/results/chapter5_baseline_variants/ratio_sweep_20step_5models_a100_overnight_baseline/raw/high_l90/baichuan2-7b-chat_fixed_chunk_vs_sarathi.json,40.0,4.0,36.0,0.9,1654.127965477528,2921.796762017766,3035.5777895776555,7547.461175476201,8043.582956667524,8183.043578622746,165.99590802798048,174.07838731305674,177.19591503730044,7791.754845995456,7825.492073287023,7838.505003813771,1826.6353585349862,2923.9882380061317,3041.9226101366803,7273.217321489938,8054.645847470965,8187.345304302289
high_l90,high,90,baichuan2-7b-chat,Baichuan2-7B-Chat,Sarathi,1,11686.01657601539,3.4228943404116663,/home/onceas/Arantir/CUCUMIS-lorekeep/lorekeep/results/chapter5_baseline_variants/ratio_sweep_20step_5models_a100_overnight_baseline/raw/high_l90/baichuan2-7b-chat_fixed_chunk_vs_sarathi.json,40.0,4.0,36.0,0.9,1659.934257506393,2887.068194942549,3135.4093315417413,7681.330191990128,8172.844750387594,8295.88207374909,166.3011035125237,167.3745370353572,167.3745370353572,7898.517769004684,7936.180805589538,7950.707976843696,1834.0489894908387,2933.291058521718,3141.8563488230575,7495.427075016778,8184.352156007662,8299.946964747505
mid_l10,mid,10,qwen2.5-7b-instruct,Qwen2.5-7B-Instruct,Chunked prefill,0,9897.57308998378,4.04139475771889,/home/onceas/Arantir/CUCUMIS-lorekeep/lorekeep/results/chapter5_baseline_variants/ratio_sweep_20step_5models_a100_overnight_baseline/raw/mid_l10/qwen2.5-7b-instruct_fixed_chunk_vs_sarathi.json,40.0,36.0,4.0,0.1,127.74143449496478,155.6617888913028,522.8180214908206,4141.960936016403,4178.498290281277,4546.56217425887,127.37157248193398,129.3615390022751,129.8383583955001,4135.537933994783,4151.796510501299,4152.933655877132,442.0004839776084,533.9857283688616,567.4888490029844,4463.064448995283,4557.7766265079845,4591.419983255328
mid_l10,mid,10,qwen2.5-7b-instruct,Qwen2.5-7B-Instruct,Sarathi,0,9847.094678028952,4.0621118520621975,/home/onceas/Arantir/CUCUMIS-lorekeep/lorekeep/results/chapter5_baseline_variants/ratio_sweep_20step_5models_a100_overnight_baseline/raw/mid_l10/qwen2.5-7b-instruct_fixed_chunk_vs_sarathi.json,40.0,36.0,4.0,0.1,125.19996298942715,154.01924676843953,518.8705463602672,4098.161470028572,4128.999181668041,4493.425513618276,125.11200198787265,128.11090046307072,128.88874507625587,4096.782434469787,4101.4122254855465,4103.406725963578,437.61110497871414,530.0920035806485,563.7563752417918,4407.358240481699,4504.542909777956,4537.895098256995
mid_l10,mid,10,qwen2.5-7b-instruct,Qwen2.5-7B-Instruct,Chunked prefill,1,9836.337686050683,4.066554166468446,/home/onceas/Arantir/CUCUMIS-lorekeep/lorekeep/results/chapter5_baseline_variants/ratio_sweep_20step_5models_a100_overnight_baseline/raw/mid_l10/qwen2.5-7b-instruct_fixed_chunk_vs_sarathi.json,40.0,36.0,4.0,0.1,124.97384400921874,168.87071663513814,519.8828452971065,4072.2751909925137,4106.839825690258,4463.652642072993,124.87636599689722,126.26753549557179,139.28657947690223,4072.1640565025155,4076.079477497842,4081.088823993923,447.5551909999922,529.1561133752111,556.9759176095249,4389.152818010189,4473.453518591123,4502.856148145511
mid_l10,mid,10,qwen2.5-7b-instruct,Qwen2.5-7B-Instruct,Sarathi,1,9844.369550002739,4.063236329845914,/home/onceas/Arantir/CUCUMIS-lorekeep/lorekeep/results/chapter5_baseline_variants/ratio_sweep_20step_5models_a100_overnight_baseline/raw/mid_l10/qwen2.5-7b-instruct_fixed_chunk_vs_sarathi.json,40.0,36.0,4.0,0.1,124.53127151820809,153.49236220936325,511.99841596651817,4058.705767005449,4091.556963551557,4449.747341812472,124.03457902837545,126.4880390081089,129.1393850115128,4057.338330487255,4065.6312179926317,4066.85834681266,435.56732349679805,522.9766175849363,555.9112224401906,4369.787420495413,4460.830606013769,4494.080398617662
mid_l30,mid,30,qwen2.5-7b-instruct,Qwen2.5-7B-Instruct,Chunked prefill,0,10049.41942600999,3.980329440372612,/home/onceas/Arantir/CUCUMIS-lorekeep/lorekeep/results/chapter5_baseline_variants/ratio_sweep_20step_5models_a100_overnight_baseline/raw/mid_l30/qwen2.5-7b-instruct_fixed_chunk_vs_sarathi.json,40.0,28.0,12.0,0.3,128.51778996991925,531.2682029092684,703.3717580599478,4433.39396599913,4778.090207988862,4872.990470858058,125.93252150691114,158.11908439500257,182.858248030534,4399.030580010731,4454.423878912348,4456.2907881400315,517.2725144948345,681.9120798725635,707.4306624307064,4741.181281511672,4858.9065781096,4879.030811180128
mid_l30,mid,30,qwen2.5-7b-instruct,Qwen2.5-7B-Instruct,Sarathi,0,10411.502255010419,3.841904753058133,/home/onceas/Arantir/CUCUMIS-lorekeep/lorekeep/results/chapter5_baseline_variants/ratio_sweep_20step_5models_a100_overnight_baseline/raw/mid_l30/qwen2.5-7b-instruct_fixed_chunk_vs_sarathi.json,40.0,28.0,12.0,0.3,143.50141648901626,613.9874774147756,757.3661568248644,4874.262132012518,5239.135592972161,5361.016379631474,141.90062551642768,168.553573905956,207.1982662926894,4739.624975511106,4885.329883766826,4896.076002168702,557.5123694725335,724.4698740367312,767.73814026732,5223.553874995559,5307.786752283573,5382.551767930272
mid_l30,mid,30,qwen2.5-7b-instruct,Qwen2.5-7B-Instruct,Chunked prefill,1,9917.011983052362,4.033472992505993,/home/onceas/Arantir/CUCUMIS-lorekeep/lorekeep/results/chapter5_baseline_variants/ratio_sweep_20step_5models_a100_overnight_baseline/raw/mid_l30/qwen2.5-7b-instruct_fixed_chunk_vs_sarathi.json,40.0,28.0,12.0,0.3,129.76147697190754,528.012738423422,690.7478102773894,4433.667540492024,4754.552549880464,4858.9843008475145,127.48816551174968,159.60684799356386,178.98244731128216,4275.548380013788,4437.837507179938,4441.131059744512,503.83919198065996,670.0908607570454,695.4177922627423,4716.572237026412,4812.232448894065,4877.75063612673
mid_l30,mid,30,qwen2.5-7b-instruct,Qwen2.5-7B-Instruct,Sarathi,1,10350.020519981626,3.8647266372831317,/home/onceas/Arantir/CUCUMIS-lorekeep/lorekeep/results/chapter5_baseline_variants/ratio_sweep_20step_5models_a100_overnight_baseline/raw/mid_l30/qwen2.5-7b-instruct_fixed_chunk_vs_sarathi.json,40.0,28.0,12.0,0.3,145.28622300713323,593.2474579196423,751.7083886696491,4918.311342509696,5274.379615712678,5394.948813834344,141.59016401390545,177.15593760367483,209.01916503091343,4782.659747492289,4936.5826603840105,4939.459952664329,564.2916679789778,733.7464908137918,753.8474847760517,5250.670806504786,5350.874164822744,5412.080227714614
mid_l50,mid,50,qwen2.5-7b-instruct,Qwen2.5-7B-Instruct,Chunked prefill,0,10436.582963971887,3.8326720669096335,/home/onceas/Arantir/CUCUMIS-lorekeep/lorekeep/results/chapter5_baseline_variants/ratio_sweep_20step_5models_a100_overnight_baseline/raw/mid_l50/qwen2.5-7b-instruct_fixed_chunk_vs_sarathi.json,40.0,20.0,20.0,0.5,300.92913401313126,668.4226160985418,795.2540591638535,4921.677264006576,5321.379930811236,5445.677036570851,129.3802419968415,185.3913307713811,225.37662585324142,4902.56243548356,5041.666256310418,5042.095191472326,588.9862985059153,738.6385290243198,798.124830359593,5170.789087511366,5374.346028617583,5451.625283958856
mid_l50,mid,50,qwen2.5-7b-instruct,Qwen2.5-7B-Instruct,Sarathi,0,10387.861922965385,3.8506480252272497,/home/onceas/Arantir/CUCUMIS-lorekeep/lorekeep/results/chapter5_baseline_variants/ratio_sweep_20step_5models_a100_overnight_baseline/raw/mid_l50/qwen2.5-7b-instruct_fixed_chunk_vs_sarathi.json,40.0,20.0,20.0,0.5,301.2687299924437,667.3233310109936,808.6460856173653,4910.3635999781545,5333.442015800392,5442.132585870568,129.2443065030966,184.0370504010935,224.62049233727157,4887.315528496401,5049.988978926558,5078.525742570637,574.6538755483925,740.7612426846755,811.077002218226,5153.603401005967,5374.347562849289,5446.88508287305
mid_l50,mid,50,qwen2.5-7b-instruct,Qwen2.5-7B-Instruct,Chunked prefill,1,10484.180355037097,3.8152720237001745,/home/onceas/Arantir/CUCUMIS-lorekeep/lorekeep/results/chapter5_baseline_variants/ratio_sweep_20step_5models_a100_overnight_baseline/raw/mid_l50/qwen2.5-7b-instruct_fixed_chunk_vs_sarathi.json,40.0,20.0,20.0,0.5,301.04102101176977,679.9588860361837,835.2169264480472,4990.630344022065,5400.16407231451,5537.229030448943,131.10415800474584,196.78572902921587,216.95224475814027,4970.749897009227,5122.121106483974,5129.424831044162,582.1737804799341,707.8725608880633,846.879135435447,5240.771577518899,5465.78629539581,5543.793775849044
mid_l50,mid,50,qwen2.5-7b-instruct,Qwen2.5-7B-Instruct,Sarathi,1,10369.996652996633,3.8572818621345593,/home/onceas/Arantir/CUCUMIS-lorekeep/lorekeep/results/chapter5_baseline_variants/ratio_sweep_20step_5models_a100_overnight_baseline/raw/mid_l50/qwen2.5-7b-instruct_fixed_chunk_vs_sarathi.json,40.0,20.0,20.0,0.5,301.49113447987475,663.1460784061346,796.687881075195,4880.917147005675,5268.264168401947,5407.316272609169,126.246686471859,222.0832763821818,228.59507700195536,4860.830703022657,4995.439812442055,5017.096088507678,587.7251939964481,739.4723877834623,800.5379666778026,5125.445189973107,5338.834221416619,5411.677924609976
mid_l70,mid,70,qwen2.5-7b-instruct,Qwen2.5-7B-Instruct,Chunked prefill,0,10897.17578102136,3.6706758525144134,/home/onceas/Arantir/CUCUMIS-lorekeep/lorekeep/results/chapter5_baseline_variants/ratio_sweep_20step_5models_a100_overnight_baseline/raw/mid_l70/qwen2.5-7b-instruct_fixed_chunk_vs_sarathi.json,40.0,12.0,28.0,0.7,573.5407589818351,1251.8578169983812,1487.3979375039926,6199.604404479032,6494.309778301977,6649.16673613654,126.41148298280314,176.14010926918127,193.84959173505194,6188.642911467468,6241.56086971052,6247.881978180376,959.3129720014986,1287.4120142834727,1506.6699554974912,6222.191363020102,6541.525414201897,6652.162379177171
mid_l70,mid,70,qwen2.5-7b-instruct,Qwen2.5-7B-Instruct,Sarathi,0,10886.752860969864,3.6741901383105833,/home/onceas/Arantir/CUCUMIS-lorekeep/lorekeep/results/chapter5_baseline_variants/ratio_sweep_20step_5models_a100_overnight_baseline/raw/mid_l70/qwen2.5-7b-instruct_fixed_chunk_vs_sarathi.json,40.0,12.0,28.0,0.7,557.6050994859543,1266.2553565925919,1494.613555307733,6198.397230997216,6480.312201299239,6647.407315194723,124.9846814898774,171.61162760457955,193.66336543404032,6188.7287190184,6235.310080036288,6241.077730467659,944.5391279878095,1303.5706393711735,1514.5241269061808,6224.36664297129,6532.283640909009,6650.067162835621
mid_l70,mid,70,qwen2.5-7b-instruct,Qwen2.5-7B-Instruct,Chunked prefill,1,10869.482449023053,3.680028022272136,/home/onceas/Arantir/CUCUMIS-lorekeep/lorekeep/results/chapter5_baseline_variants/ratio_sweep_20step_5models_a100_overnight_baseline/raw/mid_l70/qwen2.5-7b-instruct_fixed_chunk_vs_sarathi.json,40.0,12.0,28.0,0.7,556.3030604971573,1264.0263762907125,1386.7454777448438,6177.18572501326,6444.739804108394,6609.384468778735,124.10600500879809,173.23213503696024,194.89775918307714,6151.230531017063,6202.957479620818,6208.180285585695,959.6886700310279,1296.289783262182,1389.6662479895167,6191.658821044257,6500.0117090006825,6612.364635298727
mid_l70,mid,70,qwen2.5-7b-instruct,Qwen2.5-7B-Instruct,Sarathi,1,10819.48977697175,3.6970320065495303,/home/onceas/Arantir/CUCUMIS-lorekeep/lorekeep/results/chapter5_baseline_variants/ratio_sweep_20step_5models_a100_overnight_baseline/raw/mid_l70/qwen2.5-7b-instruct_fixed_chunk_vs_sarathi.json,40.0,12.0,28.0,0.7,555.3052515315358,1252.938642684603,1374.679027685197,6146.773315995233,6419.081022584578,6579.706572120776,124.30375601979904,172.04757479485124,195.3053108631866,6121.392554981867,6181.693496496882,6187.373116604285,956.493458506884,1287.0381025073584,1377.4895031622145,6160.152219992597,6474.820594524499,6582.451907162322
mid_l90,mid,90,qwen2.5-7b-instruct,Qwen2.5-7B-Instruct,Chunked prefill,0,11493.536429014057,3.4802169242727405,/home/onceas/Arantir/CUCUMIS-lorekeep/lorekeep/results/chapter5_baseline_variants/ratio_sweep_20step_5models_a100_overnight_baseline/raw/mid_l90/qwen2.5-7b-instruct_fixed_chunk_vs_sarathi.json,40.0,4.0,36.0,0.9,1205.6769100308884,1804.2404313979207,2061.1253938946174,7289.528926019557,7823.625913326396,7895.777618488064,128.10555950272828,159.02701309532858,170.2129032969242,7517.481904971646,7550.560670811683,7563.151330805849,1286.3561820122413,1855.1503650087398,2066.396465493017,7081.956609501503,7825.965358497342,7896.530457929475
mid_l90,mid,90,qwen2.5-7b-instruct,Qwen2.5-7B-Instruct,Sarathi,0,11641.896817018278,3.435866219113665,/home/onceas/Arantir/CUCUMIS-lorekeep/lorekeep/results/chapter5_baseline_variants/ratio_sweep_20step_5models_a100_overnight_baseline/raw/mid_l90/qwen2.5-7b-instruct_fixed_chunk_vs_sarathi.json,40.0,4.0,36.0,0.9,1319.9763474985957,1973.3401454868726,2112.3700817709323,7426.463048497681,7946.358770568622,8017.140960351098,131.04227752774023,161.36445230222307,172.43821313313674,7632.227372494526,7662.273206654936,7673.707534124842,1370.2797914738767,1975.9218315011822,2115.174922411097,7242.531036987202,7948.827236978104,8018.220887391362
mid_l90,mid,90,qwen2.5-7b-instruct,Qwen2.5-7B-Instruct,Chunked prefill,1,11591.943434963468,3.4506724626823595,/home/onceas/Arantir/CUCUMIS-lorekeep/lorekeep/results/chapter5_baseline_variants/ratio_sweep_20step_5models_a100_overnight_baseline/raw/mid_l90/qwen2.5-7b-instruct_fixed_chunk_vs_sarathi.json,40.0,4.0,36.0,0.9,1252.7393494965509,1909.2784659587778,2019.9609529669397,7278.047138999682,7854.622273292625,7907.814393338631,125.23073999909684,158.51324141258374,171.26048735459335,7532.336017495254,7563.108258700231,7574.626234865864,1335.8982960053254,1909.2784659587778,2025.1441880478521,7089.79018998798,7855.415710509988,7908.60037401726
mid_l90,mid,90,qwen2.5-7b-instruct,Qwen2.5-7B-Instruct,Sarathi,1,11637.794206966646,3.437077446863178,/home/onceas/Arantir/CUCUMIS-lorekeep/lorekeep/results/chapter5_baseline_variants/ratio_sweep_20step_5models_a100_overnight_baseline/raw/mid_l90/qwen2.5-7b-instruct_fixed_chunk_vs_sarathi.json,40.0,4.0,36.0,0.9,1260.2624275023118,1914.5074270199984,2075.8799618144985,7327.894223999465,7864.544386102352,7922.802300518961,124.03999554226175,157.83301361952908,170.86247056664433,7545.189999014838,7578.0011034046765,7590.20016563416,1390.3678009810392,1914.5074270199984,2076.5576908539515,7089.747908525169,7865.4157824930735,7923.659224159201
high_l10,high,10,qwen2.5-7b-instruct,Qwen2.5-7B-Instruct,Chunked prefill,0,8407.363794976845,4.757733931282816,/home/onceas/Arantir/CUCUMIS-lorekeep/lorekeep/results/chapter5_baseline_variants/ratio_sweep_20step_5models_a100_overnight_baseline/raw/high_l10/qwen2.5-7b-instruct_fixed_chunk_vs_sarathi.json,40.0,36.0,4.0,0.1,125.83639100193977,179.38459395081773,544.8267828382085,4095.4925785190426,4155.985964107094,4519.630613740883,125.53668400505558,130.37612702464685,153.89339305693284,4082.437764998758,4129.9221069784835,4132.295835006516,441.58560800133273,559.1326107969508,602.0500946731772,4441.73233199399,4530.606293113669,4563.533331232029
high_l10,high,10,qwen2.5-7b-instruct,Qwen2.5-7B-Instruct,Sarathi,0,8430.60370197054,4.744618702768645,/home/onceas/Arantir/CUCUMIS-lorekeep/lorekeep/results/chapter5_baseline_variants/ratio_sweep_20step_5models_a100_overnight_baseline/raw/high_l10/qwen2.5-7b-instruct_fixed_chunk_vs_sarathi.json,40.0,36.0,4.0,0.1,125.7353514956776,202.88785579032302,583.4031516016693,4140.434562548762,4207.801072468283,4578.503888995037,125.56544700055383,141.7702804901637,169.38375499157698,4103.719378996175,4184.668371017324,4185.542363964487,453.0259575112723,599.7354623104911,648.7323944369564,4495.840376999695,4590.004299237626,4624.50552996539
high_l10,high,10,qwen2.5-7b-instruct,Qwen2.5-7B-Instruct,Chunked prefill,1,8402.377040009014,4.760557614771961,/home/onceas/Arantir/CUCUMIS-lorekeep/lorekeep/results/chapter5_baseline_variants/ratio_sweep_20step_5models_a100_overnight_baseline/raw/high_l10/qwen2.5-7b-instruct_fixed_chunk_vs_sarathi.json,40.0,36.0,4.0,0.1,125.72305049980059,177.46746664634009,535.8811499521834,4093.44535152195,4138.263717113296,4503.886249685893,125.45422150287777,128.91566750477068,152.5121180457063,4083.160249516368,4112.611741991714,4113.4079190087505,440.22723502712324,549.4704348093364,590.2382893807953,4423.459683021065,4515.297148982063,4549.529846870573
high_l10,high,10,qwen2.5-7b-instruct,Qwen2.5-7B-Instruct,Sarathi,1,8431.475747027434,4.744127979506106,/home/onceas/Arantir/CUCUMIS-lorekeep/lorekeep/results/chapter5_baseline_variants/ratio_sweep_20step_5models_a100_overnight_baseline/raw/high_l10/qwen2.5-7b-instruct_fixed_chunk_vs_sarathi.json,40.0,36.0,4.0,0.1,125.8050924516283,177.28398519684598,535.0289568869629,4102.635985502275,4156.1829739192035,4522.506093182601,125.25003551854752,127.56183251622133,152.0833609974943,4102.3713255126495,4130.244704516372,4130.9040220221505,436.86926548252814,548.5481509182137,589.1057330119656,4436.212578497361,4533.763222536072,4567.534610596485
high_l30,high,30,qwen2.5-7b-instruct,Qwen2.5-7B-Instruct,Chunked prefill,0,8408.190538000781,4.757266122743077,/home/onceas/Arantir/CUCUMIS-lorekeep/lorekeep/results/chapter5_baseline_variants/ratio_sweep_20step_5models_a100_overnight_baseline/raw/high_l30/qwen2.5-7b-instruct_fixed_chunk_vs_sarathi.json,40.0,28.0,12.0,0.3,164.0245009912178,647.289024112979,768.3372332825093,4648.9826969918795,4990.964547917247,5110.860526856268,128.39719199109823,191.36307999724522,209.05995886714663,4415.756935020909,4716.496535600163,4717.551580473082,539.8653730226215,747.038367704954,774.1108912456548,4910.113095014822,5090.7084675855,5117.168222666951
high_l30,high,30,qwen2.5-7b-instruct,Qwen2.5-7B-Instruct,Sarathi,0,8407.220034045167,4.757815287100776,/home/onceas/Arantir/CUCUMIS-lorekeep/lorekeep/results/chapter5_baseline_variants/ratio_sweep_20step_5models_a100_overnight_baseline/raw/high_l30/qwen2.5-7b-instruct_fixed_chunk_vs_sarathi.json,40.0,28.0,12.0,0.3,155.02847550669685,613.81356290658,734.1255811031442,4550.081702996977,4893.835175817367,5012.364113287185,128.43452600645833,179.50961519381963,193.12357857415918,4332.27422949858,4617.506918188883,4623.922435839195,524.1612094978336,717.2894928837195,738.8782199134585,4807.693513022969,4992.8981408244,5018.376291767345
high_l30,high,30,qwen2.5-7b-instruct,Qwen2.5-7B-Instruct,Chunked prefill,1,8413.800431997515,4.75409421976314,/home/onceas/Arantir/CUCUMIS-lorekeep/lorekeep/results/chapter5_baseline_variants/ratio_sweep_20step_5models_a100_overnight_baseline/raw/high_l30/qwen2.5-7b-instruct_fixed_chunk_vs_sarathi.json,40.0,28.0,12.0,0.3,158.55822002049536,659.7914604994003,767.8770752443234,4590.137061983114,4953.576644085115,5071.7566933122,127.32823751866817,189.72416586475447,206.4143214665819,4352.570831484627,4674.356001790147,4675.8851757860975,526.0083884932101,718.4698648983613,788.0144352914067,4845.366470981389,5053.94645439228,5076.855513198534
high_l30,high,30,qwen2.5-7b-instruct,Qwen2.5-7B-Instruct,Sarathi,1,8424.719634989742,4.747932481203418,/home/onceas/Arantir/CUCUMIS-lorekeep/lorekeep/results/chapter5_baseline_variants/ratio_sweep_20step_5models_a100_overnight_baseline/raw/high_l30/qwen2.5-7b-instruct_fixed_chunk_vs_sarathi.json,40.0,28.0,12.0,0.3,155.030927475309,608.8014436943922,732.5366425496759,4566.695152490865,4904.077229497489,5018.570428639068,128.38131151511334,176.29348070477135,193.0625813466031,4351.289382000687,4620.515451900428,4621.8768739531515,524.7134370147251,723.8245380227454,733.2025539368624,4824.596886523068,4994.776924489997,5026.433574838447
high_l50,high,50,qwen2.5-7b-instruct,Qwen2.5-7B-Instruct,Chunked prefill,0,9291.251292044763,4.30512519172184,/home/onceas/Arantir/CUCUMIS-lorekeep/lorekeep/results/chapter5_baseline_variants/ratio_sweep_20step_5models_a100_overnight_baseline/raw/high_l50/qwen2.5-7b-instruct_fixed_chunk_vs_sarathi.json,40.0,20.0,20.0,0.5,321.32885098690167,844.5985104946885,963.1242500874214,5388.776121981209,5720.46006830642,5785.225641648867,154.58249949733727,225.2811779617332,225.2811779617332,5354.456614499213,5448.1377071584575,5451.789308436564,665.747162012849,870.1398640987464,980.2155874925664,5440.31070402707,5777.915312780533,5787.616431040806
high_l50,high,50,qwen2.5-7b-instruct,Qwen2.5-7B-Instruct,Sarathi,0,9244.16615901282,4.32705333417239,/home/onceas/Arantir/CUCUMIS-lorekeep/lorekeep/results/chapter5_baseline_variants/ratio_sweep_20step_5models_a100_overnight_baseline/raw/high_l50/qwen2.5-7b-instruct_fixed_chunk_vs_sarathi.json,40.0,20.0,20.0,0.5,322.16734549729154,844.4681212829892,963.0654150125338,5379.928814509185,5721.33118599304,5795.258184859413,151.74388751620427,226.8648419994861,226.8648419994861,5362.3874684853945,5453.978980804095,5456.016519960249,669.1258014761843,869.0758718003054,980.111423213384,5413.040528015699,5775.544582662405,5800.860878265812
high_l50,high,50,qwen2.5-7b-instruct,Qwen2.5-7B-Instruct,Chunked prefill,1,9280.845984001644,4.30995192345096,/home/onceas/Arantir/CUCUMIS-lorekeep/lorekeep/results/chapter5_baseline_variants/ratio_sweep_20step_5models_a100_overnight_baseline/raw/high_l50/qwen2.5-7b-instruct_fixed_chunk_vs_sarathi.json,40.0,20.0,20.0,0.5,322.00397650012746,843.2966952270363,960.4315019841306,5372.344712988706,5711.936800414696,5780.097202709876,155.4379920125939,226.25941800652072,226.25941800652072,5341.817978012841,5439.406584552489,5442.128034651978,665.7041310390923,868.0716666160152,977.6111455797217,5429.190673487028,5763.637984334491,5783.138844915666
high_l50,high,50,qwen2.5-7b-instruct,Qwen2.5-7B-Instruct,Sarathi,1,9249.042027979158,4.324772217381705,/home/onceas/Arantir/CUCUMIS-lorekeep/lorekeep/results/chapter5_baseline_variants/ratio_sweep_20step_5models_a100_overnight_baseline/raw/high_l50/qwen2.5-7b-instruct_fixed_chunk_vs_sarathi.json,40.0,20.0,20.0,0.5,331.7329175188206,843.8531928171869,962.2656457597623,5392.823871021392,5736.4617673971225,5818.776370830019,153.93427648814395,228.05910604074597,249.89588791562707,5367.627796018496,5461.820443085162,5465.829024485429,667.4253400124144,867.3851338971873,979.4733807566807,5403.072784509277,5786.307178181596,5827.456643223413
high_l70,high,70,qwen2.5-7b-instruct,Qwen2.5-7B-Instruct,Chunked prefill,0,10237.31240798952,3.907275504143328,/home/onceas/Arantir/CUCUMIS-lorekeep/lorekeep/results/chapter5_baseline_variants/ratio_sweep_20step_5models_a100_overnight_baseline/raw/high_l70/qwen2.5-7b-instruct_fixed_chunk_vs_sarathi.json,40.0,12.0,28.0,0.7,785.1660900050774,1846.1319294583518,1883.9787319884636,6463.530951499706,6815.2334543992765,6925.099321119487,128.28489902312867,181.58693226869218,184.73817004822195,6457.309542514849,6554.275690426584,6555.039916202659,1180.6637274858076,1872.4219992931467,1883.9787319884636,6471.478787512751,6872.3159969900735,6929.64261832647
high_l70,high,70,qwen2.5-7b-instruct,Qwen2.5-7B-Instruct,Sarathi,0,10736.048628983553,3.72576553835776,/home/onceas/Arantir/CUCUMIS-lorekeep/lorekeep/results/chapter5_baseline_variants/ratio_sweep_20step_5models_a100_overnight_baseline/raw/high_l70/qwen2.5-7b-instruct_fixed_chunk_vs_sarathi.json,40.0,12.0,28.0,0.7,810.3728099958971,1859.3686147069093,1893.9828780130483,6779.655151010957,7069.0069908916485,7233.913577874773,141.6268540197052,198.252112272894,213.08608019317035,6724.732997972751,6752.88042712491,6767.364989365451,1180.2766094915569,1885.0777452928014,1893.9828780130483,6864.368169015506,7112.784760602517,7234.531748996233
high_l70,high,70,qwen2.5-7b-instruct,Qwen2.5-7B-Instruct,Chunked prefill,1,10181.68932601111,3.9286211471619157,/home/onceas/Arantir/CUCUMIS-lorekeep/lorekeep/results/chapter5_baseline_variants/ratio_sweep_20step_5models_a100_overnight_baseline/raw/high_l70/qwen2.5-7b-instruct_fixed_chunk_vs_sarathi.json,40.0,12.0,28.0,0.7,814.4844865018968,1879.7938013274688,1941.87359757605,6468.549791985424,6794.168655073736,6914.154674343881,126.23128452105448,185.27310696663335,212.6016837061616,6468.549791985424,6533.0368135881145,6534.581311061047,1209.8256124882028,1883.8973179808818,1952.478892778745,6457.14349852642,6862.590055906912,6914.625949622714
high_l70,high,70,qwen2.5-7b-instruct,Qwen2.5-7B-Instruct,Sarathi,1,10737.46796202613,3.725273047748597,/home/onceas/Arantir/CUCUMIS-lorekeep/lorekeep/results/chapter5_baseline_variants/ratio_sweep_20step_5models_a100_overnight_baseline/raw/high_l70/qwen2.5-7b-instruct_fixed_chunk_vs_sarathi.json,40.0,12.0,28.0,0.7,822.5414410117082,1777.320211182814,1972.9839910223382,6825.098253495526,7128.978977864608,7267.9388806421775,151.52207601931877,199.60931708919816,215.74849505268503,6754.940242011799,6845.9668897034135,6846.553307016729,1157.040744961705,1866.5487054153346,1982.5677239435026,6873.46320701181,7214.720128092449,7270.49882167601
high_l90,high,90,qwen2.5-7b-instruct,Qwen2.5-7B-Instruct,Chunked prefill,0,11187.272620969452,3.575491664074039,/home/onceas/Arantir/CUCUMIS-lorekeep/lorekeep/results/chapter5_baseline_variants/ratio_sweep_20step_5models_a100_overnight_baseline/raw/high_l90/qwen2.5-7b-instruct_fixed_chunk_vs_sarathi.json,40.0,4.0,36.0,0.9,1546.9859394943342,2730.244009703165,2951.99515610293,7621.803615038516,8015.980884572491,8090.164680195157,130.98941950011067,160.20428519695997,171.21818080428056,7709.690842981217,7741.696234000847,7753.8192718080245,1648.1124050042126,2736.0193005006295,2955.391933224746,7490.584448009031,8019.233518978581,8090.79231863434
high_l90,high,90,qwen2.5-7b-instruct,Qwen2.5-7B-Instruct,Sarathi,0,11785.85823904723,3.393897940115866,/home/onceas/Arantir/CUCUMIS-lorekeep/lorekeep/results/chapter5_baseline_variants/ratio_sweep_20step_5models_a100_overnight_baseline/raw/high_l90/qwen2.5-7b-instruct_fixed_chunk_vs_sarathi.json,40.0,4.0,36.0,0.9,1681.8779690365773,2776.6472626361065,3048.8543329021195,7979.705836973153,8298.873797198758,8405.08104355249,163.22041797684506,170.75177259393968,173.65672366053332,7979.705836973153,8000.673394801561,8008.760881392518,1710.6376654992346,2806.1726330197416,3051.830077220802,7990.8993810240645,8307.940230006352,8407.372927395045
high_l90,high,90,qwen2.5-7b-instruct,Qwen2.5-7B-Instruct,Chunked prefill,1,11173.627514974214,3.579858013558662,/home/onceas/Arantir/CUCUMIS-lorekeep/lorekeep/results/chapter5_baseline_variants/ratio_sweep_20step_5models_a100_overnight_baseline/raw/high_l90/qwen2.5-7b-instruct_fixed_chunk_vs_sarathi.json,40.0,4.0,36.0,0.9,1647.394729021471,2752.317879186012,2935.429847757914,7621.131394029362,7964.50623277924,8037.594040893018,128.74867900973186,158.88349601300433,170.3832928207703,7659.8859680234455,7690.653027623193,7702.450382774114,1689.5947210141458,2776.580751989968,2938.2907954772236,7524.162101006368,7969.211399991764,8038.326150132343
high_l90,high,90,qwen2.5-7b-instruct,Qwen2.5-7B-Instruct,Sarathi,1,11720.272391976323,3.412889962129543,/home/onceas/Arantir/CUCUMIS-lorekeep/lorekeep/results/chapter5_baseline_variants/ratio_sweep_20step_5models_a100_overnight_baseline/raw/high_l90/qwen2.5-7b-instruct_fixed_chunk_vs_sarathi.json,40.0,4.0,36.0,0.9,1556.475172023056,2781.4957549911924,2977.9421634040773,7934.5670599723235,8256.708490196615,8359.168336236035,160.45373000088148,162.3373159673065,162.3373159673065,7934.5670599723235,7957.9701725859195,7966.997087451164,1656.9442119798623,2843.6214069952257,2981.4830680843443,7921.710228023585,8263.857254991308,8361.35646031762
mid_l10,mid,10,gemma-2-9b-it,Gemma-2-9B-IT,Chunked prefill,0,13878.54523799615,2.8821464580084037,/home/onceas/Arantir/CUCUMIS-lorekeep/lorekeep/results/chapter5_baseline_variants/ratio_sweep_20step_5models_a100_overnight_baseline/raw/mid_l10/gemma-2-9b-it_fixed_chunk_vs_sarathi.json,40.0,36.0,4.0,0.1,243.64303500624374,299.9127090850386,1020.3965928027172,8077.848831017036,8084.037918038666,8835.539605352678,243.59495303360745,246.20087747462094,250.01473998418078,8077.848831017036,8083.903868042398,8085.244368005078,853.2769565063063,1043.0444266239647,1110.9879280877067,5685.747195006115,8858.955693122698,8929.203956432757
mid_l10,mid,10,gemma-2-9b-it,Gemma-2-9B-IT,Sarathi,0,14693.13043501461,2.722360641723945,/home/onceas/Arantir/CUCUMIS-lorekeep/lorekeep/results/chapter5_baseline_variants/ratio_sweep_20step_5models_a100_overnight_baseline/raw/mid_l10/gemma-2-9b-it_fixed_chunk_vs_sarathi.json,40.0,36.0,4.0,0.1,269.0938400046434,328.4194529638633,1113.5916177567558,8799.48403002345,8846.342261997052,9632.027084304136,268.5915164765902,273.3754569781013,274.70410196110606,8799.48403002345,8842.262657970423,8846.342261997052,942.7114939899184,1138.1506248842925,1211.8276462669019,6208.997955487575,9658.984556695214,9739.856973868445
mid_l10,mid,10,gemma-2-9b-it,Gemma-2-9B-IT,Chunked prefill,1,13732.01318696374,2.9129013681674394,/home/onceas/Arantir/CUCUMIS-lorekeep/lorekeep/results/chapter5_baseline_variants/ratio_sweep_20step_5models_a100_overnight_baseline/raw/mid_l10/gemma-2-9b-it_fixed_chunk_vs_sarathi.json,40.0,36.0,4.0,0.1,242.45053602498956,296.52630997588926,1006.437753146747,7919.982712017372,7950.879003037699,8676.252998897107,242.17838150798343,244.38548550824635,247.29516202351078,7919.982712017372,7947.788961988408,7951.306559381192,849.7208764893003,1028.2948538078927,1093.8661557913292,5594.860585493734,8699.855533998925,8770.663139304379
mid_l10,mid,10,gemma-2-9b-it,Gemma-2-9B-IT,Sarathi,1,14610.871409007814,2.7376874985936444,/home/onceas/Arantir/CUCUMIS-lorekeep/lorekeep/results/chapter5_baseline_variants/ratio_sweep_20step_5models_a100_overnight_baseline/raw/mid_l10/gemma-2-9b-it_fixed_chunk_vs_sarathi.json,40.0,36.0,4.0,0.1,268.62092097871937,324.95198881370095,1102.7947880653662,8764.522340992698,8784.924342727754,9592.245195702417,268.4224330005236,271.037416998297,271.11987001262605,8764.522340992698,8783.162888983497,8786.143003031611,933.2098630256951,1127.3229295155033,1200.907353865914,6187.345028534764,9618.58668262139,9697.611143378308
mid_l30,mid,30,gemma-2-9b-it,Gemma-2-9B-IT,Chunked prefill,0,13922.706655983347,2.8730045808161746,/home/onceas/Arantir/CUCUMIS-lorekeep/lorekeep/results/chapter5_baseline_variants/ratio_sweep_20step_5models_a100_overnight_baseline/raw/mid_l30/gemma-2-9b-it_fixed_chunk_vs_sarathi.json,40.0,28.0,12.0,0.3,262.19377099187113,1025.1204227097332,1258.2142248330638,8301.364063983783,9021.694548492087,9221.371413535671,251.3109720312059,301.90563439391553,329.7652190964436,8233.616581506794,8398.694490327034,8400.69693051686,987.2889305115677,1218.5061126074288,1270.2501707198098,8903.365707490593,9135.77912733308,9256.801911011571
mid_l30,mid,30,gemma-2-9b-it,Gemma-2-9B-IT,Sarathi,0,14113.030548964161,2.8342601442845905,/home/onceas/Arantir/CUCUMIS-lorekeep/lorekeep/results/chapter5_baseline_variants/ratio_sweep_20step_5models_a100_overnight_baseline/raw/mid_l30/gemma-2-9b-it_fixed_chunk_vs_sarathi.json,40.0,28.0,12.0,0.3,263.40503853862174,998.6454225261697,1236.5647293871734,8300.159542501206,9011.696872860193,9207.514046846773,249.6672670240514,298.4793561103288,305.34392223809846,8263.661179022165,8386.726910306606,8388.514726239373,982.6580325316172,1223.3048995025456,1238.5221581545193,8912.39759651944,9125.335374142742,9242.334019150003
mid_l30,mid,30,gemma-2-9b-it,Gemma-2-9B-IT,Chunked prefill,1,13875.400090997573,2.8827997562356558,/home/onceas/Arantir/CUCUMIS-lorekeep/lorekeep/results/chapter5_baseline_variants/ratio_sweep_20step_5models_a100_overnight_baseline/raw/mid_l30/gemma-2-9b-it_fixed_chunk_vs_sarathi.json,40.0,28.0,12.0,0.3,261.81330051622353,1027.0497282792348,1262.3067963379435,8267.568413517438,8994.117407203885,9192.22159363213,250.46364800073206,300.9864741645288,329.979765904136,8196.642440016149,8372.73825922166,8375.656505128718,985.4966560087632,1216.8354171153624,1277.0845111715607,8867.584141960833,9105.13961011311,9227.683460343396
mid_l30,mid,30,gemma-2-9b-it,Gemma-2-9B-IT,Sarathi,1,13912.836632982362,2.8750427432730934,/home/onceas/Arantir/CUCUMIS-lorekeep/lorekeep/results/chapter5_baseline_variants/ratio_sweep_20step_5models_a100_overnight_baseline/raw/mid_l30/gemma-2-9b-it_fixed_chunk_vs_sarathi.json,40.0,28.0,12.0,0.3,267.90187251754105,1049.2219389299862,1267.1176558046136,8303.923979983665,9025.890372606227,9231.584811440553,252.26834998466074,288.23562409961596,335.411554237362,8215.846495993901,8411.35475965566,8415.806970300036,975.1184950000606,1202.6028971886262,1292.7743862115312,8904.346920986427,9143.901163392002,9266.293932040571
mid_l50,mid,50,gemma-2-9b-it,Gemma-2-9B-IT,Chunked prefill,0,14730.673311976716,2.715422381099047,/home/onceas/Arantir/CUCUMIS-lorekeep/lorekeep/results/chapter5_baseline_variants/ratio_sweep_20step_5models_a100_overnight_baseline/raw/mid_l50/gemma-2-9b-it_fixed_chunk_vs_sarathi.json,40.0,20.0,20.0,0.5,546.7430420103483,1297.1925581048708,1475.73825866275,8936.645142995985,9547.890892717987,9760.83324647334,252.19782351632603,348.26898598112166,354.56876665877644,8891.000391042326,8939.612831972772,8947.16596170154,1060.3741979866754,1415.1763078349177,1476.8943834729725,9342.23431997816,9672.06591766444,9776.452775477082
mid_l50,mid,50,gemma-2-9b-it,Gemma-2-9B-IT,Sarathi,0,14680.090090027079,2.7247789185690356,/home/onceas/Arantir/CUCUMIS-lorekeep/lorekeep/results/chapter5_baseline_variants/ratio_sweep_20step_5models_a100_overnight_baseline/raw/mid_l50/gemma-2-9b-it_fixed_chunk_vs_sarathi.json,40.0,20.0,20.0,0.5,544.2451944982167,1298.381944821449,1478.523055932019,8914.07017497113,9521.366140042664,9733.173272103886,248.87010399834253,350.70350201567635,355.10183197038714,8867.41252199863,8917.069660499692,8919.02008459263,1062.64708051458,1410.9141110791825,1478.9336621318944,9307.826072501484,9646.282448497368,9749.95161051338
mid_l50,mid,50,gemma-2-9b-it,Gemma-2-9B-IT,Chunked prefill,1,14719.179934007116,2.7175427013827185,/home/onceas/Arantir/CUCUMIS-lorekeep/lorekeep/results/chapter5_baseline_variants/ratio_sweep_20step_5models_a100_overnight_baseline/raw/mid_l50/gemma-2-9b-it_fixed_chunk_vs_sarathi.json,40.0,20.0,20.0,0.5,544.9496200017165,1247.321243910119,1466.5613139694324,8932.58748902008,9540.831145172706,9756.879713688395,250.10329150245525,350.7313642941881,359.12462300620973,8885.787072475068,8934.271419316065,8938.674359060824,1056.1799840070307,1392.0089247985743,1468.4940093726618,9338.300350995269,9666.080158692785,9774.313134897384
mid_l50,mid,50,gemma-2-9b-it,Gemma-2-9B-IT,Sarathi,1,14671.87537701102,2.7263045092841343,/home/onceas/Arantir/CUCUMIS-lorekeep/lorekeep/results/chapter5_baseline_variants/ratio_sweep_20step_5models_a100_overnight_baseline/raw/mid_l50/gemma-2-9b-it_fixed_chunk_vs_sarathi.json,40.0,20.0,20.0,0.5,542.9834505193867,1302.8033304668497,1512.8299174667336,8919.72081651329,9524.049270397518,9735.243976648198,247.811110020848,349.5284829172306,355.8542940299958,8872.704148991033,8921.896993089467,8922.017215983942,1097.8797724819742,1449.8838660889305,1513.9453910593875,9307.571052020648,9649.758593400475,9753.084026040742
mid_l70,mid,70,gemma-2-9b-it,Gemma-2-9B-IT,Chunked prefill,0,16020.440228981897,2.496810289122873,/home/onceas/Arantir/CUCUMIS-lorekeep/lorekeep/results/chapter5_baseline_variants/ratio_sweep_20step_5models_a100_overnight_baseline/raw/mid_l70/gemma-2-9b-it_fixed_chunk_vs_sarathi.json,40.0,12.0,28.0,0.7,1218.150455999421,2544.7057651006617,2592.6777299609967,10179.647451994242,10700.942991010379,10915.737769063562,246.21647453750484,286.232940555783,312.694326233468,10060.262405488174,10096.60704168491,10097.717910784995,1585.4786465351935,2580.2751864714082,2592.6777299609967,10537.560595490504,10740.488008811371,10915.878273341805
mid_l70,mid,70,gemma-2-9b-it,Gemma-2-9B-IT,Sarathi,0,15992.107554979157,2.5012338031422234,/home/onceas/Arantir/CUCUMIS-lorekeep/lorekeep/results/chapter5_baseline_variants/ratio_sweep_20step_5models_a100_overnight_baseline/raw/mid_l70/gemma-2-9b-it_fixed_chunk_vs_sarathi.json,40.0,12.0,28.0,0.7,1249.5454529998824,2636.580317892367,2778.54344874504,10310.034715483198,10782.028927619103,10976.64175599115,255.167536000954,282.57573648006655,283.21729548682924,10143.698247498833,10227.551967004547,10230.863484869478,1633.6149040143937,2662.9867424082477,2790.584449743619,10600.363089994062,10835.961160890292,10978.776565233711
mid_l70,mid,70,gemma-2-9b-it,Gemma-2-9B-IT,Chunked prefill,1,16012.765543011483,2.4980069740331245,/home/onceas/Arantir/CUCUMIS-lorekeep/lorekeep/results/chapter5_baseline_variants/ratio_sweep_20step_5models_a100_overnight_baseline/raw/mid_l70/gemma-2-9b-it_fixed_chunk_vs_sarathi.json,40.0,12.0,28.0,0.7,1222.4478305142839,2550.546628574375,2592.3540490330197,10179.013301996747,10695.004842011258,10916.688409480266,245.8167335134931,281.2224989756942,289.46823065401986,10061.43100099871,10111.09317149967,10112.145671873004,1584.6282674756367,2584.114385774592,2592.3540490330197,10537.237112002913,10737.674893205985,10917.03026872594
mid_l70,mid,70,gemma-2-9b-it,Gemma-2-9B-IT,Sarathi,1,16144.316057034303,2.4776521878467217,/home/onceas/Arantir/CUCUMIS-lorekeep/lorekeep/results/chapter5_baseline_variants/ratio_sweep_20step_5models_a100_overnight_baseline/raw/mid_l70/gemma-2-9b-it_fixed_chunk_vs_sarathi.json,40.0,12.0,28.0,0.7,1213.3139715297148,2446.840926905861,2694.796549367602,10290.215598477516,10831.909456534777,11003.41868067102,244.63960999855772,280.0895409891382,289.8023219173774,10140.003259992227,10180.694963503629,10183.281208239496,1587.53644299577,2506.456556962803,2704.6894043212524,10602.465693518752,10879.762137890793,11003.494672478992
mid_l90,mid,90,gemma-2-9b-it,Gemma-2-9B-IT,Chunked prefill,0,18516.788098029792,2.1602018551076925,/home/onceas/Arantir/CUCUMIS-lorekeep/lorekeep/results/chapter5_baseline_variants/ratio_sweep_20step_5models_a100_overnight_baseline/raw/mid_l90/gemma-2-9b-it_fixed_chunk_vs_sarathi.json,40.0,4.0,36.0,0.9,2302.81663799542,3843.178312800592,4243.870087663527,12409.35168552096,12836.591714428505,13141.874094321975,275.92166399699636,276.8593679065816,276.9618780061137,11734.068086516345,11737.016998918261,11738.099247216014,2375.38277648855,3904.2265719908755,4246.262891902006,12535.50826353603,12843.033652025042,13145.65544280049
mid_l90,mid,90,gemma-2-9b-it,Gemma-2-9B-IT,Sarathi,0,17608.98542695213,2.271567556571227,/home/onceas/Arantir/CUCUMIS-lorekeep/lorekeep/results/chapter5_baseline_variants/ratio_sweep_20step_5models_a100_overnight_baseline/raw/mid_l90/gemma-2-9b-it_fixed_chunk_vs_sarathi.json,40.0,4.0,36.0,0.9,2320.4903090081643,3939.8677566554397,4306.356333071599,12069.428909511771,12343.207719223574,12439.284533663886,255.69103402085602,262.42205052403733,262.8511304676067,11592.503770516487,11603.710773598868,11604.022785051493,2556.89526948845,3963.9839394949377,4313.232230191352,12104.144174023531,12345.023168018088,12442.623312264914
mid_l90,mid,90,gemma-2-9b-it,Gemma-2-9B-IT,Chunked prefill,1,18424.62936899392,2.1710070362291476,/home/onceas/Arantir/CUCUMIS-lorekeep/lorekeep/results/chapter5_baseline_variants/ratio_sweep_20step_5models_a100_overnight_baseline/raw/mid_l90/gemma-2-9b-it_fixed_chunk_vs_sarathi.json,40.0,4.0,36.0,0.9,2282.4190925166477,3810.425130382646,4187.456921471166,12572.094819508493,12926.230589079205,13150.845174424467,273.22249152348377,275.1076338056009,275.60814467899036,11770.658823515987,11771.748504601419,11772.14425925049,2339.5728079776745,3869.5357919787057,4189.035832192167,12577.94231249136,12930.592645483557,13155.075601665885
mid_l90,mid,90,gemma-2-9b-it,Gemma-2-9B-IT,Sarathi,1,17523.10914901318,2.2826999284115406,/home/onceas/Arantir/CUCUMIS-lorekeep/lorekeep/results/chapter5_baseline_variants/ratio_sweep_20step_5models_a100_overnight_baseline/raw/mid_l90/gemma-2-9b-it_fixed_chunk_vs_sarathi.json,40.0,4.0,36.0,0.9,2315.433177485829,3836.431749496842,4092.7602716028923,11808.580942975823,12106.884503702167,12309.839379051118,253.75995750073344,261.5112970233895,261.5112970233895,11384.622181009036,11386.286445677979,11386.928376336,2383.567728975322,3866.1352074996103,4096.000867642579,11865.817924030125,12111.1401625094,12317.419959974359
high_l10,high,10,gemma-2-9b-it,Gemma-2-9B-IT,Chunked prefill,0,12217.070162005257,3.2741074144273044,/home/onceas/Arantir/CUCUMIS-lorekeep/lorekeep/results/chapter5_baseline_variants/ratio_sweep_20step_5models_a100_overnight_baseline/raw/high_l10/gemma-2-9b-it_fixed_chunk_vs_sarathi.json,40.0,36.0,4.0,0.1,244.15612901793793,296.6703004960443,1011.5321592346298,7897.014868009137,7912.486514786724,8663.901929216227,244.0858875052072,246.63961603073403,247.32653383689467,7897.014868009137,7911.787629476748,7914.205242996104,855.3434404893778,1033.9216881082393,1101.0902747290675,5604.469041980337,8685.454450710677,8750.112015194027
high_l10,high,10,gemma-2-9b-it,Gemma-2-9B-IT,Sarathi,0,13074.307108996436,3.0594355529920194,/home/onceas/Arantir/CUCUMIS-lorekeep/lorekeep/results/chapter5_baseline_variants/ratio_sweep_20step_5models_a100_overnight_baseline/raw/high_l10/gemma-2-9b-it_fixed_chunk_vs_sarathi.json,40.0,36.0,4.0,0.1,243.41513600666076,300.4172145912896,1019.3257251445901,8493.222990015056,8732.383801479591,9236.245694382233,243.11851503443904,249.01434849016368,250.62886879604775,8493.222990015056,8702.066183002898,8745.845952013042,862.2737094992772,1041.8381391151343,1109.3753810267663,5850.610503490316,9269.902587222168,9370.873265741975
high_l10,high,10,gemma-2-9b-it,Gemma-2-9B-IT,Chunked prefill,1,12320.551264041569,3.2466079757926845,/home/onceas/Arantir/CUCUMIS-lorekeep/lorekeep/results/chapter5_baseline_variants/ratio_sweep_20step_5models_a100_overnight_baseline/raw/high_l10/gemma-2-9b-it_fixed_chunk_vs_sarathi.json,40.0,36.0,4.0,0.1,242.03564500203356,297.4999291123829,1004.7871684114215,7891.156675003003,7908.590029977495,8648.707235993934,241.9109000475146,245.65309897297993,248.41717030794825,7891.156675003003,7905.473083490506,7909.618321477319,848.006643995177,1027.263457007939,1094.6923227974912,5581.829290982569,8672.120487684151,8742.360242754803
high_l10,high,10,gemma-2-9b-it,Gemma-2-9B-IT,Sarathi,1,13220.676977944095,3.025563673231828,/home/onceas/Arantir/CUCUMIS-lorekeep/lorekeep/results/chapter5_baseline_variants/ratio_sweep_20step_5models_a100_overnight_baseline/raw/high_l10/gemma-2-9b-it_fixed_chunk_vs_sarathi.json,40.0,36.0,4.0,0.1,272.32309299870394,331.96886103833174,1125.3143769927553,8826.922615466174,8829.997211619047,9670.629475924652,271.89055195776746,274.93968649650924,277.24787103943527,8826.922615466174,8829.680674505653,8831.372839980759,951.3883540348615,1149.934719299199,1223.7957462185295,6247.3434190033,9695.714052091353,9770.967780591454
high_l30,high,30,gemma-2-9b-it,Gemma-2-9B-IT,Chunked prefill,0,12287.106884992681,3.255444945209641,/home/onceas/Arantir/CUCUMIS-lorekeep/lorekeep/results/chapter5_baseline_variants/ratio_sweep_20step_5models_a100_overnight_baseline/raw/high_l30/gemma-2-9b-it_fixed_chunk_vs_sarathi.json,40.0,28.0,12.0,0.3,328.28477447037585,1190.207792329602,1434.1206892288756,8499.316014989745,9166.857712884666,9388.187354632537,285.30107851838693,357.13814880582504,486.1524995678338,8363.956053508446,8593.301676842384,8601.868370127631,1104.9714150140062,1403.916182811372,1447.2115513624158,8976.52357001789,9304.885952110635,9420.812574391603
high_l30,high,30,gemma-2-9b-it,Gemma-2-9B-IT,Sarathi,0,12303.005019028205,3.2512382087250042,/home/onceas/Arantir/CUCUMIS-lorekeep/lorekeep/results/chapter5_baseline_variants/ratio_sweep_20step_5models_a100_overnight_baseline/raw/high_l30/gemma-2-9b-it_fixed_chunk_vs_sarathi.json,40.0,28.0,12.0,0.3,329.4828560028691,1187.213461304782,1428.8040441885823,8504.028283030493,9174.438442720566,9390.773508991115,282.9545175191015,354.9110437917989,484.15200231538626,8366.725211468292,8592.547996604117,8599.950610047672,1102.3114574782085,1397.3367669968866,1442.605702833389,8989.86626599799,9304.59948219359,9424.848545514978
high_l30,high,30,gemma-2-9b-it,Gemma-2-9B-IT,Chunked prefill,1,12253.473007003777,3.264380635362481,/home/onceas/Arantir/CUCUMIS-lorekeep/lorekeep/results/chapter5_baseline_variants/ratio_sweep_20step_5models_a100_overnight_baseline/raw/high_l30/gemma-2-9b-it_fixed_chunk_vs_sarathi.json,40.0,28.0,12.0,0.3,333.0940979940351,1189.1512914793566,1433.41903844208,8474.99593498651,9144.42520798766,9364.476512434194,284.78778249700554,357.09614432416856,485.3595215739916,8335.13774597668,8565.316811815137,8571.657410878106,1108.0556495289784,1403.0481005378533,1446.699635545374,8954.160317516653,9278.183449211065,9398.672090071486
high_l30,high,30,gemma-2-9b-it,Gemma-2-9B-IT,Sarathi,1,12289.460428000893,3.2548214980099606,/home/onceas/Arantir/CUCUMIS-lorekeep/lorekeep/results/chapter5_baseline_variants/ratio_sweep_20step_5models_a100_overnight_baseline/raw/high_l30/gemma-2-9b-it_fixed_chunk_vs_sarathi.json,40.0,28.0,12.0,0.3,332.4776775261853,1191.6920948016923,1435.865605410072,8522.316593502183,9192.885695403675,9409.603157936945,283.86211895849556,355.9886139933951,487.48816864681436,8365.45411151019,8611.988937400747,8613.711545091355,1106.76604998298,1406.0101935116109,1448.913908083341,9000.274757505395,9323.369170591468,9443.817728536087
high_l50,high,50,gemma-2-9b-it,Gemma-2-9B-IT,Chunked prefill,0,13854.340701014735,2.8871817766882457,/home/onceas/Arantir/CUCUMIS-lorekeep/lorekeep/results/chapter5_baseline_variants/ratio_sweep_20step_5models_a100_overnight_baseline/raw/high_l50/gemma-2-9b-it_fixed_chunk_vs_sarathi.json,40.0,20.0,20.0,0.5,665.9463164978661,1522.0838222187015,1926.2167748907814,9395.218593010213,9989.746209885925,10189.071024151635,253.26935699558817,386.9000719860196,520.7837035378905,9329.551896982593,9419.203539838782,9473.430039935629,1339.5697369705886,1840.0648410897702,1942.9050528939115,9742.67378647346,10114.170232304605,10206.934147142456
high_l50,high,50,gemma-2-9b-it,Gemma-2-9B-IT,Sarathi,0,13990.265352011193,2.859130902349164,/home/onceas/Arantir/CUCUMIS-lorekeep/lorekeep/results/chapter5_baseline_variants/ratio_sweep_20step_5models_a100_overnight_baseline/raw/high_l50/gemma-2-9b-it_fixed_chunk_vs_sarathi.json,40.0,20.0,20.0,0.5,679.4829124701209,1629.099033033708,1937.072210413171,9585.421754483832,10193.962931982242,10412.514493802446,279.2238179827109,397.5485150003806,528.9510314643846,9530.840913008433,9614.552191313123,9666.37169360998,1373.3038695063442,1859.4202366133686,1952.8409466182347,9893.91961102956,10327.416009490844,10422.766017997055
high_l50,high,50,gemma-2-9b-it,Gemma-2-9B-IT,Chunked prefill,1,13804.065005038865,2.89769716278494,/home/onceas/Arantir/CUCUMIS-lorekeep/lorekeep/results/chapter5_baseline_variants/ratio_sweep_20step_5models_a100_overnight_baseline/raw/high_l50/gemma-2-9b-it_fixed_chunk_vs_sarathi.json,40.0,20.0,20.0,0.5,663.6357755342033,1525.7873345806731,1924.2495224898448,9370.116094505647,9959.579415689223,10159.879515568027,272.43499702308327,400.6285228009803,546.8937836796977,9308.488179027336,9392.454869713401,9450.478197399061,1337.8741985361557,1837.2409860719927,1940.7981324911816,9714.326768007595,10085.001292917877,10176.759858374717
high_l50,high,50,gemma-2-9b-it,Gemma-2-9B-IT,Sarathi,1,13950.58402599534,2.867263472659246,/home/onceas/Arantir/CUCUMIS-lorekeep/lorekeep/results/chapter5_baseline_variants/ratio_sweep_20step_5models_a100_overnight_baseline/raw/high_l50/gemma-2-9b-it_fixed_chunk_vs_sarathi.json,40.0,20.0,20.0,0.5,671.441633021459,1533.1106622295922,1936.2842910905601,9455.70207151468,10052.09078656626,10253.336242003716,252.6676245033741,390.49573760712525,530.5868721078148,9390.738949005026,9479.706003994215,9534.818757514004,1392.8257715015206,1846.2802779104095,1953.2099330896745,9804.483520478243,10176.64817883051,10270.878750190022
high_l70,high,70,gemma-2-9b-it,Gemma-2-9B-IT,Chunked prefill,0,15617.537334968802,2.5612232672840864,/home/onceas/Arantir/CUCUMIS-lorekeep/lorekeep/results/chapter5_baseline_variants/ratio_sweep_20step_5models_a100_overnight_baseline/raw/high_l70/gemma-2-9b-it_fixed_chunk_vs_sarathi.json,40.0,12.0,28.0,0.7,1455.7468634739053,3266.651635488961,3500.1071099215187,10839.514705498004,11288.741598615889,11491.845305134775,252.87834199843928,326.8251348810736,356.6189281013794,10399.950791033916,10477.769584191265,10481.610680558952,2022.1419260196853,3307.511324994266,3506.8359865644015,11002.438115974655,11301.046943990514,11521.742805090034
high_l70,high,70,gemma-2-9b-it,Gemma-2-9B-IT,Sarathi,0,16476.032905979082,2.4277688827317268,/home/onceas/Arantir/CUCUMIS-lorekeep/lorekeep/results/chapter5_baseline_variants/ratio_sweep_20step_5models_a100_overnight_baseline/raw/high_l70/gemma-2-9b-it_fixed_chunk_vs_sarathi.json,40.0,12.0,28.0,0.7,1469.0779554948676,3296.4494130632374,3709.875298308907,11393.254988477565,11992.683539673453,12340.996222284157,300.694489502348,365.06958221434616,372.7736945019569,10913.61347102793,10985.125697992044,10985.532940427656,2125.129921507323,3454.630753287347,3736.0337686666753,11687.35102849314,12012.725667306222,12343.865454804618
high_l70,high,70,gemma-2-9b-it,Gemma-2-9B-IT,Chunked prefill,1,15624.968252028339,2.560005201598246,/home/onceas/Arantir/CUCUMIS-lorekeep/lorekeep/results/chapter5_baseline_variants/ratio_sweep_20step_5models_a100_overnight_baseline/raw/high_l70/gemma-2-9b-it_fixed_chunk_vs_sarathi.json,40.0,12.0,28.0,0.7,1462.184892006917,3271.1392950150184,3530.1894809817895,10837.690597982146,11293.997596018016,11481.543178912252,257.528877526056,327.6835647295229,357.7903283009073,10403.88446097495,10497.465359506896,10498.955445709289,2026.445650466485,3362.8769126953557,3530.1894809817895,11003.88497847598,11304.51429222012,11511.54119770974
high_l70,high,70,gemma-2-9b-it,Gemma-2-9B-IT,Sarathi,1,16453.70383397676,2.4310635710726927,/home/onceas/Arantir/CUCUMIS-lorekeep/lorekeep/results/chapter5_baseline_variants/ratio_sweep_20step_5models_a100_overnight_baseline/raw/high_l70/gemma-2-9b-it_fixed_chunk_vs_sarathi.json,40.0,12.0,28.0,0.7,1562.6375215069856,3324.326003395254,3565.21921679785,11449.30741697317,12027.69721171935,12177.324687840883,281.245811493136,370.35772172384895,374.76187403080985,10935.222816013265,10976.070356665878,10977.23427190911,2008.6168340058066,3359.3196675239597,3591.284022719483,11714.698616007809,12090.490647597471,12180.143517127726
high_l90,high,90,gemma-2-9b-it,Gemma-2-9B-IT,Chunked prefill,0,17098.453214974143,2.3393928969533686,/home/onceas/Arantir/CUCUMIS-lorekeep/lorekeep/results/chapter5_baseline_variants/ratio_sweep_20step_5models_a100_overnight_baseline/raw/high_l90/gemma-2-9b-it_fixed_chunk_vs_sarathi.json,40.0,4.0,36.0,0.9,2735.256323532667,4848.069712670986,5272.288980555604,12207.97138751368,12764.312547130976,12927.796106314054,272.4739820114337,306.5189852146432,308.5252380371094,11473.359150986653,11487.354053399758,11488.307197134127,2968.4738839860074,4857.281755481381,5280.90007075516,12268.96283699898,12776.105623517651,12930.855439713923
high_l90,high,90,gemma-2-9b-it,Gemma-2-9B-IT,Sarathi,0,18270.514085015748,2.1893198961930316,/home/onceas/Arantir/CUCUMIS-lorekeep/lorekeep/results/chapter5_baseline_variants/ratio_sweep_20step_5models_a100_overnight_baseline/raw/high_l90/gemma-2-9b-it_fixed_chunk_vs_sarathi.json,40.0,4.0,36.0,0.9,2884.3958509678487,5059.2363579780795,5563.1405437825015,12869.849225011421,13868.270025687525,14034.87267882505,289.8957684810739,298.3574779937044,298.3574779937044,12015.670121996664,12025.767265679315,12029.661878242623,3157.0007514965255,5155.360970005859,5571.820306262816,13061.593141988851,13877.25504048285,14042.186798944022
high_l90,high,90,gemma-2-9b-it,Gemma-2-9B-IT,Chunked prefill,1,17073.530003952328,2.3428078429440458,/home/onceas/Arantir/CUCUMIS-lorekeep/lorekeep/results/chapter5_baseline_variants/ratio_sweep_20step_5models_a100_overnight_baseline/raw/high_l90/gemma-2-9b-it_fixed_chunk_vs_sarathi.json,40.0,4.0,36.0,0.9,2741.741951002041,4813.196412811521,5278.968235253124,12170.393912965665,12695.321469404735,12921.129428693093,264.2855409940239,295.56224602274597,301.17424192954786,11463.711506017717,11467.755068006227,11469.268836497213,2969.9307745031547,4826.401528029237,5287.692564254394,12238.835747470148,12710.936871008016,12923.943266575225
high_l90,high,90,gemma-2-9b-it,Gemma-2-9B-IT,Sarathi,1,18244.684708013665,2.192419361592513,/home/onceas/Arantir/CUCUMIS-lorekeep/lorekeep/results/chapter5_baseline_variants/ratio_sweep_20step_5models_a100_overnight_baseline/raw/high_l90/gemma-2-9b-it_fixed_chunk_vs_sarathi.json,40.0,4.0,36.0,0.9,2905.6222600047477,4928.002918406855,5512.470899821492,12862.612383527448,13674.024085467681,14077.128597451374,297.4028004973661,325.3802189719863,325.3802189719863,11945.612346491544,11948.690585966688,11948.690585966688,3048.122339503607,5009.6964400145225,5521.280005580047,12965.764035499888,13679.72659948282,14083.230283251032
mid_l10,mid,10,mistral-7b-instruct-v0.2,Mistral-7B-Instruct-v0.2,vLLM,0,10938.150516012684,3.656925358765434,/home/onceas/Arantir/CUCUMIS-lorekeep/lorekeep/results/chapter5_baseline_variants/ratio_sweep_20step_5models_a100_overnight_baseline/raw/mid_l10/mistral-7b-instruct-v0.2_strict_no_chunk.json,40.0,36.0,4.0,0.1,159.88104400457814,213.84595141280488,676.2584539735689,5191.309644491412,5249.721081263851,5703.874209692585,159.05114248744212,164.58627601969056,180.10893891041633,5178.1182944832835,5213.242763507878,5219.770472962409,569.5672275032848,691.5197645896114,737.3036964377388,5611.377376480959,5716.721750370925,5755.264372405945
mid_l10,mid,10,mistral-7b-instruct-v0.2,Mistral-7B-Instruct-v0.2,CUCUMIS-II,0,10339.889853959903,3.8685131626117917,/home/onceas/Arantir/CUCUMIS-lorekeep/lorekeep/results/chapter5_baseline_variants/ratio_sweep_20step_5models_a100_overnight_baseline/raw/mid_l10/mistral-7b-instruct-v0.2_strict_no_chunk.json,40.0,36.0,4.0,0.1,142.95304400729947,198.1929204892371,601.0721493751042,4664.429985015886,4712.343716580654,5122.661577356048,142.88414348266087,146.79780747974291,165.96958258305673,4639.495810493827,4681.843451020541,4684.999379486544,503.89509450178593,614.5539962861221,654.9995370191755,5040.352644515224,5134.676663123537,5170.721920426004
mid_l10,mid,10,mistral-7b-instruct-v0.2,Mistral-7B-Instruct-v0.2,vLLM,1,10927.09247698076,3.660626107472306,/home/onceas/Arantir/CUCUMIS-lorekeep/lorekeep/results/chapter5_baseline_variants/ratio_sweep_20step_5models_a100_overnight_baseline/raw/mid_l10/mistral-7b-instruct-v0.2_strict_no_chunk.json,40.0,36.0,4.0,0.1,159.3978709424846,215.75339911505625,671.9140104338293,5194.222747493768,5245.204488711897,5709.0738893375965,159.01141450740397,161.75535204820335,181.84957685298286,5192.624748044182,5211.776254989672,5213.159684307175,559.1658660268877,687.4797951022629,734.1771491075633,5607.42049649707,5722.79431517818,5763.955592699931
mid_l10,mid,10,mistral-7b-instruct-v0.2,Mistral-7B-Instruct-v0.2,CUCUMIS-II,1,10362.155143986456,3.860200840865955,/home/onceas/Arantir/CUCUMIS-lorekeep/lorekeep/results/chapter5_baseline_variants/ratio_sweep_20step_5models_a100_overnight_baseline/raw/mid_l10/mistral-7b-instruct-v0.2_strict_no_chunk.json,40.0,36.0,4.0,0.1,142.48476846842095,184.16889350046443,594.5044719293945,4626.49210850941,4669.578630104661,5081.583996089757,142.2009874950163,145.134104473982,155.36507895740215,4625.829922966659,4638.050140492851,4640.923574267072,499.12538452190347,607.8407577879261,647.8496153635206,4990.639837516937,5094.531344604911,5133.373390150373
mid_l10,mid,10,mistral-7b-instruct-v0.2,Mistral-7B-Instruct-v0.2,CUCUMIS-Strict,0,11067.9102439899,3.6140517151122373,/home/onceas/Arantir/CUCUMIS-lorekeep/lorekeep/results/chapter5_baseline_variants/ratio_sweep_20step_5models_a100_overnight_baseline/raw/mid_l10/mistral-7b-instruct-v0.2_strict_no_chunk.json,40.0,36.0,4.0,0.1,161.560931999702,216.67349417111882,684.1088138654594,5260.891821992118,5322.3252079915255,5789.717255026917,160.87174299173057,164.59009901154786,183.15119367907755,5259.611761488486,5286.760645016329,5289.713545306586,567.2509400174022,700.0916102027986,748.0399992148159,5689.541809493676,5803.433383099036,5844.581767315394
mid_l10,mid,10,mistral-7b-instruct-v0.2,Mistral-7B-Instruct-v0.2,CUCUMIS-Strict,1,10380.422261019703,3.853407789604762,/home/onceas/Arantir/CUCUMIS-lorekeep/lorekeep/results/chapter5_baseline_variants/ratio_sweep_20step_5models_a100_overnight_baseline/raw/mid_l10/mistral-7b-instruct-v0.2_strict_no_chunk.json,40.0,36.0,4.0,0.1,143.74459051759914,190.34524422022554,617.2031733085169,4640.662751480704,4834.783539967611,5127.11243937898,143.46875649061985,159.33710799436085,161.8022934650071,4626.694295526249,4782.73171550245,4824.692113965284,538.2985015166923,625.4153376969043,650.0518308620667,5061.551614518976,5129.562316596275,5136.911948248162
mid_l30,mid,30,mistral-7b-instruct-v0.2,Mistral-7B-Instruct-v0.2,vLLM,0,10441.283597028814,3.83094660999175,/home/onceas/Arantir/CUCUMIS-lorekeep/lorekeep/results/chapter5_baseline_variants/ratio_sweep_20step_5models_a100_overnight_baseline/raw/mid_l30/mistral-7b-instruct-v0.2_strict_no_chunk.json,40.0,28.0,12.0,0.3,154.11081750062294,674.9888944672421,840.3988040564582,5177.43183550192,5547.894562798319,5702.688546301215,145.92206999077462,199.45563504006714,224.5130116736982,4954.229230002966,5194.557263806928,5202.805690054665,659.175224514911,818.1174244731665,847.9267009487376,5530.458012479357,5686.631646589376,5703.662333657849
mid_l30,mid,30,mistral-7b-instruct-v0.2,Mistral-7B-Instruct-v0.2,CUCUMIS-II,0,10397.483303037006,3.847084802561441,/home/onceas/Arantir/CUCUMIS-lorekeep/lorekeep/results/chapter5_baseline_variants/ratio_sweep_20step_5models_a100_overnight_baseline/raw/mid_l30/mistral-7b-instruct-v0.2_strict_no_chunk.json,40.0,28.0,12.0,0.3,153.0896189797204,686.0936961369589,845.1324877800653,5207.7446389594115,5575.912115920801,5741.936345922877,144.4531240267679,195.9771616733633,223.9653927355539,4955.015485000331,5247.206917224685,5251.197753536981,661.1385189753491,831.2206674949266,849.2829336487921,5533.93116951338,5711.69896213687,5750.734727113158
mid_l30,mid,30,mistral-7b-instruct-v0.2,Mistral-7B-Instruct-v0.2,vLLM,1,10427.749334019609,3.8359188276135043,/home/onceas/Arantir/CUCUMIS-lorekeep/lorekeep/results/chapter5_baseline_variants/ratio_sweep_20step_5models_a100_overnight_baseline/raw/mid_l30/mistral-7b-instruct-v0.2_strict_no_chunk.json,40.0,28.0,12.0,0.3,150.0720260082744,683.3753773826174,841.9314550061245,5192.084242473356,5558.137869776692,5727.0194587734295,145.2246739936527,195.48824768862687,225.0479245185852,4959.238496987382,5239.679724810412,5242.92521243915,658.4758535027504,824.3905896262731,848.180142469937,5539.986054995097,5693.730879720533,5737.53662724921
mid_l30,mid,30,mistral-7b-instruct-v0.2,Mistral-7B-Instruct-v0.2,CUCUMIS-II,1,10450.226845976431,3.827668106113973,/home/onceas/Arantir/CUCUMIS-lorekeep/lorekeep/results/chapter5_baseline_variants/ratio_sweep_20step_5models_a100_overnight_baseline/raw/mid_l30/mistral-7b-instruct-v0.2_strict_no_chunk.json,40.0,28.0,12.0,0.3,151.44815697567537,681.1342236876953,843.072087939945,5192.068108503008,5559.117507800693,5722.551135473768,145.2647720288951,196.80154120433144,224.28104544291273,4927.826607017778,5228.99494158919,5231.710429236409,656.5297314955387,829.0153056266718,847.3781720973784,5517.944557010196,5693.477482837625,5730.713640590548
mid_l30,mid,30,mistral-7b-instruct-v0.2,Mistral-7B-Instruct-v0.2,CUCUMIS-Strict,0,10457.380328967702,3.8250497487594575,/home/onceas/Arantir/CUCUMIS-lorekeep/lorekeep/results/chapter5_baseline_variants/ratio_sweep_20step_5models_a100_overnight_baseline/raw/mid_l30/mistral-7b-instruct-v0.2_strict_no_chunk.json,40.0,28.0,12.0,0.3,167.23764498601668,692.094642034499,853.6409723735414,5274.6877594909165,5636.555964720901,5813.692407537601,150.73634049622342,201.27317495644093,224.66971924179234,4990.324471029453,5332.325560512254,5356.456668946776,671.3749185146298,839.2239397449885,858.5483971121721,5593.701098492602,5776.651596330339,5826.145976490225
mid_l30,mid,30,mistral-7b-instruct-v0.2,Mistral-7B-Instruct-v0.2,CUCUMIS-Strict,1,10492.949436011259,3.8120835560993056,/home/onceas/Arantir/CUCUMIS-lorekeep/lorekeep/results/chapter5_baseline_variants/ratio_sweep_20step_5models_a100_overnight_baseline/raw/mid_l30/mistral-7b-instruct-v0.2_strict_no_chunk.json,40.0,28.0,12.0,0.3,156.9414474943187,693.3649395650718,857.6196961081587,5263.892047019908,5634.723594493698,5811.01451336639,147.36863248981535,203.8099947909359,226.84692535316572,4997.968255978776,5314.070613600779,5319.662420032546,677.1753864886705,840.4631130106281,863.0946458573453,5589.318461512448,5775.2986740903,5822.697837606538
mid_l50,mid,50,mistral-7b-instruct-v0.2,Mistral-7B-Instruct-v0.2,vLLM,0,11241.544560994953,3.558229901857875,/home/onceas/Arantir/CUCUMIS-lorekeep/lorekeep/results/chapter5_baseline_variants/ratio_sweep_20step_5models_a100_overnight_baseline/raw/mid_l50/mistral-7b-instruct-v0.2_strict_no_chunk.json,40.0,20.0,20.0,0.5,385.77484799316153,917.1293735213112,1071.8648466450395,5919.734890514519,6334.978754189797,6449.653059294797,163.10694449930452,243.67788764648142,267.3960070242174,5786.499691981589,5996.548182406696,6058.76022925775,732.5483585009351,928.2778908964247,1109.429136040271,6122.469859488774,6420.6832782772835,6458.669233500841
mid_l50,mid,50,mistral-7b-instruct-v0.2,Mistral-7B-Instruct-v0.2,CUCUMIS-II,0,11814.844863023609,3.3855713268979275,/home/onceas/Arantir/CUCUMIS-lorekeep/lorekeep/results/chapter5_baseline_variants/ratio_sweep_20step_5models_a100_overnight_baseline/raw/mid_l50/mistral-7b-instruct-v0.2_strict_no_chunk.json,40.0,20.0,20.0,0.5,387.02208700124174,934.7694070311263,1088.3778865181375,6326.272612001048,6776.729881291976,6887.160361210699,172.06136949243955,245.45365000958557,268.6597090214491,6241.487882012734,6353.805015701801,6375.588844300946,790.9719735034741,944.9333723983727,1123.9144129178019,6560.250724491198,6797.607770824106,6894.3523380107945
mid_l50,mid,50,mistral-7b-instruct-v0.2,Mistral-7B-Instruct-v0.2,vLLM,1,11265.527306997683,3.550654923640693,/home/onceas/Arantir/CUCUMIS-lorekeep/lorekeep/results/chapter5_baseline_variants/ratio_sweep_20step_5models_a100_overnight_baseline/raw/mid_l50/mistral-7b-instruct-v0.2_strict_no_chunk.json,40.0,20.0,20.0,0.5,373.45197750255466,888.8726724020671,1065.4139793425566,5890.32038350706,6303.079781279666,6418.966962326085,154.7792500059586,241.80177462985742,267.65693502966315,5753.336630499689,5942.037938866997,5999.6590639831265,735.7578554947395,917.4924652208575,1099.8030017426934,6107.639847003156,6363.963942578994,6429.999684727518
mid_l50,mid,50,mistral-7b-instruct-v0.2,Mistral-7B-Instruct-v0.2,CUCUMIS-II,1,11799.904366023839,3.38985798183029,/home/onceas/Arantir/CUCUMIS-lorekeep/lorekeep/results/chapter5_baseline_variants/ratio_sweep_20step_5models_a100_overnight_baseline/raw/mid_l50/mistral-7b-instruct-v0.2_strict_no_chunk.json,40.0,20.0,20.0,0.5,387.07620900822803,942.2773511963896,1096.3871650077635,6321.680793014821,6762.699602759676,6877.732697002939,170.86054052924737,246.61391302943233,272.8600280242972,6240.188209514599,6356.462164298864,6358.945799914072,788.8328785193153,957.916743203532,1132.4187896010696,6552.227547013899,6792.225937423063,6885.049817014369
mid_l50,mid,50,mistral-7b-instruct-v0.2,Mistral-7B-Instruct-v0.2,CUCUMIS-Strict,0,11284.380571974907,3.544722702754388,/home/onceas/Arantir/CUCUMIS-lorekeep/lorekeep/results/chapter5_baseline_variants/ratio_sweep_20step_5models_a100_overnight_baseline/raw/mid_l50/mistral-7b-instruct-v0.2_strict_no_chunk.json,40.0,20.0,20.0,0.5,376.33877201005816,917.078322218731,1074.733337261132,5958.001208491623,6360.696801485028,6480.811350689619,156.98961802991107,245.14336860738698,271.0385789978318,5817.957591032609,5997.136236715596,6047.868704611319,741.8513579759747,927.3731079825667,1110.2848268597152,6174.322970997309,6426.2766715022735,6489.885204682942
mid_l50,mid,50,mistral-7b-instruct-v0.2,Mistral-7B-Instruct-v0.2,CUCUMIS-Strict,1,11263.281944033224,3.5513627554347234,/home/onceas/Arantir/CUCUMIS-lorekeep/lorekeep/results/chapter5_baseline_variants/ratio_sweep_20step_5models_a100_overnight_baseline/raw/mid_l50/mistral-7b-instruct-v0.2_strict_no_chunk.json,40.0,20.0,20.0,0.5,375.3729790041689,929.6893239952624,1078.0714246554999,5958.52077199379,6385.908252111403,6503.59734250349,157.06736451829784,243.7514969846234,269.4888329715468,5850.533317017835,6013.694591482636,6073.930263528018,741.2250494817272,945.3481629665475,1115.3779976529765,6176.4588200021535,6443.937715812353,6509.640496108914
mid_l70,mid,70,mistral-7b-instruct-v0.2,Mistral-7B-Instruct-v0.2,vLLM,0,11823.283844045363,3.383154843241411,/home/onceas/Arantir/CUCUMIS-lorekeep/lorekeep/results/chapter5_baseline_variants/ratio_sweep_20step_5models_a100_overnight_baseline/raw/mid_l70/mistral-7b-instruct-v0.2_strict_no_chunk.json,40.0,12.0,28.0,0.7,807.1382684865966,1754.066149709979,2098.4832057286985,7454.437240987318,7893.556898110546,8021.775541891693,145.76004300033674,192.23718246794306,219.7900634154212,7455.574257503031,7564.793987659505,7570.277123392443,1438.2721525034867,1825.0277840008494,2148.465595052112,7375.715619971743,7920.296711096307,8037.150665607187
mid_l70,mid,70,mistral-7b-instruct-v0.2,Mistral-7B-Instruct-v0.2,CUCUMIS-II,0,12135.86664700415,3.296015123062873,/home/onceas/Arantir/CUCUMIS-lorekeep/lorekeep/results/chapter5_baseline_variants/ratio_sweep_20step_5models_a100_overnight_baseline/raw/mid_l70/mistral-7b-instruct-v0.2_strict_no_chunk.json,40.0,12.0,28.0,0.7,809.486170503078,1834.0264547907282,2021.553383989958,7237.047137023183,7680.709775513969,7809.124179295613,147.5740335008595,193.3408319891896,220.42387934343427,7237.047137023183,7338.574598490959,7341.682651276351,1296.026518510189,1846.4881536201574,2024.7354430647101,7239.289614488371,7702.320189675083,7822.455407215166
mid_l70,mid,70,mistral-7b-instruct-v0.2,Mistral-7B-Instruct-v0.2,vLLM,1,11889.790384972002,3.3642308825357974,/home/onceas/Arantir/CUCUMIS-lorekeep/lorekeep/results/chapter5_baseline_variants/ratio_sweep_20step_5models_a100_overnight_baseline/raw/mid_l70/mistral-7b-instruct-v0.2_strict_no_chunk.json,40.0,12.0,28.0,0.7,817.119632003596,1805.5036190897226,2097.321294802241,7448.920615017414,7882.125170575455,8009.296732330113,143.19195598363876,194.48187716770917,202.34867066901643,7448.920615017414,7546.608457673574,7547.592345639132,1419.4057019776665,1827.8435280080885,2148.225066564046,7404.27527501015,7907.228810567176,8021.90316084947
mid_l70,mid,70,mistral-7b-instruct-v0.2,Mistral-7B-Instruct-v0.2,CUCUMIS-II,1,12069.61127195973,3.3141083916205734,/home/onceas/Arantir/CUCUMIS-lorekeep/lorekeep/results/chapter5_baseline_variants/ratio_sweep_20step_5models_a100_overnight_baseline/raw/mid_l70/mistral-7b-instruct-v0.2_strict_no_chunk.json,40.0,12.0,28.0,0.7,810.9734079916961,1783.3322896854952,1984.5413590077078,7192.263606004417,7634.802983899135,7761.3478639454115,147.9052865470294,194.67099752509966,222.067705722875,7192.263606004417,7304.379353404511,7306.504063811153,1266.1913054762408,1834.9303568073083,1992.0165697735501,7187.055795482593,7662.405140895862,7775.500610430026
mid_l70,mid,70,mistral-7b-instruct-v0.2,Mistral-7B-Instruct-v0.2,CUCUMIS-Strict,0,12787.755979981739,3.1279921248588853,/home/onceas/Arantir/CUCUMIS-lorekeep/lorekeep/results/chapter5_baseline_variants/ratio_sweep_20step_5models_a100_overnight_baseline/raw/mid_l70/mistral-7b-instruct-v0.2_strict_no_chunk.json,40.0,12.0,28.0,0.7,844.7821784939151,1823.6726611852646,2110.134085128666,7596.217284997692,7938.069888437167,8085.359281216515,164.80633348692209,194.6084392198827,202.8642098227283,7475.485747505445,7547.11895440123,7548.061874003033,1317.3914139915723,1843.4239396941848,2124.2454721668037,7678.89828197076,7976.021766720805,8093.962805777555
mid_l70,mid,70,mistral-7b-instruct-v0.2,Mistral-7B-Instruct-v0.2,CUCUMIS-Strict,1,12692.16315599624,3.151551040462519,/home/onceas/Arantir/CUCUMIS-lorekeep/lorekeep/results/chapter5_baseline_variants/ratio_sweep_20step_5models_a100_overnight_baseline/raw/mid_l70/mistral-7b-instruct-v0.2_strict_no_chunk.json,40.0,12.0,28.0,0.7,844.0053579979576,1846.9886996143032,2051.1227305495413,7568.214929022361,7939.7945652890485,8088.666934424546,162.21722550108097,195.57903999229893,202.79688253125641,7481.848540512146,7548.25887294719,7548.483912397642,1275.6660734885372,1868.3610070962459,2056.528233155259,7673.3183985052165,7973.49614558043,8096.904257980641
mid_l90,mid,90,mistral-7b-instruct-v0.2,Mistral-7B-Instruct-v0.2,vLLM,0,12628.403488954064,3.16746293662438,/home/onceas/Arantir/CUCUMIS-lorekeep/lorekeep/results/chapter5_baseline_variants/ratio_sweep_20step_5models_a100_overnight_baseline/raw/mid_l90/mistral-7b-instruct-v0.2_strict_no_chunk.json,40.0,4.0,36.0,0.9,1893.4121160127688,2582.514090987388,2908.9431566669373,8884.487883507973,9608.190433686832,9738.514627772965,154.28602500469424,182.39348732167855,192.81490654218942,9260.599779518088,9305.083434138214,9322.14192154759,2009.694168023998,2582.514090987388,2917.6466896285997,8646.355203003623,9610.402904479997,9742.105488412199
mid_l90,mid,90,mistral-7b-instruct-v0.2,Mistral-7B-Instruct-v0.2,CUCUMIS-II,0,13675.164868996944,2.9250104392294576,/home/onceas/Arantir/CUCUMIS-lorekeep/lorekeep/results/chapter5_baseline_variants/ratio_sweep_20step_5models_a100_overnight_baseline/raw/mid_l90/mistral-7b-instruct-v0.2_strict_no_chunk.json,40.0,4.0,36.0,0.9,1613.6565429915208,2779.4477226154413,2946.643698020489,8757.588067499455,9188.980494614225,9298.519969268818,164.57359050400555,183.79758898518048,191.00219879241195,8756.71007548226,8780.239340581466,8789.03484114795,1771.9321849872358,2786.0534810170066,2948.368794939597,8761.516574013513,9194.057288987096,9302.293260829174
mid_l90,mid,90,mistral-7b-instruct-v0.2,Mistral-7B-Instruct-v0.2,vLLM,1,12609.787275025155,3.172139158859855,/home/onceas/Arantir/CUCUMIS-lorekeep/lorekeep/results/chapter5_baseline_variants/ratio_sweep_20step_5models_a100_overnight_baseline/raw/mid_l90/mistral-7b-instruct-v0.2_strict_no_chunk.json,40.0,4.0,36.0,0.9,1903.7513175280765,2632.5934658874758,2958.984748990624,8896.74603898311,9595.709595468361,9726.95393390255,149.27437651203945,177.68114108475856,186.7186979757389,9246.248359995661,9290.594264573883,9305.625971319387,2025.8383615291677,2654.541933501605,2968.5278264310905,8645.016568538267,9596.146629482973,9730.885269504506
mid_l90,mid,90,mistral-7b-instruct-v0.2,Mistral-7B-Instruct-v0.2,CUCUMIS-II,1,13679.906872974243,2.923996513384402,/home/onceas/Arantir/CUCUMIS-lorekeep/lorekeep/results/chapter5_baseline_variants/ratio_sweep_20step_5models_a100_overnight_baseline/raw/mid_l90/mistral-7b-instruct-v0.2_strict_no_chunk.json,40.0,4.0,36.0,0.9,1616.0327834950294,2790.214121993631,2956.589971749927,8778.004258987494,9203.398203593679,9312.589054705459,164.28567096590996,184.69915908644907,192.50138500065077,8776.51275799144,8796.25305457157,8803.765987615916,1775.2312014927156,2796.48904199712,2958.239355668775,8779.705245484365,9210.140321985818,9316.318829506054
mid_l90,mid,90,mistral-7b-instruct-v0.2,Mistral-7B-Instruct-v0.2,CUCUMIS-Strict,0,13730.463502986822,2.91323013176494,/home/onceas/Arantir/CUCUMIS-lorekeep/lorekeep/results/chapter5_baseline_variants/ratio_sweep_20step_5models_a100_overnight_baseline/raw/mid_l90/mistral-7b-instruct-v0.2_strict_no_chunk.json,40.0,4.0,36.0,0.9,1630.7463490229566,2781.1794935143553,2911.8623562681023,8798.118968028575,9233.765198139008,9346.482416695217,164.1186595079489,184.33978381217457,192.0020284963539,8806.623793498147,8828.661283099791,8836.903808815987,1784.7888034884818,2793.5544715146534,2912.8271749068517,8793.73575700447,9239.359022525605,9350.267292215722
mid_l90,mid,90,mistral-7b-instruct-v0.2,Mistral-7B-Instruct-v0.2,CUCUMIS-Strict,1,13162.924582022242,3.0388383486319976,/home/onceas/Arantir/CUCUMIS-lorekeep/lorekeep/results/chapter5_baseline_variants/ratio_sweep_20step_5models_a100_overnight_baseline/raw/mid_l90/mistral-7b-instruct-v0.2_strict_no_chunk.json,40.0,4.0,36.0,0.9,1630.4731289856136,2717.040018143598,2981.3036328263115,8508.503875491442,8943.157580628758,9069.909695067909,148.97955398191698,179.5237586949952,189.47173886583187,8584.83726947452,8626.23429769883,8641.360659181373,1749.4907260406762,2735.133318521548,2986.8939835054334,8369.42080699373,8943.54833100806,9073.931630549487
high_l10,high,10,mistral-7b-instruct-v0.2,Mistral-7B-Instruct-v0.2,vLLM,0,8975.188980984967,4.456730669932954,/home/onceas/Arantir/CUCUMIS-lorekeep/lorekeep/results/chapter5_baseline_variants/ratio_sweep_20step_5models_a100_overnight_baseline/raw/high_l10/mistral-7b-instruct-v0.2_strict_no_chunk.json,40.0,36.0,4.0,0.1,142.023763502948,289.49652527808246,684.5808973198291,4795.201472006738,4861.805577808991,5272.9309439857025,141.67059850296937,161.81212951778434,241.70564598462067,4739.109832473332,4831.8769830220845,4835.276188395801,568.5742304776795,693.8300024718046,721.5773179277312,5181.896850001067,5285.177870292682,5321.918649213621
high_l10,high,10,mistral-7b-instruct-v0.2,Mistral-7B-Instruct-v0.2,CUCUMIS-II,0,9074.758136004675,4.407830974722894,/home/onceas/Arantir/CUCUMIS-lorekeep/lorekeep/results/chapter5_baseline_variants/ratio_sweep_20step_5models_a100_overnight_baseline/raw/high_l10/mistral-7b-instruct-v0.2_strict_no_chunk.json,40.0,36.0,4.0,0.1,145.41537046898156,201.61787699325984,632.7632185717811,4742.379292001715,4803.73195874854,5220.275908606709,144.91893700324,149.17073652031831,166.21024654014033,4718.410997447791,4772.454612044385,4775.688313884893,515.7589829759672,648.3939089055639,695.285979906912,5135.734274517745,5232.608322316082,5269.605563444202
high_l10,high,10,mistral-7b-instruct-v0.2,Mistral-7B-Instruct-v0.2,vLLM,1,8929.446478956379,4.479560977745506,/home/onceas/Arantir/CUCUMIS-lorekeep/lorekeep/results/chapter5_baseline_variants/ratio_sweep_20step_5models_a100_overnight_baseline/raw/high_l10/mistral-7b-instruct-v0.2_strict_no_chunk.json,40.0,36.0,4.0,0.1,141.3240474939812,225.7146267103967,639.7064263111678,4659.26151201711,4716.1640677950345,5127.713723705965,141.23869451577775,149.24218351370655,193.12248706119135,4621.863054024288,4688.4874115057755,4689.39513284422,504.04635502491146,658.4912613208871,714.8457663500449,5039.539002493257,5140.060155006358,5177.099448907538
high_l10,high,10,mistral-7b-instruct-v0.2,Mistral-7B-Instruct-v0.2,CUCUMIS-II,1,9050.27439800324,4.4197554947975055,/home/onceas/Arantir/CUCUMIS-lorekeep/lorekeep/results/chapter5_baseline_variants/ratio_sweep_20step_5models_a100_overnight_baseline/raw/high_l10/mistral-7b-instruct-v0.2_strict_no_chunk.json,40.0,36.0,4.0,0.1,145.46605802024715,218.03211961523675,640.2929987374226,4807.565833500121,4870.356915512821,5288.434183265199,145.22292400943115,149.29888900951482,180.75684136128982,4763.936800998636,4838.2797705125995,4841.864139822428,506.1643280205317,659.5920527935959,717.4892149621155,5195.792272541439,5301.416323886951,5340.362745752209
high_l10,high,10,mistral-7b-instruct-v0.2,Mistral-7B-Instruct-v0.2,CUCUMIS-Strict,0,8969.349060964305,4.459632435767814,/home/onceas/Arantir/CUCUMIS-lorekeep/lorekeep/results/chapter5_baseline_variants/ratio_sweep_20step_5models_a100_overnight_baseline/raw/high_l10/mistral-7b-instruct-v0.2_strict_no_chunk.json,40.0,36.0,4.0,0.1,142.34616750036366,214.92602989892518,647.408087949152,4677.977749001002,4745.6578630255535,5154.65753015771,142.08717449218966,152.51925800112076,179.5123681426048,4642.209120967891,4716.02317749057,4719.252572572441,511.31068702670746,665.3954461857211,719.357520895428,5069.7199270071,5166.285787191009,5201.170558290905
high_l10,high,10,mistral-7b-instruct-v0.2,Mistral-7B-Instruct-v0.2,CUCUMIS-Strict,1,8936.0477499431,4.4762518195199545,/home/onceas/Arantir/CUCUMIS-lorekeep/lorekeep/results/chapter5_baseline_variants/ratio_sweep_20step_5models_a100_overnight_baseline/raw/high_l10/mistral-7b-instruct-v0.2_strict_no_chunk.json,40.0,36.0,4.0,0.1,141.78689650725573,228.85584360919935,644.9323865608311,4685.582880018046,4749.002276710235,5163.95757180755,141.51579400640912,150.62782750464976,195.80089291848705,4635.854781954549,4719.033461995423,4722.126440456486,507.389474514639,664.2788381315768,722.3181928438134,5072.504358511651,5176.426729629748,5213.8342030963395
high_l30,high,30,mistral-7b-instruct-v0.2,Mistral-7B-Instruct-v0.2,vLLM,0,8970.933069009334,4.458844993302043,/home/onceas/Arantir/CUCUMIS-lorekeep/lorekeep/results/chapter5_baseline_variants/ratio_sweep_20step_5models_a100_overnight_baseline/raw/high_l30/mistral-7b-instruct-v0.2_strict_no_chunk.json,40.0,28.0,12.0,0.3,213.70168353314511,841.5633315977176,999.5895477809245,5464.680855482584,5846.094825793989,6043.111406430835,167.53025751677342,234.1716269031167,250.9630317450501,5155.821110500256,5560.655783279799,5578.964506287593,774.0327149804216,965.0064738409128,1015.062956775655,5788.231142534642,5984.020112693543,6068.027426499175
high_l30,high,30,mistral-7b-instruct-v0.2,Mistral-7B-Instruct-v0.2,CUCUMIS-II,0,8914.965078001842,4.486837542269477,/home/onceas/Arantir/CUCUMIS-lorekeep/lorekeep/results/chapter5_baseline_variants/ratio_sweep_20step_5models_a100_overnight_baseline/raw/high_l30/mistral-7b-instruct-v0.2_strict_no_chunk.json,40.0,28.0,12.0,0.3,216.0603255033493,844.0514615853318,989.1253175755264,5426.691177999601,5805.898543755757,6004.838458040613,168.5524320055265,244.4130284828134,255.16740296734497,5114.84185399604,5543.697288428666,5546.912970023695,751.854813483078,983.4853122651111,990.3752479568357,5745.992009469774,5943.19462281419,6030.956075428403
high_l30,high,30,mistral-7b-instruct-v0.2,Mistral-7B-Instruct-v0.2,vLLM,1,8919.294796010945,4.484659484277787,/home/onceas/Arantir/CUCUMIS-lorekeep/lorekeep/results/chapter5_baseline_variants/ratio_sweep_20step_5models_a100_overnight_baseline/raw/high_l30/mistral-7b-instruct-v0.2_strict_no_chunk.json,40.0,28.0,12.0,0.3,216.08308149734512,844.1422608681024,986.4167596888728,5440.85436349269,5815.62034538365,6012.530701564974,167.48730299877934,243.2535051018931,253.27662599738687,5126.017204980599,5545.307772117667,5550.468917284161,750.766544486396,980.2702914865222,987.8730083373375,5758.950022485806,5951.134969695704,6038.482085500727
high_l30,high,30,mistral-7b-instruct-v0.2,Mistral-7B-Instruct-v0.2,CUCUMIS-II,1,8925.449647998903,4.481566932481441,/home/onceas/Arantir/CUCUMIS-lorekeep/lorekeep/results/chapter5_baseline_variants/ratio_sweep_20step_5models_a100_overnight_baseline/raw/high_l30/mistral-7b-instruct-v0.2_strict_no_chunk.json,40.0,28.0,12.0,0.3,215.441729495069,811.693338683108,958.6915029631928,5380.1714440051,5767.731481383089,5963.689604352112,168.11957300524227,240.16608308884315,255.42303797556087,5092.9208820161875,5500.39315908798,5503.569247663836,748.0915339838248,928.3383618458174,972.4221580708399,5707.907314004842,5903.030774107901,5989.1569811006775
high_l30,high,30,mistral-7b-instruct-v0.2,Mistral-7B-Instruct-v0.2,CUCUMIS-Strict,0,9066.69663899811,4.41175012164299,/home/onceas/Arantir/CUCUMIS-lorekeep/lorekeep/results/chapter5_baseline_variants/ratio_sweep_20step_5models_a100_overnight_baseline/raw/high_l30/mistral-7b-instruct-v0.2_strict_no_chunk.json,40.0,28.0,12.0,0.3,216.77580152754672,846.9590171123856,1023.2892117707524,5562.388955528149,5931.132951990003,6141.225462356815,169.94727050769143,240.37967069307342,253.65453801350668,5260.06851598504,5662.60383509798,5667.833817211213,782.0896365155932,990.6818716437556,1036.2725527596194,5890.351812005974,6092.950456216931,6159.755239627557
high_l30,high,30,mistral-7b-instruct-v0.2,Mistral-7B-Instruct-v0.2,CUCUMIS-Strict,1,9071.001725038514,4.40965631056918,/home/onceas/Arantir/CUCUMIS-lorekeep/lorekeep/results/chapter5_baseline_variants/ratio_sweep_20step_5models_a100_overnight_baseline/raw/high_l30/mistral-7b-instruct-v0.2_strict_no_chunk.json,40.0,28.0,12.0,0.3,215.28104500612244,843.4356373967603,1003.3403121330775,5513.405066478299,5901.434135035379,6101.2946250644745,167.23974799970165,232.96964429900981,247.96794640016742,5210.11479650042,5610.690467711538,5621.52752665861,768.0787195276935,944.0644145768601,1029.761827813927,5856.524503993569,6053.92377350945,6119.44758646714
high_l50,high,50,mistral-7b-instruct-v0.2,Mistral-7B-Instruct-v0.2,vLLM,0,10099.21498899348,3.9607038808059403,/home/onceas/Arantir/CUCUMIS-lorekeep/lorekeep/results/chapter5_baseline_variants/ratio_sweep_20step_5models_a100_overnight_baseline/raw/high_l50/mistral-7b-instruct-v0.2_strict_no_chunk.json,40.0,20.0,20.0,0.5,401.79350550170057,1152.0655846514273,1357.2482299339026,6355.147615016904,6759.043945884332,6871.409652971197,193.44054401153699,273.7726690247655,275.30063844518736,6340.537051000865,6460.842837387463,6465.921835033805,889.8225019802339,1244.0229647909293,1367.7041089441627,6383.211152482545,6829.169420094695,6878.947964760009
high_l50,high,50,mistral-7b-instruct-v0.2,Mistral-7B-Instruct-v0.2,CUCUMIS-II,0,10154.937034007162,3.9389707554115585,/home/onceas/Arantir/CUCUMIS-lorekeep/lorekeep/results/chapter5_baseline_variants/ratio_sweep_20step_5models_a100_overnight_baseline/raw/high_l50/mistral-7b-instruct-v0.2_strict_no_chunk.json,40.0,20.0,20.0,0.5,402.79148347326554,1151.9248545286246,1400.1025180355646,6396.0345434898045,6810.076874482911,6917.310846013133,200.90501350932755,270.0027780374512,274.1362322977511,6385.890214965912,6507.68610588857,6514.080495658563,913.7747555214446,1247.6372249948326,1440.5231944308614,6437.4674370046705,6877.840122784255,6925.749134212383
high_l50,high,50,mistral-7b-instruct-v0.2,Mistral-7B-Instruct-v0.2,vLLM,1,10076.534723979421,3.9696186333592287,/home/onceas/Arantir/CUCUMIS-lorekeep/lorekeep/results/chapter5_baseline_variants/ratio_sweep_20step_5models_a100_overnight_baseline/raw/high_l50/mistral-7b-instruct-v0.2_strict_no_chunk.json,40.0,20.0,20.0,0.5,405.5028769944329,1108.840101736132,1306.5947180235526,6323.728276503971,6751.535954605788,6853.466068806592,195.85738648311235,270.03344243275933,273.2773789903149,6316.517116501927,6463.8444995332975,6465.59478124429,889.5309375075158,1199.7062281065155,1323.040798024158,6362.640894018114,6819.314288615715,6864.358056609053
high_l50,high,50,mistral-7b-instruct-v0.2,Mistral-7B-Instruct-v0.2,CUCUMIS-II,1,10076.34395698551,3.9696937868292657,/home/onceas/Arantir/CUCUMIS-lorekeep/lorekeep/results/chapter5_baseline_variants/ratio_sweep_20step_5models_a100_overnight_baseline/raw/high_l50/mistral-7b-instruct-v0.2_strict_no_chunk.json,40.0,20.0,20.0,0.5,404.96084600454196,1184.4512071635108,1329.0406683116453,6337.824137473945,6736.266416707076,6841.690523948055,185.1400719897356,277.1132499910891,277.1132499910891,6312.141249509295,6437.1115814719815,6438.618079369189,870.6850905145984,1251.902245299425,1335.7829271123046,6365.961550007341,6803.867432160769,6849.637442945968
high_l50,high,50,mistral-7b-instruct-v0.2,Mistral-7B-Instruct-v0.2,CUCUMIS-Strict,0,10145.23503597593,3.9427376357626365,/home/onceas/Arantir/CUCUMIS-lorekeep/lorekeep/results/chapter5_baseline_variants/ratio_sweep_20step_5models_a100_overnight_baseline/raw/high_l50/mistral-7b-instruct-v0.2_strict_no_chunk.json,40.0,20.0,20.0,0.5,405.48886999022216,1140.3085011406804,1341.565494997194,6370.06382047548,6773.0898492911365,6887.118235031376,199.29028098704293,274.64791701640934,278.28142146696337,6355.579508497613,6471.419082314242,6477.83043083793,922.0851534919348,1246.8368570727762,1361.7028714052865,6415.919021499576,6842.709246807499,6894.632459628629
high_l50,high,50,mistral-7b-instruct-v0.2,Mistral-7B-Instruct-v0.2,CUCUMIS-Strict,1,10148.383967985865,3.9415142476067295,/home/onceas/Arantir/CUCUMIS-lorekeep/lorekeep/results/chapter5_baseline_variants/ratio_sweep_20step_5models_a100_overnight_baseline/raw/high_l50/mistral-7b-instruct-v0.2_strict_no_chunk.json,40.0,20.0,20.0,0.5,406.6087100072764,1139.5578144351023,1341.211938475608,6372.129392955685,6774.500891147181,6888.67276627454,199.17076951242052,276.58298501046374,280.1047078554984,6354.688094463199,6469.877481012372,6476.054846749757,919.8013549903408,1247.5781849003397,1361.4750592753987,6420.077858463628,6850.399747135816,6897.08566407091
high_l70,high,70,mistral-7b-instruct-v0.2,Mistral-7B-Instruct-v0.2,vLLM,0,11170.735842955764,3.580784700519428,/home/onceas/Arantir/CUCUMIS-lorekeep/lorekeep/results/chapter5_baseline_variants/ratio_sweep_20step_5models_a100_overnight_baseline/raw/high_l70/mistral-7b-instruct-v0.2_strict_no_chunk.json,40.0,12.0,28.0,0.7,953.0032489856239,2331.7586339078844,2655.1360026403563,7794.096929981606,8261.795904865721,8396.729222854483,170.88984447764233,224.6597497840412,226.68765898561105,7804.692592995707,7949.735310900724,7951.4356742438395,1934.9654094839934,2369.6616679953877,2655.3197085956344,7708.642518962733,8286.343030177522,8414.442039806745
high_l70,high,70,mistral-7b-instruct-v0.2,Mistral-7B-Instruct-v0.2,CUCUMIS-II,0,11502.953023998998,3.477367934698738,/home/onceas/Arantir/CUCUMIS-lorekeep/lorekeep/results/chapter5_baseline_variants/ratio_sweep_20step_5models_a100_overnight_baseline/raw/high_l70/mistral-7b-instruct-v0.2_strict_no_chunk.json,40.0,12.0,28.0,0.7,984.4879879965447,2423.444086086238,2592.9739335307386,7502.246569492854,7929.599239589879,8064.6466579294065,173.25894747045822,224.31754533899948,233.17467526358087,7462.978329014732,7581.864561623661,7610.065767055494,1363.4307860047556,2481.170726614073,2612.454382291762,7538.465397985419,7935.918125190074,8082.527021652204
high_l70,high,70,mistral-7b-instruct-v0.2,Mistral-7B-Instruct-v0.2,vLLM,1,11194.067227945197,3.573321401906791,/home/onceas/Arantir/CUCUMIS-lorekeep/lorekeep/results/chapter5_baseline_variants/ratio_sweep_20step_5models_a100_overnight_baseline/raw/high_l70/mistral-7b-instruct-v0.2_strict_no_chunk.json,40.0,12.0,28.0,0.7,952.2672424791381,2338.654364499962,2659.304200966726,7826.263322524028,8288.871018466307,8438.570518339984,170.27889250312,226.57071877038106,228.6317009711638,7839.754057000391,7995.384781790199,7997.085682541947,1931.450294010574,2371.730969834607,2659.6554354479304,7737.07298951922,8317.326942499494,8456.196436700411
high_l70,high,70,mistral-7b-instruct-v0.2,Mistral-7B-Instruct-v0.2,CUCUMIS-II,1,11458.66875903448,3.490806902718291,/home/onceas/Arantir/CUCUMIS-lorekeep/lorekeep/results/chapter5_baseline_variants/ratio_sweep_20step_5models_a100_overnight_baseline/raw/high_l70/mistral-7b-instruct-v0.2_strict_no_chunk.json,40.0,12.0,28.0,0.7,979.616910481127,2429.5559248770587,2602.229606137844,7472.713849507272,7890.59988312074,8037.187351534376,172.79404899454676,227.2427968971897,231.65360199694987,7433.934040542226,7584.587333060335,7586.669594475534,1366.0800855432171,2490.3685174765997,2621.3995288556907,7499.360571498983,7901.231773913605,8054.722672292264
high_l70,high,70,mistral-7b-instruct-v0.2,Mistral-7B-Instruct-v0.2,CUCUMIS-Strict,0,11435.842921026051,3.4977745214089655,/home/onceas/Arantir/CUCUMIS-lorekeep/lorekeep/results/chapter5_baseline_variants/ratio_sweep_20step_5models_a100_overnight_baseline/raw/high_l70/mistral-7b-instruct-v0.2_strict_no_chunk.json,40.0,12.0,28.0,0.7,997.5567340152338,2475.5176393082365,2700.4199580679415,7453.648302005604,7882.415497489274,8050.260041481815,173.8441470079124,224.5598525973037,233.74491262773518,7433.766279486008,7607.151822565356,7611.596968132653,1519.6128700335976,2502.3048918752465,2720.42653434386,7474.202540470287,7896.803110191831,8066.7357425624505
high_l70,high,70,mistral-7b-instruct-v0.2,Mistral-7B-Instruct-v0.2,CUCUMIS-Strict,1,11467.027859995142,3.488262214793027,/home/onceas/Arantir/CUCUMIS-lorekeep/lorekeep/results/chapter5_baseline_variants/ratio_sweep_20step_5models_a100_overnight_baseline/raw/high_l70/mistral-7b-instruct-v0.2_strict_no_chunk.json,40.0,12.0,28.0,0.7,985.8898145030253,2490.3598106990103,2720.565616436652,7488.385648990516,7881.422576395562,8005.39894148882,169.8135135229677,225.73520049336366,232.04511300718877,7407.759402034571,7562.731338111917,7564.178548428463,1527.2443660069257,2521.3232454145327,2740.8160707511706,7514.397371007362,7884.467431489611,8022.671586567885
high_l90,high,90,mistral-7b-instruct-v0.2,Mistral-7B-Instruct-v0.2,vLLM,0,12327.224532025866,3.2448504443219033,/home/onceas/Arantir/CUCUMIS-lorekeep/lorekeep/results/chapter5_baseline_variants/ratio_sweep_20step_5models_a100_overnight_baseline/raw/high_l90/mistral-7b-instruct-v0.2_strict_no_chunk.json,40.0,4.0,36.0,0.9,2359.8187630122993,3347.022870031651,3502.5789896096103,9167.896655999357,9803.057204181096,9959.334163898602,174.83143400750123,181.5624197886791,181.92779026401695,9471.830988011789,9509.472391323652,9521.738572056638,2382.137089036405,3347.022870031651,3505.7547592907213,9007.063051511068,9808.810332993744,9963.989416416734
high_l90,high,90,mistral-7b-instruct-v0.2,Mistral-7B-Instruct-v0.2,CUCUMIS-II,0,12737.89998004213,3.1402350515133897,/home/onceas/Arantir/CUCUMIS-lorekeep/lorekeep/results/chapter5_baseline_variants/ratio_sweep_20step_5models_a100_overnight_baseline/raw/high_l90/mistral-7b-instruct-v0.2_strict_no_chunk.json,40.0,4.0,36.0,0.9,1991.3527544995304,3665.537918364862,4060.3318331524497,8777.869109006133,9051.44681292586,9191.487216585665,181.64512302610092,189.52021560398862,192.5380077434238,8706.964330020128,8746.606846211944,8759.411020028638,2247.6933540019672,3690.181775978999,4066.9164250342874,8798.923032998573,9063.831608509645,9196.028763704817
high_l90,high,90,mistral-7b-instruct-v0.2,Mistral-7B-Instruct-v0.2,vLLM,1,12929.875916976016,3.0936105076989038,/home/onceas/Arantir/CUCUMIS-lorekeep/lorekeep/results/chapter5_baseline_variants/ratio_sweep_20step_5models_a100_overnight_baseline/raw/high_l90/mistral-7b-instruct-v0.2_strict_no_chunk.json,40.0,4.0,36.0,0.9,2371.36656299117,3368.989431008231,3516.3790314807557,9637.263469485333,10166.969821724342,10330.974293008912,183.51080600405112,190.21184718003497,192.71942250081338,9780.819588515442,9801.408008078579,9808.922805472976,2405.6890920037404,3368.989431008231,3519.422702200245,9514.355332998093,10167.245244520018,10334.563335368875
high_l90,high,90,mistral-7b-instruct-v0.2,Mistral-7B-Instruct-v0.2,CUCUMIS-II,1,12763.13834899338,3.134025418063009,/home/onceas/Arantir/CUCUMIS-lorekeep/lorekeep/results/chapter5_baseline_variants/ratio_sweep_20step_5models_a100_overnight_baseline/raw/high_l90/mistral-7b-instruct-v0.2_strict_no_chunk.json,40.0,4.0,36.0,0.9,1996.963454526849,3692.982666916214,4086.8244604981737,8804.650378995575,9079.582144663436,9218.03401159821,174.75596300209872,182.88100552745163,183.3802098769229,8732.03619904234,8773.351402196568,8786.650691198884,2258.02486151224,3718.4104825137183,4093.4168744977796,8825.715660001151,9089.597795478767,9222.582459438127
high_l90,high,90,mistral-7b-instruct-v0.2,Mistral-7B-Instruct-v0.2,CUCUMIS-Strict,0,12852.908005996142,3.1121361781582184,/home/onceas/Arantir/CUCUMIS-lorekeep/lorekeep/results/chapter5_baseline_variants/ratio_sweep_20step_5models_a100_overnight_baseline/raw/high_l90/mistral-7b-instruct-v0.2_strict_no_chunk.json,40.0,4.0,36.0,0.9,2119.9309035146143,3737.609736598097,3963.414103758405,8896.373880008468,9148.049458977766,9260.101038048742,184.50909698731266,189.97528807958588,191.7749333800748,8772.546091524418,8807.804699102417,8819.107647815254,2368.926999013638,3790.3549229959026,3967.0758436754113,8936.859320034273,9148.049458977766,9264.72149588517
high_l90,high,90,mistral-7b-instruct-v0.2,Mistral-7B-Instruct-v0.2,CUCUMIS-Strict,1,12845.852548955008,3.1138454880718633,/home/onceas/Arantir/CUCUMIS-lorekeep/lorekeep/results/chapter5_baseline_variants/ratio_sweep_20step_5models_a100_overnight_baseline/raw/high_l90/mistral-7b-instruct-v0.2_strict_no_chunk.json,40.0,4.0,36.0,0.9,2157.6090735325124,3756.6800410102587,3984.0785427828087,8872.788527980447,9149.444653122919,9272.102950572735,176.3757079897914,184.25600830232725,184.52035964583047,8784.21486201114,8824.961854796857,8837.856793969404,2414.2020709987264,3809.6474850026425,3987.8322659846162,8908.888168487465,9151.947857491905,9276.675738411723
mid_l10,mid,10,gemma-7b-it,Gemma-7B-IT,vLLM,0,10427.428731985856,3.8360367668878026,/home/onceas/Arantir/CUCUMIS-lorekeep/lorekeep/results/chapter5_baseline_variants/ratio_sweep_20step_5models_a100_overnight_baseline/raw/mid_l10/gemma-7b-it_strict_no_chunk.json,40.0,36.0,4.0,0.1,145.74906800407916,228.78782693878807,725.3086932643782,4707.578347995877,4823.836377996487,5294.695640376885,145.62352100620046,149.82356951804832,178.93043366784693,4678.450012492249,4787.877184513491,4789.3692226556595,686.5647719823755,726.7730679595843,731.1661920452025,5280.095752998022,5295.974455593387,5299.81090124289
mid_l10,mid,10,gemma-7b-it,Gemma-7B-IT,CUCUMIS-II,0,10935.686110984534,3.6577494630008927,/home/onceas/Arantir/CUCUMIS-lorekeep/lorekeep/results/chapter5_baseline_variants/ratio_sweep_20step_5models_a100_overnight_baseline/raw/mid_l10/gemma-7b-it_strict_no_chunk.json,40.0,36.0,4.0,0.1,163.15897752065212,274.88340421114185,813.4583902760642,5289.326655038167,5402.471535583027,5947.503068242804,162.95266902307048,167.29136451613158,218.19970295764503,5240.8490485395305,5386.35557400994,5394.771845385549,748.0770549736917,820.2872652851511,840.7738903124118,5869.41564801964,5949.939717800589,5957.249666473945
mid_l10,mid,10,gemma-7b-it,Gemma-7B-IT,vLLM,1,10414.009328000247,3.840979851290474,/home/onceas/Arantir/CUCUMIS-lorekeep/lorekeep/results/chapter5_baseline_variants/ratio_sweep_20step_5models_a100_overnight_baseline/raw/mid_l10/gemma-7b-it_strict_no_chunk.json,40.0,36.0,4.0,0.1,146.08274298370816,244.60348780267003,708.738875669078,4697.089295979822,4829.45843639318,5289.129792894819,145.88099851971492,154.32645700639114,195.52948354394172,4666.71858751215,4789.178072533105,4791.170968287042,663.2744170201477,714.070551894838,730.065580572118,5274.838855984854,5290.245001617586,5293.5906277858885
mid_l10,mid,10,gemma-7b-it,Gemma-7B-IT,CUCUMIS-II,1,10462.598389014602,3.8231420640209928,/home/onceas/Arantir/CUCUMIS-lorekeep/lorekeep/results/chapter5_baseline_variants/ratio_sweep_20step_5models_a100_overnight_baseline/raw/mid_l10/gemma-7b-it_strict_no_chunk.json,40.0,36.0,4.0,0.1,148.7535009800922,248.15475759096506,755.0566943333251,4790.1502614840865,4965.542667801492,5387.935699117952,148.53167897672392,160.71705598733388,198.65966774232217,4766.872871987289,4897.892904526088,4935.165108251385,691.7540055001155,760.171116417041,775.5143826681888,5369.233423523838,5389.63153239456,5394.719032224384
mid_l10,mid,10,gemma-7b-it,Gemma-7B-IT,CUCUMIS-Strict,0,10419.858404027764,3.83882375834763,/home/onceas/Arantir/CUCUMIS-lorekeep/lorekeep/results/chapter5_baseline_variants/ratio_sweep_20step_5models_a100_overnight_baseline/raw/mid_l10/gemma-7b-it_strict_no_chunk.json,40.0,36.0,4.0,0.1,145.48569999169558,245.58700890629615,710.1350142777665,4699.332797987154,4827.881430904382,5284.621811880497,145.13992352294736,154.31019201059826,196.4663920080056,4658.830719010439,4785.596378991613,4790.966759543517,667.308555013733,715.1424979034346,730.1649487804389,5263.984146004077,5286.46472459659,5291.993462744867
mid_l10,mid,10,gemma-7b-it,Gemma-7B-IT,CUCUMIS-Strict,1,10417.551007005386,3.839674024451774,/home/onceas/Arantir/CUCUMIS-lorekeep/lorekeep/results/chapter5_baseline_variants/ratio_sweep_20step_5models_a100_overnight_baseline/raw/mid_l10/gemma-7b-it_strict_no_chunk.json,40.0,36.0,4.0,0.1,145.77291399473324,244.88390406477328,709.7423714282922,4724.789136991603,4801.360688096611,5282.6591131300665,145.44866301002912,150.2724630117882,195.74852967343756,4668.237701524049,4791.9873145001475,4795.278910201159,664.0417315065861,714.8231671657413,730.0655543780886,5212.364045466529,5285.6448407284915,5294.602023523767
mid_l30,mid,30,gemma-7b-it,Gemma-7B-IT,vLLM,0,10415.457448980305,3.8404458177606093,/home/onceas/Arantir/CUCUMIS-lorekeep/lorekeep/results/chapter5_baseline_variants/ratio_sweep_20step_5models_a100_overnight_baseline/raw/mid_l30/gemma-7b-it_strict_no_chunk.json,40.0,28.0,12.0,0.3,274.84841100522317,1210.8906716282945,1263.0696269497275,5944.028989499202,6594.355076900683,6843.0244550760835,197.83299052505754,303.3128064998891,327.55257398821414,5593.817943008617,6347.877773822984,6349.9686196568655,1121.1203855054919,1249.5775943156332,1268.8608655426651,6252.307129034307,6822.841065586545,6846.173807447776
mid_l30,mid,30,gemma-7b-it,Gemma-7B-IT,CUCUMIS-II,0,10507.816469995305,3.806690011594566,/home/onceas/Arantir/CUCUMIS-lorekeep/lorekeep/results/chapter5_baseline_variants/ratio_sweep_20step_5models_a100_overnight_baseline/raw/mid_l30/gemma-7b-it_strict_no_chunk.json,40.0,28.0,12.0,0.3,277.5663514912594,1211.3216612080578,1269.803041414707,6078.085523506161,6730.585527286166,6894.638055025134,200.33300199429505,306.4172848011367,325.24114701664075,5653.676530986559,6392.076406383421,6393.731725849793,1131.4566560322419,1258.115300105419,1274.8816150444327,6502.89882949437,6880.408076418098,6895.075617453549
mid_l30,mid,30,gemma-7b-it,Gemma-7B-IT,vLLM,1,10436.331177013926,3.8327645339676657,/home/onceas/Arantir/CUCUMIS-lorekeep/lorekeep/results/chapter5_baseline_variants/ratio_sweep_20step_5models_a100_overnight_baseline/raw/mid_l30/gemma-7b-it_strict_no_chunk.json,40.0,28.0,12.0,0.3,254.7879610210657,1207.0091286150273,1234.2561576486332,5810.3928605269175,6556.08404109953,6791.4943062199745,198.77438552794047,283.79301442182623,312.6083612401271,5391.642610018607,6298.048631101847,6301.9176863878965,1081.4849825110286,1233.5950712265912,1234.3559168832144,6231.828923482681,6775.471432739869,6792.913223282667
mid_l30,mid,30,gemma-7b-it,Gemma-7B-IT,CUCUMIS-II,1,10436.820131028071,3.832584972992136,/home/onceas/Arantir/CUCUMIS-lorekeep/lorekeep/results/chapter5_baseline_variants/ratio_sweep_20step_5models_a100_overnight_baseline/raw/mid_l30/gemma-7b-it_strict_no_chunk.json,40.0,28.0,12.0,0.3,275.7180695189163,1215.7862200343516,1276.58565949474,5885.198597505223,6676.839683024446,6860.65498248965,200.37050798418932,310.5923450959381,330.2189669921063,5489.368436508812,6405.252599122468,6406.580291627906,1143.721435975749,1269.9937174096704,1279.5812534872675,6340.173900505761,6776.98084776639,6897.976616500528
mid_l30,mid,30,gemma-7b-it,Gemma-7B-IT,CUCUMIS-Strict,0,10407.320488011464,3.843448469380502,/home/onceas/Arantir/CUCUMIS-lorekeep/lorekeep/results/chapter5_baseline_variants/ratio_sweep_20step_5models_a100_overnight_baseline/raw/mid_l30/gemma-7b-it_strict_no_chunk.json,40.0,28.0,12.0,0.3,254.8601309536025,1200.2880472457036,1232.1405024960404,5788.695287978044,6580.130938405637,6792.855998118175,198.18332401337102,282.92772121494636,310.68836849648505,5371.7598549847025,6303.020434232894,6305.81309141824,1075.6067225011066,1227.1107944950927,1234.4473970186664,6209.958446008386,6774.988705682335,6794.604236934101
mid_l30,mid,30,gemma-7b-it,Gemma-7B-IT,CUCUMIS-Strict,1,10359.893201035447,3.8610436636549585,/home/onceas/Arantir/CUCUMIS-lorekeep/lorekeep/results/chapter5_baseline_variants/ratio_sweep_20step_5models_a100_overnight_baseline/raw/mid_l30/gemma-7b-it_strict_no_chunk.json,40.0,28.0,12.0,0.3,277.2024754958693,1210.5138384795282,1289.4268196087796,5878.451419528574,6422.406177711673,6887.044884056086,212.9547460062895,304.9122450174764,321.19881598162465,5602.610095520504,6382.274382998003,6392.996275355108,1152.7622755093034,1287.5660224934109,1289.918091368163,6129.979070508853,6872.238441102672,6888.183185980888
mid_l50,mid,50,gemma-7b-it,Gemma-7B-IT,vLLM,0,12072.56158295786,3.3132984847611544,/home/onceas/Arantir/CUCUMIS-lorekeep/lorekeep/results/chapter5_baseline_variants/ratio_sweep_20step_5models_a100_overnight_baseline/raw/mid_l50/gemma-7b-it_strict_no_chunk.json,40.0,20.0,20.0,0.5,566.6491075244267,1751.626793993637,2009.9674195813714,7370.253007975407,8078.141119593056,8456.53577147401,221.16935049416497,323.8114790292457,326.5149876754731,7655.191994999768,8007.463093899423,8011.02263028617,1287.2945955314208,1930.6244268314913,2025.4266023816308,7055.28655697708,8275.46703699627,8480.030596869765
mid_l50,mid,50,gemma-7b-it,Gemma-7B-IT,CUCUMIS-II,0,12230.55563098751,3.2704973679736535,/home/onceas/Arantir/CUCUMIS-lorekeep/lorekeep/results/chapter5_baseline_variants/ratio_sweep_20step_5models_a100_overnight_baseline/raw/mid_l50/gemma-7b-it_strict_no_chunk.json,40.0,20.0,20.0,0.5,599.4479969958775,1684.1107892105356,2057.739236499765,7340.61253699474,8013.646715885261,8446.651509458316,227.0394170191139,339.5994466962293,361.7750828276621,7523.301737499423,7994.484315474983,8047.05639784981,1328.1762404949404,1902.6922824210487,2097.174598302808,6839.901371015003,8047.137938288507,8469.422930265428
mid_l50,mid,50,gemma-7b-it,Gemma-7B-IT,vLLM,1,12080.813392007258,3.3110353336360823,/home/onceas/Arantir/CUCUMIS-lorekeep/lorekeep/results/chapter5_baseline_variants/ratio_sweep_20step_5models_a100_overnight_baseline/raw/mid_l50/gemma-7b-it_strict_no_chunk.json,40.0,20.0,20.0,0.5,581.6292464733124,1759.6785509958863,2016.9394065532833,7469.4791990332305,8199.677462055115,8588.295822505024,232.4144570156932,327.6738150161691,329.13644494488835,7665.521774993977,8091.048776503885,8093.915405907319,1291.879753000103,1949.3483601952903,2032.4147621542215,7417.657065030653,8483.494880708167,8589.42440889834
mid_l50,mid,50,gemma-7b-it,Gemma-7B-IT,CUCUMIS-II,1,12278.305616986472,3.2577784954840867,/home/onceas/Arantir/CUCUMIS-lorekeep/lorekeep/results/chapter5_baseline_variants/ratio_sweep_20step_5models_a100_overnight_baseline/raw/mid_l50/gemma-7b-it_strict_no_chunk.json,40.0,20.0,20.0,0.5,575.5389090336394,1700.5742029868998,1965.1038663106738,7491.701684979489,8221.13743367372,8520.32679947035,227.86471899598837,328.1067879870534,330.3120470349677,7619.740895519499,8013.48372339271,8016.685925548081,1302.4564405204728,1887.364594603423,1978.8651769043645,7450.840050994884,8415.693411504617,8521.177796671982
mid_l50,mid,50,gemma-7b-it,Gemma-7B-IT,CUCUMIS-Strict,0,12162.863637029659,3.288699207168663,/home/onceas/Arantir/CUCUMIS-lorekeep/lorekeep/results/chapter5_baseline_variants/ratio_sweep_20step_5models_a100_overnight_baseline/raw/mid_l50/gemma-7b-it_strict_no_chunk.json,40.0,20.0,20.0,0.5,584.0521669888403,1677.925531042274,2051.771053757402,7315.552183485124,8178.156838915311,8457.830854456406,226.27555401413701,327.3565979907289,349.8821714863879,7427.796044998104,7951.854510541307,7957.012198631419,1319.443404499907,1901.770201686304,2091.023493352695,7214.432566514006,8354.93979511084,8458.641627056058
mid_l50,mid,50,gemma-7b-it,Gemma-7B-IT,CUCUMIS-Strict,1,12164.420283981599,3.2882783614993114,/home/onceas/Arantir/CUCUMIS-lorekeep/lorekeep/results/chapter5_baseline_variants/ratio_sweep_20step_5models_a100_overnight_baseline/raw/mid_l50/gemma-7b-it_strict_no_chunk.json,40.0,20.0,20.0,0.5,586.5563430124894,1686.3963005540427,2065.179680113215,7435.987061006017,8191.262575582368,8484.84216093726,225.47603800194338,336.4473590045236,352.2121378965676,7618.374436511658,7986.325154610677,7987.923038910376,1325.0072204973549,1910.5985568719916,2104.891110316384,7359.637741494225,8378.068352211267,8485.693139931536
mid_l70,mid,70,gemma-7b-it,Gemma-7B-IT,vLLM,0,14573.417091974989,2.7447234747728753,/home/onceas/Arantir/CUCUMIS-lorekeep/lorekeep/results/chapter5_baseline_variants/ratio_sweep_20step_5models_a100_overnight_baseline/raw/mid_l70/gemma-7b-it_strict_no_chunk.json,40.0,12.0,28.0,0.7,1234.759689483326,3651.0149338049814,4047.6271340157837,10060.51296251826,10657.978769391775,10990.154456368764,211.5741625020746,285.9727040922735,311.54546449892223,10232.813205977436,10478.652870102087,10482.240857212455,2797.948090999853,3793.7626480066683,4047.6271340157837,9948.754042503424,10756.045077909948,11003.50830764568
mid_l70,mid,70,gemma-7b-it,Gemma-7B-IT,CUCUMIS-II,0,14542.793231958058,2.750503246659607,/home/onceas/Arantir/CUCUMIS-lorekeep/lorekeep/results/chapter5_baseline_variants/ratio_sweep_20step_5models_a100_overnight_baseline/raw/mid_l70/gemma-7b-it_strict_no_chunk.json,40.0,12.0,28.0,0.7,1248.3632469957229,3907.720746099949,4168.333576543373,9258.359446539544,9833.491095947102,10298.959453486605,214.05099800904281,289.44436257588677,314.2540172795998,9530.879316007486,9832.425064546987,9837.62176811928,2269.682869518874,3934.7712498682085,4189.94424346427,9119.184798502829,9941.541556135053,10310.81603272236
mid_l70,mid,70,gemma-7b-it,Gemma-7B-IT,vLLM,1,14612.517095985822,2.737379175487044,/home/onceas/Arantir/CUCUMIS-lorekeep/lorekeep/results/chapter5_baseline_variants/ratio_sweep_20step_5models_a100_overnight_baseline/raw/mid_l70/gemma-7b-it_strict_no_chunk.json,40.0,12.0,28.0,0.7,1244.3958429794293,3754.8067572002765,4098.507316026371,10125.700929027516,10775.571602000855,11102.503216535551,211.7255449993536,287.5029325892683,315.1952802820597,10302.428561000852,10542.506908299401,10544.72858958703,2840.084052993916,3857.0039012818597,4098.507316026371,9935.673269501422,10968.874444696121,11103.134238211205
mid_l70,mid,70,gemma-7b-it,Gemma-7B-IT,CUCUMIS-II,1,14607.570171006955,2.7383062023136358,/home/onceas/Arantir/CUCUMIS-lorekeep/lorekeep/results/chapter5_baseline_variants/ratio_sweep_20step_5models_a100_overnight_baseline/raw/mid_l70/gemma-7b-it_strict_no_chunk.json,40.0,12.0,28.0,0.7,1264.252980967285,3964.4392785907257,4233.403670661501,9407.354578521335,10007.102163194213,10429.008007878438,213.3939400082454,291.76347937900573,319.8821000143653,9598.847423010739,9929.656350600999,9932.510165562853,2296.006159973331,4049.8891231254674,4249.37095538422,9292.618533509085,10279.368299606722,10429.75571683608
mid_l70,mid,70,gemma-7b-it,Gemma-7B-IT,CUCUMIS-Strict,0,14582.053035032004,2.7430979645941336,/home/onceas/Arantir/CUCUMIS-lorekeep/lorekeep/results/chapter5_baseline_variants/ratio_sweep_20step_5models_a100_overnight_baseline/raw/mid_l70/gemma-7b-it_strict_no_chunk.json,40.0,12.0,28.0,0.7,1246.7167700233404,3934.2196406098083,4195.239091042895,9368.73709349311,9898.671607114375,10360.942927060532,212.79695251723751,287.3786566837225,316.0325956030283,9534.590446011862,9845.287289196858,9854.0325646376,2252.1388059831224,4020.9294355940074,4213.833653482143,9253.265961509896,10213.757207628805,10361.828808583668
mid_l70,mid,70,gemma-7b-it,Gemma-7B-IT,CUCUMIS-Strict,1,14658.140453975648,2.7288591022574775,/home/onceas/Arantir/CUCUMIS-lorekeep/lorekeep/results/chapter5_baseline_variants/ratio_sweep_20step_5models_a100_overnight_baseline/raw/mid_l70/gemma-7b-it_strict_no_chunk.json,40.0,12.0,28.0,0.7,1255.9831519902218,3987.54268962075,4257.862363593886,9417.992663016776,9988.685207779054,10447.055255547166,211.8905539973639,290.1265521068126,318.0550603225129,9625.820757995825,9939.502257690765,9941.637497378979,2279.3310095148627,4088.0083395924885,4277.959279707866,9307.471310487017,10306.545117101632,10447.270530145615
mid_l90,mid,90,gemma-7b-it,Gemma-7B-IT,vLLM,0,17332.570421043783,2.3077938833258846,/home/onceas/Arantir/CUCUMIS-lorekeep/lorekeep/results/chapter5_baseline_variants/ratio_sweep_20step_5models_a100_overnight_baseline/raw/mid_l90/gemma-7b-it_strict_no_chunk.json,40.0,4.0,36.0,0.9,3565.389520023018,5782.481217151508,6946.137425457127,12384.116278466536,13328.19319703267,13704.159701091703,219.7946695087012,278.555846499512,287.00921575247776,13166.810997005086,13238.777621235931,13255.897315753973,3907.75545098586,5843.342585954815,6961.368392896838,12160.508005996235,13400.672409014078,13705.304458213504
mid_l90,mid,90,gemma-7b-it,Gemma-7B-IT,CUCUMIS-II,0,17334.144971042406,2.3075842544770504,/home/onceas/Arantir/CUCUMIS-lorekeep/lorekeep/results/chapter5_baseline_variants/ratio_sweep_20step_5models_a100_overnight_baseline/raw/mid_l90/gemma-7b-it_strict_no_chunk.json,40.0,4.0,36.0,0.9,3422.9831135307904,6215.580688486807,6814.675857149996,11861.056745023234,12385.359384783078,12637.604476765264,241.3104885199573,283.0975572229363,292.2799105430022,11987.158981530229,12060.133586719166,12073.080173387425,3659.6999829926062,6283.8191544869915,6835.422883392311,11837.926154024899,12413.065247994382,12639.218866324518
mid_l90,mid,90,gemma-7b-it,Gemma-7B-IT,vLLM,1,17378.628892009147,2.301677551696404,/home/onceas/Arantir/CUCUMIS-lorekeep/lorekeep/results/chapter5_baseline_variants/ratio_sweep_20step_5models_a100_overnight_baseline/raw/mid_l90/gemma-7b-it_strict_no_chunk.json,40.0,4.0,36.0,0.9,3624.320548522519,5852.402791526401,6760.7958344044155,12004.544482013443,13360.667811258463,13607.292608356802,237.0990059862379,279.53150258399546,287.81964074703865,13027.470687462483,13094.216059305472,13110.200040152413,4134.509985509794,5919.804777513491,6797.051182365975,11661.248979478842,13387.375180464005,13609.26091139554
mid_l90,mid,90,gemma-7b-it,Gemma-7B-IT,CUCUMIS-II,1,18131.585758004803,2.2060949623416497,/home/onceas/Arantir/CUCUMIS-lorekeep/lorekeep/results/chapter5_baseline_variants/ratio_sweep_20step_5models_a100_overnight_baseline/raw/mid_l90/gemma-7b-it_strict_no_chunk.json,40.0,4.0,36.0,0.9,3382.082327007083,6312.936780421296,7583.260762573336,12203.804893477354,12769.688268005848,12961.100576327299,246.91606950364076,287.8291393921245,294.8340091278078,12237.544340488967,12266.920889017638,12267.214943321887,3698.955017986009,6391.297458001645,7600.640184772782,12183.045877492987,12792.229556012899,12962.35292480851
mid_l90,mid,90,gemma-7b-it,Gemma-7B-IT,CUCUMIS-Strict,0,17050.260930962395,2.3460051527635017,/home/onceas/Arantir/CUCUMIS-lorekeep/lorekeep/results/chapter5_baseline_variants/ratio_sweep_20step_5models_a100_overnight_baseline/raw/mid_l90/gemma-7b-it_strict_no_chunk.json,40.0,4.0,36.0,0.9,3422.37820403534,6223.589803586947,6586.0000396333635,11877.466598525643,12363.30322700669,12614.863925485988,243.55143899447285,283.7573906115722,292.3113950685365,11953.749804495601,12075.524082803167,12107.404379795771,3658.229854016099,6301.476369990269,6588.878075871617,11862.025734531926,12390.565775014693,12616.61094512383
mid_l90,mid,90,gemma-7b-it,Gemma-7B-IT,CUCUMIS-Strict,1,17902.968184964266,2.2342663845872126,/home/onceas/Arantir/CUCUMIS-lorekeep/lorekeep/results/chapter5_baseline_variants/ratio_sweep_20step_5models_a100_overnight_baseline/raw/mid_l90/gemma-7b-it_strict_no_chunk.json,40.0,4.0,36.0,0.9,3377.212026010966,6474.31365372031,7205.706183817238,12044.05367950676,12588.74358148314,12797.314646895975,227.5314409926068,284.1568660107441,292.24730260204524,12076.554083498195,12156.044295371976,12176.166972008068,3707.544886012329,6479.4393605261575,7235.364839015528,12010.936823498923,12615.974799497053,12798.10309377499
high_l10,high,10,gemma-7b-it,Gemma-7B-IT,vLLM,0,8933.73321602121,4.477411517982924,/home/onceas/Arantir/CUCUMIS-lorekeep/lorekeep/results/chapter5_baseline_variants/ratio_sweep_20step_5models_a100_overnight_baseline/raw/high_l10/gemma-7b-it_strict_no_chunk.json,40.0,36.0,4.0,0.1,145.76416701311246,268.0500387854415,813.6340025585378,4764.120702486252,4919.269097800134,5381.960806917632,145.6333120004274,165.4070559889078,212.28513234236738,4665.911163989222,4884.97194298543,4886.703398908139,726.588155986974,822.9964411992114,851.0837571212323,5371.087925013853,5383.276536082849,5387.2237235785
high_l10,high,10,gemma-7b-it,Gemma-7B-IT,CUCUMIS-II,0,8968.270050012507,4.460168993232337,/home/onceas/Arantir/CUCUMIS-lorekeep/lorekeep/results/chapter5_baseline_variants/ratio_sweep_20step_5models_a100_overnight_baseline/raw/high_l10/gemma-7b-it_strict_no_chunk.json,40.0,36.0,4.0,0.1,145.8165200019721,268.6425579013309,809.5524920633761,4745.253480476094,4889.312511921162,5376.926679397584,145.49175248248503,163.29273753217421,212.34455301600968,4660.954959515948,4888.10181451845,4889.8930363793625,725.2296865044627,818.6231175845023,845.8349941478809,5280.986596510047,5379.287228378234,5386.368875320186
high_l10,high,10,gemma-7b-it,Gemma-7B-IT,vLLM,1,8951.484761026222,4.4685324354408325,/home/onceas/Arantir/CUCUMIS-lorekeep/lorekeep/results/chapter5_baseline_variants/ratio_sweep_20step_5models_a100_overnight_baseline/raw/high_l10/gemma-7b-it_strict_no_chunk.json,40.0,36.0,4.0,0.1,144.92290749331005,267.71341268322493,808.5006953385891,4740.414571482688,4868.664618290495,5353.983183449018,144.78963101282716,163.37284751352854,212.5928149413084,4695.064330007881,4867.900819517672,4868.81539146998,721.264986495953,817.8162491123658,845.7629104336957,5262.738836521748,5355.923936428735,5361.746195367887
high_l10,high,10,gemma-7b-it,Gemma-7B-IT,CUCUMIS-II,1,9048.324047995266,4.420708165161519,/home/onceas/Arantir/CUCUMIS-lorekeep/lorekeep/results/chapter5_baseline_variants/ratio_sweep_20step_5models_a100_overnight_baseline/raw/high_l10/gemma-7b-it_strict_no_chunk.json,40.0,36.0,4.0,0.1,145.46505847829394,268.39502436923857,811.8776363000507,4822.938966477523,4967.975768505131,5435.772225227556,145.37578547606245,162.36053648754023,212.56986003136257,4731.6822509747,4894.7139289812185,4932.325812606723,723.8195305108093,820.7408226153348,847.3303815611871,5411.788661003811,5436.421611410333,5438.369769958663
high_l10,high,10,gemma-7b-it,Gemma-7B-IT,CUCUMIS-Strict,0,9506.642875028774,4.207584162551066,/home/onceas/Arantir/CUCUMIS-lorekeep/lorekeep/results/chapter5_baseline_variants/ratio_sweep_20step_5models_a100_overnight_baseline/raw/high_l10/gemma-7b-it_strict_no_chunk.json,40.0,36.0,4.0,0.1,163.15729898633435,276.396525657038,848.6992090049898,5284.623853483936,5433.948792098091,5941.704853175324,163.05942900362425,171.3868310325779,213.9749920315807,5206.538012978854,5395.2288259752095,5396.730065948213,769.3457384884823,855.268491077004,874.9763372930465,5923.925413517281,5943.448847526452,5948.680830579833
high_l10,high,10,gemma-7b-it,Gemma-7B-IT,CUCUMIS-Strict,1,9524.061075004283,4.199889068853121,/home/onceas/Arantir/CUCUMIS-lorekeep/lorekeep/results/chapter5_baseline_variants/ratio_sweep_20step_5models_a100_overnight_baseline/raw/high_l10/gemma-7b-it_strict_no_chunk.json,40.0,36.0,4.0,0.1,163.36003196192905,278.92774721258394,874.337391560548,5303.037569014123,5472.330756869634,5979.813364442671,162.79649047646672,198.37586750509217,220.4612135654315,5221.225337008946,5430.647941015195,5432.235848528217,807.6189359999262,883.6987391288858,911.7827818338992,5961.727148038335,5981.510672729928,5986.6025975917
high_l30,high,30,gemma-7b-it,Gemma-7B-IT,vLLM,0,9254.052600997966,4.322430585242876,/home/onceas/Arantir/CUCUMIS-lorekeep/lorekeep/results/chapter5_baseline_variants/ratio_sweep_20step_5models_a100_overnight_baseline/raw/high_l30/gemma-7b-it_strict_no_chunk.json,40.0,28.0,12.0,0.3,405.3654819726944,1669.9322458938695,1829.4421616074396,6322.081510996213,7003.200439462671,7300.489809297142,317.2738924913574,451.48387097287923,458.2075700163841,6048.423993983306,6796.909575001337,6799.197412672802,1586.5949930157512,1737.081824208144,1871.817406406044,6797.608048014808,7290.005258715246,7301.73091768811
high_l30,high,30,gemma-7b-it,Gemma-7B-IT,CUCUMIS-II,0,9360.056271019857,4.273478581944643,/home/onceas/Arantir/CUCUMIS-lorekeep/lorekeep/results/chapter5_baseline_variants/ratio_sweep_20step_5models_a100_overnight_baseline/raw/high_l30/gemma-7b-it_strict_no_chunk.json,40.0,28.0,12.0,0.3,368.5374310298357,1655.874883220531,1921.427589265513,6345.567052485421,6903.978883574018,7188.537082319381,304.89585298346356,604.7463686321863,884.6039812220262,6098.580931487959,6687.117681000382,6688.788380235201,1521.9975904910825,1753.295288758818,1995.5125507194318,6770.932966959663,7180.367833795026,7188.884649683023
high_l30,high,30,gemma-7b-it,Gemma-7B-IT,vLLM,1,9139.659198001027,4.37653080201815,/home/onceas/Arantir/CUCUMIS-lorekeep/lorekeep/results/chapter5_baseline_variants/ratio_sweep_20step_5models_a100_overnight_baseline/raw/high_l30/gemma-7b-it_strict_no_chunk.json,40.0,28.0,12.0,0.3,390.9847040195018,1662.632801104337,1843.8825168437324,6261.478318017907,6878.094847226748,7199.164917995222,318.6830210033804,450.3680760390125,472.2173570189625,5840.226811997127,6732.372349197976,6733.085931559326,1577.400279493304,1770.4382817319129,1875.3017771500163,6658.9993674715515,7135.794792621164,7222.189278504811
high_l30,high,30,gemma-7b-it,Gemma-7B-IT,CUCUMIS-II,1,9407.212824968155,4.252056453302937,/home/onceas/Arantir/CUCUMIS-lorekeep/lorekeep/results/chapter5_baseline_variants/ratio_sweep_20step_5models_a100_overnight_baseline/raw/high_l30/gemma-7b-it_strict_no_chunk.json,40.0,28.0,12.0,0.3,377.5795024994295,1683.3036967087537,1956.53807419294,6442.778590484522,7042.847384110792,7245.7345924543915,318.11411553644575,621.6779264039361,955.9397820266895,5948.570264998125,6741.267584706657,6742.9909239464905,1543.2835035026073,1779.3406564102042,2034.693208310637,6933.291733002989,7236.946901812917,7246.333082098863
high_l30,high,30,gemma-7b-it,Gemma-7B-IT,CUCUMIS-Strict,0,9818.836242018733,4.073802537700342,/home/onceas/Arantir/CUCUMIS-lorekeep/lorekeep/results/chapter5_baseline_variants/ratio_sweep_20step_5models_a100_overnight_baseline/raw/high_l30/gemma-7b-it_strict_no_chunk.json,40.0,28.0,12.0,0.3,365.2592970174737,1659.2707000265364,1910.428909480688,6739.239234506385,7074.105285486439,7462.7014344220515,316.8350400228519,600.2935722877738,925.8305550320074,6457.131154515082,6932.127678667894,6962.6811062853085,1532.1810245222878,1741.395365272183,1985.0613160111245,6862.439300515689,7369.255317805801,7502.016285107238
high_l30,high,30,gemma-7b-it,Gemma-7B-IT,CUCUMIS-Strict,1,9601.140941027552,4.1661715254144625,/home/onceas/Arantir/CUCUMIS-lorekeep/lorekeep/results/chapter5_baseline_variants/ratio_sweep_20step_5models_a100_overnight_baseline/raw/high_l30/gemma-7b-it_strict_no_chunk.json,40.0,28.0,12.0,0.3,373.3849380223546,1598.724714614218,1903.4860739391295,6642.975789523916,7245.298195595387,7524.551140172407,311.03071401594207,614.0741750190501,756.784916795441,6322.273150988622,7032.401753863087,7035.589801030001,1508.5044325096533,1692.4502026697155,2000.118541074917,7026.574205519864,7504.66148139094,7529.415971338749
high_l50,high,50,gemma-7b-it,Gemma-7B-IT,vLLM,0,11410.37467296701,3.5055816435867224,/home/onceas/Arantir/CUCUMIS-lorekeep/lorekeep/results/chapter5_baseline_variants/ratio_sweep_20step_5models_a100_overnight_baseline/raw/high_l50/gemma-7b-it_strict_no_chunk.json,40.0,20.0,20.0,0.5,668.2186720136087,2600.2228939905763,2736.9040216720896,8084.961432003183,8932.005957979709,9167.904916063999,288.67443100898527,477.57485398324206,477.57485398324206,8281.317047483753,8651.889748702524,8652.525457390002,2056.687977485126,2735.3877159766853,2737.401171080419,7876.6329724749085,9095.620336791035,9168.641520660021
high_l50,high,50,gemma-7b-it,Gemma-7B-IT,CUCUMIS-II,0,11618.824837030843,3.4426889604630517,/home/onceas/Arantir/CUCUMIS-lorekeep/lorekeep/results/chapter5_baseline_variants/ratio_sweep_20step_5models_a100_overnight_baseline/raw/high_l50/gemma-7b-it_strict_no_chunk.json,40.0,20.0,20.0,0.5,891.0476799937896,2191.8045130849355,2795.7119048084132,7868.571465514833,8592.581197986146,8828.920360321063,299.68057048972696,779.371430980973,895.6754535064099,7905.402957519982,8317.654039681656,8321.985482635791,1706.8894020048901,2653.5047968209255,2818.941512608435,7852.644135971786,8759.182568709366,8828.9561709197
high_l50,high,50,gemma-7b-it,Gemma-7B-IT,vLLM,1,11452.189664007165,3.4927818324311484,/home/onceas/Arantir/CUCUMIS-lorekeep/lorekeep/results/chapter5_baseline_variants/ratio_sweep_20step_5models_a100_overnight_baseline/raw/high_l50/gemma-7b-it_strict_no_chunk.json,40.0,20.0,20.0,0.5,678.8708500098437,2673.4304772049654,2907.348387001548,8178.00858951523,8982.199506362667,9236.111946869642,264.33074550004676,431.27831700257957,478.20477924076835,8359.884839504957,8733.060548914364,8735.436790347449,2187.271435977891,2892.2787636169232,2907.348387001548,8086.307202494936,9156.792594480794,9237.606548471376
high_l50,high,50,gemma-7b-it,Gemma-7B-IT,CUCUMIS-II,1,11679.805551015306,3.424714548995455,/home/onceas/Arantir/CUCUMIS-lorekeep/lorekeep/results/chapter5_baseline_variants/ratio_sweep_20step_5models_a100_overnight_baseline/raw/high_l50/gemma-7b-it_strict_no_chunk.json,40.0,20.0,20.0,0.5,896.9564725121018,2388.901071198052,2812.918416518951,7866.204502002802,8467.22044069902,8893.4779696021,303.8358435151167,788.2045260048471,907.131968453177,8056.692553975154,8388.119382114382,8390.00157709117,1723.1621979735792,2669.7447768528946,2836.786107524531,7714.984499994898,8821.417460474186,8893.758205205086
high_l50,high,50,gemma-7b-it,Gemma-7B-IT,CUCUMIS-Strict,0,11672.285600972828,3.426920944829023,/home/onceas/Arantir/CUCUMIS-lorekeep/lorekeep/results/chapter5_baseline_variants/ratio_sweep_20step_5models_a100_overnight_baseline/raw/high_l50/gemma-7b-it_strict_no_chunk.json,40.0,20.0,20.0,0.5,798.1277529906947,2390.930802567164,2833.691060494748,7883.604124974227,8485.826304380316,8851.429983352427,300.7890824810602,604.9163600197063,727.2476911928969,8017.090648005251,8346.991596126463,8348.97378136171,1698.7230150261894,2666.09016241855,2841.079702284769,7792.357616010122,8781.267148867482,8851.854242147529
high_l50,high,50,gemma-7b-it,Gemma-7B-IT,CUCUMIS-Strict,1,11677.272097964305,3.4254575610148867,/home/onceas/Arantir/CUCUMIS-lorekeep/lorekeep/results/chapter5_baseline_variants/ratio_sweep_20step_5models_a100_overnight_baseline/raw/high_l50/gemma-7b-it_strict_no_chunk.json,40.0,20.0,20.0,0.5,791.7564834933728,2391.5696404932532,2857.44041998405,7815.186174993869,8471.825115202228,8842.956426364253,299.013873009244,590.8814658061602,715.0948306045028,7925.994065968553,8332.768160465639,8338.85785552964,1689.7440149914473,2689.148960885359,2865.24135179352,7757.496891979827,8778.520359250251,8845.474681569613
high_l70,high,70,gemma-7b-it,Gemma-7B-IT,vLLM,0,13717.045611003414,2.91607982756237,/home/onceas/Arantir/CUCUMIS-lorekeep/lorekeep/results/chapter5_baseline_variants/ratio_sweep_20step_5models_a100_overnight_baseline/raw/high_l70/gemma-7b-it_strict_no_chunk.json,40.0,12.0,28.0,0.7,2078.852586011635,4493.89552740613,4745.563200187171,10117.14940701495,10844.97379247332,11170.600255225436,277.81196401338093,377.97199395135976,387.0699989493005,10396.65041002445,10659.993292985018,10663.837592278142,3073.3113829628564,4547.917319985572,4752.241123506101,9981.899439997505,11055.84663466434,11171.663318544743
high_l70,high,70,gemma-7b-it,Gemma-7B-IT,CUCUMIS-II,0,14260.857337969355,2.8048804536807546,/home/onceas/Arantir/CUCUMIS-lorekeep/lorekeep/results/chapter5_baseline_variants/ratio_sweep_20step_5models_a100_overnight_baseline/raw/high_l70/gemma-7b-it_strict_no_chunk.json,40.0,12.0,28.0,0.7,1584.677893522894,4735.706712084357,5272.18695569376,9938.51537752198,10333.260176010663,10687.643294353038,281.3759275013581,368.78445650218055,376.91846600500867,9897.456261503976,10171.444145508576,10173.39986522391,2776.1890789843164,5012.5419600866735,5272.786052090232,9941.903314494994,10549.0708340134,10687.71287730895
high_l70,high,70,gemma-7b-it,Gemma-7B-IT,vLLM,1,13621.648348984309,2.936502174715337,/home/onceas/Arantir/CUCUMIS-lorekeep/lorekeep/results/chapter5_baseline_variants/ratio_sweep_20step_5models_a100_overnight_baseline/raw/high_l70/gemma-7b-it_strict_no_chunk.json,40.0,12.0,28.0,0.7,2077.3095384938642,4518.7182983907405,4774.527441871469,10030.238610459492,10744.669302005786,11208.805627156398,277.3140069912188,374.3752522568684,383.1894839531742,10418.565202504396,10707.500542374328,10710.414495139266,3130.040192976594,4633.35282059852,4791.266885912628,9863.191156997345,11062.93061132892,11210.061013872619
high_l70,high,70,gemma-7b-it,Gemma-7B-IT,CUCUMIS-II,1,14185.36215700442,2.8198081626170453,/home/onceas/Arantir/CUCUMIS-lorekeep/lorekeep/results/chapter5_baseline_variants/ratio_sweep_20step_5models_a100_overnight_baseline/raw/high_l70/gemma-7b-it_strict_no_chunk.json,40.0,12.0,28.0,0.7,1600.5693890037946,4788.381160475547,5298.392839653534,9878.433835488977,10249.641945323674,10713.53307491052,281.73970099305734,373.54969438747503,381.80311798350886,9914.34703199775,10212.699121551123,10215.577608585008,2803.640355996322,5179.011796496343,5299.038591455319,9878.433835488977,10566.359524824657,10714.730474635726
high_l70,high,70,gemma-7b-it,Gemma-7B-IT,CUCUMIS-Strict,0,14267.677864991128,2.803539607391106,/home/onceas/Arantir/CUCUMIS-lorekeep/lorekeep/results/chapter5_baseline_variants/ratio_sweep_20step_5models_a100_overnight_baseline/raw/high_l70/gemma-7b-it_strict_no_chunk.json,40.0,12.0,28.0,0.7,1607.2235495084897,4931.6334288567305,5276.1983728042105,9957.926948496606,10363.739070383599,10732.3418912763,284.71192449796945,376.3150821905583,384.7453669877723,9933.576035517035,10217.96679047984,10221.090417849482,2789.540213008877,5158.021124487277,5276.9246633240255,9957.926948496606,10589.805142575642,10732.839889962343
high_l70,high,70,gemma-7b-it,Gemma-7B-IT,CUCUMIS-Strict,1,14271.437306015287,2.8028010873957556,/home/onceas/Arantir/CUCUMIS-lorekeep/lorekeep/results/chapter5_baseline_variants/ratio_sweep_20step_5models_a100_overnight_baseline/raw/high_l70/gemma-7b-it_strict_no_chunk.json,40.0,12.0,28.0,0.7,1601.9081195117906,4792.310020385777,5305.593372794101,9947.712683002464,10384.239098534454,10739.672238583444,281.42868052236736,374.90839418023825,383.190537977498,9945.108130486915,10230.182727490319,10232.148332487559,2804.7130440245382,5184.772198082646,5306.989954394521,9947.712683002464,10599.472083384171,10740.480536868563
high_l90,high,90,gemma-7b-it,Gemma-7B-IT,vLLM,0,17719.882484001573,2.257351313481569,/home/onceas/Arantir/CUCUMIS-lorekeep/lorekeep/results/chapter5_baseline_variants/ratio_sweep_20step_5models_a100_overnight_baseline/raw/high_l90/gemma-7b-it_strict_no_chunk.json,40.0,4.0,36.0,0.9,4245.703749998938,6858.32960185362,8711.507150660036,12936.799260962289,13635.576928517548,13918.629619362764,227.42151247803122,284.2067966994364,291.44970628258307,13400.536037486745,13454.306891502347,13470.984787455527,4451.060890976805,6943.8783134683035,8722.05745325773,12819.982486020308,13695.32105451799,13919.50715368148
high_l90,high,90,gemma-7b-it,Gemma-7B-IT,CUCUMIS-II,0,16753.965072974097,2.3874945319376484,/home/onceas/Arantir/CUCUMIS-lorekeep/lorekeep/results/chapter5_baseline_variants/ratio_sweep_20step_5models_a100_overnight_baseline/raw/high_l90/gemma-7b-it_strict_no_chunk.json,40.0,4.0,36.0,0.9,4007.6154634880368,7574.836687301286,7798.228248888627,12370.859217480756,12588.243215694092,12673.129133809707,234.23101950902492,278.2688640290871,278.2688640290871,12057.901420484995,12116.9275350112,12138.584650823032,4235.690038534813,7583.156532491557,7802.744838129729,12418.808938993607,12590.20244248677,12673.813649007934
high_l90,high,90,gemma-7b-it,Gemma-7B-IT,vLLM,1,18155.410978011787,2.203199919211106,/home/onceas/Arantir/CUCUMIS-lorekeep/lorekeep/results/chapter5_baseline_variants/ratio_sweep_20step_5models_a100_overnight_baseline/raw/high_l90/gemma-7b-it_strict_no_chunk.json,40.0,4.0,36.0,0.9,4147.24319402012,6987.109596590744,9155.201602028683,13325.83364401944,13868.353501230013,14221.031807623804,227.83401547349058,284.22490038210526,290.9015986334998,13704.563205479644,13757.563634292455,13773.464417321957,4545.339270029217,7056.4363909943495,9155.201602028683,13148.910278483527,13955.929798015859,14221.688251663
high_l90,high,90,gemma-7b-it,Gemma-7B-IT,CUCUMIS-II,1,17885.435958974995,2.2364565276323507,/home/onceas/Arantir/CUCUMIS-lorekeep/lorekeep/results/chapter5_baseline_variants/ratio_sweep_20step_5models_a100_overnight_baseline/raw/high_l90/gemma-7b-it_strict_no_chunk.json,40.0,4.0,36.0,0.9,4048.6821670201607,7675.6402019178495,8531.076167766587,12683.011707034893,12861.145820625825,13264.712936708238,228.68096199817955,289.911007496994,298.24453724897467,12194.466202025069,12240.976495685754,12255.24636584043,4280.135518522002,7682.248561526649,8576.563916404846,12714.429079031106,12873.10634701862,13282.030909869354
high_l90,high,90,gemma-7b-it,Gemma-7B-IT,CUCUMIS-Strict,0,18290.604086010717,2.1869151949220407,/home/onceas/Arantir/CUCUMIS-lorekeep/lorekeep/results/chapter5_baseline_variants/ratio_sweep_20step_5models_a100_overnight_baseline/raw/high_l90/gemma-7b-it_strict_no_chunk.json,40.0,4.0,36.0,0.9,3999.067262484459,7544.578044681111,8790.981376019772,12919.636464008363,13264.577974216081,13826.903779990971,239.5589674997609,279.54549598507583,279.54549598507583,12064.473427511984,12118.32367500756,12118.32367500756,4229.599414509721,7554.096187493997,8790.981376019772,12934.830169484485,13279.953339020722,13826.903779990971
high_l90,high,90,gemma-7b-it,Gemma-7B-IT,CUCUMIS-Strict,1,18497.508422995452,2.1624534010360774,/home/onceas/Arantir/CUCUMIS-lorekeep/lorekeep/results/chapter5_baseline_variants/ratio_sweep_20step_5models_a100_overnight_baseline/raw/high_l90/gemma-7b-it_strict_no_chunk.json,40.0,4.0,36.0,0.9,4044.4966705108527,7679.335742990952,8589.5580859849,12870.489100023406,13225.404389970936,13757.376284100465,244.21410899958573,279.779675998725,279.779675998725,12246.040257974528,12283.046701579588,12297.32061554154,4276.6949485230725,7686.126423010137,8632.762001265653,12905.546124005923,13229.272714001127,13781.330107778194
mid_l10,mid,10,baichuan2-7b-chat,Baichuan2-7B-Chat,vLLM,0,10211.364592018072,3.917204173795424,/home/onceas/Arantir/CUCUMIS-lorekeep/lorekeep/results/chapter5_baseline_variants/ratio_sweep_20step_5models_a100_overnight_baseline/raw/mid_l10/baichuan2-7b-chat_strict_no_chunk.json,40.0,36.0,4.0,0.1,140.5356515024323,173.65211746655444,584.514454754535,4487.27369349217,4541.076736996183,4953.949130760157,140.03266100189649,143.4251309838146,145.1179682277143,4487.27369349217,4538.765197998146,4543.643665176933,488.8595490192529,597.916984569747,638.1245740153827,3323.092386010103,4963.204757572385,4990.971638009069
mid_l10,mid,10,baichuan2-7b-chat,Baichuan2-7B-Chat,CUCUMIS-II,0,10284.209940989967,3.889457744398163,/home/onceas/Arantir/CUCUMIS-lorekeep/lorekeep/results/chapter5_baseline_variants/ratio_sweep_20step_5models_a100_overnight_baseline/raw/mid_l10/baichuan2-7b-chat_strict_no_chunk.json,40.0,36.0,4.0,0.1,141.92955850739963,182.55936448695178,595.048741546925,4565.278191497782,4612.495672586374,5035.6885151186725,141.67787897167727,147.30817850795574,154.00477889343165,4565.278191497782,4609.687380027026,4613.973320380319,502.2690990008414,608.2452701870352,647.8348561073653,3375.030529976357,5045.630681019975,5075.457178723882
mid_l10,mid,10,baichuan2-7b-chat,Baichuan2-7B-Chat,vLLM,1,10229.535506980028,3.9102459708660646,/home/onceas/Arantir/CUCUMIS-lorekeep/lorekeep/results/chapter5_baseline_variants/ratio_sweep_20step_5models_a100_overnight_baseline/raw/mid_l10/baichuan2-7b-chat_strict_no_chunk.json,40.0,36.0,4.0,0.1,141.94949850207195,195.8557331876368,610.8956014015711,4529.033440980129,4619.464464590419,5037.626156679471,141.0053945146501,147.7912925183773,165.925821790006,4529.033440980129,4615.319125994574,4620.8802028384525,502.1616830199491,624.7041249996983,666.1296957940795,3393.2720945158508,5048.291992599843,5080.289500360959
mid_l10,mid,10,baichuan2-7b-chat,Baichuan2-7B-Chat,CUCUMIS-II,1,10337.740853021387,3.8693173458985766,/home/onceas/Arantir/CUCUMIS-lorekeep/lorekeep/results/chapter5_baseline_variants/ratio_sweep_20step_5models_a100_overnight_baseline/raw/mid_l10/baichuan2-7b-chat_strict_no_chunk.json,40.0,36.0,4.0,0.1,144.43097900948487,194.57171648391565,615.0787856272653,4618.045876501128,4704.173743084539,5122.247606840101,144.3286489811726,154.7641789948102,165.04692258604337,4618.045876501128,4701.198507507797,4705.711121743661,508.2145379856229,630.0351027224679,674.904054008075,3439.880048506893,5132.67962942482,5163.975697178976
mid_l10,mid,10,baichuan2-7b-chat,Baichuan2-7B-Chat,CUCUMIS-Strict,0,10245.055998035241,3.904322241642315,/home/onceas/Arantir/CUCUMIS-lorekeep/lorekeep/results/chapter5_baseline_variants/ratio_sweep_20step_5models_a100_overnight_baseline/raw/mid_l10/baichuan2-7b-chat_strict_no_chunk.json,40.0,36.0,4.0,0.1,142.52861650311388,176.97827428928616,594.4209780317032,4532.515228027478,4590.314894221956,5013.580054877675,142.00289148720913,144.3035269912798,147.5045414030319,4532.515228027478,4590.059167996515,4590.9182234318,498.74122950132005,607.7850567933638,647.8772930783452,3359.7010710218456,5023.8803052168805,5054.781056234497
mid_l10,mid,10,baichuan2-7b-chat,Baichuan2-7B-Chat,CUCUMIS-Strict,1,10201.395837008022,3.9210320468979707,/home/onceas/Arantir/CUCUMIS-lorekeep/lorekeep/results/chapter5_baseline_variants/ratio_sweep_20step_5models_a100_overnight_baseline/raw/mid_l10/baichuan2-7b-chat_strict_no_chunk.json,40.0,36.0,4.0,0.1,142.7303859964013,199.109774915269,592.0981487364041,4551.860104984371,4625.216875696788,5042.418187870644,142.39224549965002,147.1877055009827,170.34432282671332,4551.860104984371,4624.532055022428,4627.162635340937,500.2215609711129,604.8636691761203,643.1602304952685,3380.360805982491,5051.720844279043,5079.628813504241
mid_l30,mid,30,baichuan2-7b-chat,Baichuan2-7B-Chat,vLLM,0,10122.076097992249,3.951758474522252,/home/onceas/Arantir/CUCUMIS-lorekeep/lorekeep/results/chapter5_baseline_variants/ratio_sweep_20step_5models_a100_overnight_baseline/raw/mid_l30/baichuan2-7b-chat_strict_no_chunk.json,40.0,28.0,12.0,0.3,143.15819501644,588.6627352738287,752.293986203731,4557.923930988181,4920.549950184068,5141.567671636585,139.92126053199172,171.54837382258847,186.6041163803311,4557.923930988181,4817.390089307446,4821.795502667665,573.7422475067433,718.0754325177986,763.0726413690718,3902.2128409997094,5094.2821003787685,5160.418269841466
mid_l30,mid,30,baichuan2-7b-chat,Baichuan2-7B-Chat,CUCUMIS-II,0,10349.432446993887,3.86494623786046,/home/onceas/Arantir/CUCUMIS-lorekeep/lorekeep/results/chapter5_baseline_variants/ratio_sweep_20step_5models_a100_overnight_baseline/raw/mid_l30/baichuan2-7b-chat_strict_no_chunk.json,40.0,28.0,12.0,0.3,150.1298870134633,620.5051365483087,778.139999039704,4800.166254019132,5181.9566210207995,5377.903015649063,146.71883147093467,175.89923500199802,204.47194555599708,4800.166254019132,5037.034263525857,5041.472865935648,598.605689505348,754.4077714439481,783.580937461229,3597.386588517111,5339.879964716965,5394.0348914131755
mid_l30,mid,30,baichuan2-7b-chat,Baichuan2-7B-Chat,vLLM,1,10136.749055993278,3.946038298772948,/home/onceas/Arantir/CUCUMIS-lorekeep/lorekeep/results/chapter5_baseline_variants/ratio_sweep_20step_5models_a100_overnight_baseline/raw/mid_l30/baichuan2-7b-chat_strict_no_chunk.json,40.0,28.0,12.0,0.3,142.62137250625528,607.0681578363292,743.838803897961,4534.351710492047,4900.774082489079,5137.129005340394,139.4945350184571,172.02210191171616,205.63242697098758,4534.351710492047,4816.5882843662985,4819.924118540366,583.2500630058348,725.1283408957534,746.9187946728198,3409.1829094977584,5089.024639420677,5155.6735372240655
mid_l30,mid,30,baichuan2-7b-chat,Baichuan2-7B-Chat,CUCUMIS-II,1,10341.891971998848,3.8677642454883356,/home/onceas/Arantir/CUCUMIS-lorekeep/lorekeep/results/chapter5_baseline_variants/ratio_sweep_20step_5models_a100_overnight_baseline/raw/mid_l30/baichuan2-7b-chat_strict_no_chunk.json,40.0,28.0,12.0,0.3,150.1229385030456,619.2327696247958,776.9747664249735,4794.054956990294,5264.312306937063,5395.252567824209,146.6373945295345,174.45366929168813,204.62860811967403,4790.4994990094565,5038.358031515963,5049.120555965928,598.1801085290499,752.503011142835,782.7919010916958,5165.329355513677,5374.461506679654,5403.989744671853
mid_l30,mid,30,baichuan2-7b-chat,Baichuan2-7B-Chat,CUCUMIS-Strict,0,10206.25046902569,3.9191669968705445,/home/onceas/Arantir/CUCUMIS-lorekeep/lorekeep/results/chapter5_baseline_variants/ratio_sweep_20step_5models_a100_overnight_baseline/raw/mid_l30/baichuan2-7b-chat_strict_no_chunk.json,40.0,28.0,12.0,0.3,146.28041049581952,610.5415300058667,752.264642296941,4684.844072005944,5113.292842509691,5242.250424954109,142.3830789863132,171.90738801728003,204.83976202784106,4650.782798504224,4901.516990992241,4909.90446532378,591.9535375142004,738.2534742937423,753.1478661746951,5006.383778032614,5217.05628579366,5253.176119034179
mid_l30,mid,30,baichuan2-7b-chat,Baichuan2-7B-Chat,CUCUMIS-Strict,1,10228.282106982078,3.9107251424650293,/home/onceas/Arantir/CUCUMIS-lorekeep/lorekeep/results/chapter5_baseline_variants/ratio_sweep_20step_5models_a100_overnight_baseline/raw/mid_l30/baichuan2-7b-chat_strict_no_chunk.json,40.0,28.0,12.0,0.3,147.6742755039595,595.5895785999019,753.6654887720942,4653.912889014464,5022.409557580249,5238.514666542178,142.4753465107642,174.234650505241,186.047462237766,4653.912889014464,4910.5710947245825,4918.389632229228,583.0139735189732,739.8995178344194,754.4702628161758,4107.9714659717865,5188.288542372175,5259.220273428364
mid_l50,mid,50,baichuan2-7b-chat,Baichuan2-7B-Chat,vLLM,0,10794.451992027462,3.7056072906288433,/home/onceas/Arantir/CUCUMIS-lorekeep/lorekeep/results/chapter5_baseline_variants/ratio_sweep_20step_5models_a100_overnight_baseline/raw/mid_l50/baichuan2-7b-chat_strict_no_chunk.json,40.0,20.0,20.0,0.5,322.8487269661855,728.4856624726672,865.6199273123639,5151.096956979018,5570.660379086621,5757.815678005572,144.7254914965015,177.77537400252186,204.00285754061767,5214.006922004046,5392.437461920781,5409.385452549905,655.1557224884164,762.6083568204195,866.1310661170864,3588.7817830080166,5636.072470416548,5774.502314401325
mid_l50,mid,50,baichuan2-7b-chat,Baichuan2-7B-Chat,CUCUMIS-II,0,10925.991134019569,3.660995099607442,/home/onceas/Arantir/CUCUMIS-lorekeep/lorekeep/results/chapter5_baseline_variants/ratio_sweep_20step_5models_a100_overnight_baseline/raw/mid_l50/baichuan2-7b-chat_strict_no_chunk.json,40.0,20.0,20.0,0.5,338.54935999261215,757.0233552251011,870.7678135321476,5239.345277484972,5697.147881024284,5890.478934916318,148.32820650190115,215.66157912020574,230.16675398685038,5314.827671012608,5513.912661187351,5537.0975355413975,672.1832730108872,777.7752496942413,878.0343763367273,4082.5287405168638,5761.553256015759,5906.385096510057
mid_l50,mid,50,baichuan2-7b-chat,Baichuan2-7B-Chat,vLLM,1,10763.674100977369,3.7162031871968235,/home/onceas/Arantir/CUCUMIS-lorekeep/lorekeep/results/chapter5_baseline_variants/ratio_sweep_20step_5models_a100_overnight_baseline/raw/mid_l50/baichuan2-7b-chat_strict_no_chunk.json,40.0,20.0,20.0,0.5,323.7181734875776,734.718205378158,863.6196081002709,5132.905803999165,5538.230649405159,5744.931647037738,143.9929694752209,178.42338138143532,204.8964594810968,5183.805854496313,5379.136443883181,5394.637760845944,655.0118465092964,764.1372765065172,864.3192500981968,3983.273862511851,5615.152802900411,5760.94633164641
mid_l50,mid,50,baichuan2-7b-chat,Baichuan2-7B-Chat,CUCUMIS-II,1,10943.002834974322,3.6553038140644745,/home/onceas/Arantir/CUCUMIS-lorekeep/lorekeep/results/chapter5_baseline_variants/ratio_sweep_20step_5models_a100_overnight_baseline/raw/mid_l50/baichuan2-7b-chat_strict_no_chunk.json,40.0,20.0,20.0,0.5,336.016490473412,757.4351218703669,873.6594247206813,5328.374570002779,5764.703352475772,5911.027635253849,147.46178698260337,184.96295011136687,225.91364831489042,5347.947339498205,5528.520186501555,5549.608980737976,673.8705189782195,779.3913703993895,881.1874551157234,5206.237519014394,5841.85316049261,5911.248372056871
mid_l50,mid,50,baichuan2-7b-chat,Baichuan2-7B-Chat,CUCUMIS-Strict,0,10941.019083024003,3.65596656915293,/home/onceas/Arantir/CUCUMIS-lorekeep/lorekeep/results/chapter5_baseline_variants/ratio_sweep_20step_5models_a100_overnight_baseline/raw/mid_l50/baichuan2-7b-chat_strict_no_chunk.json,40.0,20.0,20.0,0.5,339.16291801142506,752.0316453883424,877.4694280116819,5278.051034518285,5707.481530390214,5887.179077418405,149.53094796510413,213.62698194570842,226.40100499847904,5342.2213190060575,5517.005595605588,5554.70406594628,666.5010049764533,780.7985462073704,887.9687480046413,3692.3677454760764,5764.840266824467,5905.795310008689
mid_l50,mid,50,baichuan2-7b-chat,Baichuan2-7B-Chat,CUCUMIS-Strict,1,10907.46701596072,3.667212556450425,/home/onceas/Arantir/CUCUMIS-lorekeep/lorekeep/results/chapter5_baseline_variants/ratio_sweep_20step_5models_a100_overnight_baseline/raw/mid_l50/baichuan2-7b-chat_strict_no_chunk.json,40.0,20.0,20.0,0.5,340.35197302000597,759.8166961339302,896.2119658279698,5333.248442533659,5727.148066496011,5930.952135035186,149.17483448516577,214.04114189790565,229.42069201963022,5361.751106014708,5560.225077311043,5602.4414466077,670.6904000020586,786.1303553101608,901.1227546294685,3714.6795125154313,5794.299726001918,5949.989451437141
mid_l70,mid,70,baichuan2-7b-chat,Baichuan2-7B-Chat,vLLM,0,11287.746888992842,3.5436655688130005,/home/onceas/Arantir/CUCUMIS-lorekeep/lorekeep/results/chapter5_baseline_variants/ratio_sweep_20step_5models_a100_overnight_baseline/raw/mid_l70/baichuan2-7b-chat_strict_no_chunk.json,40.0,12.0,28.0,0.7,622.825380996801,1402.3721277015284,1560.1849921944086,6421.887909498764,6869.80691649369,7032.498183811549,139.33114800602198,175.21169350366108,205.63878740882504,6677.457668993156,6713.278050819645,6719.229824781651,1149.7660450113472,1420.4884485225193,1576.4508047618438,5689.2190240032505,6937.83145598718,7034.73541616695
mid_l70,mid,70,baichuan2-7b-chat,Baichuan2-7B-Chat,CUCUMIS-II,0,11337.659070966765,3.5280651631544595,/home/onceas/Arantir/CUCUMIS-lorekeep/lorekeep/results/chapter5_baseline_variants/ratio_sweep_20step_5models_a100_overnight_baseline/raw/mid_l70/baichuan2-7b-chat_strict_no_chunk.json,40.0,12.0,28.0,0.7,634.887100517517,1353.3329181955196,1585.2691264031455,6219.31954449974,6712.888948892942,6912.306483627763,145.72272196528502,176.96845268364996,199.88319996278733,6496.186742995633,6593.92532389611,6623.626154697849,1045.4474545258563,1361.963635875145,1608.6475693574175,5079.255850490881,6769.800128781935,6917.827887746971
mid_l70,mid,70,baichuan2-7b-chat,Baichuan2-7B-Chat,vLLM,1,11307.862054964062,3.537361864300451,/home/onceas/Arantir/CUCUMIS-lorekeep/lorekeep/results/chapter5_baseline_variants/ratio_sweep_20step_5models_a100_overnight_baseline/raw/mid_l70/baichuan2-7b-chat_strict_no_chunk.json,40.0,12.0,28.0,0.7,609.2435784812551,1411.4433737995569,1551.9058809045237,6325.6081829895265,6873.93781353021,7050.3965958737535,141.68203598819673,175.99885572562926,201.58756931254175,6692.058694025036,6768.9775664010085,6774.087391595822,1132.4664114799816,1427.4853319511749,1575.0194298604038,4549.793190497439,6921.298891463084,7055.590719915344
mid_l70,mid,70,baichuan2-7b-chat,Baichuan2-7B-Chat,CUCUMIS-II,1,11420.885036990512,3.502355541663021,/home/onceas/Arantir/CUCUMIS-lorekeep/lorekeep/results/chapter5_baseline_variants/ratio_sweep_20step_5models_a100_overnight_baseline/raw/mid_l70/baichuan2-7b-chat_strict_no_chunk.json,40.0,12.0,28.0,0.7,665.5836494755931,1456.4511180156842,1611.8225346540567,6444.127724476857,6784.123806428397,7048.468148691463,151.26579703064635,183.54428077000193,208.591459064628,6634.030963497935,6773.71541170869,6779.054808539222,1132.492190983612,1513.1643231143244,1628.384126451565,5153.6803755152505,6851.487731497036,7052.934962338186
mid_l70,mid,70,baichuan2-7b-chat,Baichuan2-7B-Chat,CUCUMIS-Strict,0,11966.903346008621,3.3425522746735807,/home/onceas/Arantir/CUCUMIS-lorekeep/lorekeep/results/chapter5_baseline_variants/ratio_sweep_20step_5models_a100_overnight_baseline/raw/mid_l70/baichuan2-7b-chat_strict_no_chunk.json,40.0,12.0,28.0,0.7,731.7665940208826,1386.0148979234511,1604.2309656180441,6851.156102522509,7197.424083889928,7404.062650665874,169.2348034994211,179.15589671465568,203.74848347273655,6890.200256515527,7018.875433586072,7034.3488326482475,1121.052685979521,1479.2714650800917,1623.848133739084,6395.81872447161,7231.2147128919605,7412.513106475817
mid_l70,mid,70,baichuan2-7b-chat,Baichuan2-7B-Chat,CUCUMIS-Strict,1,11952.941393014044,3.346456632287865,/home/onceas/Arantir/CUCUMIS-lorekeep/lorekeep/results/chapter5_baseline_variants/ratio_sweep_20step_5models_a100_overnight_baseline/raw/mid_l70/baichuan2-7b-chat_strict_no_chunk.json,40.0,12.0,28.0,0.7,683.7870044982992,1367.0766776253004,1606.1029964103363,6797.834341530688,7184.003307949752,7278.012917713495,164.12249804125167,181.6217935353052,210.16227504878773,6873.8862350001,6944.034880795516,6950.46663825924,1054.2545190255623,1408.5736954933964,1626.4296953729354,5450.937707995763,7192.708165186923,7285.528387032682
mid_l90,mid,90,baichuan2-7b-chat,Baichuan2-7B-Chat,vLLM,0,11618.639455991797,3.4427438902385235,/home/onceas/Arantir/CUCUMIS-lorekeep/lorekeep/results/chapter5_baseline_variants/ratio_sweep_20step_5models_a100_overnight_baseline/raw/mid_l90/baichuan2-7b-chat_strict_no_chunk.json,40.0,4.0,36.0,0.9,1443.740651011467,2013.1070089992136,2228.3925604628166,6554.39182050759,8386.72869153088,8642.722730275127,142.98578450689092,163.87452370254323,171.7046157619916,8263.471984508215,8295.822631265037,8307.607488385402,1476.2043920345604,2013.1070089992136,2236.619576622615,5689.528024493484,8461.457461526152,8646.383256194531
mid_l90,mid,90,baichuan2-7b-chat,Baichuan2-7B-Chat,CUCUMIS-II,0,12056.097006017808,3.3178233370247416,/home/onceas/Arantir/CUCUMIS-lorekeep/lorekeep/results/chapter5_baseline_variants/ratio_sweep_20step_5models_a100_overnight_baseline/raw/mid_l90/baichuan2-7b-chat_strict_no_chunk.json,40.0,4.0,36.0,0.9,1371.8493814812973,2022.2440130950417,2173.4149483114015,6995.496315474156,8018.101475696312,8158.544419094687,146.6608544869814,170.29443220817484,179.12248343985993,7762.535052490421,7796.834818011848,7809.444493018673,1397.7356280083768,2032.6260775036644,2173.7576198705938,6503.175834513968,8053.266978502506,8162.012478773249
mid_l90,mid,90,baichuan2-7b-chat,Baichuan2-7B-Chat,vLLM,1,11654.351725010201,3.4321943376876236,/home/onceas/Arantir/CUCUMIS-lorekeep/lorekeep/results/chapter5_baseline_variants/ratio_sweep_20step_5models_a100_overnight_baseline/raw/mid_l90/baichuan2-7b-chat_strict_no_chunk.json,40.0,4.0,36.0,0.9,1451.6916504944675,2063.076662016101,2282.3708905407693,6615.986382996198,8394.176892115502,8673.875788866426,139.86603548983112,166.3620914972853,176.3798434525961,8292.050143005326,8328.903440502472,8342.729410162428,1502.2610955056734,2063.076662016101,2290.738680743379,5759.488676500041,8488.697880500695,8677.170853907592
mid_l90,mid,90,baichuan2-7b-chat,Baichuan2-7B-Chat,CUCUMIS-II,1,12065.114331024233,3.315343634758935,/home/onceas/Arantir/CUCUMIS-lorekeep/lorekeep/results/chapter5_baseline_variants/ratio_sweep_20step_5models_a100_overnight_baseline/raw/mid_l90/baichuan2-7b-chat_strict_no_chunk.json,40.0,4.0,36.0,0.9,1321.050815982744,2011.4134350907989,2147.1553742780816,6967.716904502595,7957.022784976289,8121.359263812192,146.9484909903258,170.15105062164366,178.40976689010859,7725.347123487154,7761.856711201835,7775.397661033785,1394.368699984625,2017.0757955056615,2148.4575538372155,6452.3459214833565,8003.470652969554,8124.45579029154
mid_l90,mid,90,baichuan2-7b-chat,Baichuan2-7B-Chat,CUCUMIS-Strict,0,12052.99312499119,3.3186777413041324,/home/onceas/Arantir/CUCUMIS-lorekeep/lorekeep/results/chapter5_baseline_variants/ratio_sweep_20step_5models_a100_overnight_baseline/raw/mid_l90/baichuan2-7b-chat_strict_no_chunk.json,40.0,4.0,36.0,0.9,1348.7287315074354,2035.9508827968966,2162.297394904308,7051.996963506099,8015.7451458857395,8167.210290860385,145.1152760128025,170.6729663128499,180.2783753402764,7773.901123524411,7809.14124022238,7822.684622744564,1419.793976994697,2036.3571979978587,2163.190498505719,6823.70214749244,8056.2875494943,8170.615671901032
mid_l90,mid,90,baichuan2-7b-chat,Baichuan2-7B-Chat,CUCUMIS-Strict,1,11976.91670502536,3.3397577177118145,/home/onceas/Arantir/CUCUMIS-lorekeep/lorekeep/results/chapter5_baseline_variants/ratio_sweep_20step_5models_a100_overnight_baseline/raw/mid_l90/baichuan2-7b-chat_strict_no_chunk.json,40.0,4.0,36.0,0.9,1322.6248624850996,2009.569417918101,2145.8947138965596,6783.905448508449,7945.192595355911,8106.769579898682,144.52649300801568,169.8658466222696,179.31199858314358,7712.83539099386,7749.047976313159,7762.564481152222,1393.1143730005715,2016.3969295099378,2147.4481831362937,5941.30731097539,7992.1053129655775,8109.829843501211
high_l10,high,10,baichuan2-7b-chat,Baichuan2-7B-Chat,vLLM,0,8745.300320966635,4.573885233432295,/home/onceas/Arantir/CUCUMIS-lorekeep/lorekeep/results/chapter5_baseline_variants/ratio_sweep_20step_5models_a100_overnight_baseline/raw/high_l10/baichuan2-7b-chat_strict_no_chunk.json,40.0,36.0,4.0,0.1,138.82638097857125,189.35006510000716,596.1527115071657,4468.950588488951,4539.176649710862,4949.7923682956025,138.79674396594055,143.45910248812288,155.56398420303591,4468.950588488951,4538.00462448271,4539.935509490897,492.62042850023136,610.5566347017884,653.7684042856563,3325.1668685115874,4960.104226926342,4991.039802818559
high_l10,high,10,baichuan2-7b-chat,Baichuan2-7B-Chat,CUCUMIS-II,0,8860.204881988466,4.514568289646925,/home/onceas/Arantir/CUCUMIS-lorekeep/lorekeep/results/chapter5_baseline_variants/ratio_sweep_20step_5models_a100_overnight_baseline/raw/high_l10/baichuan2-7b-chat_strict_no_chunk.json,40.0,36.0,4.0,0.1,147.4864440097008,216.02757279179102,649.7899756755213,4628.803070489084,4776.811395015102,5185.616545380908,146.7980454908684,156.56628948636353,180.21900494350118,4628.803070489084,4775.726209016284,4778.408070545993,523.1349495006725,666.6443989728577,717.2076688648667,3513.8208249991294,5193.991702288622,5219.117173011764
high_l10,high,10,baichuan2-7b-chat,Baichuan2-7B-Chat,vLLM,1,8748.079898010474,4.572431946934661,/home/onceas/Arantir/CUCUMIS-lorekeep/lorekeep/results/chapter5_baseline_variants/ratio_sweep_20step_5models_a100_overnight_baseline/raw/high_l10/baichuan2-7b-chat_strict_no_chunk.json,40.0,36.0,4.0,0.1,138.3037284540478,185.0161854759794,592.4157796782673,4430.46363448957,4518.093936168589,4918.9425735367695,138.21332700899802,142.3897150089033,153.3117371960543,4430.46363448957,4516.789571003756,4519.802035621251,490.92093150829896,606.5624985320028,649.0026550932089,3309.0915364737157,4928.520452108933,4957.254087825422
high_l10,high,10,baichuan2-7b-chat,Baichuan2-7B-Chat,CUCUMIS-II,1,8832.611282006837,4.528672067963087,/home/onceas/Arantir/CUCUMIS-lorekeep/lorekeep/results/chapter5_baseline_variants/ratio_sweep_20step_5models_a100_overnight_baseline/raw/high_l10/baichuan2-7b-chat_strict_no_chunk.json,40.0,36.0,4.0,0.1,142.02643203316256,212.68069119541946,619.0103496512164,4544.371408002917,4639.50957863708,5055.304479776532,141.69958396814764,146.73923296504654,177.9551616084063,4544.371408002917,4637.90338599938,4640.442223075661,500.96089197904803,635.2475778840017,683.959262582357,3405.6546824867837,5066.103687597206,5098.501311059226
high_l10,high,10,baichuan2-7b-chat,Baichuan2-7B-Chat,CUCUMIS-Strict,0,9461.093532037921,4.2278410909424755,/home/onceas/Arantir/CUCUMIS-lorekeep/lorekeep/results/chapter5_baseline_variants/ratio_sweep_20step_5models_a100_overnight_baseline/raw/high_l10/baichuan2-7b-chat_strict_no_chunk.json,40.0,36.0,4.0,0.1,162.7860360313207,211.20896347565625,693.9383392862509,5180.627612484386,5276.18373928708,5747.192235607654,162.17277050600387,171.8518915004097,176.27235639665741,5180.627612484386,5275.3767794929445,5276.951504600584,569.7064089763444,711.1749476753175,762.8847728425171,3866.1767255107407,5758.941199386027,5794.188090721145
high_l10,high,10,baichuan2-7b-chat,Baichuan2-7B-Chat,CUCUMIS-Strict,1,9381.362962012645,4.263772776084823,/home/onceas/Arantir/CUCUMIS-lorekeep/lorekeep/results/chapter5_baseline_variants/ratio_sweep_20step_5models_a100_overnight_baseline/raw/high_l10/baichuan2-7b-chat_strict_no_chunk.json,40.0,36.0,4.0,0.1,160.86582551361062,206.76819148357075,688.2098307588602,5112.335881014587,5200.707570323721,5671.789761317195,160.6049925321713,167.76188151561655,173.33066498395056,5112.335881014587,5200.087366014486,5203.21365899872,570.0577085081022,704.8017388209701,754.5774630072992,3819.4057935033925,5682.814107020386,5715.887144129956
high_l30,high,30,baichuan2-7b-chat,Baichuan2-7B-Chat,vLLM,0,8729.252593999263,4.582293795404333,/home/onceas/Arantir/CUCUMIS-lorekeep/lorekeep/results/chapter5_baseline_variants/ratio_sweep_20step_5models_a100_overnight_baseline/raw/high_l30/baichuan2-7b-chat_strict_no_chunk.json,40.0,28.0,12.0,0.3,170.89141948963515,677.2395491832867,802.2582400799729,4602.480678993743,5010.144327342277,5292.401278679026,142.56945499801077,192.81677160179242,200.4686001612572,4602.480678993743,4978.274671692634,4982.682415943127,621.0174025036395,789.1934976854827,802.9761729785241,3597.421436512377,5244.214608997572,5309.246282795211
high_l30,high,30,baichuan2-7b-chat,Baichuan2-7B-Chat,CUCUMIS-II,0,8820.67177805584,4.534801997679182,/home/onceas/Arantir/CUCUMIS-lorekeep/lorekeep/results/chapter5_baseline_variants/ratio_sweep_20step_5models_a100_overnight_baseline/raw/high_l30/baichuan2-7b-chat_strict_no_chunk.json,40.0,28.0,12.0,0.3,181.98561199824326,707.1883805503603,818.6306153587066,4784.664134000195,5211.976087716175,5483.0990584963,149.9352410028223,198.75175094930455,204.98010271345265,4784.664134000195,5164.362525491742,5168.191837414051,647.3947040503845,807.7937130117789,819.4975496805273,4308.275138988392,5419.658478948986,5507.3266375181265
high_l30,high,30,baichuan2-7b-chat,Baichuan2-7B-Chat,vLLM,1,8706.241916981526,4.5944048398172805,/home/onceas/Arantir/CUCUMIS-lorekeep/lorekeep/results/chapter5_baseline_variants/ratio_sweep_20step_5models_a100_overnight_baseline/raw/high_l30/baichuan2-7b-chat_strict_no_chunk.json,40.0,28.0,12.0,0.3,168.16983200260438,677.7970559953246,804.6469611750217,4596.051869040821,5027.513263805304,5313.891560854972,143.8545665005222,197.6476884970907,208.49246827419847,4596.051869040821,5015.136560291285,5026.162833541166,636.0908270289656,788.7804117344785,807.0363733690465,4436.879630986368,5247.683659737231,5338.887901164708
high_l30,high,30,baichuan2-7b-chat,Baichuan2-7B-Chat,CUCUMIS-II,1,8851.127868983895,4.519198071939275,/home/onceas/Arantir/CUCUMIS-lorekeep/lorekeep/results/chapter5_baseline_variants/ratio_sweep_20step_5models_a100_overnight_baseline/raw/high_l30/baichuan2-7b-chat_strict_no_chunk.json,40.0,28.0,12.0,0.3,168.74215498683043,681.6658516123425,818.5978232597699,4773.423621023539,5167.71152530564,5447.091410098947,147.58004501345567,199.37190191121772,216.63488047837745,4773.423621023539,5121.26056230627,5124.307369654998,638.5030029923655,797.895566484658,824.1959937493084,4175.384310481604,5393.343407427892,5467.150342983077
high_l30,high,30,baichuan2-7b-chat,Baichuan2-7B-Chat,CUCUMIS-Strict,0,8848.713935993146,4.5204309111288445,/home/onceas/Arantir/CUCUMIS-lorekeep/lorekeep/results/chapter5_baseline_variants/ratio_sweep_20step_5models_a100_overnight_baseline/raw/high_l30/baichuan2-7b-chat_strict_no_chunk.json,40.0,28.0,12.0,0.3,175.80105300294235,686.8638088286389,816.3758886093274,4799.896846496267,5229.288363817614,5490.734053186607,148.63074300228618,197.18735547503456,205.75905149045866,4799.896846496267,5167.925037973328,5170.1942820014665,644.1574215132277,802.3881120723672,819.252692903392,4327.049476501998,5440.249745111214,5509.224160348531
high_l30,high,30,baichuan2-7b-chat,Baichuan2-7B-Chat,CUCUMIS-Strict,1,8881.306354014669,4.503841935586263,/home/onceas/Arantir/CUCUMIS-lorekeep/lorekeep/results/chapter5_baseline_variants/ratio_sweep_20step_5models_a100_overnight_baseline/raw/high_l30/baichuan2-7b-chat_strict_no_chunk.json,40.0,28.0,12.0,0.3,170.61861048568971,685.4010465438478,822.350286320434,4794.476499489974,5190.881753072608,5467.244471200393,147.54371353774332,199.24676952068694,219.16700106521603,4794.476499489974,5146.373767481418,5147.2585495060775,637.8385675197933,799.7574363020249,828.8763387297513,3715.109115000814,5413.236655580113,5487.670465333504
high_l50,high,50,baichuan2-7b-chat,Baichuan2-7B-Chat,vLLM,0,9632.33804301126,4.152678178588426,/home/onceas/Arantir/CUCUMIS-lorekeep/lorekeep/results/chapter5_baseline_variants/ratio_sweep_20step_5models_a100_overnight_baseline/raw/high_l50/baichuan2-7b-chat_strict_no_chunk.json,40.0,20.0,20.0,0.5,364.264510513749,948.9047552808188,1068.905493193888,5652.6175839826465,5913.680475490401,6226.5038364281645,164.38497297349386,238.47828966681845,242.38056101603433,5793.939743016381,5906.051287864102,5917.222387678921,783.2918455242179,1013.6706917954143,1079.4415935949655,4461.99759299634,6079.21899400535,6241.877257224987
high_l50,high,50,baichuan2-7b-chat,Baichuan2-7B-Chat,CUCUMIS-II,0,9671.86144203879,4.135708543770057,/home/onceas/Arantir/CUCUMIS-lorekeep/lorekeep/results/chapter5_baseline_variants/ratio_sweep_20step_5models_a100_overnight_baseline/raw/high_l50/baichuan2-7b-chat_strict_no_chunk.json,40.0,20.0,20.0,0.5,364.72024201066233,937.4383688787931,1047.4359184654895,5631.863673974294,5893.442903005052,6199.262407780625,163.89050701400265,240.6694291101303,246.01666303351521,5768.75358299003,5888.993249612395,5890.31015858287,784.2588409839664,1004.7524095105473,1060.7874674641062,3886.0320344974753,6057.521726679988,6215.31838377472
high_l50,high,50,baichuan2-7b-chat,Baichuan2-7B-Chat,vLLM,1,9689.357894996647,4.128240532910343,/home/onceas/Arantir/CUCUMIS-lorekeep/lorekeep/results/chapter5_baseline_variants/ratio_sweep_20step_5models_a100_overnight_baseline/raw/high_l50/baichuan2-7b-chat_strict_no_chunk.json,40.0,20.0,20.0,0.5,360.0999414920807,931.1491947679315,1055.996088727261,5655.2245230122935,5915.363097039517,6195.088781616068,170.423096511513,241.27638101344928,241.27638101344928,5776.475669990759,5881.0704263160005,5882.228470891132,776.8823090009391,1006.8493956292514,1069.0354955237126,3848.1028024980333,6046.327286196174,6210.175345420721
high_l50,high,50,baichuan2-7b-chat,Baichuan2-7B-Chat,CUCUMIS-II,1,9702.5311079924,4.122635583930285,/home/onceas/Arantir/CUCUMIS-lorekeep/lorekeep/results/chapter5_baseline_variants/ratio_sweep_20step_5models_a100_overnight_baseline/raw/high_l50/baichuan2-7b-chat_strict_no_chunk.json,40.0,20.0,20.0,0.5,363.9974920079112,951.0959615872708,1061.0964704788057,5675.264463498024,5921.993864001706,6219.262740336708,165.5996534973383,239.87317459541373,246.15729501238093,5800.937702471856,5902.513620938407,5903.535070954822,785.1617200067267,1008.4242066950537,1075.179272274836,3913.931088987738,6068.226322787814,6234.540223732474
high_l50,high,50,baichuan2-7b-chat,Baichuan2-7B-Chat,CUCUMIS-Strict,0,9717.187078029383,4.116417609211233,/home/onceas/Arantir/CUCUMIS-lorekeep/lorekeep/results/chapter5_baseline_variants/ratio_sweep_20step_5models_a100_overnight_baseline/raw/high_l50/baichuan2-7b-chat_strict_no_chunk.json,40.0,20.0,20.0,0.5,362.8934485313948,940.9246156224981,1045.1044652203564,5692.757794022327,5958.10027847765,6260.159350282629,168.6500934883952,241.59949203021824,241.59949203021824,5795.130712504033,5916.32833101321,5917.109303729958,756.0609604988713,972.4497669085396,1056.2306292180438,5413.373121526092,6182.262948009884,6262.679376281449
high_l50,high,50,baichuan2-7b-chat,Baichuan2-7B-Chat,CUCUMIS-Strict,1,9743.891821999568,4.105135887252851,/home/onceas/Arantir/CUCUMIS-lorekeep/lorekeep/results/chapter5_baseline_variants/ratio_sweep_20step_5models_a100_overnight_baseline/raw/high_l50/baichuan2-7b-chat_strict_no_chunk.json,40.0,20.0,20.0,0.5,362.86818800726905,952.1168766077608,1057.672115546302,5712.242530513322,5957.224140613107,6256.19880505139,164.88792898599058,238.61734071397223,241.8812420219183,5795.381442498183,5905.232852080371,5908.131514126435,782.5873189722188,984.0187705936843,1069.2565537552582,5459.987210982945,6182.297296804609,6257.652334256563
high_l70,high,70,baichuan2-7b-chat,Baichuan2-7B-Chat,vLLM,0,10329.086191020906,3.872559417189497,/home/onceas/Arantir/CUCUMIS-lorekeep/lorekeep/results/chapter5_baseline_variants/ratio_sweep_20step_5models_a100_overnight_baseline/raw/high_l70/baichuan2-7b-chat_strict_no_chunk.json,40.0,12.0,28.0,0.7,842.9846029903274,1878.0496184597723,2099.0096238430124,6793.803449982079,7179.276893928181,7441.827986756689,153.16721849376336,212.59140688343905,213.74456997727975,7024.183397501474,7167.552715481725,7175.375491249724,1649.131921469234,1939.927687193267,2109.0368651167955,6158.04156602826,7252.861511858646,7448.960836675833
high_l70,high,70,baichuan2-7b-chat,Baichuan2-7B-Chat,CUCUMIS-II,0,10673.778372991364,3.7475014565802587,/home/onceas/Arantir/CUCUMIS-lorekeep/lorekeep/results/chapter5_baseline_variants/ratio_sweep_20step_5models_a100_overnight_baseline/raw/high_l70/baichuan2-7b-chat_strict_no_chunk.json,40.0,12.0,28.0,0.7,814.066114515299,1872.340100404108,1956.6007407044526,6595.847359014442,6864.2739552713465,7091.934345742338,155.43107350822538,205.913508113008,212.08709496306255,6674.4892679853365,6793.165850278456,6804.830303997733,1218.6956134974025,1930.6521935912315,1958.2209531019907,5399.560864520026,6913.524603372207,7099.61795966432
high_l70,high,70,baichuan2-7b-chat,Baichuan2-7B-Chat,vLLM,1,10415.024051966611,3.8406056289852755,/home/onceas/Arantir/CUCUMIS-lorekeep/lorekeep/results/chapter5_baseline_variants/ratio_sweep_20step_5models_a100_overnight_baseline/raw/high_l70/baichuan2-7b-chat_strict_no_chunk.json,40.0,12.0,28.0,0.7,854.017179022776,1936.0929413174747,2127.4051030300325,6807.165449514287,7247.3372180364095,7527.916514968383,151.82455099420622,211.99979791417718,212.558176019229,7063.338553009089,7201.471815316472,7208.33193542785,1670.8690239756834,2030.547406367259,2137.9042439506156,6179.565396538237,7405.281865678262,7533.038729125983
high_l70,high,70,baichuan2-7b-chat,Baichuan2-7B-Chat,CUCUMIS-II,1,10694.547988998238,3.740223527085862,/home/onceas/Arantir/CUCUMIS-lorekeep/lorekeep/results/chapter5_baseline_variants/ratio_sweep_20step_5models_a100_overnight_baseline/raw/high_l70/baichuan2-7b-chat_strict_no_chunk.json,40.0,12.0,28.0,0.7,817.6609130168799,1889.709464716725,1971.4841989293927,6623.2902295014355,6894.401793717407,7115.06626536604,155.0874560198281,206.78207710152492,212.6051746273879,6700.116535474081,6821.901567617897,6825.485353153199,1229.8020340094808,1948.5017795930617,1973.4299404948251,5420.629881031346,6941.346186114242,7122.912825238891
high_l70,high,70,baichuan2-7b-chat,Baichuan2-7B-Chat,CUCUMIS-Strict,0,11170.66615296062,3.580807039819965,/home/onceas/Arantir/CUCUMIS-lorekeep/lorekeep/results/chapter5_baseline_variants/ratio_sweep_20step_5models_a100_overnight_baseline/raw/high_l70/baichuan2-7b-chat_strict_no_chunk.json,40.0,12.0,28.0,0.7,884.8976389854215,1917.4040620971937,2030.0412115448853,6983.3841345098335,7294.042384962086,7457.999939441215,173.5888130206149,212.93551794951782,214.75540422135964,6995.90139000793,7132.907367800362,7148.331347674248,1233.7226294912398,1953.6580064159352,2038.5758799797622,5264.311746519525,7295.224522380158,7465.347040842753
high_l70,high,70,baichuan2-7b-chat,Baichuan2-7B-Chat,CUCUMIS-Strict,1,10691.287761030253,3.741364080181249,/home/onceas/Arantir/CUCUMIS-lorekeep/lorekeep/results/chapter5_baseline_variants/ratio_sweep_20step_5models_a100_overnight_baseline/raw/high_l70/baichuan2-7b-chat_strict_no_chunk.json,40.0,12.0,28.0,0.7,862.2665994917043,1983.3188353688456,2112.8251965966774,6668.057451490313,7024.819838744588,7271.467821070692,172.05434050993063,210.51296650548466,212.64680800959468,6792.205933510559,7020.160671742633,7038.855774440453,1288.1303619942628,2003.6304979585111,2118.5468588763615,6138.523910980439,6976.245936501073,7275.645475507481
high_l90,high,90,baichuan2-7b-chat,Baichuan2-7B-Chat,vLLM,0,11842.833023983985,3.3775702079892884,/home/onceas/Arantir/CUCUMIS-lorekeep/lorekeep/results/chapter5_baseline_variants/ratio_sweep_20step_5models_a100_overnight_baseline/raw/high_l90/baichuan2-7b-chat_strict_no_chunk.json,40.0,4.0,36.0,0.9,1898.8168514915742,2828.3984548121225,2957.2458188742166,7991.657880018465,9138.30181399826,9348.808171565179,171.35844202130102,172.23231989773922,172.47072908852715,8919.655523000984,8945.900681684725,8954.91552026011,2178.375586983748,2841.2986140174326,2959.0736206358997,7646.051839517895,9194.20376198832,9353.169307403732
high_l90,high,90,baichuan2-7b-chat,Baichuan2-7B-Chat,CUCUMIS-II,0,11886.548992013559,3.365148288782182,/home/onceas/Arantir/CUCUMIS-lorekeep/lorekeep/results/chapter5_baseline_variants/ratio_sweep_20step_5models_a100_overnight_baseline/raw/high_l90/baichuan2-7b-chat_strict_no_chunk.json,40.0,4.0,36.0,0.9,1653.5115525184665,2973.120096430648,3156.625840982306,7813.188265485223,8233.403546886984,8368.001287836814,165.2055539889261,165.45846097869799,165.45846097869799,7965.4476849827915,7997.703061986249,8010.1444216875825,1743.7500479863957,2975.475170009304,3163.039775341167,7612.76089650346,8241.944582492579,8372.541262517916
high_l90,high,90,baichuan2-7b-chat,Baichuan2-7B-Chat,vLLM,1,11829.068885999732,3.3815003011219176,/home/onceas/Arantir/CUCUMIS-lorekeep/lorekeep/results/chapter5_baseline_variants/ratio_sweep_20step_5models_a100_overnight_baseline/raw/high_l90/baichuan2-7b-chat_strict_no_chunk.json,40.0,4.0,36.0,0.9,1908.5336120042484,2842.648656765232,2967.832498731441,7904.6792529698,9138.467184797628,9342.727079605102,170.67834749468602,171.15768161020242,171.17242307809647,8910.216522490373,8934.681530419039,8943.35083138023,2190.025117015466,2854.3763959605712,2969.5157128124265,6815.341371489922,9191.549395996844,9347.12877892598
high_l90,high,90,baichuan2-7b-chat,Baichuan2-7B-Chat,CUCUMIS-II,1,11874.692054989282,3.3685084055037504,/home/onceas/Arantir/CUCUMIS-lorekeep/lorekeep/results/chapter5_baseline_variants/ratio_sweep_20step_5models_a100_overnight_baseline/raw/high_l90/baichuan2-7b-chat_strict_no_chunk.json,40.0,4.0,36.0,0.9,1663.2937984832097,3019.2884123593103,3200.036356006749,7817.4067299987655,8273.540146119194,8419.591375766904,166.89747449709103,167.83755010110326,167.88106140389573,8017.4625939980615,8050.830106413923,8062.821571056265,1751.7359649937134,3043.4996339899953,3203.5248880041763,7619.695685018087,8286.878334503854,8423.909070764785
high_l90,high,90,baichuan2-7b-chat,Baichuan2-7B-Chat,CUCUMIS-Strict,0,12294.209006009623,3.2535643391492126,/home/onceas/Arantir/CUCUMIS-lorekeep/lorekeep/results/chapter5_baseline_variants/ratio_sweep_20step_5models_a100_overnight_baseline/raw/high_l90/baichuan2-7b-chat_strict_no_chunk.json,40.0,4.0,36.0,0.9,1722.289046505466,2977.2237529279664,3259.143120555673,8142.133586021373,8492.605578002986,8598.689564929227,174.08863999298774,174.960294686025,175.0662213488249,8142.133586021373,8164.564304606756,8172.540185062098,1812.7402675163466,2982.0379965240136,3268.6110003967765,8028.59744001762,8501.657698012423,8601.404393449775
high_l90,high,90,baichuan2-7b-chat,Baichuan2-7B-Chat,CUCUMIS-Strict,1,12018.987648014445,3.328067319098049,/home/onceas/Arantir/CUCUMIS-lorekeep/lorekeep/results/chapter5_baseline_variants/ratio_sweep_20step_5models_a100_overnight_baseline/raw/high_l90/baichuan2-7b-chat_strict_no_chunk.json,40.0,4.0,36.0,0.9,1741.4408519980498,2991.468195116613,3261.687066004961,8033.543014025781,8429.424739966635,8566.193935162155,173.53793850634247,175.0168830389157,175.23821554263122,8150.796011002967,8170.434676663717,8177.227696028422,1912.3424279969186,2996.999559516553,3268.015430725063,7785.83726551733,8429.424739966635,8570.59590704157
mid_l10,mid,10,qwen2.5-7b-instruct,Qwen2.5-7B-Instruct,vLLM,0,9819.102597015444,4.073692030894774,/home/onceas/Arantir/CUCUMIS-lorekeep/lorekeep/results/chapter5_baseline_variants/ratio_sweep_20step_5models_a100_overnight_baseline/raw/mid_l10/qwen2.5-7b-instruct_strict_no_chunk.json,40.0,36.0,4.0,0.1,125.65467250533402,153.95006060134656,516.9917495391563,4105.813069996657,4146.054072177503,4509.49101535778,125.4532860184554,127.36448302166536,128.6267780145863,4103.994948498439,4119.76189352572,4121.124912885716,442.92078900616616,527.8808904869948,560.5483133305097,4437.2345639858395,4519.924605201231,4551.225374731584
mid_l10,mid,10,qwen2.5-7b-instruct,Qwen2.5-7B-Instruct,CUCUMIS-II,0,9839.220759982709,4.065362590773936,/home/onceas/Arantir/CUCUMIS-lorekeep/lorekeep/results/chapter5_baseline_variants/ratio_sweep_20step_5models_a100_overnight_baseline/raw/mid_l10/qwen2.5-7b-instruct_strict_no_chunk.json,40.0,36.0,4.0,0.1,126.85023449012078,156.59791702637486,522.0036865613655,4108.80821198225,4149.752832413651,4515.898645264679,126.63289948250167,129.8453149793204,131.29053602460772,4106.097041483736,4121.657197974855,4124.792419947335,441.7277389729861,532.8874009603169,565.5385441571707,4434.640458464855,4526.687973964727,4559.05596006487
mid_l10,mid,10,qwen2.5-7b-instruct,Qwen2.5-7B-Instruct,vLLM,1,9810.626258025877,4.077211683329268,/home/onceas/Arantir/CUCUMIS-lorekeep/lorekeep/results/chapter5_baseline_variants/ratio_sweep_20step_5models_a100_overnight_baseline/raw/mid_l10/qwen2.5-7b-instruct_strict_no_chunk.json,40.0,36.0,4.0,0.1,125.05479002720676,152.37904358655248,513.9696968137285,4060.5570639891084,4093.1398775312123,4454.921792272362,124.97494698618539,126.0642139823176,127.49518854252528,4059.753580018878,4067.8173295164015,4068.2230153353885,437.7269805117976,524.7434403863735,557.0646711043082,4378.224943531677,4465.742233517813,4498.2035572541645
mid_l10,mid,10,qwen2.5-7b-instruct,Qwen2.5-7B-Instruct,CUCUMIS-II,1,9853.050809993874,4.059656320804548,/home/onceas/Arantir/CUCUMIS-lorekeep/lorekeep/results/chapter5_baseline_variants/ratio_sweep_20step_5models_a100_overnight_baseline/raw/mid_l10/qwen2.5-7b-instruct_strict_no_chunk.json,40.0,36.0,4.0,0.1,126.80372048635036,162.1602380764674,518.9135990053181,4119.935634516878,4152.402562479256,4514.345693932846,126.28460800624453,128.0790485034231,137.40746682451572,4118.681856489275,4125.010574964108,4127.733755973168,442.46884653693996,529.7438226232771,562.2344934771536,4435.811930510681,4525.168443412986,4557.636691853404
mid_l10,mid,10,qwen2.5-7b-instruct,Qwen2.5-7B-Instruct,CUCUMIS-Strict,0,9858.584335015621,4.057377676217508,/home/onceas/Arantir/CUCUMIS-lorekeep/lorekeep/results/chapter5_baseline_variants/ratio_sweep_20step_5models_a100_overnight_baseline/raw/mid_l10/qwen2.5-7b-instruct_strict_no_chunk.json,40.0,36.0,4.0,0.1,126.92820001393557,161.48245772346888,523.4498844976769,4131.085141008953,4167.968648776878,4533.690291768289,126.58284499775618,129.68979650759138,134.30791966966353,4130.197213991778,4138.132878986653,4142.332379947766,442.92145999497734,534.4575603085104,567.4805877410108,4448.6062484793365,4544.632226898102,4577.458032287541
mid_l10,mid,10,qwen2.5-7b-instruct,Qwen2.5-7B-Instruct,CUCUMIS-Strict,1,9822.222237009555,4.072398183914263,/home/onceas/Arantir/CUCUMIS-lorekeep/lorekeep/results/chapter5_baseline_variants/ratio_sweep_20step_5models_a100_overnight_baseline/raw/mid_l10/qwen2.5-7b-instruct_strict_no_chunk.json,40.0,36.0,4.0,0.1,126.31087249610573,154.10433158394918,523.2933263888116,4102.536841499386,4138.167275488377,4503.111122386181,125.90740650193766,127.50537501415238,128.55156023579184,4102.033900475362,4110.479646507883,4113.5847180499695,442.96156999189407,534.9136779201217,569.7747325140517,4425.295244000154,4513.97947522928,4546.584533758578
mid_l30,mid,30,qwen2.5-7b-instruct,Qwen2.5-7B-Instruct,vLLM,0,9872.593758977018,4.051620169585985,/home/onceas/Arantir/CUCUMIS-lorekeep/lorekeep/results/chapter5_baseline_variants/ratio_sweep_20step_5models_a100_overnight_baseline/raw/mid_l30/qwen2.5-7b-instruct_strict_no_chunk.json,40.0,28.0,12.0,0.3,128.97778701153584,535.3765223640949,696.0589680017438,4457.674928475171,4772.16588461888,4887.274711938226,127.59791599819437,164.46963832131587,183.30919019528665,4299.089712498244,4483.906247001141,4485.971171387937,509.4378104840871,675.3616056637838,700.3852200217079,4728.5432544886135,4858.60222998308,4897.603026016732
mid_l30,mid,30,qwen2.5-7b-instruct,Qwen2.5-7B-Instruct,CUCUMIS-II,0,9925.028470985126,4.030215139123901,/home/onceas/Arantir/CUCUMIS-lorekeep/lorekeep/results/chapter5_baseline_variants/ratio_sweep_20step_5models_a100_overnight_baseline/raw/mid_l30/qwen2.5-7b-instruct_strict_no_chunk.json,40.0,28.0,12.0,0.3,131.2873804999981,529.4677783967927,695.3802731167525,4491.134036012227,4811.819306551479,4924.125259395223,127.87042997661047,163.46784182242118,183.3992646425031,4355.3421034885105,4498.583859496284,4510.136892927112,517.0960404793732,672.5041143596172,701.7794748954475,4787.100611021742,4889.091988786822,4937.141938598361
mid_l30,mid,30,qwen2.5-7b-instruct,Qwen2.5-7B-Instruct,vLLM,1,9900.580867019016,4.0401669899236605,/home/onceas/Arantir/CUCUMIS-lorekeep/lorekeep/results/chapter5_baseline_variants/ratio_sweep_20step_5models_a100_overnight_baseline/raw/mid_l30/qwen2.5-7b-instruct_strict_no_chunk.json,40.0,28.0,12.0,0.3,128.50236348458566,531.2136251130141,690.233163178782,4429.221918515395,4745.688935590442,4856.967547404929,127.26104198372923,159.17196872178465,182.16327849018853,4271.082967985421,4440.06476404611,4445.801397136529,515.3311400208622,669.6024643431883,694.7709198942175,4709.844600496581,4823.782639118144,4869.261563124019
mid_l30,mid,30,qwen2.5-7b-instruct,Qwen2.5-7B-Instruct,CUCUMIS-II,1,9826.104746025521,4.070789090272955,/home/onceas/Arantir/CUCUMIS-lorekeep/lorekeep/results/chapter5_baseline_variants/ratio_sweep_20step_5models_a100_overnight_baseline/raw/mid_l30/qwen2.5-7b-instruct_strict_no_chunk.json,40.0,28.0,12.0,0.3,130.18364549498074,535.0718425179366,699.4289226201363,4450.331677508075,4762.169645511312,4879.028945703758,127.79118597973138,161.55226818518713,183.28670132323168,4273.211440508021,4475.245350692421,4478.286532863858,504.40296801389195,676.3733988103922,704.9457973265089,4719.483560533263,4850.894797575893,4889.091649841284
mid_l30,mid,30,qwen2.5-7b-instruct,Qwen2.5-7B-Instruct,CUCUMIS-Strict,0,9844.46241700789,4.063197999607737,/home/onceas/Arantir/CUCUMIS-lorekeep/lorekeep/results/chapter5_baseline_variants/ratio_sweep_20step_5models_a100_overnight_baseline/raw/mid_l30/qwen2.5-7b-instruct_strict_no_chunk.json,40.0,28.0,12.0,0.3,130.03354347893037,528.2324816565961,693.3920500363456,4475.687453028513,4794.747642840957,4908.260112983407,127.49132397584617,162.87892584805377,193.00785939965863,4301.116156508215,4491.058686072938,4498.067428571521,503.83161852369085,673.450122482609,699.5591863902519,4759.381299518282,4876.413365267217,4919.764204468811
mid_l30,mid,30,qwen2.5-7b-instruct,Qwen2.5-7B-Instruct,CUCUMIS-Strict,1,9863.340929034166,4.055421006715304,/home/onceas/Arantir/CUCUMIS-lorekeep/lorekeep/results/chapter5_baseline_variants/ratio_sweep_20step_5models_a100_overnight_baseline/raw/mid_l30/qwen2.5-7b-instruct_strict_no_chunk.json,40.0,28.0,12.0,0.3,129.34815100743435,529.8479676013812,680.374752151547,4425.891024526209,4742.336027818965,4854.036482361262,127.12553850724362,163.99311369168572,183.49894830549601,4259.0919109934475,4438.56835377519,4447.217179296422,499.4655570189934,665.5925545259379,683.6937413865235,4700.826259475434,4821.415806532605,4866.218743622885
mid_l50,mid,50,qwen2.5-7b-instruct,Qwen2.5-7B-Instruct,vLLM,0,10454.015732044354,3.8262808307614558,/home/onceas/Arantir/CUCUMIS-lorekeep/lorekeep/results/chapter5_baseline_variants/ratio_sweep_20step_5models_a100_overnight_baseline/raw/mid_l50/qwen2.5-7b-instruct_strict_no_chunk.json,40.0,20.0,20.0,0.5,304.98797103064135,671.2279582861811,800.3774719830835,4988.374520005891,5391.820053127594,5519.975554952398,129.87739950767718,221.0162961971946,228.73814502963796,4970.841813512379,5114.333612809423,5117.557440164965,591.1422285134904,740.342705999501,809.2333555856021,5239.66978903627,5445.899050874868,5525.5925457552075
mid_l50,mid,50,qwen2.5-7b-instruct,Qwen2.5-7B-Instruct,CUCUMIS-II,0,10411.651157017332,3.8418498081392656,/home/onceas/Arantir/CUCUMIS-lorekeep/lorekeep/results/chapter5_baseline_variants/ratio_sweep_20step_5models_a100_overnight_baseline/raw/mid_l50/qwen2.5-7b-instruct_strict_no_chunk.json,40.0,20.0,20.0,0.5,305.02089497167617,672.0234001229983,831.0653577547055,4996.529741503764,5411.078268580604,5528.836701640976,130.3205135045573,172.97007640008823,226.5323546336731,4963.722254498862,5131.74173340085,5136.142508943449,600.6553724873811,747.8518149699086,834.1738491540309,5232.960399007425,5460.92954739579,5531.886302847997
mid_l50,mid,50,qwen2.5-7b-instruct,Qwen2.5-7B-Instruct,vLLM,1,10470.906807051506,3.820108490800671,/home/onceas/Arantir/CUCUMIS-lorekeep/lorekeep/results/chapter5_baseline_variants/ratio_sweep_20step_5models_a100_overnight_baseline/raw/mid_l50/qwen2.5-7b-instruct_strict_no_chunk.json,40.0,20.0,20.0,0.5,304.54353598179296,668.1458970764652,800.9178754501045,4939.820219995454,5340.248457214329,5465.79145591706,129.43256899598055,184.996277402388,227.70350921084173,4920.99522499484,5062.531406909693,5063.939884332358,590.1685344870202,739.0850433905144,804.0596080571413,5191.639178490732,5392.110068129841,5471.48044670932
mid_l50,mid,50,qwen2.5-7b-instruct,Qwen2.5-7B-Instruct,CUCUMIS-II,1,10401.50973998243,3.845595591401866,/home/onceas/Arantir/CUCUMIS-lorekeep/lorekeep/results/chapter5_baseline_variants/ratio_sweep_20step_5models_a100_overnight_baseline/raw/mid_l50/qwen2.5-7b-instruct_strict_no_chunk.json,40.0,20.0,20.0,0.5,305.11542898602784,676.5069905261043,814.8225186747732,4960.058189986739,5386.1922007694375,5502.171886421274,130.87401699158363,224.55601310939528,230.10885197436437,4928.668758511776,5105.641220306279,5108.226765111904,580.8374065090902,747.9990509105847,818.1593198800692,5199.635759025114,5431.538804614684,5505.895462620538
mid_l50,mid,50,qwen2.5-7b-instruct,Qwen2.5-7B-Instruct,CUCUMIS-Strict,0,10391.620041977149,3.849255442213941,/home/onceas/Arantir/CUCUMIS-lorekeep/lorekeep/results/chapter5_baseline_variants/ratio_sweep_20step_5models_a100_overnight_baseline/raw/mid_l50/qwen2.5-7b-instruct_strict_no_chunk.json,40.0,20.0,20.0,0.5,306.7204780236352,662.1220426575746,808.9375008002389,4943.108879990177,5330.658185493667,5467.966836419655,128.90897947363555,164.79673801222816,209.81873637996608,4896.544588031247,5054.555583820911,5075.389757527155,579.6411899791565,741.4002671954223,810.7855486089829,5170.694275991991,5397.0709610846825,5472.46655722498
mid_l50,mid,50,qwen2.5-7b-instruct,Qwen2.5-7B-Instruct,CUCUMIS-Strict,1,10379.213920037728,3.853856400702704,/home/onceas/Arantir/CUCUMIS-lorekeep/lorekeep/results/chapter5_baseline_variants/ratio_sweep_20step_5models_a100_overnight_baseline/raw/mid_l50/qwen2.5-7b-instruct_strict_no_chunk.json,40.0,20.0,20.0,0.5,282.8347864851821,638.0559035809711,799.4767894828692,4868.821061012568,5262.532166327583,5397.529674880789,127.86384799983352,164.2537784704473,184.12068465782792,4844.22273049131,5002.411173313158,5009.934157296666,569.2264005192555,705.3668359119912,802.2534594731405,5099.528282007668,5328.3475137955975,5401.088956476306
mid_l70,mid,70,qwen2.5-7b-instruct,Qwen2.5-7B-Instruct,vLLM,0,10968.565636023413,3.6467849422927605,/home/onceas/Arantir/CUCUMIS-lorekeep/lorekeep/results/chapter5_baseline_variants/ratio_sweep_20step_5models_a100_overnight_baseline/raw/mid_l70/qwen2.5-7b-instruct_strict_no_chunk.json,40.0,12.0,28.0,0.7,592.4605400068685,1337.8574239264708,1542.7046796388458,6438.159256475046,6759.232603909913,6889.358015934704,132.47921800939366,177.23518739221618,196.696827414562,6438.159256475046,6494.52880883473,6503.468691402231,960.3736294957343,1397.40254530916,1557.0315736008342,6453.7300349911675,6839.386126567842,6889.575263339793
mid_l70,mid,70,qwen2.5-7b-instruct,Qwen2.5-7B-Instruct,CUCUMIS-II,0,11605.900813010521,3.446522647786111,/home/onceas/Arantir/CUCUMIS-lorekeep/lorekeep/results/chapter5_baseline_variants/ratio_sweep_20step_5models_a100_overnight_baseline/raw/mid_l70/qwen2.5-7b-instruct_strict_no_chunk.json,40.0,12.0,28.0,0.7,646.7609080136754,1384.9714174168184,1451.9669705670094,6661.782883980777,6964.903291675728,7118.974434927804,147.2085704735946,192.72004240192473,199.58819929277524,6619.973155495245,6664.543248683913,6665.549834328704,1009.7431240137666,1405.013286974281,1460.5135544080986,6758.8743085216265,7047.4219352181535,7121.54624540708
mid_l70,mid,70,qwen2.5-7b-instruct,Qwen2.5-7B-Instruct,vLLM,1,10948.671399033628,3.6534113174252862,/home/onceas/Arantir/CUCUMIS-lorekeep/lorekeep/results/chapter5_baseline_variants/ratio_sweep_20step_5models_a100_overnight_baseline/raw/mid_l70/qwen2.5-7b-instruct_strict_no_chunk.json,40.0,12.0,28.0,0.7,581.2477954896167,1330.3247998876031,1548.2650144322542,6468.423471989809,6768.660510290647,6926.6377349960385,128.21635598083958,177.3216778121423,197.05077818827704,6468.423471989809,6500.524758337997,6503.107124436647,1035.5086124909576,1368.5508034948725,1562.376258908189,6474.941288499394,6837.621854397003,6929.406866994104
mid_l70,mid,70,qwen2.5-7b-instruct,Qwen2.5-7B-Instruct,CUCUMIS-II,1,11469.767939997837,3.4874288834136205,/home/onceas/Arantir/CUCUMIS-lorekeep/lorekeep/results/chapter5_baseline_variants/ratio_sweep_20step_5models_a100_overnight_baseline/raw/mid_l70/qwen2.5-7b-instruct_strict_no_chunk.json,40.0,12.0,28.0,0.7,639.6768959821202,1280.3483914001847,1506.9422079820652,6595.200828509405,6895.487440668512,7045.02306441369,145.7866659911815,177.50329717528075,198.4322554472601,6515.727881487692,6654.1640180919785,6656.570604764274,985.4998470109422,1385.1045111892745,1529.3581741361413,6656.933491030941,6919.697569380514,7050.768753209268
mid_l70,mid,70,qwen2.5-7b-instruct,Qwen2.5-7B-Instruct,CUCUMIS-Strict,0,11650.337939034216,3.4333768006832512,/home/onceas/Arantir/CUCUMIS-lorekeep/lorekeep/results/chapter5_baseline_variants/ratio_sweep_20step_5models_a100_overnight_baseline/raw/mid_l70/qwen2.5-7b-instruct_strict_no_chunk.json,40.0,12.0,28.0,0.7,639.0810549783055,1312.410178827122,1522.0266747684218,6686.683053500019,6991.3615338737145,7160.109609074425,146.72798849642277,178.2601036306005,200.1291153661441,6645.206601999234,6691.130817099474,6693.94994796603,996.3614399894141,1393.8873717212118,1544.2037665308453,6834.63685651077,7076.238330092747,7161.577224440407
mid_l70,mid,70,qwen2.5-7b-instruct,Qwen2.5-7B-Instruct,CUCUMIS-Strict,1,11618.547627993394,3.4427711002040526,/home/onceas/Arantir/CUCUMIS-lorekeep/lorekeep/results/chapter5_baseline_variants/ratio_sweep_20step_5models_a100_overnight_baseline/raw/mid_l70/qwen2.5-7b-instruct_strict_no_chunk.json,40.0,12.0,28.0,0.7,624.8951090092305,1389.3319232040085,1470.2524353488116,6622.500199999195,6983.51635839208,7084.64258308406,143.24713550740853,177.98412212869152,213.10225193563386,6451.235009008087,6583.661713491892,6609.274422437302,996.1259754782077,1402.3636640049517,1480.5743857141351,6804.057868022937,6994.2715072014835,7093.635266445344
mid_l90,mid,90,qwen2.5-7b-instruct,Qwen2.5-7B-Instruct,vLLM,0,12205.66311699804,3.2771672965719154,/home/onceas/Arantir/CUCUMIS-lorekeep/lorekeep/results/chapter5_baseline_variants/ratio_sweep_20step_5models_a100_overnight_baseline/raw/mid_l90/qwen2.5-7b-instruct_strict_no_chunk.json,40.0,4.0,36.0,0.9,1810.6114445254207,2321.2861960055307,2620.882759364904,8370.451651979238,9317.866265168414,9706.987337695318,159.82011100277305,411.9049929955509,509.13773319276504,9122.800092969555,9324.851514375769,9327.994876519078,1917.3235720372759,2321.2861960055307,2623.178211323102,8077.809938491555,9247.673728998052,9708.470446857973
mid_l90,mid,90,qwen2.5-7b-instruct,Qwen2.5-7B-Instruct,CUCUMIS-II,0,11555.447179998737,3.4615709264143226,/home/onceas/Arantir/CUCUMIS-lorekeep/lorekeep/results/chapter5_baseline_variants/ratio_sweep_20step_5models_a100_overnight_baseline/raw/mid_l90/qwen2.5-7b-instruct_strict_no_chunk.json,40.0,4.0,36.0,0.9,1242.7667150041088,1820.709291729145,2052.6593164668884,7335.539573017741,7865.487623208901,7916.853900952265,125.96845798543654,159.53976749442518,172.35168464947492,7532.741229981184,7560.885558510199,7571.3609172578435,1329.1162800160237,1872.9244425194338,2058.0605813476723,7127.754690969596,7865.733528014971,7917.9738943930715
mid_l90,mid,90,qwen2.5-7b-instruct,Qwen2.5-7B-Instruct,vLLM,1,11470.499654999003,3.4872064167289736,/home/onceas/Arantir/CUCUMIS-lorekeep/lorekeep/results/chapter5_baseline_variants/ratio_sweep_20step_5models_a100_overnight_baseline/raw/mid_l90/qwen2.5-7b-instruct_strict_no_chunk.json,40.0,4.0,36.0,0.9,1323.8715445040725,1899.85444402555,2054.9200946686324,7687.162301968783,8358.18244246766,8401.682490473613,127.32108953059651,159.3132002861239,171.4477559912484,8020.280130003812,8048.297833278775,8058.697414896451,1353.7552534835413,1899.85444402555,2060.2091205480974,7410.618515015813,8359.040776500478,8402.869686111808
mid_l90,mid,90,qwen2.5-7b-instruct,Qwen2.5-7B-Instruct,CUCUMIS-II,1,11602.83646703465,3.447432885367801,/home/onceas/Arantir/CUCUMIS-lorekeep/lorekeep/results/chapter5_baseline_variants/ratio_sweep_20step_5models_a100_overnight_baseline/raw/mid_l90/qwen2.5-7b-instruct_strict_no_chunk.json,40.0,4.0,36.0,0.9,1216.8832599709276,1829.6728356101087,2059.0673093288206,7362.414572009584,7880.539957561996,7933.755476227379,125.31079951440915,158.54171172250062,171.2678865971975,7554.559568030527,7583.8487376167905,7594.57050456258,1295.7595569896512,1879.697570024291,2064.290663448628,7154.608030017698,7881.317207997199,7934.705507589388
mid_l90,mid,90,qwen2.5-7b-instruct,Qwen2.5-7B-Instruct,CUCUMIS-Strict,0,11593.223952979315,3.450291322089098,/home/onceas/Arantir/CUCUMIS-lorekeep/lorekeep/results/chapter5_baseline_variants/ratio_sweep_20step_5models_a100_overnight_baseline/raw/mid_l90/qwen2.5-7b-instruct_strict_no_chunk.json,40.0,4.0,36.0,0.9,1238.937577465549,1816.6220347105993,2046.8422217963962,7347.968176502036,7865.795834898017,7923.129338516737,129.4594345090445,159.49014002690092,170.95921622705646,7538.868773001013,7562.247665115865,7570.807951128227,1323.9216480287723,1866.2519975041505,2052.1416313567897,7140.716114983661,7865.881658508442,7924.390574157587
mid_l90,mid,90,qwen2.5-7b-instruct,Qwen2.5-7B-Instruct,CUCUMIS-Strict,1,11670.12619401794,3.427555052532666,/home/onceas/Arantir/CUCUMIS-lorekeep/lorekeep/results/chapter5_baseline_variants/ratio_sweep_20step_5models_a100_overnight_baseline/raw/mid_l90/qwen2.5-7b-instruct_strict_no_chunk.json,40.0,4.0,36.0,0.9,1248.6815195006784,1782.5782906904353,2055.039784979308,7381.360998988384,7883.439767174423,7943.9460334402975,128.5691935045179,160.35608001984656,172.58893222082406,7561.06039750739,7584.573483013082,7593.1551711203065,1327.1896930236835,1840.109153505182,2056.091422616737,7200.371171988081,7884.358112001792,7944.948940881295
high_l10,high,10,qwen2.5-7b-instruct,Qwen2.5-7B-Instruct,vLLM,0,8457.894405000843,4.72930945748737,/home/onceas/Arantir/CUCUMIS-lorekeep/lorekeep/results/chapter5_baseline_variants/ratio_sweep_20step_5models_a100_overnight_baseline/raw/high_l10/qwen2.5-7b-instruct_strict_no_chunk.json,40.0,36.0,4.0,0.1,127.55692598875612,178.8356963312257,549.6459094231249,4172.878092475003,4229.160729388241,4600.9844097087625,127.34191850177012,131.43570348620415,152.8358185722027,4161.464241507929,4204.084388009505,4204.718227655394,444.74294999963604,563.5469154047314,605.2499333495507,4518.116821011063,4611.839616694488,4644.405237651663
high_l10,high,10,qwen2.5-7b-instruct,Qwen2.5-7B-Instruct,CUCUMIS-II,0,8482.788585999515,4.715430497232751,/home/onceas/Arantir/CUCUMIS-lorekeep/lorekeep/results/chapter5_baseline_variants/ratio_sweep_20step_5models_a100_overnight_baseline/raw/high_l10/qwen2.5-7b-instruct_strict_no_chunk.json,40.0,36.0,4.0,0.1,126.09461200190708,179.01322578545697,547.2064362163654,4123.508849006612,4179.928040318191,4552.293307982036,125.90871698921546,129.66511299600825,153.55222998186946,4121.25366149121,4151.849021494854,4154.878235014621,443.68868999299593,561.2255293992348,603.2828089478426,4462.128281535115,4564.302707911702,4600.3309077007
high_l10,high,10,qwen2.5-7b-instruct,Qwen2.5-7B-Instruct,vLLM,1,8400.171605986543,4.761807481586833,/home/onceas/Arantir/CUCUMIS-lorekeep/lorekeep/results/chapter5_baseline_variants/ratio_sweep_20step_5models_a100_overnight_baseline/raw/high_l10/qwen2.5-7b-instruct_strict_no_chunk.json,40.0,36.0,4.0,0.1,126.46485553705133,178.0520162079487,540.6368162122088,4117.916012008209,4175.112931791227,4536.431929180981,126.0613540362101,129.20122896321118,145.19901291059793,4111.19160198723,4144.771630992182,4150.494961577351,443.2386845292058,553.6256233230233,592.5920446554665,4460.458562534768,4547.0134645293,4578.758070574258
high_l10,high,10,qwen2.5-7b-instruct,Qwen2.5-7B-Instruct,CUCUMIS-II,1,8449.851671990473,4.733810906124163,/home/onceas/Arantir/CUCUMIS-lorekeep/lorekeep/results/chapter5_baseline_variants/ratio_sweep_20step_5models_a100_overnight_baseline/raw/high_l10/qwen2.5-7b-instruct_strict_no_chunk.json,40.0,36.0,4.0,0.1,126.31573001272045,177.67993800225702,535.4219028074293,4119.616590964142,4170.502868201584,4536.322330785333,126.15775899030268,129.43431697203778,152.69349300069734,4118.186211475404,4144.362621533219,4145.53740300471,439.04729597852565,548.8670280086808,589.2024036124349,4455.171664012596,4547.515698912321,4581.095803293283
high_l10,high,10,qwen2.5-7b-instruct,Qwen2.5-7B-Instruct,CUCUMIS-Strict,0,8516.486959008034,4.69677229502375,/home/onceas/Arantir/CUCUMIS-lorekeep/lorekeep/results/chapter5_baseline_variants/ratio_sweep_20step_5models_a100_overnight_baseline/raw/high_l10/qwen2.5-7b-instruct_strict_no_chunk.json,40.0,36.0,4.0,0.1,128.07217598310672,177.68579631228968,547.7246164763345,4201.130985980853,4257.861499616411,4630.504434660543,127.68188503105193,131.99542250367813,145.39992494683244,4200.822894985322,4229.894906980917,4232.784904015716,446.16871350444853,561.4777729730122,602.7372424630448,4543.746761512011,4642.134607885964,4677.025127562229
high_l10,high,10,qwen2.5-7b-instruct,Qwen2.5-7B-Instruct,CUCUMIS-Strict,1,8493.485351034906,4.709491845432584,/home/onceas/Arantir/CUCUMIS-lorekeep/lorekeep/results/chapter5_baseline_variants/ratio_sweep_20step_5models_a100_overnight_baseline/raw/high_l10/qwen2.5-7b-instruct_strict_no_chunk.json,40.0,36.0,4.0,0.1,128.00342749687843,178.80846140324175,543.7712787400231,4172.853110998403,4224.3434842152055,4596.2421452126,127.65066651627421,131.60697801504284,153.15933854144532,4172.398743510712,4196.298460999969,4198.672780810739,446.26276797498576,557.1951238031033,597.4666589923436,4510.240019502817,4607.492116326466,4641.242029668065
high_l30,high,30,qwen2.5-7b-instruct,Qwen2.5-7B-Instruct,vLLM,0,8534.863672975916,4.686659510057868,/home/onceas/Arantir/CUCUMIS-lorekeep/lorekeep/results/chapter5_baseline_variants/ratio_sweep_20step_5models_a100_overnight_baseline/raw/high_l30/qwen2.5-7b-instruct_strict_no_chunk.json,40.0,28.0,12.0,0.3,158.88557251309976,648.7948760972358,770.9240005002357,4684.678488498321,5024.025701574283,5149.438456408097,131.95353950140998,193.51329840137623,207.10852581134532,4448.217027471401,4760.4832826706115,4764.993677578168,554.3805620109197,753.2982263131998,774.872210493777,4942.997170466697,5138.271896523656,5151.64279055025
high_l30,high,30,qwen2.5-7b-instruct,Qwen2.5-7B-Instruct,CUCUMIS-II,0,8445.59484400088,4.736196885931962,/home/onceas/Arantir/CUCUMIS-lorekeep/lorekeep/results/chapter5_baseline_variants/ratio_sweep_20step_5models_a100_overnight_baseline/raw/high_l30/qwen2.5-7b-instruct_strict_no_chunk.json,40.0,28.0,12.0,0.3,156.95712450542487,651.7936995078344,761.9957321713446,4647.926160483621,5000.3848764288705,5118.91870390682,130.2075290295761,189.84688399359584,209.48579507996328,4420.940410986077,4706.909711076878,4711.665876811021,530.8559080003761,726.1676470167004,775.7304923742777,4920.1355230179615,5094.90359548945,5126.623102164012
high_l30,high,30,qwen2.5-7b-instruct,Qwen2.5-7B-Instruct,vLLM,1,8438.094460987486,4.740406757110291,/home/onceas/Arantir/CUCUMIS-lorekeep/lorekeep/results/chapter5_baseline_variants/ratio_sweep_20step_5models_a100_overnight_baseline/raw/high_l30/qwen2.5-7b-instruct_strict_no_chunk.json,40.0,28.0,12.0,0.3,157.5392410159111,648.2776986609679,757.8835777746281,4646.623216511216,4987.671374873025,5109.999304256635,128.780614992138,191.33276260690764,208.10092633822933,4411.88683101791,4711.900545394747,4715.679047310259,535.7917085057124,723.9969182177447,770.4689217283158,4905.984140001237,5093.609803827712,5114.504135769093
high_l30,high,30,qwen2.5-7b-instruct,Qwen2.5-7B-Instruct,CUCUMIS-II,1,8534.5119269914,4.686852668574437,/home/onceas/Arantir/CUCUMIS-lorekeep/lorekeep/results/chapter5_baseline_variants/ratio_sweep_20step_5models_a100_overnight_baseline/raw/high_l30/qwen2.5-7b-instruct_strict_no_chunk.json,40.0,28.0,12.0,0.3,155.80467900144868,647.8768201370258,759.1608128225198,4666.491474519717,5017.454936436843,5135.501400915673,129.6593055012636,182.55966331926174,207.77697364857886,4444.090442470042,4712.122991879005,4715.651756884763,531.6146000404842,725.9149404766504,771.4660741965054,4938.874098996166,5113.090638729045,5142.889102631016
high_l30,high,30,qwen2.5-7b-instruct,Qwen2.5-7B-Instruct,CUCUMIS-Strict,0,8506.807252997532,4.702116647336197,/home/onceas/Arantir/CUCUMIS-lorekeep/lorekeep/results/chapter5_baseline_variants/ratio_sweep_20step_5models_a100_overnight_baseline/raw/high_l30/qwen2.5-7b-instruct_strict_no_chunk.json,40.0,28.0,12.0,0.3,158.4572069987189,651.4755853975657,763.4131269826321,4681.177535007009,5020.7269100879785,5141.816035787924,131.40227299300022,190.56003920850344,207.99721049668733,4465.989535005065,4736.358875519363,4740.870353820501,533.0977020203136,726.0102405329235,777.7645650546765,4962.672048975946,5119.17671909905,5149.17707870889
high_l30,high,30,qwen2.5-7b-instruct,Qwen2.5-7B-Instruct,CUCUMIS-Strict,1,8494.907922984567,4.708703185795869,/home/onceas/Arantir/CUCUMIS-lorekeep/lorekeep/results/chapter5_baseline_variants/ratio_sweep_20step_5models_a100_overnight_baseline/raw/high_l30/qwen2.5-7b-instruct_strict_no_chunk.json,40.0,28.0,12.0,0.3,153.94978600670584,651.5537077735644,762.3852861399064,4661.291017517215,5013.551354862284,5132.4380158260465,130.3360239835456,191.72415300272405,207.40669679653365,4437.008616980165,4725.32112171757,4728.952556050499,531.9811369699892,728.2733940228354,775.1453993731411,4935.25065749418,5110.337278910447,5139.4824246596545
high_l50,high,50,qwen2.5-7b-instruct,Qwen2.5-7B-Instruct,vLLM,0,9762.71765405545,4.097219792419576,/home/onceas/Arantir/CUCUMIS-lorekeep/lorekeep/results/chapter5_baseline_variants/ratio_sweep_20step_5models_a100_overnight_baseline/raw/high_l50/qwen2.5-7b-instruct_strict_no_chunk.json,40.0,20.0,20.0,0.5,367.27744349627756,854.3510889634491,1024.4810288079316,5784.684151003603,6183.749395626364,6258.653769529774,164.12482550367713,257.0340649690479,257.0340649690479,5753.240326506784,5824.4255032914225,5826.31026613235,698.2954534760211,944.8027146863752,1037.7790402044775,5895.086442003958,6197.680897283135,6269.670755944098
high_l50,high,50,qwen2.5-7b-instruct,Qwen2.5-7B-Instruct,CUCUMIS-II,0,9235.30307400506,4.331205990693412,/home/onceas/Arantir/CUCUMIS-lorekeep/lorekeep/results/chapter5_baseline_variants/ratio_sweep_20step_5models_a100_overnight_baseline/raw/high_l50/qwen2.5-7b-instruct_strict_no_chunk.json,40.0,20.0,20.0,0.5,321.79672000347637,844.8628775076941,959.945753274369,5392.4045905296225,5730.875477346126,5800.92267056345,151.0717700002715,227.58372203679755,227.58372203679755,5370.785399019951,5470.062129199505,5473.29244511202,668.8147545210086,876.7725747311488,977.4276146659394,5408.815050002886,5792.9711432079785,5803.211077953456
high_l50,high,50,qwen2.5-7b-instruct,Qwen2.5-7B-Instruct,vLLM,1,9735.831119003706,4.1085347014619655,/home/onceas/Arantir/CUCUMIS-lorekeep/lorekeep/results/chapter5_baseline_variants/ratio_sweep_20step_5models_a100_overnight_baseline/raw/high_l50/qwen2.5-7b-instruct_strict_no_chunk.json,40.0,20.0,20.0,0.5,355.6260780314915,830.1183049334214,1016.1762755241944,5761.3761225074995,6159.722517192131,6228.398374259123,159.32546349358745,238.35883697029203,252.73597171239086,5725.220315507613,5791.090854874346,5800.5447236134205,726.5935585310217,970.6842351472005,1026.6306019149488,5887.393484503264,6173.381589795463,6239.733367448789
high_l50,high,50,qwen2.5-7b-instruct,Qwen2.5-7B-Instruct,CUCUMIS-II,1,9215.974289982114,4.3402898859516705,/home/onceas/Arantir/CUCUMIS-lorekeep/lorekeep/results/chapter5_baseline_variants/ratio_sweep_20step_5models_a100_overnight_baseline/raw/high_l50/qwen2.5-7b-instruct_strict_no_chunk.json,40.0,20.0,20.0,0.5,333.5157484689262,848.4649342892226,996.4964486530516,5392.150374536868,5726.1941639008,5790.261908546672,159.85212349914946,222.2575714695268,261.0219169873744,5357.756957004312,5449.953728629043,5452.344638434588,699.1413045034278,927.2194002929609,1013.7367852602619,5423.454859002959,5770.930505986325,5792.304479547893
high_l50,high,50,qwen2.5-7b-instruct,Qwen2.5-7B-Instruct,CUCUMIS-Strict,0,9280.419813992921,4.310149842541435,/home/onceas/Arantir/CUCUMIS-lorekeep/lorekeep/results/chapter5_baseline_variants/ratio_sweep_20step_5models_a100_overnight_baseline/raw/high_l50/qwen2.5-7b-instruct_strict_no_chunk.json,40.0,20.0,20.0,0.5,338.5143024788704,845.1646567438729,963.0530208616983,5390.243859961629,5727.968318079365,5791.213478266727,153.99517549667507,227.92378900339827,249.6673520398326,5357.794711482711,5464.5646186952945,5465.440705891233,668.4165400220081,872.5352619949264,980.1699696609284,5434.910111012869,5788.623278139858,5791.868807866704
high_l50,high,50,qwen2.5-7b-instruct,Qwen2.5-7B-Instruct,CUCUMIS-Strict,1,9289.338598959148,4.306011625465124,/home/onceas/Arantir/CUCUMIS-lorekeep/lorekeep/results/chapter5_baseline_variants/ratio_sweep_20step_5models_a100_overnight_baseline/raw/high_l50/qwen2.5-7b-instruct_strict_no_chunk.json,40.0,20.0,20.0,0.5,340.062814502744,848.9674347278196,995.7466408697655,5392.557990009664,5722.560781164793,5804.958458491019,153.23557949159294,222.07215697271755,256.53636100469157,5371.328644483583,5458.128075895365,5461.658320055576,685.0012845243327,926.1065236176364,1012.8277296636951,5451.308464515023,5782.965375826461,5811.940307497862
high_l70,high,70,qwen2.5-7b-instruct,Qwen2.5-7B-Instruct,vLLM,0,10057.976595999207,3.976943038017301,/home/onceas/Arantir/CUCUMIS-lorekeep/lorekeep/results/chapter5_baseline_variants/ratio_sweep_20step_5models_a100_overnight_baseline/raw/high_l70/qwen2.5-7b-instruct_strict_no_chunk.json,40.0,12.0,28.0,0.7,796.9447430223227,1862.6342869829386,2050.2784847671865,6808.972297993023,7165.430817275774,7274.342170667951,130.85253350436687,174.84855449874885,212.02873737318444,6809.897135972278,6884.85742007033,6886.282112846384,1375.2272165147588,1863.666598702548,2062.1022236015415,6756.924575514859,7221.813949471107,7276.307927379967
high_l70,high,70,qwen2.5-7b-instruct,Qwen2.5-7B-Instruct,CUCUMIS-II,0,10275.830344995484,3.892629467114619,/home/onceas/Arantir/CUCUMIS-lorekeep/lorekeep/results/chapter5_baseline_variants/ratio_sweep_20step_5models_a100_overnight_baseline/raw/high_l70/qwen2.5-7b-instruct_strict_no_chunk.json,40.0,12.0,28.0,0.7,787.235994474031,1876.4313870633487,1907.4303850065917,6505.361539020669,6859.0998806699645,6965.859284502221,128.70650546392426,182.48139588395134,185.41821536549833,6499.389022006653,6592.077477177372,6593.257394400425,1178.6327075096779,1901.5932225738652,1907.4303850065917,6511.430526035838,6915.087713388493,6969.5748095808085
high_l70,high,70,qwen2.5-7b-instruct,Qwen2.5-7B-Instruct,vLLM,1,10068.669295986183,3.97271961409496,/home/onceas/Arantir/CUCUMIS-lorekeep/lorekeep/results/chapter5_baseline_variants/ratio_sweep_20step_5models_a100_overnight_baseline/raw/high_l70/qwen2.5-7b-instruct_strict_no_chunk.json,40.0,12.0,28.0,0.7,818.7022770289332,1875.1475990284234,2064.3393222085433,6831.938052491751,7192.9502854298335,7302.233831734047,129.8526049940847,189.158494991716,210.21816803724505,6832.922489498742,6928.098634799244,6928.336639699992,1381.0666829813272,1877.7472247136757,2076.3392858492443,6744.866716529941,7253.8540149864275,7306.0973896534415
high_l70,high,70,qwen2.5-7b-instruct,Qwen2.5-7B-Instruct,CUCUMIS-II,1,10300.409278017469,3.8833408382485985,/home/onceas/Arantir/CUCUMIS-lorekeep/lorekeep/results/chapter5_baseline_variants/ratio_sweep_20step_5models_a100_overnight_baseline/raw/high_l70/qwen2.5-7b-instruct_strict_no_chunk.json,40.0,12.0,28.0,0.7,787.877146009123,1867.553486500401,1892.5436889985576,6527.817078516819,6867.089978838339,6985.796016283566,127.90472453343682,181.24250341788866,184.34130455716513,6522.820952028269,6605.3134955174755,6606.478018176858,1182.2707490355242,1886.175172572257,1892.5436889985576,6548.202967504039,6929.570858209627,6986.805152205052
high_l70,high,70,qwen2.5-7b-instruct,Qwen2.5-7B-Instruct,CUCUMIS-Strict,0,10270.106283016503,3.8947990310623473,/home/onceas/Arantir/CUCUMIS-lorekeep/lorekeep/results/chapter5_baseline_variants/ratio_sweep_20step_5models_a100_overnight_baseline/raw/high_l70/qwen2.5-7b-instruct_strict_no_chunk.json,40.0,12.0,28.0,0.7,814.7058390022721,1893.9835062250495,1956.9439058669377,6518.688615004066,6867.963392712409,6983.195128939697,129.5282165228855,187.04305804567412,210.50494522263762,6515.406799531775,6602.860122610582,6604.017178073991,1210.1637340092566,1896.396272990387,1967.8516040707473,6531.06660299818,6935.322784533491,6985.868106496637
high_l70,high,70,qwen2.5-7b-instruct,Qwen2.5-7B-Instruct,CUCUMIS-Strict,1,10295.73953099316,3.8851021706200326,/home/onceas/Arantir/CUCUMIS-lorekeep/lorekeep/results/chapter5_baseline_variants/ratio_sweep_20step_5models_a100_overnight_baseline/raw/high_l70/qwen2.5-7b-instruct_strict_no_chunk.json,40.0,12.0,28.0,0.7,816.2992954894435,1896.352385985665,1955.5557958810823,6538.008917996194,6894.967560376972,7007.458046679967,131.40322951949202,187.27233895333484,210.57395585463382,6536.287944007199,6628.974705806468,6629.550285136793,1217.735177022405,1896.7697211017366,1966.1010537674883,6549.313102994347,6959.890972607536,7010.991323080962
high_l90,high,90,qwen2.5-7b-instruct,Qwen2.5-7B-Instruct,vLLM,0,10902.017478016205,3.6690456679838888,/home/onceas/Arantir/CUCUMIS-lorekeep/lorekeep/results/chapter5_baseline_variants/ratio_sweep_20step_5models_a100_overnight_baseline/raw/high_l90/qwen2.5-7b-instruct_strict_no_chunk.json,40.0,4.0,36.0,0.9,1854.4015905063134,2605.8536022203043,2792.951715265517,7969.221842999104,8595.79320648918,8671.442145917681,131.49474147940055,160.38111098459922,171.31832768965978,8289.716458006296,8321.744540223153,8334.094403944327,1937.4956150131766,2610.416283016093,2796.129332264536,7811.221202486195,8601.479196513537,8672.29509515746
high_l90,high,90,qwen2.5-7b-instruct,Qwen2.5-7B-Instruct,CUCUMIS-II,0,11319.578419032041,3.533700507144901,/home/onceas/Arantir/CUCUMIS-lorekeep/lorekeep/results/chapter5_baseline_variants/ratio_sweep_20step_5models_a100_overnight_baseline/raw/high_l90/qwen2.5-7b-instruct_strict_no_chunk.json,40.0,4.0,36.0,0.9,1553.3605219679885,2797.8260481497273,2986.1294334981358,7733.404992497526,8086.541671643499,8168.189177107997,132.4511264974717,161.4025341172237,172.18509832804557,7781.4863875100855,7812.158177403035,7823.955117838341,1658.263988501858,2854.087784537114,2989.461302777636,7607.12571447948,8097.290810022969,8169.306953507476
high_l90,high,90,qwen2.5-7b-instruct,Qwen2.5-7B-Instruct,vLLM,1,10879.634448967408,3.676594116063929,/home/onceas/Arantir/CUCUMIS-lorekeep/lorekeep/results/chapter5_baseline_variants/ratio_sweep_20step_5models_a100_overnight_baseline/raw/high_l90/qwen2.5-7b-instruct_strict_no_chunk.json,40.0,4.0,36.0,0.9,1714.4531550002284,2628.9055670495145,2700.8203324326314,7958.723477029707,8589.923230331624,8664.127058370505,129.0559165063314,159.31015167734586,170.9638244326925,8285.146389505826,8316.484060382936,8328.460893711308,1922.8530024993233,2628.9055670495145,2702.625517512206,7774.603341968032,8595.259255525889,8664.880713413004
high_l90,high,90,qwen2.5-7b-instruct,Qwen2.5-7B-Instruct,CUCUMIS-II,1,11280.942726996727,3.5458029499852812,/home/onceas/Arantir/CUCUMIS-lorekeep/lorekeep/results/chapter5_baseline_variants/ratio_sweep_20step_5models_a100_overnight_baseline/raw/high_l90/qwen2.5-7b-instruct_strict_no_chunk.json,40.0,4.0,36.0,0.9,1546.1918340006378,2745.097172789974,2962.444119253196,7701.3918480079155,8061.301928770263,8142.318325653323,132.99685300444253,160.31115142977796,170.56332467065658,7758.526930992957,7786.196556617506,7796.575102277566,1647.5893869646825,2749.30521598435,2966.1278115352616,7570.969218504615,8070.311439980287,8143.302164252964
high_l90,high,90,qwen2.5-7b-instruct,Qwen2.5-7B-Instruct,CUCUMIS-Strict,0,11295.92176200822,3.5411010135120384,/home/onceas/Arantir/CUCUMIS-lorekeep/lorekeep/results/chapter5_baseline_variants/ratio_sweep_20step_5models_a100_overnight_baseline/raw/high_l90/qwen2.5-7b-instruct_strict_no_chunk.json,40.0,4.0,36.0,0.9,1551.0146860033274,2788.5627693205606,2978.262136245612,7710.540330503136,8108.303371578222,8227.450485328445,164.4539360422641,171.90533379325643,174.77944435435347,7825.024157005828,7857.38554847776,7867.497719429084,1657.0500250090845,2845.5568385252263,2981.5550748840906,7640.926026506349,8112.6711379911285,8228.607969806762
high_l90,high,90,qwen2.5-7b-instruct,Qwen2.5-7B-Instruct,CUCUMIS-Strict,1,11312.656529946253,3.5358626768269823,/home/onceas/Arantir/CUCUMIS-lorekeep/lorekeep/results/chapter5_baseline_variants/ratio_sweep_20step_5models_a100_overnight_baseline/raw/high_l90/qwen2.5-7b-instruct_strict_no_chunk.json,40.0,4.0,36.0,0.9,1675.8746540290304,2828.0579751415644,3003.4571752516786,7768.371871497948,8098.7521804112475,8179.744852985023,131.064678018447,160.06248558987863,171.22053744795267,7795.353839494055,7824.496020691004,7835.454583856044,1720.0363395095337,2845.8549755450804,3006.1357906117337,7679.012112494092,8108.036602003267,8180.829105706653
mid_l10,mid,10,gemma-2-9b-it,Gemma-2-9B-IT,vLLM,0,13633.852499013301,2.9338736063702355,/home/onceas/Arantir/CUCUMIS-lorekeep/lorekeep/results/chapter5_baseline_variants/ratio_sweep_20step_5models_a100_overnight_baseline/raw/mid_l10/gemma-2-9b-it_strict_no_chunk.json,40.0,36.0,4.0,0.1,242.06915049580857,294.4823847734376,999.9824329023248,7882.602576981299,7894.242789054988,8633.200863236561,241.524638957344,245.4264200059697,246.1836509843124,7882.602576981299,7893.059970985632,7894.734673225321,841.4502450323198,1022.3063416895457,1089.2780680512078,5572.498446505051,8656.515772105195,8726.460498711094
mid_l10,mid,10,gemma-2-9b-it,Gemma-2-9B-IT,CUCUMIS-II,0,13630.959515983704,2.9344962805513344,/home/onceas/Arantir/CUCUMIS-lorekeep/lorekeep/results/chapter5_baseline_variants/ratio_sweep_20step_5models_a100_overnight_baseline/raw/mid_l10/gemma-2-9b-it_strict_no_chunk.json,40.0,36.0,4.0,0.1,242.20811200211756,298.6993419122889,1010.0528311164816,7872.118892526487,7883.235838764813,8627.360480858479,241.97265101247467,245.592831983231,249.4760270055849,7872.118892526487,7882.440985995345,7884.217838579207,854.5320564880967,1032.0792540849652,1098.1585229904158,5577.28086548741,8647.721143509261,8708.80313146161
mid_l10,mid,10,gemma-2-9b-it,Gemma-2-9B-IT,vLLM,1,13661.576294049155,2.927919819722677,/home/onceas/Arantir/CUCUMIS-lorekeep/lorekeep/results/chapter5_baseline_variants/ratio_sweep_20step_5models_a100_overnight_baseline/raw/mid_l10/gemma-2-9b-it_strict_no_chunk.json,40.0,36.0,4.0,0.1,241.81274452712387,296.6354798118125,1001.952670898754,7894.012572010979,7905.82650382421,8645.843708835891,241.6313315043226,244.56011300208047,247.8714496595785,7894.012572010979,7905.184894014383,7906.509180634748,841.7675024829805,1024.4533863151446,1091.955532564316,5577.5167494721245,8669.467377109686,8740.33838193107
mid_l10,mid,10,gemma-2-9b-it,Gemma-2-9B-IT,CUCUMIS-II,1,13688.323229027446,2.922198674792836,/home/onceas/Arantir/CUCUMIS-lorekeep/lorekeep/results/chapter5_baseline_variants/ratio_sweep_20step_5models_a100_overnight_baseline/raw/mid_l10/gemma-2-9b-it_strict_no_chunk.json,40.0,36.0,4.0,0.1,240.8351229969412,296.00314859417335,998.3990654133958,7847.630208008923,7855.0549121631775,8595.702236080542,240.47539950697683,242.8947374864947,247.12724193523172,7847.630208008923,7853.802924480988,7856.662180169951,838.6873239942361,1020.9989669441711,1088.7986715364968,5546.646960981889,8619.262452912517,8689.943103408441
mid_l10,mid,10,gemma-2-9b-it,Gemma-2-9B-IT,CUCUMIS-Strict,0,13770.455012039747,2.904769665564958,/home/onceas/Arantir/CUCUMIS-lorekeep/lorekeep/results/chapter5_baseline_variants/ratio_sweep_20step_5models_a100_overnight_baseline/raw/mid_l10/gemma-2-9b-it_strict_no_chunk.json,40.0,36.0,4.0,0.1,244.6120549866464,298.9331399090595,1019.1718095639952,7962.515045015607,7973.724167916225,8731.12755460781,244.38684349297546,248.09493601787835,249.29285904509015,7962.515045015607,7972.494766494492,7974.8226946772775,857.049646001542,1041.94007057813,1110.2448536205338,5638.735843996983,8754.024197382387,8822.714125706116
mid_l10,mid,10,gemma-2-9b-it,Gemma-2-9B-IT,CUCUMIS-Strict,1,13834.579355025198,2.8913058339913036,/home/onceas/Arantir/CUCUMIS-lorekeep/lorekeep/results/chapter5_baseline_variants/ratio_sweep_20step_5models_a100_overnight_baseline/raw/mid_l10/gemma-2-9b-it_strict_no_chunk.json,40.0,36.0,4.0,0.1,244.84139648848213,308.6547389975756,1010.8569976512807,7991.602800524561,8014.092336775502,8748.062086034333,244.33572549605742,248.9093090116512,260.5347289616475,7991.602800524561,8009.828842506977,8017.669609255972,852.3166790255345,1033.0167278065346,1099.495918272296,5647.276000527199,8771.78702041274,8842.961823547957
mid_l30,mid,30,gemma-2-9b-it,Gemma-2-9B-IT,vLLM,0,13765.523910988122,2.905810215335909,/home/onceas/Arantir/CUCUMIS-lorekeep/lorekeep/results/chapter5_baseline_variants/ratio_sweep_20step_5models_a100_overnight_baseline/raw/mid_l30/gemma-2-9b-it_strict_no_chunk.json,40.0,28.0,12.0,0.3,256.77506800275296,979.0267623960972,1214.0973518654937,8118.753179529449,8824.573984282324,9019.468396573793,246.51695348438807,270.41509389528073,296.6799181944225,8057.496109482599,8214.645755791571,8216.782908720197,948.1656254793052,1169.1579760983586,1228.3396151504712,8730.29926000163,8937.778888223693,9054.963110925164
mid_l30,mid,30,gemma-2-9b-it,Gemma-2-9B-IT,CUCUMIS-II,0,14754.103287996259,2.711110205697385,/home/onceas/Arantir/CUCUMIS-lorekeep/lorekeep/results/chapter5_baseline_variants/ratio_sweep_20step_5models_a100_overnight_baseline/raw/mid_l30/gemma-2-9b-it_strict_no_chunk.json,40.0,28.0,12.0,0.3,281.6750710189808,1074.7680910862982,1337.4644070968498,9040.003035508562,9811.537177604623,10028.27350720414,275.6075989746023,307.993651018478,334.820369782974,8993.481911515119,9113.261536706705,9122.545953115914,1059.4356275105383,1306.9864458520897,1343.7043448688928,9708.225548500195,9947.393303870922,10064.760436295765
mid_l30,mid,30,gemma-2-9b-it,Gemma-2-9B-IT,vLLM,1,13831.749505014159,2.8918973688396807,/home/onceas/Arantir/CUCUMIS-lorekeep/lorekeep/results/chapter5_baseline_variants/ratio_sweep_20step_5models_a100_overnight_baseline/raw/mid_l30/gemma-2-9b-it_strict_no_chunk.json,40.0,28.0,12.0,0.3,256.0550195048563,978.7242749996949,1203.5524713259656,8159.245145012392,8885.087793925777,9077.36088252801,245.49791347817518,267.1164738247171,295.1511416072026,8116.461849509506,8269.38320887275,8274.022454769001,943.2350034767296,1161.6341290122364,1216.3303472066764,8784.915657510282,8997.858897509286,9111.848328536726
mid_l30,mid,30,gemma-2-9b-it,Gemma-2-9B-IT,CUCUMIS-II,1,14751.440884021576,2.7115995186156416,/home/onceas/Arantir/CUCUMIS-lorekeep/lorekeep/results/chapter5_baseline_variants/ratio_sweep_20step_5models_a100_overnight_baseline/raw/mid_l30/gemma-2-9b-it_strict_no_chunk.json,40.0,28.0,12.0,0.3,279.32946899090894,1107.6513508916833,1337.7866894804174,8980.328067962546,9769.615325302584,9982.862508442486,275.18376149237156,306.78804189665243,314.6954913600348,8917.241334478604,9080.12541361968,9083.889587771846,1040.892741002608,1257.6114621886518,1371.5876034769462,9646.669573965482,9894.603169686161,10020.802280522184
mid_l30,mid,30,gemma-2-9b-it,Gemma-2-9B-IT,CUCUMIS-Strict,0,13766.810050001368,2.9055387453389048,/home/onceas/Arantir/CUCUMIS-lorekeep/lorekeep/results/chapter5_baseline_variants/ratio_sweep_20step_5models_a100_overnight_baseline/raw/mid_l30/gemma-2-9b-it_strict_no_chunk.json,40.0,28.0,12.0,0.3,258.49125400418416,987.3545666923746,1216.2834763445426,8193.651897483505,8901.228154677665,9099.22019910824,248.9233354863245,273.0511309928261,296.1833985976409,8134.798894490814,8281.197967770277,8283.315898578148,956.8424744647928,1180.5899746075738,1225.5925850907806,8800.892578961793,9015.626132884063,9135.44852382096
mid_l30,mid,30,gemma-2-9b-it,Gemma-2-9B-IT,CUCUMIS-Strict,1,13904.401662002783,2.8767868601861446,/home/onceas/Arantir/CUCUMIS-lorekeep/lorekeep/results/chapter5_baseline_variants/ratio_sweep_20step_5models_a100_overnight_baseline/raw/mid_l30/gemma-2-9b-it_strict_no_chunk.json,40.0,28.0,12.0,0.3,258.83569350116886,988.8580739730969,1217.1412405266892,8205.078417027835,8911.066348443273,9110.581293529249,248.3166665188037,269.6109601063654,297.6241781382123,8146.903640503297,8288.082748249872,8292.322984331986,954.3855465017259,1173.1073001166806,1230.770070006838,8815.59507449856,9026.021255605156,9148.074215014349
mid_l50,mid,50,gemma-2-9b-it,Gemma-2-9B-IT,vLLM,0,14950.490856019314,2.675497439195807,/home/onceas/Arantir/CUCUMIS-lorekeep/lorekeep/results/chapter5_baseline_variants/ratio_sweep_20step_5models_a100_overnight_baseline/raw/mid_l50/gemma-2-9b-it_strict_no_chunk.json,40.0,20.0,20.0,0.5,550.5292764864862,1243.3446562848985,1432.89683304145,9037.185381515883,9666.361616214272,9885.85016843048,253.52412948268466,351.8307129852474,351.8307129852474,8980.411517986795,9041.048776975367,9044.182244423428,1054.2476445261855,1385.2150006161537,1447.4742858565878,9482.02655496425,9796.318750805221,9899.625392832095
mid_l50,mid,50,gemma-2-9b-it,Gemma-2-9B-IT,CUCUMIS-II,0,14860.915028024465,2.6916242993495803,/home/onceas/Arantir/CUCUMIS-lorekeep/lorekeep/results/chapter5_baseline_variants/ratio_sweep_20step_5models_a100_overnight_baseline/raw/mid_l50/gemma-2-9b-it_strict_no_chunk.json,40.0,20.0,20.0,0.5,541.1175855260808,1304.7126735269558,1484.159510670579,8952.467454510042,9614.184217172442,9932.684451807872,250.14935052604415,349.8981239972636,354.46574156347197,8928.435007517692,8998.478473589057,9021.51574088377,1066.3334554992616,1415.1855718286242,1484.7877318802057,9442.16717701056,9709.404703130713,9950.76757600822
mid_l50,mid,50,gemma-2-9b-it,Gemma-2-9B-IT,vLLM,1,14943.141814030241,2.6768132497038652,/home/onceas/Arantir/CUCUMIS-lorekeep/lorekeep/results/chapter5_baseline_variants/ratio_sweep_20step_5models_a100_overnight_baseline/raw/mid_l50/gemma-2-9b-it_strict_no_chunk.json,40.0,20.0,20.0,0.5,548.050024517579,1252.9425203800201,1440.454596708878,9046.12755952985,9670.46818753588,9896.285806531669,253.21978851570748,353.0364379985258,353.0364379985258,8999.916096508969,9047.973098384682,9049.374622059986,1049.699098977726,1386.6257393441629,1454.7303107072366,9487.482744007139,9798.953402682673,9909.777269319748
mid_l50,mid,50,gemma-2-9b-it,Gemma-2-9B-IT,CUCUMIS-II,1,14641.761859005783,2.7319116637180514,/home/onceas/Arantir/CUCUMIS-lorekeep/lorekeep/results/chapter5_baseline_variants/ratio_sweep_20step_5models_a100_overnight_baseline/raw/mid_l50/gemma-2-9b-it_strict_no_chunk.json,40.0,20.0,20.0,0.5,544.3968340114225,1248.2664456183556,1469.4472403352847,8882.391966006253,9493.37377390475,9703.446789288428,249.82519200420938,351.89753960003145,356.25617299228907,8839.10074448795,8889.316100184806,8890.082899469999,1057.845711009577,1393.019819224719,1471.9324545440031,9278.986529971007,9615.0998159952,9720.966627092566
mid_l50,mid,50,gemma-2-9b-it,Gemma-2-9B-IT,CUCUMIS-Strict,0,15730.82744301064,2.5427778764283877,/home/onceas/Arantir/CUCUMIS-lorekeep/lorekeep/results/chapter5_baseline_variants/ratio_sweep_20step_5models_a100_overnight_baseline/raw/mid_l50/gemma-2-9b-it_strict_no_chunk.json,40.0,20.0,20.0,0.5,594.169347488787,1325.5769573908765,1515.0221739790868,9663.923420011997,10356.872152443975,10577.916600331664,278.1523370067589,349.59873399930075,355.0089742959244,9608.907657500822,9679.149073100416,9679.667172527988,1156.5338830114342,1420.0158139050475,1519.5449611765798,10145.371220511151,10478.84799570893,10595.094342725351
mid_l50,mid,50,gemma-2-9b-it,Gemma-2-9B-IT,CUCUMIS-Strict,1,14787.846981023904,2.7049238507356,/home/onceas/Arantir/CUCUMIS-lorekeep/lorekeep/results/chapter5_baseline_variants/ratio_sweep_20step_5models_a100_overnight_baseline/raw/mid_l50/gemma-2-9b-it_strict_no_chunk.json,40.0,20.0,20.0,0.5,562.2997439932078,1281.7187414737418,1422.1546333434526,9085.754140018253,9651.149974617874,9835.150182442158,274.541059974581,356.25964700011536,356.25964700011536,9000.513318023877,9194.213678420056,9212.93335315364,1095.7089200383052,1368.182738428004,1434.1816721402574,9340.247473475756,9765.751414501574,9847.515243242378
mid_l70,mid,70,gemma-2-9b-it,Gemma-2-9B-IT,vLLM,0,15884.52480599517,2.518174165644736,/home/onceas/Arantir/CUCUMIS-lorekeep/lorekeep/results/chapter5_baseline_variants/ratio_sweep_20step_5models_a100_overnight_baseline/raw/mid_l70/gemma-2-9b-it_strict_no_chunk.json,40.0,12.0,28.0,0.7,1251.4745580265298,2460.2987522201147,2885.7232015323825,10818.54039002792,11458.323949098121,11675.202191731078,250.9187030082103,276.0098405997269,288.39420861855615,10803.101728495676,10842.178768164013,10843.924004100845,2000.3742850094568,2624.554772605188,2888.938574299682,10910.595031513367,11506.246788817225,11675.474885977455
mid_l70,mid,70,gemma-2-9b-it,Gemma-2-9B-IT,CUCUMIS-II,0,16609.0468110051,2.4083260439422767,/home/onceas/Arantir/CUCUMIS-lorekeep/lorekeep/results/chapter5_baseline_variants/ratio_sweep_20step_5models_a100_overnight_baseline/raw/mid_l70/gemma-2-9b-it_strict_no_chunk.json,40.0,12.0,28.0,0.7,1346.2368124746718,2421.9557870703284,2869.2491603136295,10779.665457492229,11325.584985298337,11579.255635365262,274.6168074954767,289.1028839745559,300.3397551912349,10718.595027487027,10778.838193806587,10780.0285416306,1596.3372024707496,2571.448774478631,2874.6360768313752,11078.774372988846,11384.076159627875,11584.773947561043
mid_l70,mid,70,gemma-2-9b-it,Gemma-2-9B-IT,vLLM,1,15908.026362012606,2.5144539674335435,/home/onceas/Arantir/CUCUMIS-lorekeep/lorekeep/results/chapter5_baseline_variants/ratio_sweep_20step_5models_a100_overnight_baseline/raw/mid_l70/gemma-2-9b-it_strict_no_chunk.json,40.0,12.0,28.0,0.7,1253.4355529642198,2476.5019810176454,2816.0466111346614,10829.392299521714,11484.946096967906,11704.804019503063,248.51654897793196,276.32144559174776,289.73889875167515,10828.792309504934,10841.605260089273,10842.801982744131,2010.013988998253,2599.0138881723396,2836.0843329352792,10881.481544493,11526.299347088207,11705.33519133809
mid_l70,mid,70,gemma-2-9b-it,Gemma-2-9B-IT,CUCUMIS-II,1,16087.070316018071,2.48646889795537,/home/onceas/Arantir/CUCUMIS-lorekeep/lorekeep/results/chapter5_baseline_variants/ratio_sweep_20step_5models_a100_overnight_baseline/raw/mid_l70/gemma-2-9b-it_strict_no_chunk.json,40.0,12.0,28.0,0.7,1221.0552124888636,2586.7117135960143,2698.7815561902244,10246.402303484501,10746.76208429155,10948.476622852031,247.3821240128018,279.27184677682817,294.9259831698146,10095.213023509132,10145.115605491446,10145.990460950416,1593.144492508145,2589.2085158033296,2719.3201219907496,10577.920625481056,10827.99227667856,10949.133136731107
mid_l70,mid,70,gemma-2-9b-it,Gemma-2-9B-IT,CUCUMIS-Strict,0,16028.066326980479,2.4956223155045794,/home/onceas/Arantir/CUCUMIS-lorekeep/lorekeep/results/chapter5_baseline_variants/ratio_sweep_20step_5models_a100_overnight_baseline/raw/mid_l70/gemma-2-9b-it_strict_no_chunk.json,40.0,12.0,28.0,0.7,1225.1160695159342,2553.082430397626,2592.7937580272555,10176.050782029051,10695.536121027544,10907.170891926507,248.38570298743434,291.3149696716573,316.161727050785,10054.707015980966,10109.449090796988,10112.553051664145,1586.4803534641396,2585.887277999427,2592.7937580272555,10541.514818993164,10739.259501319611,10907.804872560664
mid_l70,mid,70,gemma-2-9b-it,Gemma-2-9B-IT,CUCUMIS-Strict,1,16000.570709002204,2.499910829899042,/home/onceas/Arantir/CUCUMIS-lorekeep/lorekeep/results/chapter5_baseline_variants/ratio_sweep_20step_5models_a100_overnight_baseline/raw/mid_l70/gemma-2-9b-it_strict_no_chunk.json,40.0,12.0,28.0,0.7,1212.783433526056,2421.6565944894683,2667.0376351842424,10160.550464497646,10705.730224546278,10915.275553484098,243.79759750445373,282.0720539893955,290.0357045989949,10063.053146965103,10110.394386923872,10112.139228554443,1578.990228503244,2478.5919939749874,2676.476136671263,10490.85252248915,10769.64565058006,10915.501408733544
mid_l90,mid,90,gemma-2-9b-it,Gemma-2-9B-IT,vLLM,0,16927.97222500667,2.3629528373699964,/home/onceas/Arantir/CUCUMIS-lorekeep/lorekeep/results/chapter5_baseline_variants/ratio_sweep_20step_5models_a100_overnight_baseline/raw/mid_l90/gemma-2-9b-it_strict_no_chunk.json,40.0,4.0,36.0,0.9,2438.3472010085825,3569.882438064087,3887.933553039329,11999.772898008814,13088.006092881551,13300.73809001071,253.98574452265166,259.4892880297266,259.4892880297266,12562.386022007558,12563.841515913373,12564.402920705616,2611.7000174708664,3579.3715224717744,3891.634207597235,11923.154420976061,13118.043384485645,13300.896478930372
mid_l90,mid,90,gemma-2-9b-it,Gemma-2-9B-IT,CUCUMIS-II,0,17583.770840021316,2.2748249146285797,/home/onceas/Arantir/CUCUMIS-lorekeep/lorekeep/results/chapter5_baseline_variants/ratio_sweep_20step_5models_a100_overnight_baseline/raw/mid_l90/gemma-2-9b-it_strict_no_chunk.json,40.0,4.0,36.0,0.9,2271.901976520894,3869.1733225598005,4216.37196368014,11904.147913999623,12206.709421495907,12439.966663909145,256.4847460016608,262.50525802606717,262.50525802606717,11449.252785998397,11451.731154177105,11452.687096188893,2390.2443530096207,3938.529896957334,4225.511709760758,11933.36041548173,12219.288939493708,12446.138931508176
mid_l90,mid,90,gemma-2-9b-it,Gemma-2-9B-IT,vLLM,1,16928.97172702942,2.362813326466517,/home/onceas/Arantir/CUCUMIS-lorekeep/lorekeep/results/chapter5_baseline_variants/ratio_sweep_20step_5models_a100_overnight_baseline/raw/mid_l90/gemma-2-9b-it_strict_no_chunk.json,40.0,4.0,36.0,0.9,2587.955503491685,3554.130476870341,3796.1886960605625,12042.609663971234,13144.367188878823,13322.99905369,252.73143997765146,259.05519898515195,259.05519898515195,12582.729775982443,12582.782913680421,12582.803409649641,2679.209277004702,3574.8900564794894,3802.1634011820424,11966.390624991618,13160.332372470293,13323.318443770404
mid_l90,mid,90,gemma-2-9b-it,Gemma-2-9B-IT,CUCUMIS-II,1,17478.426132991444,2.2885355749793685,/home/onceas/Arantir/CUCUMIS-lorekeep/lorekeep/results/chapter5_baseline_variants/ratio_sweep_20step_5models_a100_overnight_baseline/raw/mid_l90/gemma-2-9b-it_strict_no_chunk.json,40.0,4.0,36.0,0.9,2249.8291765223257,3858.428448031191,4062.42803178553,11828.510792489396,12162.34765505651,12384.227789157885,255.45121551840566,264.2658249824308,264.2658249824308,11414.975660009077,11415.122603008058,11415.122603008058,2363.3736810006667,3858.428448031191,4064.221166065545,11859.24940748373,12166.504419466946,12389.741521756514
mid_l90,mid,90,gemma-2-9b-it,Gemma-2-9B-IT,CUCUMIS-Strict,0,17581.998177978676,2.2750542682969734,/home/onceas/Arantir/CUCUMIS-lorekeep/lorekeep/results/chapter5_baseline_variants/ratio_sweep_20step_5models_a100_overnight_baseline/raw/mid_l90/gemma-2-9b-it_strict_no_chunk.json,40.0,4.0,36.0,0.9,2245.1474224799313,3870.7007239572704,4072.5784098700387,11898.038452491164,12205.739146639826,12438.115567241912,256.37888500932604,261.9926700135693,261.9926700135693,11435.233238502406,11435.832098999526,11435.832098999526,2358.4730419970583,3870.7007239572704,4074.537828550092,11916.996547515737,12229.26656101481,12444.048411320546
mid_l90,mid,90,gemma-2-9b-it,Gemma-2-9B-IT,CUCUMIS-Strict,1,17549.070578999817,2.279322988641131,/home/onceas/Arantir/CUCUMIS-lorekeep/lorekeep/results/chapter5_baseline_variants/ratio_sweep_20step_5models_a100_overnight_baseline/raw/mid_l90/gemma-2-9b-it_strict_no_chunk.json,40.0,4.0,36.0,0.9,2254.554241488222,3865.6718359561637,4068.685715183383,11865.804931469029,12181.135248939972,12412.351208331529,254.2116125114262,260.491612018086,260.491612018086,11421.48304200964,11422.126153693534,11422.374211057322,2368.1947014993057,3865.6718359561637,4070.5956959805917,11891.4760464977,12203.516116540413,12418.314407172147
high_l10,high,10,gemma-2-9b-it,Gemma-2-9B-IT,vLLM,0,12292.797987000085,3.253937796936134,/home/onceas/Arantir/CUCUMIS-lorekeep/lorekeep/results/chapter5_baseline_variants/ratio_sweep_20step_5models_a100_overnight_baseline/raw/high_l10/gemma-2-9b-it_strict_no_chunk.json,40.0,36.0,4.0,0.1,243.33031399874017,298.09452192275853,1012.8811678069177,7959.009563026484,7973.333661304787,8721.044591719401,242.14161999407224,246.98503699619323,248.83045422611758,7959.009563026484,7970.247819495853,7974.974183947779,860.2745225070976,1035.0925413193181,1101.726661856519,5621.3346465083305,8744.084806641331,8813.20545140712
high_l10,high,10,gemma-2-9b-it,Gemma-2-9B-IT,CUCUMIS-II,0,12276.622613018844,3.258225104808685,/home/onceas/Arantir/CUCUMIS-lorekeep/lorekeep/results/chapter5_baseline_variants/ratio_sweep_20step_5models_a100_overnight_baseline/raw/high_l10/gemma-2-9b-it_strict_no_chunk.json,40.0,36.0,4.0,0.1,242.70389549201354,298.2671306177515,1010.6682306563015,7868.40920249233,7885.851527785417,8634.101207964704,242.00533248949796,245.66400051116943,248.60313051613048,7868.40920249233,7885.812685475685,7886.134738044348,850.8919365121983,1032.8545091906562,1099.4133447937202,5577.609737491002,8656.170856585959,8722.379802449723
high_l10,high,10,gemma-2-9b-it,Gemma-2-9B-IT,vLLM,1,12256.84301397996,3.2634830971055626,/home/onceas/Arantir/CUCUMIS-lorekeep/lorekeep/results/chapter5_baseline_variants/ratio_sweep_20step_5models_a100_overnight_baseline/raw/high_l10/gemma-2-9b-it_strict_no_chunk.json,40.0,36.0,4.0,0.1,243.2339315128047,305.91767992009477,1025.6436943856531,7923.774764494738,7942.895733052865,8699.10340015369,242.97289602691308,247.48936350806616,255.69761102087796,7923.774764494738,7942.562245007139,7943.778016362921,859.1303635039367,1048.4905792283826,1117.0312337565701,5625.307032489218,8721.574101195438,8788.986204320681
high_l10,high,10,gemma-2-9b-it,Gemma-2-9B-IT,CUCUMIS-II,1,12297.432621999178,3.2527114585237102,/home/onceas/Arantir/CUCUMIS-lorekeep/lorekeep/results/chapter5_baseline_variants/ratio_sweep_20step_5models_a100_overnight_baseline/raw/high_l10/gemma-2-9b-it_strict_no_chunk.json,40.0,36.0,4.0,0.1,243.43862701789476,297.71091469447197,1007.5141943671041,7893.698623491218,7903.872062300798,8653.135741829174,243.12263948377222,244.9016259633936,247.58727860753424,7893.698623491218,7900.794398039579,7905.036315601319,847.6371909782756,1029.8359832086135,1096.8013497331413,5589.04153900221,8675.924870790914,8744.292257676134
high_l10,high,10,gemma-2-9b-it,Gemma-2-9B-IT,CUCUMIS-Strict,0,12464.901491010096,3.209010518763321,/home/onceas/Arantir/CUCUMIS-lorekeep/lorekeep/results/chapter5_baseline_variants/ratio_sweep_20step_5models_a100_overnight_baseline/raw/high_l10/gemma-2-9b-it_strict_no_chunk.json,40.0,36.0,4.0,0.1,248.35635698400438,311.41456796322086,1032.7980793401364,8065.62105397461,8082.916095503606,8849.248948569875,247.9773499944713,252.58866604417562,259.69221286068205,8065.62105397461,8081.942200486083,8086.090131016681,881.3310659897979,1054.851084802067,1121.0101011878578,5719.230899034301,8870.827630895656,8935.563677872997
high_l10,high,10,gemma-2-9b-it,Gemma-2-9B-IT,CUCUMIS-Strict,1,12423.404278990347,3.2197293995853777,/home/onceas/Arantir/CUCUMIS-lorekeep/lorekeep/results/chapter5_baseline_variants/ratio_sweep_20step_5models_a100_overnight_baseline/raw/high_l10/gemma-2-9b-it_strict_no_chunk.json,40.0,36.0,4.0,0.1,248.1408350286074,311.0394661955077,1038.5997425741514,8035.650108009577,8059.481330728158,8827.831922006444,247.45943999732845,251.90273352200165,259.5139821409248,8035.650108009577,8056.633548490936,8061.091049981769,869.2803360172547,1062.1432001469657,1132.773572865408,5711.281568481354,8850.928546319483,8920.2184192586
high_l30,high,30,gemma-2-9b-it,Gemma-2-9B-IT,vLLM,0,12371.43192597432,3.233255474333443,/home/onceas/Arantir/CUCUMIS-lorekeep/lorekeep/results/chapter5_baseline_variants/ratio_sweep_20step_5models_a100_overnight_baseline/raw/high_l30/gemma-2-9b-it_strict_no_chunk.json,40.0,28.0,12.0,0.3,328.5892339772545,1188.8450187805574,1435.677036079578,8596.411311475094,9315.706346003572,9526.34271712799,286.06951102847233,366.76030699163675,380.58683941548225,8465.972500503995,8704.011765791802,8706.355416793958,1108.1404144933913,1407.9431962280069,1447.4711759062484,9144.4645379961,9433.575435978128,9563.326010904857
high_l30,high,30,gemma-2-9b-it,Gemma-2-9B-IT,CUCUMIS-II,0,12325.882110046223,3.2452038436582122,/home/onceas/Arantir/CUCUMIS-lorekeep/lorekeep/results/chapter5_baseline_variants/ratio_sweep_20step_5models_a100_overnight_baseline/raw/high_l30/gemma-2-9b-it_strict_no_chunk.json,40.0,28.0,12.0,0.3,331.4475330116693,1184.3017077539116,1429.5112079643877,8539.361008035485,9209.716493659653,9421.716083701467,286.5016364958137,352.808122622082,483.01774431776727,8396.002914523706,8618.51250680047,8625.78170346329,1098.3165744983125,1404.9039669858757,1439.6096535265679,9022.698064974975,9333.655199309578,9456.750564872054
high_l30,high,30,gemma-2-9b-it,Gemma-2-9B-IT,vLLM,1,12486.27914302051,3.20351639922762,/home/onceas/Arantir/CUCUMIS-lorekeep/lorekeep/results/chapter5_baseline_variants/ratio_sweep_20step_5models_a100_overnight_baseline/raw/high_l30/gemma-2-9b-it_strict_no_chunk.json,40.0,28.0,12.0,0.3,329.0905659960117,1190.5403279990423,1435.184160162462,8724.38035599771,9443.908216437558,9654.095606633346,286.6354835277889,364.82765958062373,381.3119900523452,8592.686086514732,8833.552525407868,8834.581004862557,1110.3010335064027,1403.280471812468,1449.2844158352818,9265.377602481749,9561.260025954107,9691.10028484778
high_l30,high,30,gemma-2-9b-it,Gemma-2-9B-IT,CUCUMIS-II,1,12202.012302994262,3.278147817486167,/home/onceas/Arantir/CUCUMIS-lorekeep/lorekeep/results/chapter5_baseline_variants/ratio_sweep_20step_5models_a100_overnight_baseline/raw/high_l30/gemma-2-9b-it_strict_no_chunk.json,40.0,28.0,12.0,0.3,330.89642247068696,1189.7035984497052,1440.62183037051,8544.205454469193,9212.502281501656,9433.580312444246,295.8365915110335,366.0880808136426,485.1440037734574,8398.807323508663,8631.97216920671,8633.930999982986,1102.708337974036,1421.1040911090095,1447.7700836502481,9021.710928005632,9347.42854484357,9467.729645545478
high_l30,high,30,gemma-2-9b-it,Gemma-2-9B-IT,CUCUMIS-Strict,0,12276.885815022979,3.2581552522914894,/home/onceas/Arantir/CUCUMIS-lorekeep/lorekeep/results/chapter5_baseline_variants/ratio_sweep_20step_5models_a100_overnight_baseline/raw/high_l30/gemma-2-9b-it_strict_no_chunk.json,40.0,28.0,12.0,0.3,344.8029709979892,1190.932596474886,1434.4595196883893,8600.940048490884,9269.039291195804,9488.140488511417,286.47899749921635,368.1856794282794,484.952539424412,8455.092927499209,8685.166703228606,8687.147132035461,1116.3105174782686,1411.107867170358,1445.1752462488366,9071.401252498617,9400.635322002927,9522.92530599283
high_l30,high,30,gemma-2-9b-it,Gemma-2-9B-IT,CUCUMIS-Strict,1,12297.316712967586,3.252742117133552,/home/onceas/Arantir/CUCUMIS-lorekeep/lorekeep/results/chapter5_baseline_variants/ratio_sweep_20step_5models_a100_overnight_baseline/raw/high_l30/gemma-2-9b-it_strict_no_chunk.json,40.0,28.0,12.0,0.3,331.87797499704175,1189.946771110408,1435.4085430520354,8524.623756995425,9196.916146785952,9411.097381213913,284.6563944767695,355.83148592268117,486.9837760995143,8378.570921486244,8610.624645871576,8613.634312939248,1107.0468435063958,1408.5011981718708,1447.142319944105,9003.894112509442,9325.97117825644,9444.726709268289
high_l50,high,50,gemma-2-9b-it,Gemma-2-9B-IT,vLLM,0,13848.291075963061,2.888443041858741,/home/onceas/Arantir/CUCUMIS-lorekeep/lorekeep/results/chapter5_baseline_variants/ratio_sweep_20step_5models_a100_overnight_baseline/raw/high_l50/gemma-2-9b-it_strict_no_chunk.json,40.0,20.0,20.0,0.5,605.6782609957736,1661.923648696393,2068.19919090427,9686.449474480469,10310.395236167824,10548.218424938386,253.98398397373967,426.62478401325643,426.62478401325643,9639.108117495198,9733.20610630326,9735.157876697485,1490.0356854777783,1833.800774125848,2131.1022842995585,9975.969145976705,10444.228058017325,10549.86257214914
high_l50,high,50,gemma-2-9b-it,Gemma-2-9B-IT,CUCUMIS-II,0,13695.192292972934,2.920732994784176,/home/onceas/Arantir/CUCUMIS-lorekeep/lorekeep/results/chapter5_baseline_variants/ratio_sweep_20step_5models_a100_overnight_baseline/raw/high_l50/gemma-2-9b-it_strict_no_chunk.json,40.0,20.0,20.0,0.5,644.4994230114389,1618.7584671308289,1994.883699148777,9303.611468494637,9884.719761705492,10083.110843963805,272.55428000353277,389.0710480045527,494.4938594178528,9236.928275990067,9328.540629602503,9378.631010653917,1333.1952459702734,1873.6254153947812,2013.261705757468,9596.25783096999,10008.58577080071,10101.268803960993
high_l50,high,50,gemma-2-9b-it,Gemma-2-9B-IT,vLLM,1,13834.786719991826,2.8912624971802696,/home/onceas/Arantir/CUCUMIS-lorekeep/lorekeep/results/chapter5_baseline_variants/ratio_sweep_20step_5models_a100_overnight_baseline/raw/high_l50/gemma-2-9b-it_strict_no_chunk.json,40.0,20.0,20.0,0.5,601.562494499376,1596.9224159081934,2001.6295830690067,9545.283836516319,10163.917324208887,10392.758409704547,250.52485297783278,423.6747509567067,423.6747509567067,9502.075821510516,9583.407839690335,9586.884426122997,1389.3019364913926,1784.2654514941387,2072.6678922626884,9909.915463009384,10291.395974811167,10410.284080102574
high_l50,high,50,gemma-2-9b-it,Gemma-2-9B-IT,CUCUMIS-II,1,13683.132442994975,2.9233072300252303,/home/onceas/Arantir/CUCUMIS-lorekeep/lorekeep/results/chapter5_baseline_variants/ratio_sweep_20step_5models_a100_overnight_baseline/raw/high_l50/gemma-2-9b-it_strict_no_chunk.json,40.0,20.0,20.0,0.5,643.9154364925344,1626.132775039878,1998.858276862884,9295.037283998681,9871.722080098698,10072.748436239199,274.04648246010765,387.10136100417003,491.5289432049029,9227.345680003054,9314.908764493885,9367.90117966244,1329.067810002016,1879.7403890814167,2016.3985620636959,9590.707907045726,9999.509130662773,10089.933788434719
high_l50,high,50,gemma-2-9b-it,Gemma-2-9B-IT,CUCUMIS-Strict,0,14004.27330902312,2.8562710193771728,/home/onceas/Arantir/CUCUMIS-lorekeep/lorekeep/results/chapter5_baseline_variants/ratio_sweep_20step_5models_a100_overnight_baseline/raw/high_l50/gemma-2-9b-it_strict_no_chunk.json,40.0,20.0,20.0,0.5,670.9362300171051,1632.084852020489,1935.8411018789047,9595.060420513619,10204.715921299066,10428.82481842069,272.76563449413516,389.56748058553785,524.3118666688677,9554.308465973008,9623.505509982351,9683.99178679334,1357.0382125035394,1847.2773138841148,1952.7088634838583,9889.324136485811,10336.839986400446,10437.997634622734
high_l50,high,50,gemma-2-9b-it,Gemma-2-9B-IT,CUCUMIS-Strict,1,14050.512407964561,2.8468712626683934,/home/onceas/Arantir/CUCUMIS-lorekeep/lorekeep/results/chapter5_baseline_variants/ratio_sweep_20step_5models_a100_overnight_baseline/raw/high_l50/gemma-2-9b-it_strict_no_chunk.json,40.0,20.0,20.0,0.5,670.063591998769,1666.802054969594,2015.387153288466,9543.155492981896,10132.740111125167,10374.144479943789,254.5535285025835,390.2868310105987,524.959043737035,9463.526442501461,9550.252261711285,9613.414214236545,1350.7574260002002,1904.374740482308,2030.8839465031633,9836.500965495361,10267.171799071366,10375.611575340736
high_l70,high,70,gemma-2-9b-it,Gemma-2-9B-IT,vLLM,0,15238.550005014986,2.624921661630277,/home/onceas/Arantir/CUCUMIS-lorekeep/lorekeep/results/chapter5_baseline_variants/ratio_sweep_20step_5models_a100_overnight_baseline/raw/high_l70/gemma-2-9b-it_strict_no_chunk.json,40.0,12.0,28.0,0.7,1633.4954240301158,3084.3804888019804,3409.847878079745,11182.271622994449,11748.143037618138,12014.246695301263,257.033248024527,313.71804903028533,315.4909717477858,11162.68134402344,11256.450717523694,11259.601806958672,2387.0739495032467,3211.5696983935777,3410.427565439022,11306.068306497764,11841.66124710464,12014.777989065042
high_l70,high,70,gemma-2-9b-it,Gemma-2-9B-IT,CUCUMIS-II,0,16438.430159003474,2.4333223801234842,/home/onceas/Arantir/CUCUMIS-lorekeep/lorekeep/results/chapter5_baseline_variants/ratio_sweep_20step_5models_a100_overnight_baseline/raw/high_l70/gemma-2-9b-it_strict_no_chunk.json,40.0,12.0,28.0,0.7,1517.7903209987562,3307.300936599495,3551.180104063824,11391.910506499698,12047.654594073538,12205.904711500625,295.61691751587205,318.6029110220261,323.54853150376584,10883.043979498325,10934.634657407878,10935.053457415197,1997.8610549878795,3346.3256607879885,3577.153548337519,11678.738058020826,12113.210420671385,12210.018135336577
high_l70,high,70,gemma-2-9b-it,Gemma-2-9B-IT,vLLM,1,15166.055672976654,2.6374688885834194,/home/onceas/Arantir/CUCUMIS-lorekeep/lorekeep/results/chapter5_baseline_variants/ratio_sweep_20step_5models_a100_overnight_baseline/raw/high_l70/gemma-2-9b-it_strict_no_chunk.json,40.0,12.0,28.0,0.7,1645.7106640446,3098.8951686944347,3429.480853640707,11133.475768496282,11700.570586585673,11961.947049063747,256.36569698690437,317.1059809974395,318.424180499278,11112.795316032134,11213.761030475143,11214.66971135931,2403.7733470031526,3217.5682432134636,3430.2119635941926,11231.23676198884,11785.140361619415,11962.5113256654
high_l70,high,70,gemma-2-9b-it,Gemma-2-9B-IT,CUCUMIS-II,1,16430.022660002578,2.4345675491596506,/home/onceas/Arantir/CUCUMIS-lorekeep/lorekeep/results/chapter5_baseline_variants/ratio_sweep_20step_5models_a100_overnight_baseline/raw/high_l70/gemma-2-9b-it_strict_no_chunk.json,40.0,12.0,28.0,0.7,1510.996005992638,3305.900759983342,3545.8479749248363,11375.532631500391,12034.740832995158,12197.823032344459,295.6881390127819,317.5209269975312,321.94492828741204,10865.098283509724,10923.02875010646,10923.793921592296,2000.5281764897518,3341.895910160383,3571.879814325366,11665.354922501137,12105.36706787534,12201.87175746425
high_l70,high,70,gemma-2-9b-it,Gemma-2-9B-IT,CUCUMIS-Strict,0,15647.083589981776,2.5563869311473773,/home/onceas/Arantir/CUCUMIS-lorekeep/lorekeep/results/chapter5_baseline_variants/ratio_sweep_20step_5models_a100_overnight_baseline/raw/high_l70/gemma-2-9b-it_strict_no_chunk.json,40.0,12.0,28.0,0.7,1517.7889135084115,3314.428162405966,3710.351505809813,10904.60191553575,11328.580122120911,11530.601895157597,282.8279790119268,360.2380463271402,370.72744870500173,10516.16708652,10607.740915898466,10609.09630836919,2179.95928102755,3475.899455312174,3737.317077565822,11112.672552990261,11342.240584327374,11539.945329881157
high_l70,high,70,gemma-2-9b-it,Gemma-2-9B-IT,CUCUMIS-Strict,1,15522.49360398855,2.576905555285388,/home/onceas/Arantir/CUCUMIS-lorekeep/lorekeep/results/chapter5_baseline_variants/ratio_sweep_20step_5models_a100_overnight_baseline/raw/high_l70/gemma-2-9b-it_strict_no_chunk.json,40.0,12.0,28.0,0.7,1489.038255502237,3315.160101681249,3563.509579753736,10818.996988993604,11275.713899702532,11353.148044354166,256.672041490674,318.69348301552236,320.8708119648509,10371.519943990279,10467.924251494696,10469.34559268644,2005.520777485799,3354.0941806160845,3589.462864754023,10971.380510978634,11277.114027005155,11358.077315315022
high_l90,high,90,gemma-2-9b-it,Gemma-2-9B-IT,vLLM,0,16724.978738988284,2.3916323377293365,/home/onceas/Arantir/CUCUMIS-lorekeep/lorekeep/results/chapter5_baseline_variants/ratio_sweep_20step_5models_a100_overnight_baseline/raw/high_l90/gemma-2-9b-it_strict_no_chunk.json,40.0,4.0,36.0,0.9,2993.6336830141954,4472.216011409182,4699.3477141927,12660.76272749342,13283.574659808073,13489.340002483223,266.75657148007303,297.0391455804929,300.5420332518406,12765.24550197064,12768.805297190556,12769.309480626252,3074.14766450529,4526.500525011215,4700.884785351809,12551.951511006337,13304.975519014988,13490.075826842804
high_l90,high,90,gemma-2-9b-it,Gemma-2-9B-IT,CUCUMIS-II,0,17337.089662032668,2.307192313113425,/home/onceas/Arantir/CUCUMIS-lorekeep/lorekeep/results/chapter5_baseline_variants/ratio_sweep_20step_5models_a100_overnight_baseline/raw/high_l90/gemma-2-9b-it_strict_no_chunk.json,40.0,4.0,36.0,0.9,2744.3532114848495,4896.003368101083,5330.461021454539,12379.428558488144,12984.236647433136,13162.568266873714,267.7552295208443,296.7880128941033,301.2687970761908,11602.290589478798,11605.015360115794,11605.917082634405,2989.4733690016437,4907.716452493332,5339.133463974576,12456.078698509373,12996.995505003724,13166.18772627553
high_l90,high,90,gemma-2-9b-it,Gemma-2-9B-IT,vLLM,1,16757.94785900507,2.3869271068596594,/home/onceas/Arantir/CUCUMIS-lorekeep/lorekeep/results/chapter5_baseline_variants/ratio_sweep_20step_5models_a100_overnight_baseline/raw/high_l90/gemma-2-9b-it_strict_no_chunk.json,40.0,4.0,36.0,0.9,3013.073665497359,4517.493942641886,4750.739474574802,12702.444287511753,13331.38321149745,13540.903555956902,264.01294249808416,293.11732781352475,297.56335410289466,12813.822905503912,12818.038980604615,12819.397738856496,3098.0369850003626,4573.667033022502,4752.23526241607,12581.700294977054,13356.511425488861,13542.006698116893
high_l90,high,90,gemma-2-9b-it,Gemma-2-9B-IT,CUCUMIS-II,1,17339.213225990534,2.3069097472105704,/home/onceas/Arantir/CUCUMIS-lorekeep/lorekeep/results/chapter5_baseline_variants/ratio_sweep_20step_5models_a100_overnight_baseline/raw/high_l90/gemma-2-9b-it_strict_no_chunk.json,40.0,4.0,36.0,0.9,2757.640550029464,4879.646636307007,5309.730198131874,12344.580907025374,12975.69219089346,13149.593757214025,267.01726351166144,299.4818501872942,305.03984228824265,11571.387086005416,11571.993050107267,11572.150482522557,2989.0969159896486,4889.174089505104,5318.508250731975,12426.439169503283,12976.608326483984,13154.242035653442
high_l90,high,90,gemma-2-9b-it,Gemma-2-9B-IT,CUCUMIS-Strict,0,17123.54393705027,2.3359650401253598,/home/onceas/Arantir/CUCUMIS-lorekeep/lorekeep/results/chapter5_baseline_variants/ratio_sweep_20step_5models_a100_overnight_baseline/raw/high_l90/gemma-2-9b-it_strict_no_chunk.json,40.0,4.0,36.0,0.9,2791.0736599878874,4878.68106715614,5305.614592597121,12230.71307950886,12725.675699167186,12945.932298785774,262.749118526699,296.80934700299986,302.2912163933506,11514.737241494004,11517.827689187834,11518.899814907345,2947.6718734949827,4888.611411966849,5314.627964637475,12304.620848502964,12735.795635991963,12948.78845870844
high_l90,high,90,gemma-2-9b-it,Gemma-2-9B-IT,CUCUMIS-Strict,1,17099.451665999368,2.3392562978809543,/home/onceas/Arantir/CUCUMIS-lorekeep/lorekeep/results/chapter5_baseline_variants/ratio_sweep_20step_5models_a100_overnight_baseline/raw/high_l90/gemma-2-9b-it_strict_no_chunk.json,40.0,4.0,36.0,0.9,2801.5885154891293,4863.296055304818,5291.087368155131,12214.988499501487,12712.684823799646,12912.713039900409,261.9143274787348,297.3006664891727,302.8846242383588,11515.982440003427,11517.634629970416,11517.948448267998,2933.191568503389,4874.386404524557,5300.099612755002,12287.089000514243,12717.200766986934,12915.189851500327
mid_l10,mid,10,mistral-7b-instruct-v0.2,Mistral-7B-Instruct-v0.2,CUCUMIS,0,11079.8756670265,3.6101488141278737,/home/onceas/Arantir/CUCUMIS-lorekeep/lorekeep/results/openworkload_ratio_sweep_lora8/ratio_sweep_20step_5models_a100_overnight_main/raw/mid_l10/mistral-7b-instruct-v0.2_dataset_eval.json,40.0,36.0,4.0,0.1,162.98956249374896,195.0840843957851,456.3872150261886,5335.48434797558,5472.503620391944,5657.574474302237,162.90471999673173,166.5811530110659,174.196939295507,5327.474902995164,5456.468120988575,5466.607122447749,403.15960299631115,462.5368324050214,480.98568454151973,5645.997521991376,5657.796744693769,5658.463555868366
mid_l10,mid,10,mistral-7b-instruct-v0.2,Mistral-7B-Instruct-v0.2,CUCUMIS,1,11129.501571995206,3.594051336553172,/home/onceas/Arantir/CUCUMIS-lorekeep/lorekeep/results/openworkload_ratio_sweep_lora8/ratio_sweep_20step_5models_a100_overnight_main/raw/mid_l10/mistral-7b-instruct-v0.2_dataset_eval.json,40.0,36.0,4.0,0.1,164.271589499549,168.5117713001091,408.88650919136126,5362.257960499846,5423.363573881215,5612.4006832172745,163.48437700071372,168.04147999209817,169.43732539657503,5360.883207991719,5416.8961879913695,5426.757652954257,280.5076464865124,411.2952349940315,418.5214124020422,5483.433134984807,5614.771764088073,5621.885006700468
mid_l30,mid,30,mistral-7b-instruct-v0.2,Mistral-7B-Instruct-v0.2,CUCUMIS,0,11086.80375199765,3.6078928512460315,/home/onceas/Arantir/CUCUMIS-lorekeep/lorekeep/results/openworkload_ratio_sweep_lora8/ratio_sweep_20step_5models_a100_overnight_main/raw/mid_l30/mistral-7b-instruct-v0.2_dataset_eval.json,40.0,28.0,12.0,0.3,164.76465499727055,483.8546613085783,621.1700189847033,5585.849151495495,5816.161837003892,6054.543826399895,162.98820498923305,170.9536181006115,235.92670786340022,5503.152956502163,5680.701881396817,5688.201197998133,437.8364244912518,608.9232444821391,623.9138840360101,5749.709636991611,5995.294664887479,6074.409233080514
mid_l30,mid,30,mistral-7b-instruct-v0.2,Mistral-7B-Instruct-v0.2,CUCUMIS,1,11073.945766023826,3.612081984609743,/home/onceas/Arantir/CUCUMIS-lorekeep/lorekeep/results/openworkload_ratio_sweep_lora8/ratio_sweep_20step_5models_a100_overnight_main/raw/mid_l30/mistral-7b-instruct-v0.2_dataset_eval.json,40.0,28.0,12.0,0.3,163.49796750000678,476.6449893941172,624.4068595187855,5577.2665179974865,5793.870289000915,6045.445520285575,162.15692200057674,171.57860200095456,233.65849512279965,5489.052947523305,5665.7212153833825,5679.314909907698,409.78331098449416,608.5742975090398,628.7965849987813,5735.007969997241,5990.881500017713,6063.086054243904
mid_l50,mid,50,mistral-7b-instruct-v0.2,Mistral-7B-Instruct-v0.2,CUCUMIS,0,11528.622240992263,3.4696253519151843,/home/onceas/Arantir/CUCUMIS-lorekeep/lorekeep/results/openworkload_ratio_sweep_lora8/ratio_sweep_20step_5models_a100_overnight_main/raw/mid_l50/mistral-7b-instruct-v0.2_dataset_eval.json,40.0,20.0,20.0,0.5,175.11281598126516,610.9785212029237,655.1425346365431,5996.687786479015,6176.765890207025,6324.442119032028,165.88327748468146,177.6937307819026,231.3108611616189,5926.978894480271,6072.592112293933,6076.173054547398,428.77428499923553,632.4705402017571,658.2148876349675,6032.871238494408,6318.026527322945,6325.109311830602
mid_l50,mid,50,mistral-7b-instruct-v0.2,Mistral-7B-Instruct-v0.2,CUCUMIS,1,11621.842583001126,3.4417950264191877,/home/onceas/Arantir/CUCUMIS-lorekeep/lorekeep/results/openworkload_ratio_sweep_lora8/ratio_sweep_20step_5models_a100_overnight_main/raw/mid_l50/mistral-7b-instruct-v0.2_dataset_eval.json,40.0,20.0,20.0,0.5,217.98550350649748,631.9683519861428,773.4263974853093,6156.494372989982,6342.312202212634,6492.718509581173,165.59379899990745,204.5738151093247,329.4808776187709,6093.985268496908,6237.653272290481,6243.172983184049,493.71892549970653,718.5713489889167,791.4116592874051,6172.4843089905335,6481.274233903969,6493.055136987241
mid_l70,mid,70,mistral-7b-instruct-v0.2,Mistral-7B-Instruct-v0.2,CUCUMIS,0,11091.660405014409,3.6063130802234507,/home/onceas/Arantir/CUCUMIS-lorekeep/lorekeep/results/openworkload_ratio_sweep_lora8/ratio_sweep_20step_5models_a100_overnight_main/raw/mid_l70/mistral-7b-instruct-v0.2_dataset_eval.json,40.0,12.0,28.0,0.7,336.021939991042,645.4867145803291,760.1707926395466,5911.6508065053495,6306.673325799056,6356.763947195432,148.80991099926177,203.7685693969252,227.56175340997288,6014.8376254946925,6071.188136399724,6086.404728057969,504.844139519264,661.9977722904878,761.5961484369473,5802.991506003309,6307.645512398449,6364.250113594171
mid_l70,mid,70,mistral-7b-instruct-v0.2,Mistral-7B-Instruct-v0.2,CUCUMIS,1,10569.346689997474,3.784529088997984,/home/onceas/Arantir/CUCUMIS-lorekeep/lorekeep/results/openworkload_ratio_sweep_lora8/ratio_sweep_20step_5models_a100_overnight_main/raw/mid_l70/mistral-7b-instruct-v0.2_dataset_eval.json,40.0,12.0,28.0,0.7,239.16395398555323,589.0730824932689,666.1442501025158,5548.541642492637,5887.915977297234,5983.074875930033,145.72235150262713,201.9403050973779,228.79759518866194,5602.267595502781,5676.906997108017,5686.412839179393,439.9725014955038,615.9909859939944,673.3517322255648,5432.697357493453,5899.082994903438,5998.566637491749
mid_l90,mid,90,mistral-7b-instruct-v0.2,Mistral-7B-Instruct-v0.2,CUCUMIS,0,11305.79247197602,3.5380093964354207,/home/onceas/Arantir/CUCUMIS-lorekeep/lorekeep/results/openworkload_ratio_sweep_lora8/ratio_sweep_20step_5models_a100_overnight_main/raw/mid_l90/mistral-7b-instruct-v0.2_dataset_eval.json,40.0,4.0,36.0,0.9,422.91886851307936,725.2864171110559,827.028702259413,6317.164709995268,6770.664518489502,6838.405538710067,165.89715098962188,202.31155840447173,216.35711555019952,6519.56067600986,6559.216785494937,6574.5127134391805,474.54347502207384,732.130305521423,828.9145888964412,6243.244901997969,6776.760324486531,6838.982657511951
mid_l90,mid,90,mistral-7b-instruct-v0.2,Mistral-7B-Instruct-v0.2,CUCUMIS,1,11759.916579001583,3.4013846723558987,/home/onceas/Arantir/CUCUMIS-lorekeep/lorekeep/results/openworkload_ratio_sweep_lora8/ratio_sweep_20step_5models_a100_overnight_main/raw/mid_l90/mistral-7b-instruct-v0.2_dataset_eval.json,40.0,4.0,36.0,0.9,466.4039139752276,738.1447991763707,836.4777149452129,6640.450205479283,7114.867738698376,7144.121981732314,167.17216101824306,201.72463508788496,214.1014898836147,6816.041817510268,6852.839760296047,6866.673426020425,488.29505348112434,739.0841319866013,840.4659587453351,6422.605956031475,7115.234257507836,7144.184134172974
high_l10,high,10,mistral-7b-instruct-v0.2,Mistral-7B-Instruct-v0.2,CUCUMIS,0,9020.477265003137,4.434355170450739,/home/onceas/Arantir/CUCUMIS-lorekeep/lorekeep/results/openworkload_ratio_sweep_lora8/ratio_sweep_20step_5models_a100_overnight_main/raw/high_l10/mistral-7b-instruct-v0.2_dataset_eval.json,40.0,36.0,4.0,0.1,146.45699498942122,152.04506370355378,375.81329819047824,4724.494044989115,4817.477334488649,4964.372119165491,145.4467264993582,148.61516997916624,161.45432453777173,4718.672846996924,4811.2726015097,4818.648692406714,264.9621549935546,377.7801706106402,383.6807878711261,4857.430600008229,4964.488947892096,4964.83943407191
high_l10,high,10,mistral-7b-instruct-v0.2,Mistral-7B-Instruct-v0.2,CUCUMIS,1,9003.897195972968,4.442520736230771,/home/onceas/Arantir/CUCUMIS-lorekeep/lorekeep/results/openworkload_ratio_sweep_lora8/ratio_sweep_20step_5models_a100_overnight_main/raw/high_l10/mistral-7b-instruct-v0.2_dataset_eval.json,40.0,36.0,4.0,0.1,143.1545079976786,152.3262741917279,409.67083366820583,4676.517660991522,4758.860104589257,4952.192403007648,142.86667798296548,148.47316197119653,163.77122853009493,4665.092671522871,4754.516488494119,4759.572858409956,339.2365894978866,417.5115695921704,441.033777364064,4862.49772249721,4959.307248698315,4980.651785770315
high_l30,high,30,mistral-7b-instruct-v0.2,Mistral-7B-Instruct-v0.2,CUCUMIS,0,9096.328490006272,4.397378573558135,/home/onceas/Arantir/CUCUMIS-lorekeep/lorekeep/results/openworkload_ratio_sweep_lora8/ratio_sweep_20step_5models_a100_overnight_main/raw/high_l30/mistral-7b-instruct-v0.2_dataset_eval.json,40.0,28.0,12.0,0.3,156.4551159972325,515.6447853369173,556.1423699837178,5106.9769710011315,5277.044686023146,5509.987867500749,148.51691699004732,160.6971399858594,256.1487275885884,4958.763780508889,5249.743485875661,5254.289573522983,413.42614000313915,554.2866538860835,556.1423699837178,5202.429597527953,5448.5299832886085,5535.750597506412
high_l30,high,30,mistral-7b-instruct-v0.2,Mistral-7B-Instruct-v0.2,CUCUMIS,1,9044.188604981173,4.4227295279943215,/home/onceas/Arantir/CUCUMIS-lorekeep/lorekeep/results/openworkload_ratio_sweep_lora8/ratio_sweep_20step_5models_a100_overnight_main/raw/high_l30/mistral-7b-instruct-v0.2_dataset_eval.json,40.0,28.0,12.0,0.3,149.90183297777548,524.6012843679637,553.1903519877233,4980.594289023429,5186.440085992217,5407.480895407498,147.60646247304976,182.23161059431735,253.9386641624151,4891.17834350327,5146.4640107995365,5151.425368908676,333.2463820115663,550.7728497846983,553.1903519877233,5133.633150981041,5346.1614951025695,5433.164601558819
high_l50,high,50,mistral-7b-instruct-v0.2,Mistral-7B-Instruct-v0.2,CUCUMIS,0,9098.893838003278,4.396138773807023,/home/onceas/Arantir/CUCUMIS-lorekeep/lorekeep/results/openworkload_ratio_sweep_lora8/ratio_sweep_20step_5models_a100_overnight_main/raw/high_l50/mistral-7b-instruct-v0.2_dataset_eval.json,40.0,20.0,20.0,0.5,183.61623800592497,503.94509239122283,648.9572731027147,5318.020699021872,5500.730659381952,5616.697090899688,152.10390201536939,186.0118689946831,323.8237039168597,5319.845744525082,5404.476853291271,5407.435955187539,377.024525514571,601.7461510084105,649.4937269081129,5306.89299950609,5606.415842706338,5619.42094890459
high_l50,high,50,mistral-7b-instruct-v0.2,Mistral-7B-Instruct-v0.2,CUCUMIS,1,9315.171413007192,4.294070202953668,/home/onceas/Arantir/CUCUMIS-lorekeep/lorekeep/results/openworkload_ratio_sweep_lora8/ratio_sweep_20step_5models_a100_overnight_main/raw/high_l50/mistral-7b-instruct-v0.2_dataset_eval.json,40.0,20.0,20.0,0.5,160.47786397393793,599.7191066038796,747.5637010962237,5397.407987009501,5645.235736202449,5687.519812199171,147.3442320129834,156.83566930238158,175.4233133292291,5395.242451515514,5475.814909196924,5477.299959145021,363.002741971286,665.106829215074,766.7422302963677,5399.930871499237,5680.357790319249,5689.205388002447
high_l70,high,70,mistral-7b-instruct-v0.2,Mistral-7B-Instruct-v0.2,CUCUMIS,0,9619.785898015834,4.158096700286267,/home/onceas/Arantir/CUCUMIS-lorekeep/lorekeep/results/openworkload_ratio_sweep_lora8/ratio_sweep_20step_5models_a100_overnight_main/raw/high_l70/mistral-7b-instruct-v0.2_dataset_eval.json,40.0,12.0,28.0,0.7,296.89189852797426,680.3781958064064,746.8571731634438,5703.195983514888,5977.115109626902,6082.826389695983,148.36321500479244,188.79923370550387,269.2834307829617,5786.846233997494,5832.194486143999,5834.029396013939,385.88693749625236,695.5533342726994,748.0613008048385,5546.773317502812,6034.79466449935,6089.363907014485
high_l70,high,70,mistral-7b-instruct-v0.2,Mistral-7B-Instruct-v0.2,CUCUMIS,1,9492.497083963826,4.213854336344659,/home/onceas/Arantir/CUCUMIS-lorekeep/lorekeep/results/openworkload_ratio_sweep_lora8/ratio_sweep_20step_5models_a100_overnight_main/raw/high_l70/mistral-7b-instruct-v0.2_dataset_eval.json,40.0,12.0,28.0,0.7,348.4520995116327,693.0587308248506,870.8260241337119,5913.055680983234,6132.982928398997,6242.984683941468,146.14835701650009,187.8205558634363,244.4967247406021,5947.591319010826,5993.2805892429315,5998.319837458548,566.1355824850034,792.3553614586126,885.5898037739098,5759.07931549591,6192.61918226839,6248.703768255073
high_l90,high,90,mistral-7b-instruct-v0.2,Mistral-7B-Instruct-v0.2,CUCUMIS,0,10042.336675978731,3.9831367231174393,/home/onceas/Arantir/CUCUMIS-lorekeep/lorekeep/results/openworkload_ratio_sweep_lora8/ratio_sweep_20step_5models_a100_overnight_main/raw/high_l90/mistral-7b-instruct-v0.2_dataset_eval.json,40.0,4.0,36.0,0.9,538.6218660278246,923.8515119708609,1168.250777219655,6433.571207977366,7003.930842893897,7057.294804289122,155.7486409728881,182.90830911137164,190.34284363267943,6758.245485514635,6805.447466223268,6822.7442618476925,567.2139010275714,937.5620759965386,1171.8288436590226,6322.561863984447,7019.318634498632,7057.402746207663
high_l90,high,90,mistral-7b-instruct-v0.2,Mistral-7B-Instruct-v0.2,CUCUMIS,1,9260.666740010493,4.319343425585217,/home/onceas/Arantir/CUCUMIS-lorekeep/lorekeep/results/openworkload_ratio_sweep_lora8/ratio_sweep_20step_5models_a100_overnight_main/raw/high_l90/mistral-7b-instruct-v0.2_dataset_eval.json,40.0,4.0,36.0,0.9,428.85497451061383,827.253177005332,895.4373114550253,5801.661473000422,6328.484753688099,6411.9456418883055,151.85548400040716,180.6267634150572,188.79085656721145,6119.830748502864,6169.449830130907,6187.56138505938,453.867018019082,827.253177005332,899.9009196151745,5757.824077998521,6361.713600490475,6411.986041488126
mid_l10,mid,10,gemma-7b-it,Gemma-7B-IT,CUCUMIS,0,10436.335834965575,3.8327628233259072,/home/onceas/Arantir/CUCUMIS-lorekeep/lorekeep/results/openworkload_ratio_sweep_lora8/ratio_sweep_20step_5models_a100_overnight_main/raw/mid_l10/gemma-7b-it_dataset_eval.json,40.0,36.0,4.0,0.1,145.53259298554622,208.7136019079481,478.65049633779563,4724.1994155047,5025.03520543105,5164.340361629729,145.22177996695973,160.05376001703553,227.12177137436805,4691.824660985731,5022.713891026797,5031.838875747053,454.62705500540324,479.52881110832095,482.1637554198969,4887.774861999787,5170.369687775383,5240.709516452043
mid_l10,mid,10,gemma-7b-it,Gemma-7B-IT,CUCUMIS,1,10400.13802103931,3.8461028035474767,/home/onceas/Arantir/CUCUMIS-lorekeep/lorekeep/results/openworkload_ratio_sweep_lora8/ratio_sweep_20step_5models_a100_overnight_main/raw/mid_l10/gemma-7b-it_dataset_eval.json,40.0,36.0,4.0,0.1,145.63013199949637,210.67319071153184,483.1742663605837,4701.895597012481,5011.57443257398,5150.771089795162,145.53783347946592,159.81201399699785,228.86330058099696,4668.220669031143,5009.878816985292,5017.975308169844,456.4818475046195,484.3773555767257,487.98662322515156,4867.277266515885,5154.5581348997075,5227.174547674949
mid_l30,mid,30,gemma-7b-it,Gemma-7B-IT,CUCUMIS,0,10364.212723972742,3.8594344853110525,/home/onceas/Arantir/CUCUMIS-lorekeep/lorekeep/results/openworkload_ratio_sweep_lora8/ratio_sweep_20step_5models_a100_overnight_main/raw/mid_l30/gemma-7b-it_dataset_eval.json,40.0,28.0,12.0,0.3,150.6648149807006,521.1097841034646,708.2801819115411,5212.186449498404,5534.679324284662,5676.858374220901,147.32803899096325,169.4589210965205,411.9703874702101,5064.893436996499,5534.435874893097,5536.691990546533,487.9067575093359,700.9241908031981,710.4562780668493,5281.1746270162985,5554.587658512173,5729.925239824806
mid_l30,mid,30,gemma-7b-it,Gemma-7B-IT,CUCUMIS,1,10362.75484599173,3.859977447548306,/home/onceas/Arantir/CUCUMIS-lorekeep/lorekeep/results/openworkload_ratio_sweep_lora8/ratio_sweep_20step_5models_a100_overnight_main/raw/mid_l30/gemma-7b-it_dataset_eval.json,40.0,28.0,12.0,0.3,150.68303502630442,525.9678288479338,700.838310350664,5160.331713996129,5543.745658767875,5834.756627988536,147.26246299687773,170.18645018688403,407.9710612189957,4927.5984940177295,5541.751245717751,5545.770641301642,488.18258848041296,696.4853652694728,702.1786801656708,5268.944760988234,5729.955578286899,5870.783824513201
mid_l50,mid,50,gemma-7b-it,Gemma-7B-IT,CUCUMIS,0,11792.691331007518,3.3919313986303217,/home/onceas/Arantir/CUCUMIS-lorekeep/lorekeep/results/openworkload_ratio_sweep_lora8/ratio_sweep_20step_5models_a100_overnight_main/raw/mid_l50/gemma-7b-it_dataset_eval.json,40.0,20.0,20.0,0.5,283.64846849581227,915.2774647925982,1129.8838138999417,6635.966787027428,7057.493275235174,7293.8011772878235,170.42111448245123,285.9593100147322,516.3278006488687,6639.279196009738,7046.821973955957,7051.40540529741,578.9815160096623,996.3533565110995,1131.7609955044463,6625.579296029173,7193.560035940027,7293.856911484036
mid_l50,mid,50,gemma-7b-it,Gemma-7B-IT,CUCUMIS,1,12021.925859036855,3.327253924955134,/home/onceas/Arantir/CUCUMIS-lorekeep/lorekeep/results/openworkload_ratio_sweep_lora8/ratio_sweep_20step_5models_a100_overnight_main/raw/mid_l50/gemma-7b-it_dataset_eval.json,40.0,20.0,20.0,0.5,247.8366779978387,969.0336294763258,1192.661963024293,6662.478080979781,7170.270961307688,7410.7182395941345,168.74964599264786,247.8366779978387,276.78126578626683,6857.072722516023,7170.270961307688,7172.564834957011,592.1487985178828,1128.3076929743402,1200.3153194260085,6606.598204496549,7123.034526512492,7411.314551596879
mid_l70,mid,70,gemma-7b-it,Gemma-7B-IT,CUCUMIS,0,11737.189395003952,3.4079709080119627,/home/onceas/Arantir/CUCUMIS-lorekeep/lorekeep/results/openworkload_ratio_sweep_lora8/ratio_sweep_20step_5models_a100_overnight_main/raw/mid_l70/gemma-7b-it_dataset_eval.json,40.0,12.0,28.0,0.7,421.6050120012369,1028.5736569960138,1260.17341865052,6855.921202484751,7304.884549416602,7461.43290542881,164.41940452205017,265.50010330975056,269.842039651121,7110.758235998219,7301.830746390624,7311.619539567037,716.8184940237552,1108.5153199965134,1273.5406922880793,6389.403983019292,7180.697689909721,7489.624536990887
mid_l70,mid,70,gemma-7b-it,Gemma-7B-IT,CUCUMIS,1,11850.232407974545,3.3754612249699196,/home/onceas/Arantir/CUCUMIS-lorekeep/lorekeep/results/openworkload_ratio_sweep_lora8/ratio_sweep_20step_5models_a100_overnight_main/raw/mid_l70/gemma-7b-it_dataset_eval.json,40.0,12.0,28.0,0.7,450.05024151760153,1108.9183959062213,1455.1294440188212,6992.0998304733075,7262.735289894044,7423.145957388333,166.89036699244753,224.54312967020087,270.28254685283173,7073.120673507219,7263.349022489274,7272.050525341183,672.9889754788019,1230.0168932706583,1468.1002276943764,6452.566611493239,7202.568978891941,7450.911245268653
mid_l90,mid,90,gemma-7b-it,Gemma-7B-IT,CUCUMIS,0,10998.234016995411,3.636947526138158,/home/onceas/Arantir/CUCUMIS-lorekeep/lorekeep/results/openworkload_ratio_sweep_lora8/ratio_sweep_20step_5models_a100_overnight_main/raw/mid_l90/gemma-7b-it_dataset_eval.json,40.0,4.0,36.0,0.9,531.8441670096945,1015.629508998245,1135.8076939941384,6338.941327005159,7327.2985968214925,7608.69897067023,189.9454990052618,244.80540200602263,265.9656503063161,7188.2463405199815,7295.504308515228,7313.3256841718685,614.7882550139911,1015.629508998245,1135.8076939941384,6189.378927985672,7347.9742009949405,7608.876177269849
mid_l90,mid,90,gemma-7b-it,Gemma-7B-IT,CUCUMIS,1,11489.954092015978,3.4813019860362013,/home/onceas/Arantir/CUCUMIS-lorekeep/lorekeep/results/openworkload_ratio_sweep_lora8/ratio_sweep_20step_5models_a100_overnight_main/raw/mid_l90/gemma-7b-it_dataset_eval.json,40.0,4.0,36.0,0.9,533.952681988012,1098.915946186753,1169.882140776026,6720.61132802628,7580.691427079728,7785.330887226155,180.56228847126476,237.17130607110448,247.27733128529508,7461.267240025336,7562.318604392931,7578.261980718235,600.2285314898472,1113.8564310094807,1169.8915439745178,6567.3178654687945,7549.276991019724,7794.114056945546
high_l10,high,10,gemma-7b-it,Gemma-7B-IT,CUCUMIS,0,9087.861042993609,4.401475749988328,/home/onceas/Arantir/CUCUMIS-lorekeep/lorekeep/results/openworkload_ratio_sweep_lora8/ratio_sweep_20step_5models_a100_overnight_main/raw/high_l10/gemma-7b-it_dataset_eval.json,40.0,36.0,4.0,0.1,148.66671149502508,242.51728508970703,489.9372220551595,4874.334498017561,5128.411599382525,5293.74186362722,148.39775301516056,161.8690089962911,252.88272314646744,4806.741181993857,5127.793869498419,5128.604920755606,482.2439419804141,490.1350032654591,490.72834689635783,5154.125268978532,5305.156711407471,5339.401254748227
high_l10,high,10,gemma-7b-it,Gemma-7B-IT,CUCUMIS,1,9033.56705402257,4.427929716001648,/home/onceas/Arantir/CUCUMIS-lorekeep/lorekeep/results/openworkload_ratio_sweep_lora8/ratio_sweep_20step_5models_a100_overnight_main/raw/high_l10/gemma-7b-it_dataset_eval.json,40.0,36.0,4.0,0.1,149.11308250157163,170.2909769956023,509.29435211175587,4782.306870474713,4998.669028095901,5197.292619968648,148.8124215102289,161.80125600658357,188.9541820273734,4772.715492988937,4997.529172513168,5000.288166705286,348.86192850535735,511.96359308087267,519.9713159882231,5005.187170027057,5202.447027963353,5217.910251947469
high_l30,high,30,gemma-7b-it,Gemma-7B-IT,CUCUMIS,0,9587.768514000345,4.171982244000866,/home/onceas/Arantir/CUCUMIS-lorekeep/lorekeep/results/openworkload_ratio_sweep_lora8/ratio_sweep_20step_5models_a100_overnight_main/raw/high_l30/gemma-7b-it_dataset_eval.json,40.0,28.0,12.0,0.3,175.50793301779777,371.74333030125143,597.4570129474159,5437.9308769712225,5815.40592298843,6010.738167198724,167.5868414749857,205.8251549722627,265.11048602173105,5412.962709495332,5813.1820636976045,5815.9017707942985,260.59605248156004,534.0994661906734,626.0618115484249,5510.5557889910415,5933.347045897972,6044.070639225538
high_l30,high,30,gemma-7b-it,Gemma-7B-IT,CUCUMIS,1,9603.155648976099,4.165297477425023,/home/onceas/Arantir/CUCUMIS-lorekeep/lorekeep/results/openworkload_ratio_sweep_lora8/ratio_sweep_20step_5models_a100_overnight_main/raw/high_l30/gemma-7b-it_dataset_eval.json,40.0,28.0,12.0,0.3,177.11405499721877,532.5912484899163,680.1886873424519,5655.137018999085,5920.321013813373,6112.444307963597,168.84191197459586,199.06826522201303,508.1472934421619,5523.101605009288,5920.0611079868395,5920.710119702271,306.45073897903785,638.2571866910439,694.2367221938912,5671.234370500315,6018.674003699562,6148.683077521855
high_l50,high,50,gemma-7b-it,Gemma-7B-IT,CUCUMIS,0,10256.51342002675,3.8999607724293974,/home/onceas/Arantir/CUCUMIS-lorekeep/lorekeep/results/openworkload_ratio_sweep_lora8/ratio_sweep_20step_5models_a100_overnight_main/raw/high_l50/gemma-7b-it_dataset_eval.json,40.0,20.0,20.0,0.5,251.41832750523463,887.6985224371314,1242.731649421039,6065.6464684871025,6470.372790313559,6690.578408247093,154.71004252322018,239.48672950500625,274.46303555567283,6167.108002002351,6470.372790313559,6472.006358973449,491.12021501059644,1134.9247040227056,1263.2635574130106,5931.284295016667,6469.933046336519,6691.887456841068
high_l50,high,50,gemma-7b-it,Gemma-7B-IT,CUCUMIS,1,10109.108975972049,3.9568274607657763,/home/onceas/Arantir/CUCUMIS-lorekeep/lorekeep/results/openworkload_ratio_sweep_lora8/ratio_sweep_20step_5models_a100_overnight_main/raw/high_l50/gemma-7b-it_dataset_eval.json,40.0,20.0,20.0,0.5,248.95702651701868,954.1605139966123,1185.6247688853182,6190.38698298391,6461.22035793378,6678.508992340649,153.47577599459328,239.37378772534433,275.60381987656,6227.651383524062,6459.311104490189,6461.314148201491,527.7106879802886,1125.9563579806127,1205.1881822966968,6123.637406475609,6544.164386932971,6679.7165193234105
high_l70,high,70,gemma-7b-it,Gemma-7B-IT,CUCUMIS,0,10171.118705009576,3.93270407711384,/home/onceas/Arantir/CUCUMIS-lorekeep/lorekeep/results/openworkload_ratio_sweep_lora8/ratio_sweep_20step_5models_a100_overnight_main/raw/high_l70/gemma-7b-it_dataset_eval.json,40.0,12.0,28.0,0.7,440.84739149548113,1236.3272235903423,1339.7666362195741,6417.696201009676,6753.946990292752,6991.314106609207,152.38405446871184,213.41652668197642,264.43141869676765,6614.134573523188,6747.363483085064,6754.616154311807,680.0003139942419,1279.591516306391,1345.4338595399167,6060.324651014525,6767.451130686095,6995.036924572196
high_l70,high,70,gemma-7b-it,Gemma-7B-IT,CUCUMIS,1,9802.097590989433,4.080759207781195,/home/onceas/Arantir/CUCUMIS-lorekeep/lorekeep/results/openworkload_ratio_sweep_lora8/ratio_sweep_20step_5models_a100_overnight_main/raw/high_l70/gemma-7b-it_dataset_eval.json,40.0,12.0,28.0,0.7,285.59322201181203,979.8988545720933,1326.2117800186388,6206.943097990006,6610.485716391122,6840.4185153055005,152.93780498905107,219.39940956654027,238.87289986305404,6437.605165032437,6603.466663387371,6611.907498356304,554.3611170141958,1143.5570850793738,1326.2117800186388,5976.290865015471,6638.407769496553,6842.6098487502895
high_l90,high,90,gemma-7b-it,Gemma-7B-IT,CUCUMIS,0,9599.760812008753,4.166770483485617,/home/onceas/Arantir/CUCUMIS-lorekeep/lorekeep/results/openworkload_ratio_sweep_lora8/ratio_sweep_20step_5models_a100_overnight_main/raw/high_l90/gemma-7b-it_dataset_eval.json,40.0,4.0,36.0,0.9,729.7296469914727,1153.9499239414001,1265.388244006317,6369.6004474768415,7240.036911168136,7509.907322541694,229.04248649138026,250.26278698351234,250.26278698351234,7178.024809982162,7274.737116799224,7292.398816886125,731.3183220103383,1186.3514035358094,1265.388244006317,6250.61554799322,7157.160132977879,7517.956620021141
high_l90,high,90,gemma-7b-it,Gemma-7B-IT,CUCUMIS,1,10399.704249983188,3.846263224270504,/home/onceas/Arantir/CUCUMIS-lorekeep/lorekeep/results/openworkload_ratio_sweep_lora8/ratio_sweep_20step_5models_a100_overnight_main/raw/high_l90/gemma-7b-it_dataset_eval.json,40.0,4.0,36.0,0.9,855.105630500475,1328.1860417919233,1517.4054395075655,6810.964962496655,7742.773848806974,7999.735509643797,228.00039849244058,251.08161399839446,251.08161399839446,7618.598769971868,7715.085316397017,7731.529194448958,986.2849279888906,1357.0529649732634,1519.839443147066,6792.398495017551,7750.816981482785,8002.709656965453
mid_l10,mid,10,baichuan2-7b-chat,Baichuan2-7B-Chat,CUCUMIS,0,10326.527442026418,3.873518975721681,/home/onceas/Arantir/CUCUMIS-lorekeep/lorekeep/results/openworkload_ratio_sweep_lora8/ratio_sweep_20step_5models_a100_overnight_main/raw/mid_l10/baichuan2-7b-chat_dataset_eval.json,40.0,36.0,4.0,0.1,146.08643797691911,154.4414624979254,423.25597162125626,4678.506470489083,4747.056201292435,4891.4720431144815,145.64793402678333,151.38858248246834,154.90281622332986,4678.506470489083,4745.114924007794,4758.084786889958,381.32986798882484,428.59333171509206,444.6054119965993,3238.271270500263,4899.37136399094,4968.576918886974
mid_l10,mid,10,baichuan2-7b-chat,Baichuan2-7B-Chat,CUCUMIS,1,10321.227362030186,3.8755080764088508,/home/onceas/Arantir/CUCUMIS-lorekeep/lorekeep/results/openworkload_ratio_sweep_lora8/ratio_sweep_20step_5models_a100_overnight_main/raw/mid_l10/baichuan2-7b-chat_dataset_eval.json,40.0,36.0,4.0,0.1,142.52646651584655,168.47723949467786,435.4868205136154,4575.350882485509,4747.331233840669,4945.333375862101,142.43344651185907,148.36023750831373,151.73779899487272,4575.350882485509,4743.834622524446,4748.947945187683,406.39923300477676,435.8731267042458,437.03204527613707,3370.308251993265,4949.453938205261,4961.81562523474
mid_l30,mid,30,baichuan2-7b-chat,Baichuan2-7B-Chat,CUCUMIS,0,10309.172458015382,3.880039854110695,/home/onceas/Arantir/CUCUMIS-lorekeep/lorekeep/results/openworkload_ratio_sweep_lora8/ratio_sweep_20step_5models_a100_overnight_main/raw/mid_l30/baichuan2-7b-chat_dataset_eval.json,40.0,28.0,12.0,0.3,147.32285545323975,423.38920636684634,523.3363363699755,4659.717241011094,4958.741604187526,5065.628292034962,144.23644851194695,159.24870193121026,202.964283353067,4659.717241011094,4954.8355768900365,4962.331950260559,362.75128001580015,473.4393415041268,545.8340446016518,3929.4055935170036,5000.307352113305,5095.435777421226
mid_l30,mid,30,baichuan2-7b-chat,Baichuan2-7B-Chat,CUCUMIS,1,10270.673564984463,3.8945839089240404,/home/onceas/Arantir/CUCUMIS-lorekeep/lorekeep/results/openworkload_ratio_sweep_lora8/ratio_sweep_20step_5models_a100_overnight_main/raw/mid_l30/baichuan2-7b-chat_dataset_eval.json,40.0,28.0,12.0,0.3,146.70961900264956,424.84045797609724,524.7715164825786,4678.905311506242,4978.86803978472,5084.522062506876,144.77183649432845,161.23371609719473,205.78332271135878,4678.905311506242,4970.340425090399,4981.819084529416,362.57557303179055,474.7699738945812,547.285966478521,4266.547092527617,5020.370794896735,5113.846902937512
mid_l50,mid,50,baichuan2-7b-chat,Baichuan2-7B-Chat,CUCUMIS,0,10688.842305040453,3.74222005138363,/home/onceas/Arantir/CUCUMIS-lorekeep/lorekeep/results/openworkload_ratio_sweep_lora8/ratio_sweep_20step_5models_a100_overnight_main/raw/mid_l50/baichuan2-7b-chat_dataset_eval.json,40.0,20.0,20.0,0.5,191.42414900125004,587.1621088765096,668.9506933203666,5317.040694993921,5973.471167695243,6101.044421106926,168.9624129794538,198.67009199806495,298.1612445844802,5685.965581535129,5973.471167695243,6026.050019871327,492.8219680150505,622.5268619600683,679.5859121246029,3577.2438000130933,5833.207059599226,6113.271347236587
mid_l50,mid,50,baichuan2-7b-chat,Baichuan2-7B-Chat,CUCUMIS,1,10317.925567971542,3.876748260732396,/home/onceas/Arantir/CUCUMIS-lorekeep/lorekeep/results/openworkload_ratio_sweep_lora8/ratio_sweep_20step_5models_a100_overnight_main/raw/mid_l50/baichuan2-7b-chat_dataset_eval.json,40.0,20.0,20.0,0.5,151.8460920196958,490.31159330043016,590.5158015195047,4989.971935021458,5290.660815290175,5551.488826481509,144.66916501987725,150.80068163806573,197.16691200563213,5113.77795599401,5287.258728983579,5297.599498349009,428.45358900376596,564.2639169003814,591.1528515274404,4569.29713950376,5323.2897635840345,5567.948176478385
mid_l70,mid,70,baichuan2-7b-chat,Baichuan2-7B-Chat,CUCUMIS,0,10607.74654202396,3.7708291616447305,/home/onceas/Arantir/CUCUMIS-lorekeep/lorekeep/results/openworkload_ratio_sweep_lora8/ratio_sweep_20step_5models_a100_overnight_main/raw/mid_l70/baichuan2-7b-chat_dataset_eval.json,40.0,12.0,28.0,0.7,231.94086801959202,505.44524503056897,576.8503512220923,5038.2271074922755,5414.791078912094,5602.386776276398,145.37905296310782,200.93045990215614,224.18445973133203,5327.160030516097,5395.267104584491,5416.734705644194,386.28041549236514,547.3980298091192,577.3746003874112,3798.2691880024504,5458.616993424948,5609.039174031932
mid_l70,mid,70,baichuan2-7b-chat,Baichuan2-7B-Chat,CUCUMIS,1,10584.642714005895,3.779060009939767,/home/onceas/Arantir/CUCUMIS-lorekeep/lorekeep/results/openworkload_ratio_sweep_lora8/ratio_sweep_20step_5models_a100_overnight_main/raw/mid_l70/baichuan2-7b-chat_dataset_eval.json,40.0,12.0,28.0,0.7,212.3356149531901,515.2630052296445,625.8967802731786,5029.071619501337,5408.878368505975,5578.689028548542,145.64043801510707,188.0927374062594,209.7221060388256,5293.774192483397,5340.320822392823,5401.225540204905,389.6702460187953,546.1943831120152,635.4596558690537,3362.2234069916885,5453.893538011471,5578.975540075917
mid_l90,mid,90,baichuan2-7b-chat,Baichuan2-7B-Chat,CUCUMIS,0,11335.224947019015,3.528822779164993,/home/onceas/Arantir/CUCUMIS-lorekeep/lorekeep/results/openworkload_ratio_sweep_lora8/ratio_sweep_20step_5models_a100_overnight_main/raw/mid_l90/baichuan2-7b-chat_dataset_eval.json,40.0,4.0,36.0,0.9,476.08017301536165,606.1735777067953,703.0937095917761,5604.8378520063125,6337.905195553321,6598.834516680799,164.84732253593393,190.5784901115112,200.0567410106305,6285.083321010461,6318.753130373079,6331.49247069261,489.70728646963835,633.3366725011729,703.8039327133447,5503.194560995325,6347.139913996216,6599.417899479158
mid_l90,mid,90,baichuan2-7b-chat,Baichuan2-7B-Chat,CUCUMIS,1,10764.40735696815,3.7159500447655116,/home/onceas/Arantir/CUCUMIS-lorekeep/lorekeep/results/openworkload_ratio_sweep_lora8/ratio_sweep_20step_5models_a100_overnight_main/raw/mid_l90/baichuan2-7b-chat_dataset_eval.json,40.0,4.0,36.0,0.9,385.31238900031894,649.1028573247604,722.44527214556,5012.236403505085,5750.895793712698,5988.214433521498,143.0896635283716,172.13753082905896,183.26869230542798,5695.725516008679,5749.820486205863,5749.83626663161,419.1866505134385,658.5997104994021,722.4847871053498,3773.143296013586,5742.611531517468,5991.957306081895
high_l10,high,10,baichuan2-7b-chat,Baichuan2-7B-Chat,CUCUMIS,0,8851.35953000281,4.519079793834485,/home/onceas/Arantir/CUCUMIS-lorekeep/lorekeep/results/openworkload_ratio_sweep_lora8/ratio_sweep_20step_5models_a100_overnight_main/raw/high_l10/baichuan2-7b-chat_dataset_eval.json,40.0,36.0,4.0,0.1,143.4435989940539,153.31259227241392,406.2748171988641,4563.116531498963,4714.973680494586,4802.5714825844625,143.37777200853452,149.80804899823852,160.84146146022246,4563.116531498963,4714.928303990746,4717.195331436233,328.03730200976133,415.69991969154216,443.9752271695761,3185.024911974324,4786.384612385882,4849.850794039085
high_l10,high,10,baichuan2-7b-chat,Baichuan2-7B-Chat,CUCUMIS,1,8863.998393004294,4.512636197178135,/home/onceas/Arantir/CUCUMIS-lorekeep/lorekeep/results/openworkload_ratio_sweep_lora8/ratio_sweep_20step_5models_a100_overnight_main/raw/high_l10/baichuan2-7b-chat_dataset_eval.json,40.0,36.0,4.0,0.1,142.30100600980222,148.6650777515024,437.7640969521599,4552.53794498276,4671.640910184942,4756.621479982277,142.24186399951577,146.8522280047182,148.52609474619385,4552.53794498276,4670.162187481765,4672.677074576495,388.3917964703869,438.20704212994315,439.5358776632929,3157.204257498961,4743.971422378672,4803.596103418968
high_l30,high,30,baichuan2-7b-chat,Baichuan2-7B-Chat,CUCUMIS,0,8890.730334969703,4.499067961005288,/home/onceas/Arantir/CUCUMIS-lorekeep/lorekeep/results/openworkload_ratio_sweep_lora8/ratio_sweep_20step_5models_a100_overnight_main/raw/high_l30/baichuan2-7b-chat_dataset_eval.json,40.0,28.0,12.0,0.3,150.44807799858972,447.9699373943732,554.3615729978774,4892.201310023665,5151.5900548081845,5250.302840753575,146.90253202570602,175.79232901334763,229.40498347801622,4817.574071028503,5130.445444415091,5153.413361739367,370.3129795030691,522.2111047711223,567.689987962367,4991.948134993436,5178.967772983015,5283.0468062876025
high_l30,high,30,baichuan2-7b-chat,Baichuan2-7B-Chat,CUCUMIS,1,8865.7531630015,4.511743025615435,/home/onceas/Arantir/CUCUMIS-lorekeep/lorekeep/results/openworkload_ratio_sweep_lora8/ratio_sweep_20step_5models_a100_overnight_main/raw/high_l30/baichuan2-7b-chat_dataset_eval.json,40.0,28.0,12.0,0.3,148.8403425028082,448.75608119182294,549.4330283242743,4788.558712491067,5118.110497883754,5216.230914820335,145.28487995266914,175.332365965005,232.7332134207245,4788.558712491067,5117.531707789749,5118.940654581529,369.4085050083231,521.3093220198061,561.0888996755239,4233.249110489851,5148.097429017071,5247.505301746423
high_l50,high,50,baichuan2-7b-chat,Baichuan2-7B-Chat,CUCUMIS,0,8847.60840999661,4.520995747823261,/home/onceas/Arantir/CUCUMIS-lorekeep/lorekeep/results/openworkload_ratio_sweep_lora8/ratio_sweep_20step_5models_a100_overnight_main/raw/high_l50/baichuan2-7b-chat_dataset_eval.json,40.0,20.0,20.0,0.5,154.97718896949664,452.4007079075092,579.5510830462445,4909.790852980223,5051.874783710809,5215.024934713729,148.03562848828733,157.2731271677185,273.45029680756835,4947.355978976702,5048.273682477884,5052.992513275822,361.6724480234552,559.465481719235,584.5915840344969,3181.4563244988676,5116.623106400948,5231.496796901338
high_l50,high,50,baichuan2-7b-chat,Baichuan2-7B-Chat,CUCUMIS,1,9117.975572007708,4.386938710693684,/home/onceas/Arantir/CUCUMIS-lorekeep/lorekeep/results/openworkload_ratio_sweep_lora8/ratio_sweep_20step_5models_a100_overnight_main/raw/high_l50/baichuan2-7b-chat_dataset_eval.json,40.0,20.0,20.0,0.5,154.59942299639806,520.0507450848818,618.4412153554149,4944.818029500311,5187.192959606182,5407.657756910776,148.02747350768186,157.17511349939744,273.6965273210079,5077.234542521182,5187.192959606182,5189.1224105638685,367.3863074800465,588.5697520105168,623.5612459597178,3315.02112900489,5204.711287032114,5413.9174185093725
high_l70,high,70,baichuan2-7b-chat,Baichuan2-7B-Chat,CUCUMIS,0,9000.897120975424,4.444001465896681,/home/onceas/Arantir/CUCUMIS-lorekeep/lorekeep/results/openworkload_ratio_sweep_lora8/ratio_sweep_20step_5models_a100_overnight_main/raw/high_l70/baichuan2-7b-chat_dataset_eval.json,40.0,12.0,28.0,0.7,254.43742299103178,583.1015189702157,778.9560192084173,5136.872485483764,5489.584921015194,5579.563963350956,145.28166851960123,181.99582303059287,201.56675639329478,5319.764436513651,5372.612219292205,5374.11122881691,361.03282499243505,596.7287102772389,788.7975886912318,4754.36662096763,5520.032030792208,5580.084498627693
high_l70,high,70,baichuan2-7b-chat,Baichuan2-7B-Chat,CUCUMIS,1,8943.590732000303,4.472476569939565,/home/onceas/Arantir/CUCUMIS-lorekeep/lorekeep/results/openworkload_ratio_sweep_lora8/ratio_sweep_20step_5models_a100_overnight_main/raw/high_l70/baichuan2-7b-chat_dataset_eval.json,40.0,12.0,28.0,0.7,280.89543752139434,591.1191642226186,709.1111705033109,5213.90309499111,5481.492148927646,5650.585035342374,147.60234352434054,181.24358791392297,203.84600733581465,5398.373428964987,5460.889045719523,5465.884433613974,409.14504750980996,598.6194066063035,711.9931297423318,4715.281123499153,5593.764111114433,5651.001153702964
high_l90,high,90,baichuan2-7b-chat,Baichuan2-7B-Chat,CUCUMIS,0,8991.7198420153,4.4485371767360204,/home/onceas/Arantir/CUCUMIS-lorekeep/lorekeep/results/openworkload_ratio_sweep_lora8/ratio_sweep_20step_5models_a100_overnight_main/raw/high_l90/baichuan2-7b-chat_dataset_eval.json,40.0,4.0,36.0,0.9,380.4231645190157,637.8506682929584,803.8612385105807,5009.361649979837,5833.810470812023,6041.162784356275,148.82328500971198,184.27377499174327,197.46222739573568,5772.632254986092,5812.998859968502,5827.390300057596,383.13365302747115,677.0827375003137,807.9459005093667,4732.654720486607,5840.097066015005,6041.654992316035
high_l90,high,90,baichuan2-7b-chat,Baichuan2-7B-Chat,CUCUMIS,1,9002.60479102144,4.4431585000702425,/home/onceas/Arantir/CUCUMIS-lorekeep/lorekeep/results/openworkload_ratio_sweep_lora8/ratio_sweep_20step_5models_a100_overnight_main/raw/high_l90/baichuan2-7b-chat_dataset_eval.json,40.0,4.0,36.0,0.9,391.3853094854858,770.7556909881532,863.2022341905395,4887.815093476092,5914.542783680372,6125.178682482801,144.91171448025852,183.54370709275827,197.19881750294007,5854.2035085265525,5895.278784696711,5910.270664551645,419.00329251075163,770.7556909881532,864.3053797102766,4293.140601483174,5908.703558990965,6125.48538048286
mid_l10,mid,10,qwen2.5-7b-instruct,Qwen2.5-7B-Instruct,CUCUMIS,0,9892.545177019201,4.043448807585098,/home/onceas/Arantir/CUCUMIS-lorekeep/lorekeep/results/openworkload_ratio_sweep_lora8/ratio_sweep_20step_5models_a100_overnight_main/raw/mid_l10/qwen2.5-7b-instruct_dataset_eval.json,40.0,36.0,4.0,0.1,128.0165479693096,153.40190011775147,377.7406727155903,4162.567726016277,4324.571325810393,4455.624839474913,127.48946651117876,132.80692999251187,135.15511702280492,4156.783312471816,4312.928973493399,4320.651389806881,327.13397350744344,384.92339739459567,406.47157143161166,4450.092751998454,4456.195547839161,4457.907672931906
mid_l10,mid,10,qwen2.5-7b-instruct,Qwen2.5-7B-Instruct,CUCUMIS,1,9886.705002980307,4.045837312627631,/home/onceas/Arantir/CUCUMIS-lorekeep/lorekeep/results/openworkload_ratio_sweep_lora8/ratio_sweep_20step_5models_a100_overnight_main/raw/mid_l10/qwen2.5-7b-instruct_dataset_eval.json,40.0,36.0,4.0,0.1,127.95749949873425,153.98326970171212,379.9087402579607,4172.516979480861,4286.5471082914155,4469.8181819333695,127.79838751885109,132.00037297792733,134.16412434598897,4167.667306523072,4275.431864487473,4277.413247633376,333.80967951961793,386.20911150355823,405.1102252403507,4463.057962508174,4469.893981097266,4470.121378588956
mid_l30,mid,30,qwen2.5-7b-instruct,Qwen2.5-7B-Instruct,CUCUMIS,0,10437.522962980438,3.8323268980457397,/home/onceas/Arantir/CUCUMIS-lorekeep/lorekeep/results/openworkload_ratio_sweep_lora8/ratio_sweep_20step_5models_a100_overnight_main/raw/mid_l30/qwen2.5-7b-instruct_dataset_eval.json,40.0,28.0,12.0,0.3,147.2971765033435,398.7346383917612,557.7998906868743,4956.340335978894,5139.805766602512,5351.139765079133,145.11934196343645,150.32115980284289,205.3122836293187,4775.705060485052,5046.8404517218005,5061.514976051403,352.2430769808125,528.835923364386,567.689202298061,5059.116261982126,5217.466442316072,5411.962469960563
mid_l30,mid,30,qwen2.5-7b-instruct,Qwen2.5-7B-Instruct,CUCUMIS,1,10453.28250597231,3.8265492181184864,/home/onceas/Arantir/CUCUMIS-lorekeep/lorekeep/results/openworkload_ratio_sweep_lora8/ratio_sweep_20step_5models_a100_overnight_main/raw/mid_l30/qwen2.5-7b-instruct_dataset_eval.json,40.0,28.0,12.0,0.3,148.59349202015437,394.47716413415037,454.073431151337,4974.143037514295,5135.776715032989,5270.4708271392155,146.39756502583623,164.76210489054213,207.42943788180128,4814.5271525136195,5050.728157593403,5053.606234479812,382.42162752430886,427.3212343105115,466.2831433460815,5094.071398983942,5267.923672002507,5271.547161430353
mid_l50,mid,50,qwen2.5-7b-instruct,Qwen2.5-7B-Instruct,CUCUMIS,0,10170.780712971464,3.932834767441734,/home/onceas/Arantir/CUCUMIS-lorekeep/lorekeep/results/openworkload_ratio_sweep_lora8/ratio_sweep_20step_5models_a100_overnight_main/raw/mid_l50/qwen2.5-7b-instruct_dataset_eval.json,40.0,20.0,20.0,0.5,176.06687298393808,481.71529321116407,562.529507750296,4810.523741994984,5164.73757441272,5222.2808297141455,132.6983800099697,142.42270080139866,191.30046599602792,4766.783889965154,4969.825456186663,4997.487970885704,399.37374347937293,545.9212559333537,565.5897509475471,4850.226397480583,5193.435989803402,5231.452131911647
mid_l50,mid,50,qwen2.5-7b-instruct,Qwen2.5-7B-Instruct,CUCUMIS,1,10010.005335032474,3.9960018662537737,/home/onceas/Arantir/CUCUMIS-lorekeep/lorekeep/results/openworkload_ratio_sweep_lora8/ratio_sweep_20step_5models_a100_overnight_main/raw/mid_l50/qwen2.5-7b-instruct_dataset_eval.json,40.0,20.0,20.0,0.5,153.2569419941865,475.26339219766675,556.8901788024232,4744.902690523304,5100.447663496016,5141.8598799809115,129.11349500063807,143.02484448999175,207.42191935074516,4721.928451501299,4919.429969333578,4942.9801365413,383.1245120090898,532.1069082419854,561.3218748057261,4770.205272507155,5111.954210221302,5148.697371776798
mid_l70,mid,70,qwen2.5-7b-instruct,Qwen2.5-7B-Instruct,CUCUMIS,0,10422.477896034252,3.837858942854653,/home/onceas/Arantir/CUCUMIS-lorekeep/lorekeep/results/openworkload_ratio_sweep_lora8/ratio_sweep_20step_5models_a100_overnight_main/raw/mid_l70/qwen2.5-7b-instruct_dataset_eval.json,40.0,12.0,28.0,0.7,269.34839552268386,518.2950543181505,655.6710530421697,5058.287134510465,5292.94709750684,5446.510758578079,128.05205801851116,178.2104121288285,205.97774466557894,5064.494387974264,5208.167250826955,5209.499679612345,400.0049985188525,525.4437591240276,655.6710530421697,4984.689891512971,5398.694774910109,5451.573378095636
mid_l70,mid,70,qwen2.5-7b-instruct,Qwen2.5-7B-Instruct,CUCUMIS,1,9981.962496996857,4.007228038778374,/home/onceas/Arantir/CUCUMIS-lorekeep/lorekeep/results/openworkload_ratio_sweep_lora8/ratio_sweep_20step_5models_a100_overnight_main/raw/mid_l70/qwen2.5-7b-instruct_dataset_eval.json,40.0,12.0,28.0,0.7,201.9229575234931,466.82031674426986,524.48808070214,4862.618176499382,5155.836932582315,5209.276396157802,128.2947395229712,178.87846009689386,207.13776694668923,4947.165399527876,4978.36425799178,4985.946378218359,351.1977769958321,506.58474638476036,525.76442818332,4746.165144024417,5162.775238696486,5212.870429035393
mid_l90,mid,90,qwen2.5-7b-instruct,Qwen2.5-7B-Instruct,CUCUMIS,0,10661.174533015583,3.7519318229082343,/home/onceas/Arantir/CUCUMIS-lorekeep/lorekeep/results/openworkload_ratio_sweep_lora8/ratio_sweep_20step_5models_a100_overnight_main/raw/mid_l90/qwen2.5-7b-instruct_dataset_eval.json,40.0,4.0,36.0,0.9,410.41392952320166,656.8087125080639,772.7486426598625,5523.817170993425,6113.781632279279,6182.546575203305,132.43773946305737,172.7212502853945,187.9963704221882,5912.597440474201,5919.335025170585,5919.5752430922585,452.3637410020456,681.9119185092859,774.7134348988765,5506.640248000622,6128.703029506141,6182.737865642412
mid_l90,mid,90,qwen2.5-7b-instruct,Qwen2.5-7B-Instruct,CUCUMIS,1,10046.030312951189,3.9816722380812064,/home/onceas/Arantir/CUCUMIS-lorekeep/lorekeep/results/openworkload_ratio_sweep_lora8/ratio_sweep_20step_5models_a100_overnight_main/raw/mid_l90/qwen2.5-7b-instruct_dataset_eval.json,40.0,4.0,36.0,0.9,380.71757700527087,650.1729409326799,784.9713674507801,4975.346833525691,5572.884886863176,5618.000553220627,130.90846451814286,172.51015319488943,188.53251640568487,5357.734580989927,5370.406548876781,5375.073079558788,392.1482540026773,659.3004605383612,789.6485652512636,4944.635339517845,5577.19271449605,5618.150405297638
high_l10,high,10,qwen2.5-7b-instruct,Qwen2.5-7B-Instruct,CUCUMIS,0,8584.747781977057,4.659426347268649,/home/onceas/Arantir/CUCUMIS-lorekeep/lorekeep/results/openworkload_ratio_sweep_lora8/ratio_sweep_20step_5models_a100_overnight_main/raw/high_l10/qwen2.5-7b-instruct_dataset_eval.json,40.0,36.0,4.0,0.1,130.9774509863928,137.0354059850797,375.6564753124257,4257.217453967314,4319.5958077092655,4507.566637229756,130.05057247937657,133.74349649529904,137.65336399083026,4252.957061980851,4308.360136026749,4324.58118844952,228.0408300284762,384.2054646986071,409.85243285715114,4361.313554021763,4515.000803099247,4537.303300707717
high_l10,high,10,qwen2.5-7b-instruct,Qwen2.5-7B-Instruct,CUCUMIS,1,9091.989509004634,4.399477139781598,/home/onceas/Arantir/CUCUMIS-lorekeep/lorekeep/results/openworkload_ratio_sweep_lora8/ratio_sweep_20step_5models_a100_overnight_main/raw/high_l10/qwen2.5-7b-instruct_dataset_eval.json,40.0,36.0,4.0,0.1,143.97707697935402,148.47043029149063,428.1359849177534,4749.046711018309,4761.7940390482545,5043.0295298743295,143.82615248905495,147.15042800526135,149.33073643769603,4743.849791469984,4761.626434978098,4761.7940390482545,363.0466930044349,430.6733110861387,438.2852895912947,4936.229639512021,5045.740276592551,5053.872516747215
high_l30,high,30,qwen2.5-7b-instruct,Qwen2.5-7B-Instruct,CUCUMIS,0,8534.038781013805,4.687112518048363,/home/onceas/Arantir/CUCUMIS-lorekeep/lorekeep/results/openworkload_ratio_sweep_lora8/ratio_sweep_20step_5models_a100_overnight_main/raw/high_l30/qwen2.5-7b-instruct_dataset_eval.json,40.0,28.0,12.0,0.3,134.39264547196217,391.1482107709162,506.10594898462296,4450.732539029559,4570.063375908649,4810.138645879924,131.95460950373672,141.2450646981597,207.88579508836847,4373.766273987712,4554.692051623715,4560.23216039117,331.3424285151996,474.65744442888536,517.4894940108061,4522.244566003792,4690.426178614143,4865.0122526381165
high_l30,high,30,qwen2.5-7b-instruct,Qwen2.5-7B-Instruct,CUCUMIS,1,8547.884973988403,4.679520152847376,/home/onceas/Arantir/CUCUMIS-lorekeep/lorekeep/results/openworkload_ratio_sweep_lora8/ratio_sweep_20step_5models_a100_overnight_main/raw/high_l30/qwen2.5-7b-instruct_dataset_eval.json,40.0,28.0,12.0,0.3,133.24690400622785,404.33525599073624,504.82070220052265,4459.701484505786,4624.05528438394,4836.610557793174,131.19608297711238,148.60562622197904,201.5052067238139,4348.118651512777,4581.719584972598,4588.039752093609,371.50962051237,482.69893156248145,513.6672137200367,4586.392948986031,4718.606972129783,4890.739485223312
high_l50,high,50,qwen2.5-7b-instruct,Qwen2.5-7B-Instruct,CUCUMIS,0,8939.528978953604,4.474508678720354,/home/onceas/Arantir/CUCUMIS-lorekeep/lorekeep/results/openworkload_ratio_sweep_lora8/ratio_sweep_20step_5models_a100_overnight_main/raw/high_l50/qwen2.5-7b-instruct_dataset_eval.json,40.0,20.0,20.0,0.5,152.26068851188757,525.156801607227,680.5256517452653,4999.694162514061,5135.024723166134,5285.613318776013,134.0320050076116,164.3686931114644,271.3042362843406,4999.694162514061,5089.129364007385,5091.241112851421,376.62262696539983,592.5238532654477,694.6320431388448,4986.6125699772965,5279.995866917307,5287.151470162207
high_l50,high,50,qwen2.5-7b-instruct,Qwen2.5-7B-Instruct,CUCUMIS,1,8915.557733969763,4.486539282628761,/home/onceas/Arantir/CUCUMIS-lorekeep/lorekeep/results/openworkload_ratio_sweep_lora8/ratio_sweep_20step_5models_a100_overnight_main/raw/high_l50/qwen2.5-7b-instruct_dataset_eval.json,40.0,20.0,20.0,0.5,153.612347523449,527.6981830014847,677.2555182862561,4986.639407521579,5122.993743547704,5265.313355302787,131.9593695225194,167.15115082333799,270.3088519000447,4986.639407521579,5069.361966714496,5071.359249344678,375.51089699263684,594.8594663757832,691.1189396807457,4964.241252513602,5260.797773039667,5265.595504913363
high_l70,high,70,qwen2.5-7b-instruct,Qwen2.5-7B-Instruct,CUCUMIS,0,9044.329457043204,4.422660650519569,/home/onceas/Arantir/CUCUMIS-lorekeep/lorekeep/results/openworkload_ratio_sweep_lora8/ratio_sweep_20step_5models_a100_overnight_main/raw/high_l70/qwen2.5-7b-instruct_dataset_eval.json,40.0,12.0,28.0,0.7,332.03469146974385,568.4847102034837,724.7347432986135,5196.886507968884,5497.850454115542,5560.54387061391,133.99896249757148,182.6592579658609,201.30043084383942,5284.519545006333,5350.378991715843,5352.530788390432,437.87650848389603,581.9184476917144,736.2462247378426,5139.550128980773,5517.124958185013,5563.156873495318
high_l70,high,70,qwen2.5-7b-instruct,Qwen2.5-7B-Instruct,CUCUMIS,1,8753.989755001385,4.569345078013936,/home/onceas/Arantir/CUCUMIS-lorekeep/lorekeep/results/openworkload_ratio_sweep_lora8/ratio_sweep_20step_5models_a100_overnight_main/raw/high_l70/qwen2.5-7b-instruct_dataset_eval.json,40.0,12.0,28.0,0.7,270.7356410101056,557.83614248503,693.6847597575979,5097.010651981691,5355.167279782472,5431.548305792967,130.32451600884087,186.0901141713839,216.1986523936503,5150.993002491305,5220.694851869484,5221.025892582256,385.2848199894652,574.6001617109869,705.5248038383434,4941.638720483752,5379.221385112032,5434.4975455489475
high_l90,high,90,qwen2.5-7b-instruct,Qwen2.5-7B-Instruct,CUCUMIS,0,8938.548397971317,4.474999543446938,/home/onceas/Arantir/CUCUMIS-lorekeep/lorekeep/results/openworkload_ratio_sweep_lora8/ratio_sweep_20step_5models_a100_overnight_main/raw/high_l90/qwen2.5-7b-instruct_dataset_eval.json,40.0,4.0,36.0,0.9,324.4381365075242,650.9954594890587,781.9390877627302,5071.499039477203,5474.093744321726,5599.574582576752,125.25265500880778,168.81522628245875,185.47837320831604,5342.773546522949,5387.105557223549,5403.594356231042,360.1470210123807,656.7933135083877,782.2204627620522,5020.400937995873,5528.9499055361375,5599.599359137937
high_l90,high,90,qwen2.5-7b-instruct,Qwen2.5-7B-Instruct,CUCUMIS,1,8967.096665990539,4.460752625953927,/home/onceas/Arantir/CUCUMIS-lorekeep/lorekeep/results/openworkload_ratio_sweep_lora8/ratio_sweep_20step_5models_a100_overnight_main/raw/high_l90/qwen2.5-7b-instruct_dataset_eval.json,40.0,4.0,36.0,0.9,372.31166948913597,637.7517308865208,745.1142930425704,5189.825016481336,5605.2256338938605,5724.316790513694,125.26241099112667,170.7345991220791,187.98173014714848,5464.532617508667,5511.078288924182,5528.302265811362,394.13288549985737,648.8451984769199,747.9368948843329,5143.1528844696,5655.707161495229,5724.423186155036
mid_l10,mid,10,gemma-2-9b-it,Gemma-2-9B-IT,CUCUMIS,0,13772.349327977281,2.9043701294116624,/home/onceas/Arantir/CUCUMIS-lorekeep/lorekeep/results/openworkload_ratio_sweep_lora8/ratio_sweep_20step_5models_a100_overnight_main/raw/mid_l10/gemma-2-9b-it_dataset_eval.json,40.0,36.0,4.0,0.1,246.71086252783425,250.68832818651572,659.7279918426647,8014.015938504599,8038.787971966667,8192.964199596317,246.58141800318845,250.3544790088199,251.02467630058527,8014.090748503804,8036.712553497637,8043.849943031091,391.12756549729966,678.7182244937867,735.6889224471524,5112.063750537345,8205.448836478172,8280.01447320974
mid_l10,mid,10,gemma-2-9b-it,Gemma-2-9B-IT,CUCUMIS,1,13844.974601990543,2.8891349496769068,/home/onceas/Arantir/CUCUMIS-lorekeep/lorekeep/results/openworkload_ratio_sweep_lora8/ratio_sweep_20step_5models_a100_overnight_main/raw/mid_l10/gemma-2-9b-it_dataset_eval.json,40.0,36.0,4.0,0.1,244.9314759869594,250.39073190419003,659.1548044153022,7986.9064800441265,8015.4010451282375,8169.899822920561,244.3685460020788,248.24407501728274,251.82754037086852,7986.9064800441265,8013.243097026134,8019.693282025401,391.3529740239028,678.2157317036763,735.3985135687981,5096.788324502995,8181.491019000532,8257.489263601019
mid_l30,mid,30,gemma-2-9b-it,Gemma-2-9B-IT,CUCUMIS,0,13804.83874300262,2.897534751738781,/home/onceas/Arantir/CUCUMIS-lorekeep/lorekeep/results/openworkload_ratio_sweep_lora8/ratio_sweep_20step_5models_a100_overnight_main/raw/mid_l30/gemma-2-9b-it_dataset_eval.json,40.0,28.0,12.0,0.3,248.94321648753248,350.7227630994752,765.1633075904101,8133.573682978749,8227.849544089986,8721.881969160168,246.87078600982204,251.41347731114365,289.3145462370012,8091.562195477309,8226.696429000003,8228.729289352777,279.02148850262165,729.3861740094144,780.2103219553828,8180.161246506032,8697.109822940547,8725.710373868933
mid_l30,mid,30,gemma-2-9b-it,Gemma-2-9B-IT,CUCUMIS,1,13745.56215701159,2.9100301277671687,/home/onceas/Arantir/CUCUMIS-lorekeep/lorekeep/results/openworkload_ratio_sweep_lora8/ratio_sweep_20step_5models_a100_overnight_main/raw/mid_l30/gemma-2-9b-it_dataset_eval.json,40.0,28.0,12.0,0.3,248.7599549931474,351.87181172659655,766.241987250396,8070.248733507469,8170.542800973635,8656.164404523442,246.49025400867686,252.1216330002062,286.15642379561905,8029.6915145008825,8168.543719506124,8170.4206689225975,275.8770659856964,731.4245432789903,780.7826972129988,8109.947164484765,8636.874223407358,8656.910820956691
mid_l50,mid,50,gemma-2-9b-it,Gemma-2-9B-IT,CUCUMIS,0,14123.067942040507,2.8322458097741605,/home/onceas/Arantir/CUCUMIS-lorekeep/lorekeep/results/openworkload_ratio_sweep_lora8/ratio_sweep_20step_5models_a100_overnight_main/raw/mid_l50/gemma-2-9b-it_dataset_eval.json,40.0,20.0,20.0,0.5,255.5575449950993,758.974862890318,841.566720486735,8409.594383498188,8739.560390100814,8923.035231221002,251.84596801409498,256.70872899354436,317.4128457525511,8404.593818006106,8498.395491956035,8499.262069076067,422.39807746955194,835.9586267033592,841.712142280885,8453.28738950775,8794.91393790231,8958.050599822309
mid_l50,mid,50,gemma-2-9b-it,Gemma-2-9B-IT,CUCUMIS,1,14209.350003977306,2.8150478374312473,/home/onceas/Arantir/CUCUMIS-lorekeep/lorekeep/results/openworkload_ratio_sweep_lora8/ratio_sweep_20step_5models_a100_overnight_main/raw/mid_l50/gemma-2-9b-it_dataset_eval.json,40.0,20.0,20.0,0.5,255.81740000052378,750.7775252626743,1009.0159571485127,8430.038696009433,8711.204388103215,8973.207544569159,251.2933975085616,255.83972170134075,314.80358009110194,8424.0369250183,8524.138117878465,8525.581363252131,540.7174894644413,841.4459976193031,1034.9681647482792,8430.038696009433,8802.63207750395,8992.06141197239
mid_l70,mid,70,gemma-2-9b-it,Gemma-2-9B-IT,CUCUMIS,0,15155.329280998558,2.6393355933315936,/home/onceas/Arantir/CUCUMIS-lorekeep/lorekeep/results/openworkload_ratio_sweep_lora8/ratio_sweep_20step_5models_a100_overnight_main/raw/mid_l70/gemma-2-9b-it_dataset_eval.json,40.0,12.0,28.0,0.7,339.8870709934272,903.8298371888231,1028.185983847361,9445.374851493398,9797.734907775884,9948.429015524453,294.18641250231303,308.3443859301042,336.49510087794624,9443.395184993278,9536.241199204233,9540.941464881762,585.9260940051172,912.6365592062939,1039.0216389647685,9445.374851493398,9821.378842875129,9955.305240283487
mid_l70,mid,70,gemma-2-9b-it,Gemma-2-9B-IT,CUCUMIS,1,15372.596384957433,2.6020327990359036,/home/onceas/Arantir/CUCUMIS-lorekeep/lorekeep/results/openworkload_ratio_sweep_lora8/ratio_sweep_20step_5models_a100_overnight_main/raw/mid_l70/gemma-2-9b-it_dataset_eval.json,40.0,12.0,28.0,0.7,480.3305605018977,948.7192423199303,1100.0008364435052,9480.750914022792,9877.142633881886,9921.934435174917,272.05496752867475,278.2548585848417,290.99941063905135,9481.871070020134,9517.568228620803,9518.664806789602,700.4794740059879,986.9888407120015,1104.042991080205,9477.468838507775,9883.818249229807,9924.81547880976
mid_l90,mid,90,gemma-2-9b-it,Gemma-2-9B-IT,CUCUMIS,0,15409.614278993104,2.5957820407308523,/home/onceas/Arantir/CUCUMIS-lorekeep/lorekeep/results/openworkload_ratio_sweep_lora8/ratio_sweep_20step_5models_a100_overnight_main/raw/mid_l90/gemma-2-9b-it_dataset_eval.json,40.0,4.0,36.0,0.9,454.8137149831746,1048.6754379817285,1125.9631927486043,9579.987450997578,9909.097707102774,10035.893209390924,278.06275250623,286.00518699386157,288.84644558129366,9621.454646025086,9633.402547682635,9637.955782044446,560.2494540216867,1048.6754379817285,1130.497431749245,9533.510470530018,9911.429307510844,10036.47350371175
mid_l90,mid,90,gemma-2-9b-it,Gemma-2-9B-IT,CUCUMIS,1,15222.798727976624,2.627637710698202,/home/onceas/Arantir/CUCUMIS-lorekeep/lorekeep/results/openworkload_ratio_sweep_lora8/ratio_sweep_20step_5models_a100_overnight_main/raw/mid_l90/gemma-2-9b-it_dataset_eval.json,40.0,4.0,36.0,0.9,561.3478609593585,932.6331026270054,1041.8469364842167,9518.243151978822,9917.122646735515,10053.906691305456,271.86709496891126,283.4982000582386,287.76156296313275,9634.60502246744,9646.94178236532,9651.560230097384,583.9143809862435,942.1633090241812,1045.4211775650035,9499.68537996756,9917.547061515506,10053.958428502665
high_l10,high,10,gemma-2-9b-it,Gemma-2-9B-IT,CUCUMIS,0,12416.921820025891,3.2214103124566984,/home/onceas/Arantir/CUCUMIS-lorekeep/lorekeep/results/openworkload_ratio_sweep_lora8/ratio_sweep_20step_5models_a100_overnight_main/raw/high_l10/gemma-2-9b-it_dataset_eval.json,40.0,36.0,4.0,0.1,242.45251901447773,248.29957488691434,550.6496525253167,7980.024528980721,7992.115182708949,7998.5721741610905,242.15974201797508,247.82320149824955,252.45910690282471,7981.0993209830485,7992.707289522514,7998.738897123258,247.81189949135296,593.9121322706343,726.1379522050264,5080.261942523066,7979.511647485197,7979.973240831168
high_l10,high,10,gemma-2-9b-it,Gemma-2-9B-IT,CUCUMIS,1,12244.760858011432,3.266703242622254,/home/onceas/Arantir/CUCUMIS-lorekeep/lorekeep/results/openworkload_ratio_sweep_lora8/ratio_sweep_20step_5models_a100_overnight_main/raw/high_l10/gemma-2-9b-it_dataset_eval.json,40.0,36.0,4.0,0.1,243.51990650757216,249.04061552952044,688.5743508505401,7928.0078659940045,7931.45160509157,7932.165094759548,243.33487497642636,247.75827600387856,249.86133547499776,7928.0078659940045,7931.657265493413,7932.175537041621,430.9439220232889,699.7383888752665,733.2305029494455,5247.750261041801,7930.685754941078,7930.867882627645
high_l30,high,30,gemma-2-9b-it,Gemma-2-9B-IT,CUCUMIS,0,13237.106049025897,3.0218085321559807,/home/onceas/Arantir/CUCUMIS-lorekeep/lorekeep/results/openworkload_ratio_sweep_lora8/ratio_sweep_20step_5models_a100_overnight_main/raw/high_l30/gemma-2-9b-it_dataset_eval.json,40.0,28.0,12.0,0.3,278.20499998051673,290.46418296638876,664.9628387013215,9027.6699635142,9047.594818577636,9336.691815703525,276.8725374771748,284.3002849840559,336.698921341449,8988.362289499491,9040.49688889063,9050.527037656866,280.8623379969504,474.96444580610853,742.765366297099,9031.57146050944,9155.652477109106,9414.494343299302
high_l30,high,30,gemma-2-9b-it,Gemma-2-9B-IT,CUCUMIS,1,13219.696476007812,3.025788078614004,/home/onceas/Arantir/CUCUMIS-lorekeep/lorekeep/results/openworkload_ratio_sweep_lora8/ratio_sweep_20step_5models_a100_overnight_main/raw/high_l30/gemma-2-9b-it_dataset_eval.json,40.0,28.0,12.0,0.3,278.090865991544,412.7054835844321,824.7682214732049,9014.41419852199,9076.571633695858,9554.544149523135,276.6292589949444,281.9478960009292,482.9202572675423,8955.79672351596,9061.772977211513,9153.899299698533,281.30227501969784,801.4323332288768,829.0957460686332,9053.258367493981,9450.537432124838,9595.958946996834
high_l50,high,50,gemma-2-9b-it,Gemma-2-9B-IT,CUCUMIS,0,12796.891335048713,3.125759135771214,/home/onceas/Arantir/CUCUMIS-lorekeep/lorekeep/results/openworkload_ratio_sweep_lora8/ratio_sweep_20step_5models_a100_overnight_main/raw/high_l50/gemma-2-9b-it_dataset_eval.json,40.0,20.0,20.0,0.5,258.3592729642987,731.8280869163575,1064.8176479229005,8409.354912000708,8731.804153567646,8991.539657720132,250.8830555016175,262.7963823324535,273.29224864253774,8413.827499520266,8484.129659511382,8490.080080358894,534.6712849859614,886.1050142615569,1091.324025923968,8361.420251516392,8791.743879806018,9016.401691710344
high_l50,high,50,gemma-2-9b-it,Gemma-2-9B-IT,CUCUMIS,1,12769.6172100259,3.132435322226771,/home/onceas/Arantir/CUCUMIS-lorekeep/lorekeep/results/openworkload_ratio_sweep_lora8/ratio_sweep_20step_5models_a100_overnight_main/raw/high_l50/gemma-2-9b-it_dataset_eval.json,40.0,20.0,20.0,0.5,269.04518000083044,712.8312910208479,1057.191549683339,8315.82966298447,8540.514037304092,8811.075204919325,247.68241797573864,304.2392184142955,330.13179898262024,8351.856568973744,8481.934324116446,8484.507211247692,508.8701630011201,870.4658069647851,1082.7256318758007,8284.972567489604,8684.601289086277,8837.467023922363
high_l70,high,70,gemma-2-9b-it,Gemma-2-9B-IT,CUCUMIS,0,12278.071106993593,3.257840718744167,/home/onceas/Arantir/CUCUMIS-lorekeep/lorekeep/results/openworkload_ratio_sweep_lora8/ratio_sweep_20step_5models_a100_overnight_main/raw/high_l70/gemma-2-9b-it_dataset_eval.json,40.0,12.0,28.0,0.7,305.1458504924085,836.0519320878667,945.1932258892339,8460.861220024526,8794.385876553133,9019.518918119138,244.26101049175486,277.50192946987227,325.2809971035458,8463.537074479973,8540.767462388612,8541.822978999699,460.61544099939056,911.8634711310733,948.5738308483269,8385.290914477082,8858.891849592328,9039.858317159815
high_l70,high,70,gemma-2-9b-it,Gemma-2-9B-IT,CUCUMIS,1,12306.710511038546,3.250259276361613,/home/onceas/Arantir/CUCUMIS-lorekeep/lorekeep/results/openworkload_ratio_sweep_lora8/ratio_sweep_20step_5models_a100_overnight_main/raw/high_l70/gemma-2-9b-it_dataset_eval.json,40.0,12.0,28.0,0.7,304.73888700362295,836.2414873728995,942.5469243747648,8506.713267997839,8840.570127469255,9052.40023187187,247.5467800104525,277.3980799887795,324.26164547156077,8509.355163492728,8581.846415024484,8587.631186235812,462.23422401817515,909.4839302240871,945.3765984054189,8418.989665515255,8896.277272707084,9072.7784500696
high_l90,high,90,gemma-2-9b-it,Gemma-2-9B-IT,CUCUMIS,0,12911.342990002595,3.098051072686433,/home/onceas/Arantir/CUCUMIS-lorekeep/lorekeep/results/openworkload_ratio_sweep_lora8/ratio_sweep_20step_5models_a100_overnight_main/raw/high_l90/gemma-2-9b-it_dataset_eval.json,40.0,4.0,36.0,0.9,529.8857574816793,978.8242619833909,1184.5938296092208,8771.13338149502,9147.38846271066,9411.561301702168,261.8058379739523,301.6266383812763,312.40357012604363,9016.473245981615,9069.135913293576,9076.847882518196,544.7429349878803,978.8242619833909,1190.865212929202,8613.10686651268,9179.659065499436,9417.58076850092
high_l90,high,90,gemma-2-9b-it,Gemma-2-9B-IT,CUCUMIS,1,12598.228189977817,3.175049649586513,/home/onceas/Arantir/CUCUMIS-lorekeep/lorekeep/results/openworkload_ratio_sweep_lora8/ratio_sweep_20step_5models_a100_overnight_main/raw/high_l90/gemma-2-9b-it_dataset_eval.json,40.0,4.0,36.0,0.9,546.9815729884431,883.9704187586905,1203.4127519582398,8782.996716035996,9171.435472060693,9451.648512983229,262.9368590132799,302.4991276790388,313.6667599424254,9063.479223521426,9113.873321190476,9120.98248220631,617.5243184843566,912.5533059705049,1203.4127519582398,8678.131744003622,9174.546328460565,9457.245674624573
