density,density_level,target_long_fraction_pct,model_key,model_label,method,repeat_count,measured_long_fraction,request_count,short_request_count,long_request_count,all_ttft_p50_ms,all_ttft_p90_ms,all_ttft_p99_ms,short_ttft_p50_ms,short_ttft_p90_ms,short_ttft_p99_ms,long_ttft_p50_ms,long_ttft_p90_ms,long_ttft_p99_ms,all_completion_p50_ms,all_completion_p90_ms,all_completion_p99_ms,short_completion_p50_ms,short_completion_p90_ms,short_completion_p99_ms,long_completion_p50_ms,long_completion_p90_ms,long_completion_p99_ms,round_wall_ms,throughput_rps
high_l10,high,10,baichuan2-7b-chat,Baichuan2-7B-Chat,CUCUMIS,2,0.1,40.0,36.0,4.0,142.87230250192806,150.98883501195814,422.01945707551204,142.80981800402515,148.33013850147836,154.68377810320817,358.2145492400741,426.95348091074266,441.7555524164345,4557.827238240861,4693.307295339764,4779.59648128337,4557.827238240861,4692.545245736255,4694.936203006364,3171.1145847366424,4765.178017382277,4826.723448729026,8857.678961503552,4.51585799550631
high_l10,high,10,baichuan2-7b-chat,Baichuan2-7B-Chat,CUCUMIS-II,2,0.1,40.0,36.0,4.0,144.75643802143168,214.35413199360522,634.4001626633689,144.248814729508,151.65276122570504,179.08708327595374,512.0479207398603,650.9459884284297,700.5834657236119,4586.5872392460005,4708.160486826091,5120.46051257872,4586.5872392460005,4706.814797507832,4709.425146810827,3459.7377537429566,5130.047694942914,5158.809242035495,8846.408081997652,4.521620178805006
high_l10,high,10,baichuan2-7b-chat,Baichuan2-7B-Chat,CUCUMIS-Strict,2,0.1,40.0,36.0,4.0,161.82593077246565,208.9885774796135,691.0740850225556,161.3888815190876,169.80688650801312,174.80151069030399,569.8820587422233,707.9883432481438,758.7311179249082,5146.481746749487,5238.4456548054,5709.490998462425,5146.481746749487,5237.732072753715,5240.082581799652,3842.7912595070666,5720.877653203206,5755.037617425551,9421.228247025283,4.2458069335136495
high_l10,high,10,baichuan2-7b-chat,Baichuan2-7B-Chat,Chunked prefill,2,0.1,40.0,36.0,4.0,137.8913087391993,188.72754482727072,595.5368141923099,137.41434201074298,143.00540048861876,159.6907820974593,486.87856274773367,610.6231208017562,655.8820406300947,4397.964842253714,4500.583520747023,4888.516468159505,4397.964842253714,4499.567125778412,4501.258896279614,3291.6642302589025,4898.51717154379,4928.519281696645,8707.021789479768,4.594017766132881
high_l10,high,10,baichuan2-7b-chat,Baichuan2-7B-Chat,Sarathi,2,0.1,40.0,36.0,4.0,159.75857475132216,217.07222344994125,681.8439376566674,159.46580350282602,171.4432445296552,184.91405189124634,563.3977010147646,698.0792181944707,746.7850598078803,5093.805734242778,5203.512774829869,5650.397556318203,5093.805734242778,5201.835475250846,5207.393690478057,3805.2089325065026,5660.631979396567,5691.335248631658,9364.455467526568,4.271473737343035
high_l10,high,10,baichuan2-7b-chat,Baichuan2-7B-Chat,vLLM,2,0.1,40.0,36.0,4.0,138.56505471630953,187.18312528799328,594.2842455927165,138.50503548746929,142.9244087485131,154.43786069954513,491.77068000426516,608.5595666168956,651.3855296894326,4449.707111489261,4528.635292939725,4934.367470916186,4449.707111489261,4527.397097743233,4529.868772556074,3317.1292024926515,4944.312339517637,4974.146945321991,8746.690109488554,4.573158590183478
high_l10,high,10,gemma-2-9b-it,Gemma-2-9B-IT,CUCUMIS,2,0.1,40.0,36.0,4.0,242.98621276102494,248.6700952082174,619.6120016879283,242.74730849720072,247.79073875106405,251.16022118891124,339.37791075732093,646.8252605729504,729.684227577236,7954.016197487363,7961.783393900259,7965.368634460319,7954.5535934885265,7962.182277507964,7965.4572170824395,5164.006101782434,7955.098701213137,7955.4205617294065,12330.841339018662,3.244056777539476
high_l10,high,10,gemma-2-9b-it,Gemma-2-9B-IT,CUCUMIS-II,2,0.1,40.0,36.0,4.0,243.07126125495415,297.98902265611173,1009.0912125117028,242.5639859866351,245.28281323728152,248.09520456183236,849.264563745237,1031.3452461996349,1098.1073472634307,7881.053912991774,7894.861795043107,8643.618474896939,7881.053912991774,7893.303541757632,7895.585526822833,5583.325638246606,8666.047863688436,8733.336030062928,12287.027617509011,3.2554682816661975
high_l10,high,10,gemma-2-9b-it,Gemma-2-9B-IT,CUCUMIS-Strict,2,0.1,40.0,36.0,4.0,248.2485960063059,311.22701707936426,1035.6989109571439,247.71839499589987,252.24569978308864,259.6030975008034,875.3057010035263,1058.4971424745163,1126.8918370266329,8050.635580992093,8071.198713115882,8838.54043528816,8050.635580992093,8069.287874488509,8073.590590499225,5715.256233757827,8860.87808860757,8927.891048565798,12444.152885000221,3.2143699591743493
high_l10,high,10,gemma-2-9b-it,Gemma-2-9B-IT,Chunked prefill,2,0.1,40.0,36.0,4.0,243.09588700998574,297.0851148042136,1008.1596638230257,242.9983937763609,246.14635750185698,247.87185207242146,851.6750422422774,1030.5925725580892,1097.8912987632793,7894.08577150607,7910.538272382109,8656.30458260508,7894.08577150607,7908.630356483627,7911.911782236712,5593.149166481453,8678.787469197414,8746.236128974415,12268.810713023413,3.2603576951099944
high_l10,high,10,gemma-2-9b-it,Gemma-2-9B-IT,Sarathi,2,0.1,40.0,36.0,4.0,257.86911450268235,316.1930378148107,1072.3200510686727,257.50453349610325,261.97701749333646,263.9383699177415,906.8310317670694,1095.8864292071667,1166.585563622648,8660.072802740615,8781.19050654932,9453.437585153442,8660.072802740615,8765.873428754276,8788.6093959969,6048.976961246808,9482.80831965676,9570.920523166715,13147.492043470265,3.0424996131119237
high_l10,high,10,gemma-2-9b-it,Gemma-2-9B-IT,vLLM,2,0.1,40.0,36.0,4.0,243.28212275577243,302.00610092142665,1019.2624310962854,242.55725801049266,247.2372002521297,252.26403262349777,859.7024430055171,1041.7915602738503,1109.3789478065446,7941.392163760611,7958.114697178826,8710.073995936546,7941.392163760611,7956.405032251496,7959.37610015535,5623.320839498774,8732.829453918384,8801.095827863901,12274.820500490023,3.2587104470208486
high_l10,high,10,gemma-7b-it,Gemma-7B-IT,CUCUMIS,2,0.1,40.0,36.0,4.0,148.88989699829835,206.40413104265468,499.6157870834577,148.60508726269472,161.83513250143733,220.9184525869204,415.5529352428857,501.0492981731659,505.34983144229045,4828.320684246137,5063.540313739213,5245.517241797934,4789.728337491397,5062.6615210057935,5064.446543730446,5079.656219502795,5253.801869685412,5278.655753347848,9060.714048508089,4.4147027329949875
high_l10,high,10,gemma-7b-it,Gemma-7B-IT,CUCUMIS-II,2,0.1,40.0,36.0,4.0,145.64078924013302,268.51879113528474,810.7150641817134,145.43376897927374,162.82663700985722,212.45720652368612,724.524608507636,819.6819700999185,846.582687854534,4784.0962234768085,4928.644140213146,5406.34945231257,4696.318605245324,4891.407871749834,4911.109424493043,5346.387628756929,5407.854419894284,5412.369322639424,9008.297049003886,4.440438579196928
high_l10,high,10,gemma-7b-it,Gemma-7B-IT,CUCUMIS-Strict,2,0.1,40.0,36.0,4.0,163.2586654741317,277.662136434811,861.5183002827689,162.92795974004548,184.88134926883504,217.2181027985061,788.4823372442042,869.4836151029449,893.3795595634729,5293.830711249029,5453.139774483862,5960.759108808998,5213.8816749939,5412.938383495202,5414.482957238215,5942.826280777808,5962.47976012819,5967.641714085767,9515.351975016529,4.203736615702093
high_l10,high,10,gemma-7b-it,Gemma-7B-IT,Chunked prefill,2,0.1,40.0,36.0,4.0,147.1871942630969,268.9347754261696,816.2754463753663,146.99379075318575,169.2652465280844,212.5608903326792,732.5538907462033,824.7185127867851,850.0477120210417,4801.293186494149,4969.753042454249,5437.438369900337,4754.978392767953,4951.672325245454,4953.916079453484,5368.8241542404285,5441.445591190131,5453.467255059513,8989.759720512666,4.449511904050498
high_l10,high,10,gemma-7b-it,Gemma-7B-IT,Sarathi,2,0.1,40.0,36.0,4.0,144.89437053271104,266.37664070585805,806.8327500790474,144.44781575002708,162.00676198059227,210.97337845712894,720.9532665001461,815.6943098729244,842.2789892545552,4733.764722273918,4899.384099998861,5349.4035876204725,4637.144515480031,4862.72148124408,4868.548083075439,5337.213940263609,5350.60529470793,5354.210415970301,8935.821014485555,4.4764205942609845
high_l10,high,10,gemma-7b-it,Gemma-7B-IT,vLLM,2,0.1,40.0,36.0,4.0,145.34353725321125,267.8817257343332,811.0673489485634,145.21147150662728,164.38995175121818,212.4389736418379,723.9265712414635,820.4063451557886,848.423333777464,4752.26763698447,4893.966858045314,5367.971995183325,4680.487746998551,4876.436381251551,4877.759395189059,5316.913380767801,5369.600236255792,5374.484959473193,8942.608988523716,4.472971976711879
high_l10,high,10,mistral-7b-instruct-v0.2,Mistral-7B-Instruct-v0.2,CUCUMIS,2,0.1,40.0,36.0,4.0,144.8057514935499,152.18566894764083,392.74206592934206,144.15670224116184,148.5441659751814,162.61277653393333,302.0993722457206,397.6458701014053,412.35728261759505,4700.505852990318,4788.168719538953,4958.28226108657,4691.882759259897,4782.894545001909,4789.110775408335,4859.964161252719,4961.898098295205,4972.745609921112,9012.187230488053,4.438437953340754
high_l10,high,10,mistral-7b-instruct-v0.2,Mistral-7B-Instruct-v0.2,CUCUMIS-II,2,0.1,40.0,36.0,4.0,145.44071424461436,209.8249983042483,636.5281086546019,145.07093050633557,149.23481276491657,173.48354395071507,510.96165549824946,653.9929808495799,706.3875974345137,4774.972562750918,4837.04443713068,5254.355045935954,4741.173899223213,4805.367191278492,4808.776226853661,5165.763273529592,5267.012323101517,5304.984154598205,9062.516267003957,4.4137932347602
high_l10,high,10,mistral-7b-instruct-v0.2,Mistral-7B-Instruct-v0.2,CUCUMIS-Strict,2,0.1,40.0,36.0,4.0,142.0665320038097,221.89093675406227,646.1702372549915,141.8014842492994,151.57354275288526,187.65663053054593,509.35008077067323,664.8371421586489,720.8378568696207,4681.780314509524,4747.330069867894,5159.30755098263,4639.03195146122,4717.528319742996,4720.689506514464,5071.112142759375,5171.356258410378,5207.502380693622,8952.698405453702,4.467942127643884
high_l10,high,10,mistral-7b-instruct-v0.2,Mistral-7B-Instruct-v0.2,Chunked prefill,2,0.1,40.0,36.0,4.0,141.49425775394775,221.0942902078391,644.4493939369567,141.0196602519136,150.08422326354776,186.79853758076206,507.7747899922542,663.4878871060209,720.6033666132134,4670.302124766749,4733.93922309333,5146.4348851057,4623.787931006518,4704.3837395031005,4706.773026497103,5057.343770022271,5158.820884814486,5195.978883940843,8925.12139401515,4.4817343112322305
high_l10,high,10,mistral-7b-instruct-v0.2,Mistral-7B-Instruct-v0.2,Sarathi,2,0.1,40.0,36.0,4.0,142.51814650197048,219.5751788152852,644.3901404881034,142.29824175708927,149.9764187465189,184.99917351000477,508.5898702527629,662.7179771399824,717.7014870956191,4686.029027507175,4749.537436969695,5160.962357283279,4634.977189998608,4721.415005988092,4723.092275761883,5075.373831743491,5172.857603101875,5208.543340557662,8946.423410990974,4.471062021490139
high_l10,high,10,mistral-7b-instruct-v0.2,Mistral-7B-Instruct-v0.2,vLLM,2,0.1,40.0,36.0,4.0,141.6739054984646,257.6055759942396,662.1436618154985,141.45464650937356,155.52715651574545,217.414066522906,536.3102927512955,676.1606318963459,718.211542138888,4727.231492011924,4788.984822802013,5200.322333845834,4680.48644324881,4760.18219726393,4762.3356606200105,5110.717926247162,5212.61901264952,5249.50904906058,8952.317729970673,4.4681458238392295
high_l10,high,10,qwen2.5-7b-instruct,Qwen2.5-7B-Instruct,CUCUMIS,2,0.1,40.0,36.0,4.0,137.4772639828734,142.75291813828517,401.89623011508957,136.93836248421576,140.4469622502802,143.49205021426314,295.54376151645556,407.4393878923729,424.0688612242229,4503.132082492812,4540.69492337876,4775.298083552043,4498.403426725417,4534.9932855024235,4543.187613748887,4648.771596766892,4780.370539845899,4795.587908727466,8838.368645490846,4.529451743525124
high_l10,high,10,qwen2.5-7b-instruct,Qwen2.5-7B-Instruct,CUCUMIS-II,2,0.1,40.0,36.0,4.0,126.20517100731377,178.34658189385698,541.3141695118974,126.03323798975907,129.549714984023,153.1228614912834,441.3679929857608,555.0462787039578,596.2426062801387,4121.562719985377,4175.215454259887,4544.307819383685,4119.719936483307,4148.1058215140365,4150.207819009665,4458.649972773856,4555.909203412011,4590.713355496991,8466.320128994994,4.724620701678457
high_l10,high,10,qwen2.5-7b-instruct,Qwen2.5-7B-Instruct,CUCUMIS-Strict,2,0.1,40.0,36.0,4.0,128.03780173999257,178.24712885776572,545.7479476081788,127.66627577366307,131.80120025936048,149.2796317441389,446.21574073971715,559.3364483880578,600.1019507276942,4186.992048489628,4241.102491915808,4613.373289936571,4186.610819248017,4213.096683990443,4215.7288424132275,4526.993390507414,4624.813362106215,4659.133578615147,8504.98615502147,4.7031320702281665
high_l10,high,10,qwen2.5-7b-instruct,Qwen2.5-7B-Instruct,Chunked prefill,2,0.1,40.0,36.0,4.0,125.77972075087018,178.4260302985789,540.3539663951959,125.49545275396667,129.64589726470876,153.20275555131957,440.906421514228,554.3015228031436,596.1441920269863,4094.4689650204964,4147.124840610195,4511.758431713388,4082.799007257563,4121.266924485099,4122.851877007633,4432.596007507527,4522.951721047866,4556.531589051301,8404.87041749293,4.759145773027388
high_l10,high,10,qwen2.5-7b-instruct,Qwen2.5-7B-Instruct,Sarathi,2,0.1,40.0,36.0,4.0,125.77022197365295,190.0859204935845,559.2160542443161,125.40774125955068,134.66605650319252,160.73355799453566,444.9476114969002,574.1418066143524,618.919063724461,4121.535274025518,4181.992023193743,4550.504991088819,4103.045352254412,4157.456537766848,4158.223192993319,4466.026477748528,4561.883760886849,4596.020070280938,8431.039724498987,4.744373341137376
high_l10,high,10,qwen2.5-7b-instruct,Qwen2.5-7B-Instruct,vLLM,2,0.1,40.0,36.0,4.0,127.01089076290373,178.4438562695872,545.1413628176668,126.70163626899011,130.31846622470766,149.01741574140033,443.9908172644209,558.5862693638774,598.9209890025086,4145.397052241606,4202.136830589734,4568.708169444872,4136.327921747579,4174.4280095008435,4177.606594616373,4489.287691772915,4579.426540611894,4611.581654112961,8429.033005493693,4.745558469537102
high_l30,high,30,baichuan2-7b-chat,Baichuan2-7B-Chat,CUCUMIS,2,0.3,40.0,28.0,12.0,149.64421025069896,448.36300929309806,551.8973006610759,146.09370598918758,175.56234748917632,231.06909844937036,369.8607422556961,521.7602133954642,564.3894438189454,4840.380011257366,5134.850276345969,5233.266877786955,4803.066391759785,5123.98857610242,5136.177008160448,4612.598622741643,5163.532601000043,5265.276054017013,8878.241748985602,4.505405493310361
high_l30,high,30,baichuan2-7b-chat,Baichuan2-7B-Chat,CUCUMIS-II,2,0.3,40.0,28.0,12.0,175.36388349253684,694.4271160813514,818.6142193092383,148.75764300813898,199.06182643026114,210.80749159591505,642.948853521375,802.8446397482185,821.8467717149178,4779.043877511867,5189.843806510908,5465.095234297623,4779.043877511867,5142.811543899006,5146.249603534525,4241.829724734998,5406.500943188439,5487.238490250602,8835.899823519867,4.5270000348092285
high_l30,high,30,baichuan2-7b-chat,Baichuan2-7B-Chat,CUCUMIS-Strict,2,0.3,40.0,28.0,12.0,173.20983174431603,686.1324276862433,819.3630874648807,148.08722827001475,198.21706249786075,212.46302627783734,640.9979945165105,801.072774187196,824.0645158165717,4797.186672993121,5210.085058445111,5478.9892621935,4797.186672993121,5157.149402727373,5158.726415753772,4021.079295751406,5426.743200345663,5498.447312841017,8865.010145003907,4.512136423357553
high_l30,high,30,baichuan2-7b-chat,Baichuan2-7B-Chat,Chunked prefill,2,0.3,40.0,28.0,12.0,167.0775475067785,673.099483695114,798.2098226732342,142.52502599265426,192.95321290264837,199.15653992298758,620.8496417384595,784.1932732146233,799.545430088765,4605.040490758256,4997.4876818974735,5279.022952346422,4605.040490758256,4970.550328501849,4973.3705395506695,3586.455688244314,5226.913820041227,5297.685214149824,8714.397683477728,4.59012872942244
high_l30,high,30,baichuan2-7b-chat,Baichuan2-7B-Chat,Sarathi,2,0.3,40.0,28.0,12.0,190.33577699156012,720.9057677100645,856.9052088152966,163.88690125313587,203.7928751495201,216.87252059404273,680.2390285010915,840.3907646017615,860.1166326968814,5238.832164744963,5679.806480949628,5893.512908067205,5238.832164744963,5530.379099398851,5533.729218609515,4302.47643799521,5852.226793419686,5909.128949202714,9370.959733001655,4.2685194445587875
high_l30,high,30,baichuan2-7b-chat,Baichuan2-7B-Chat,vLLM,2,0.3,40.0,28.0,12.0,169.53062574611977,677.5183025893057,803.4526006274973,143.21201074926648,195.23223004944157,204.48053421772784,628.5541147663025,788.9869547099806,805.0062731737853,4599.266274017282,5018.828795573791,5303.146419766999,4599.266274017282,4996.705615991959,5004.422624742147,4017.1505337493727,5245.949134367402,5324.0670919799595,8717.747255490394,4.588349317610806
high_l30,high,30,gemma-2-9b-it,Gemma-2-9B-IT,CUCUMIS,2,0.3,40.0,28.0,12.0,278.14793298603036,351.58483327541046,744.8655300872632,276.7508982360596,283.12409049249254,409.80958930449566,281.0823065083241,638.1983895174926,785.9305561828661,9021.042081018095,9062.083226136747,9445.61798261333,8972.079506507725,9051.134933051071,9102.2131686777,9042.41491400171,9303.094954616972,9505.226645148068,13228.401262516854,3.023798305384992
high_l30,high,30,gemma-2-9b-it,Gemma-2-9B-IT,CUCUMIS-II,2,0.3,40.0,28.0,12.0,331.1719777411781,1187.0026531018084,1435.0665191674489,291.1691140034236,359.4481017178623,484.08087404561235,1100.5124562361743,1413.0040290474426,1443.689868588408,8541.783231252339,9211.109387580655,9427.648198072857,8397.405119016184,8625.24233800359,8629.856351723138,9022.204496490303,9340.541872076574,9462.240105208766,12263.947206520243,3.2616758305721896
high_l30,high,30,gemma-2-9b-it,Gemma-2-9B-IT,CUCUMIS-Strict,2,0.3,40.0,28.0,12.0,338.34047299751546,1190.439683792647,1434.9340313702123,285.5676959879929,362.0085826754803,485.96815776196314,1111.6786804923322,1409.8045326711144,1446.1587830964709,8562.781902743154,9232.977718990878,9449.618934862665,8416.831924492726,8647.895674550091,8650.390722487355,9037.64768250403,9363.303250129684,9483.82600763056,12287.101263995282,3.255448684712521
high_l30,high,30,gemma-2-9b-it,Gemma-2-9B-IT,Chunked prefill,2,0.3,40.0,28.0,12.0,330.6894362322055,1189.6795419044793,1433.7698638354777,285.04443050769623,357.1171465649968,485.7560105709127,1106.5135322714923,1403.4821416746126,1446.9555934538948,8487.155974988127,9155.641460436163,9376.331933533365,8349.546899742563,8579.30924432876,8586.762890502869,8965.341943767271,9291.53470066085,9409.742332231544,12270.289945998229,3.259912790286061
high_l30,high,30,gemma-2-9b-it,Gemma-2-9B-IT,Sarathi,2,0.3,40.0,28.0,12.0,330.9802667645272,1189.4527780532371,1432.3348247993272,283.40831823879853,355.449828892597,485.8200854811003,1104.5387537305942,1401.6734802542487,1445.759805458365,8513.172438266338,9183.66206906212,9400.18833346403,8366.08966148924,8602.268467002432,8606.831077569514,8995.070511751692,9313.984326392529,9434.333137025533,12296.23272351455,3.253029853367482
high_l30,high,30,gemma-2-9b-it,Gemma-2-9B-IT,vLLM,2,0.3,40.0,28.0,12.0,328.8398999866331,1189.6926733898,1435.43059812102,286.3524972781306,365.79398328613024,380.9494147339137,1109.220723999897,1405.6118340202374,1448.377795870765,8660.395833736402,9379.807281220565,9590.219161880668,8529.329293509363,8768.782145599835,8770.468210828258,9204.921070238925,9497.417730966117,9627.213147876319,12428.855534497416,3.2183859367805314
high_l30,high,30,gemma-7b-it,Gemma-7B-IT,CUCUMIS,2,0.3,40.0,28.0,12.0,176.31099400750827,452.1672893955839,638.8228501449339,168.21437672479078,202.44671009713787,386.6288897319465,283.52339573029894,586.1783264408587,660.149266871158,5546.533947985154,5867.863468400901,6061.59123758116,5468.03215725231,5866.621585842222,5868.305945248285,5590.895079745678,5976.010524798767,6096.376858373696,9595.462081488222,4.168639860712944
high_l30,high,30,gemma-7b-it,Gemma-7B-IT,CUCUMIS-II,2,0.3,40.0,28.0,12.0,373.0584667646326,1669.5892899646424,1938.9828317292265,311.50498425995465,613.2121475180612,920.2718816243578,1532.640546996845,1766.3179725845112,2015.1028795150344,6394.172821484972,6973.413133842405,7217.135837386886,6023.575598243042,6714.192632853519,6715.889652090846,6852.112349981326,7208.657367803971,7217.608865890943,9383.634547994006,4.262767517623789
high_l30,high,30,gemma-7b-it,Gemma-7B-IT,CUCUMIS-Strict,2,0.3,40.0,28.0,12.0,369.3221175199142,1628.9977073203772,1906.9574917099087,313.932877019397,607.183873653412,841.3077359137242,1520.3427285159705,1716.9227839709492,1992.5899285430207,6691.107512015151,7159.701740540913,7493.626287297229,6389.702152751852,6982.26471626549,6999.135453657655,6944.506753017777,7436.95839959837,7515.716128222994,9709.988591523143,4.119987031557402
high_l30,high,30,gemma-7b-it,Gemma-7B-IT,Chunked prefill,2,0.3,40.0,28.0,12.0,365.0214842346031,1597.211640846217,1843.1983870873228,307.96606275544036,579.140089979046,877.6337466080441,1489.422959755757,1733.9588013855973,1890.3001471003518,6260.664064495359,6756.755901052384,7094.369611696457,5913.097064738395,6608.674536974286,6610.11363100406,6522.086026001489,7056.71530268155,7106.850045826868,9237.822320486885,4.330025655676576
high_l30,high,30,gemma-7b-it,Gemma-7B-IT,Sarathi,2,0.3,40.0,28.0,12.0,456.2689627491636,1587.2733326046728,1837.7263722522184,305.4676337487763,626.5079750650331,833.6452078050934,1498.04855727416,1788.4001133323181,1856.1212312616408,6335.733894229634,6831.1054089223035,7161.1631309150835,6015.314142496209,6675.219278602162,6679.167946406524,6650.3088552708505,7124.506956859841,7173.12989985483,9244.691705476725,4.326812651538176
high_l30,high,30,gemma-7b-it,Gemma-7B-IT,vLLM,2,0.3,40.0,28.0,12.0,398.1750929960981,1666.2825234991033,1836.662339225586,317.9784567473689,450.9259735059459,465.2124635176733,1581.9976362545276,1753.7600529700285,1873.5595917780302,6291.77991450706,6940.64764334471,7249.827363646182,5944.325402990216,6764.6409620996565,6766.141672116064,6728.30370774318,7212.900025668205,7261.960098096461,9196.855899499496,4.349480693630513
high_l30,high,30,mistral-7b-instruct-v0.2,Mistral-7B-Instruct-v0.2,CUCUMIS,2,0.3,40.0,28.0,12.0,153.178474487504,520.1230348524405,554.6663609857205,148.06168973154854,171.46437529008836,255.04369587550173,373.33626100735273,552.5297518353909,554.6663609857205,5043.78563001228,5231.7423860076815,5458.734381454124,4924.97106200608,5198.1037483375985,5202.85747121583,5168.031374254497,5397.345739195589,5484.457599532616,9070.258547493722,4.410054050776228
high_l30,high,30,mistral-7b-instruct-v0.2,Mistral-7B-Instruct-v0.2,CUCUMIS-II,2,0.3,40.0,28.0,12.0,215.75102749920916,827.8724001342199,973.9084102693596,168.33600250538439,242.28955578582827,255.29522047145292,749.9731737334514,955.9118370554643,981.3987030138378,5403.43131100235,5786.815012569423,5984.264031196362,5103.881368006114,5522.045223758323,5525.241108843766,5726.949661737308,5923.1126984610455,6010.05652826454,8920.207363000372,4.4842022373754595
high_l30,high,30,mistral-7b-instruct-v0.2,Mistral-7B-Instruct-v0.2,CUCUMIS-Strict,2,0.3,40.0,28.0,12.0,216.02842326683458,845.1973272545729,1013.314761951915,168.59350925369654,236.67465749604162,250.81124220683705,775.0841780216433,967.3731431103079,1033.0171902867733,5537.897011003224,5916.283543512691,6121.260043710645,5235.09165624273,5636.647151404759,5644.6806719349115,5873.438157999772,6073.437114863191,6139.601413047349,9068.849182018312,4.410703216106086
high_l30,high,30,mistral-7b-instruct-v0.2,Mistral-7B-Instruct-v0.2,Chunked prefill,2,0.3,40.0,28.0,12.0,215.36902473599184,841.7626077454771,981.1999228724744,167.24404953129124,242.45332056016196,254.07046449254267,753.4931247646455,968.6949912138516,986.2034098885488,5417.635371239157,5796.094561408972,5993.792748796113,5106.627703251434,5535.222907643765,5537.44024947111,5738.208577255136,5932.33295478276,6019.8078232017,8909.986640006537,4.489345499331813
high_l30,high,30,mistral-7b-instruct-v0.2,Mistral-7B-Instruct-v0.2,Sarathi,2,0.3,40.0,28.0,12.0,210.23869147757068,834.2752775555709,998.966553772043,169.09706973819993,232.581340422621,247.93694602820324,766.7449242435396,954.7731503407704,1018.4594054738409,5505.637288486469,5877.117520038155,6075.082668455725,5196.451669020462,5593.974877530127,5597.497036320565,5832.860943759442,6025.509910366964,6094.401950551837,9057.144522987073,4.416402974751315
high_l30,high,30,mistral-7b-instruct-v0.2,Mistral-7B-Instruct-v0.2,vLLM,2,0.3,40.0,28.0,12.0,214.89238251524512,842.85279623291,993.0031537348987,167.50878025777638,238.7125660025049,252.1198288712185,762.3996297334088,972.6383826637175,1001.4679825564963,5452.767609487637,5830.857585588819,6027.8210539979045,5140.919157740427,5552.981777698733,5564.716711785877,5773.590582510224,5967.577541194623,6053.254755999951,8945.11393251014,4.471752238789915
high_l30,high,30,qwen2.5-7b-instruct,Qwen2.5-7B-Instruct,CUCUMIS,2,0.3,40.0,28.0,12.0,133.819774739095,397.7417333808262,505.4633255925728,131.57534624042455,144.92534546006937,204.69550090609118,351.4260245137848,478.6781879956834,515.5783538654214,4455.217011767672,4597.059330146294,4823.374601836549,4360.942462750245,4568.205818298156,4574.1359562423895,4554.318757494912,4704.516575371963,4877.875868930714,8540.961877501104,4.68331633544787
high_l30,high,30,qwen2.5-7b-instruct,Qwen2.5-7B-Instruct,CUCUMIS-II,2,0.3,40.0,28.0,12.0,156.38090175343677,649.8352598224301,760.5782724969322,129.93341726541985,186.2032736564288,208.63138436427107,531.2352540204301,726.0412937466754,773.5982832853915,4657.208817501669,5008.919906432857,5127.210052411247,4432.5154267280595,4709.5163514779415,4713.658816847892,4929.504811007064,5103.9971171092475,5134.756102397514,8490.05338549614,4.711524777253199
high_l30,high,30,qwen2.5-7b-instruct,Qwen2.5-7B-Instruct,CUCUMIS-Strict,2,0.3,40.0,28.0,12.0,156.20349650271237,651.5146465855651,762.8992065612692,130.8691484882729,191.14209610561375,207.7019536466105,532.5394194951514,727.1418172778795,776.4549822139088,4671.234276262112,5017.139132475131,5137.127025806985,4451.499075992615,4730.839998618467,4734.9114549355,4948.961353235063,5114.756999004749,5144.329751684272,8500.85758799105,4.705409916566033
high_l30,high,30,qwen2.5-7b-instruct,Qwen2.5-7B-Instruct,Chunked prefill,2,0.3,40.0,28.0,12.0,161.29136050585657,653.5402423061896,768.1071542634163,127.8627147548832,190.54362293099985,207.73714016686426,532.9368807579158,732.7541163016576,781.0626632685307,4619.559879487497,4972.270596001181,5091.308610084234,4384.163883252768,4695.426268695155,4696.71837812959,4877.7397829981055,5072.32746098889,5097.0118679327425,8410.995484999148,4.7556801712531085
high_l30,high,30,qwen2.5-7b-instruct,Qwen2.5-7B-Instruct,Sarathi,2,0.3,40.0,28.0,12.0,155.02970149100292,611.3075033004861,733.33111182641,128.40791876078583,177.9015479492955,193.09307996038115,524.4373232562793,720.5570154532325,736.0403869251604,4558.388427743921,4898.956202657428,5015.467270963127,4341.781805749633,4619.011185044656,4622.899654896173,4816.145199773018,4993.837532657199,5022.404933302896,8415.969834517455,4.7528738841520966
high_l30,high,30,qwen2.5-7b-instruct,Qwen2.5-7B-Instruct,vLLM,2,0.3,40.0,28.0,12.0,158.21240676450543,648.5362873791019,764.4037891374319,130.367077246774,192.42303050414193,207.60472607478732,545.0861352583161,738.6475722654723,772.6705661110464,4665.650852504768,5005.848538223654,5129.718880332366,4430.051929244655,4736.191914032679,4740.336362444214,4924.490655233967,5115.940850175684,5133.0734631596715,8486.479066981701,4.713533133584079
high_l50,high,50,baichuan2-7b-chat,Baichuan2-7B-Chat,CUCUMIS,2,0.5,40.0,20.0,20.0,154.78830598294735,486.2257264961955,598.9961492008297,148.0315509979846,157.22412033355798,273.57341206428816,364.52937775175087,574.0176168648759,604.0764149971073,4927.304441240267,5119.533871658496,5311.341345812252,5012.295260748942,5117.733321042033,5121.057461919845,3248.238726751879,5160.667196716531,5322.707107705355,8982.79199100216,4.453967229258472
high_l50,high,50,baichuan2-7b-chat,Baichuan2-7B-Chat,CUCUMIS-II,2,0.5,40.0,20.0,20.0,364.35886700928677,944.267165233032,1054.2661944721476,164.74508025567047,240.271301852772,246.08697902294807,784.7102804953465,1006.5883081028005,1067.983369869471,5653.564068736159,5907.718383503379,6209.262574058666,5784.845642730943,5895.753435275401,5896.922614768846,3899.9815617426066,6062.874024733901,6224.929303753597,9687.196275015594,4.129172063850171
high_l50,high,50,baichuan2-7b-chat,Baichuan2-7B-Chat,CUCUMIS-Strict,2,0.5,40.0,20.0,20.0,362.88081826933194,946.5207461151294,1051.3882903833291,166.7690112371929,240.10841637209523,241.74036702606827,769.324139735545,978.2342687511119,1062.743591486651,5702.500162267825,5957.662209545379,6258.17907766701,5795.256077501108,5910.780591546791,5912.620408928196,5436.680166254519,6182.280122407246,6260.165855269006,9730.539450014476,4.110776748232042
high_l50,high,50,baichuan2-7b-chat,Baichuan2-7B-Chat,Chunked prefill,2,0.5,40.0,20.0,20.0,383.6887495126575,922.8921226022067,1056.1699521783157,179.1192590026185,244.19927000417374,244.19927000417374,785.2513617399381,988.6873222945724,1068.3559556721593,5921.908977004932,6216.2546472856775,6498.523903738242,6049.988145008683,6158.146290507284,6159.728783044848,4378.867719991831,6350.593487822334,6515.466316936072,10070.145421981579,3.972153135021162
high_l50,high,50,baichuan2-7b-chat,Baichuan2-7B-Chat,Sarathi,2,0.5,40.0,20.0,20.0,362.6632397645153,922.2536698245676,1044.1248552291654,167.44259274855722,245.25702351820655,245.25702351820655,780.524081987096,988.8627645588713,1057.532302022446,5640.458744499483,5867.286436352879,6183.193793474347,5739.284396244329,5857.398587552598,5858.200153968937,4547.178300505038,6064.1941849055,6191.3988170801895,9608.166775491554,4.163165885833606
high_l50,high,50,baichuan2-7b-chat,Baichuan2-7B-Chat,vLLM,2,0.5,40.0,20.0,20.0,362.18222600291483,940.0269750243751,1062.4507909605745,167.40403474250343,239.87733534013387,241.8284710147418,780.0870772625785,1010.2600437123328,1074.238544559339,5653.92105349747,5914.521786264959,6210.7963090221165,5785.20770650357,5893.560857090051,5899.725429285027,4155.050197747187,6062.773140100762,6226.026301322854,9660.847969003953,4.1404593557493845
high_l50,high,50,gemma-2-9b-it,Gemma-2-9B-IT,CUCUMIS,2,0.5,40.0,20.0,20.0,263.7022264825646,722.3296889686027,1061.0045988031197,249.28273673867807,283.5178003733745,301.712023812579,521.7707239935407,878.285410613171,1087.0248288998844,8362.59228749259,8636.159095435869,8901.307431319728,8382.842034247005,8483.031991813914,8487.293645803293,8323.196409502998,8738.172584446147,8926.934357816353,12783.254272537306,3.1290972289989925
high_l50,high,50,gemma-2-9b-it,Gemma-2-9B-IT,CUCUMIS-II,2,0.5,40.0,20.0,20.0,644.2074297519866,1622.4456210853534,1996.8709880058304,273.3003812318202,388.0862045043614,493.0114013113778,1331.1315279861446,1876.682902238099,2014.830133910582,9299.324376246659,9878.220920902095,10077.929640101502,9232.13697799656,9321.724697048194,9373.266095158178,9593.482869007858,10004.047450731741,10095.601296197856,13689.162367983954,2.922020112404703
high_l50,high,50,gemma-2-9b-it,Gemma-2-9B-IT,CUCUMIS-Strict,2,0.5,40.0,20.0,20.0,670.499911007937,1649.4434534950415,1975.6141275836853,263.65958149835933,389.92715579806827,524.6354552029513,1353.8978192518698,1875.8260271832114,1991.7964049935108,9569.107956747757,10168.728016212117,10401.484649182239,9508.917454237235,9586.878885846818,9648.703000514943,9862.912550990586,10302.005892735906,10406.804604981735,14027.39285849384,2.851571141022783
high_l50,high,50,gemma-2-9b-it,Gemma-2-9B-IT,Chunked prefill,2,0.5,40.0,20.0,20.0,664.7910460160347,1523.9355783996873,1925.233148690313,262.8521770093357,393.7642973935,533.8387436087941,1338.7219677533722,1838.6529135808814,1941.8515926925465,9382.66734375793,9974.662812787574,10174.475269859831,9319.020038004965,9405.829204776092,9461.954118667345,9728.500277240528,10099.585762611241,10191.847002758586,13829.2028530268,2.892439469736593
high_l50,high,50,gemma-2-9b-it,Gemma-2-9B-IT,Sarathi,2,0.5,40.0,20.0,20.0,675.46227274579,1581.10484763165,1936.6782507518656,265.9457212430425,394.0221263037529,529.7689517860997,1383.0648205039324,1852.850257261889,1953.0254398539546,9520.561912999256,10123.02685927425,10332.92536790308,9460.78993100673,9547.12909765367,9600.595225561992,9849.201565753901,10252.032094160677,10346.822384093539,13970.424689003266,2.8631971875042046
high_l50,high,50,gemma-2-9b-it,Gemma-2-9B-IT,vLLM,2,0.5,40.0,20.0,20.0,603.6203777475748,1629.4230323022932,2034.9143869866384,252.25441847578622,425.14976748498157,425.14976748498157,1439.6688109845854,1809.0331128099933,2101.8850882811234,9615.866655498394,10237.156280188356,10470.488417321467,9570.591969502857,9658.306972996797,9661.021151410241,9942.942304493045,10367.812016414246,10480.073326125857,13841.538897977443,2.8898527695195053
high_l50,high,50,gemma-7b-it,Gemma-7B-IT,CUCUMIS,2,0.5,40.0,20.0,20.0,250.18767701112665,920.9295182168719,1214.1782091531786,154.09290925890673,239.4302586151753,275.0334277161164,509.41545149544254,1130.440531001659,1234.2258698548537,6128.016725735506,6465.796574123669,6684.543700293871,6197.379692763207,6464.841947401874,6466.66025358747,6027.460850746138,6507.048716634745,6685.801988082239,10182.8111979994,3.9283941165975866
high_l50,high,50,gemma-7b-it,Gemma-7B-IT,CUCUMIS-II,2,0.5,40.0,20.0,20.0,894.0020762529457,2290.3527921414934,2804.315160663682,301.75820700242184,783.78797849291,901.4037109797935,1715.0257999892347,2661.62478683691,2827.863810066483,7867.387983758817,8529.900819342583,8861.199164961581,7981.047755747568,8352.88671089802,8355.993529863481,7783.814317983342,8790.300014591776,8861.357188062393,11649.315194023075,3.4337017547292534
high_l50,high,50,gemma-7b-it,Gemma-7B-IT,CUCUMIS-Strict,2,0.5,40.0,20.0,20.0,794.9421182420338,2391.2502215302084,2845.565740239399,299.9014777451521,597.8989129129333,721.1712608986999,1694.2335150088184,2677.6195616519544,2853.1605270391447,7849.395149984048,8478.825709791272,8847.19320485834,7971.542356986902,8339.879878296051,8343.915818445676,7774.927253994974,8779.893754058867,8848.66446185857,11674.778849468566,3.426189252921955
high_l50,high,50,gemma-7b-it,Gemma-7B-IT,Chunked prefill,2,0.5,40.0,20.0,20.0,781.3378449936863,2321.844671689905,2707.988499746716,297.1032225032104,580.4945392184892,702.7965479929117,1674.2422899988014,2560.8956369018415,2746.514132940501,7665.060580751742,8338.208511957782,8701.306996367057,7873.361423989991,8203.476618879358,8205.232664222713,7488.243133499054,8629.329728445737,8702.058141562738,11536.296594480518,3.467321433274839
high_l50,high,50,gemma-7b-it,Gemma-7B-IT,Sarathi,2,0.5,40.0,20.0,20.0,782.5624950201018,2353.573009793763,2774.23049784411,298.1665112602059,584.0780663507759,706.9508916762425,1690.771801484516,2615.1449456840055,2797.4020284440485,7657.7305447426625,8243.442187993787,8727.29254128557,7862.672254253994,8237.07549154351,8239.045148929581,7293.411312493845,8599.770014348906,8735.170380880882,11550.288772530621,3.4631209880402194
high_l50,high,50,gemma-7b-it,Gemma-7B-IT,vLLM,2,0.5,40.0,20.0,20.0,673.5447610117262,2636.826685597771,2822.126204336819,276.502588254516,454.4265854929108,477.88981661200523,2121.9797067315085,2813.8332397968043,2822.3747790409834,8131.4850107592065,8957.102732171188,9202.00843146682,8320.600943494355,8692.475148808444,8693.981123868725,7981.470087484922,9126.206465635914,9203.124034565699,11431.282168487087,3.4991817380089354
high_l50,high,50,mistral-7b-instruct-v0.2,Mistral-7B-Instruct-v0.2,CUCUMIS,2,0.5,40.0,20.0,20.0,172.04705098993145,551.8320994975512,698.2604870994692,149.7240670141764,171.42376914853236,249.62350862304442,370.0136337429285,633.4264901117422,708.1179786022403,5357.714343015687,5572.9831977922,5652.108451549429,5357.544098020298,5440.145881244098,5442.36795716628,5353.411935502663,5643.386816512793,5654.313168453518,9207.032625505235,4.345104488380345
high_l50,high,50,mistral-7b-instruct-v0.2,Mistral-7B-Instruct-v0.2,CUCUMIS-II,2,0.5,40.0,20.0,20.0,403.87616473890375,1168.1880308460677,1364.571593173605,193.02254274953157,273.55801401427016,275.6247411444201,892.2299230180215,1249.7697351471288,1388.1530607715831,6366.9293404818745,6773.171645594994,6879.500684980594,6349.0157322376035,6472.398843680276,6476.349287513876,6401.714493506006,6840.853777472512,6887.693288579176,10115.640495496336,3.9543322711204123
high_l50,high,50,mistral-7b-instruct-v0.2,Mistral-7B-Instruct-v0.2,CUCUMIS-Strict,2,0.5,40.0,20.0,20.0,406.04878999874927,1139.9331577878913,1341.388716736401,199.23052524973173,275.61545101343654,279.1930646612309,920.9432542411378,1247.207520986558,1361.5889653403426,6371.096606715582,6773.795370219159,6887.895500652958,6355.133801480406,6470.648281663307,6476.942638793844,6417.998439981602,6846.5544969716575,6895.859061849769,10146.809501980897,3.942125941684683
high_l50,high,50,mistral-7b-instruct-v0.2,Mistral-7B-Instruct-v0.2,Chunked prefill,2,0.5,40.0,20.0,20.0,404.6597987471614,1164.0567929454846,1327.3298854808672,200.3619284805609,272.2934525227174,276.1976034901454,922.6376647566212,1240.4258633352583,1348.3562272784184,6465.0668510148535,6885.645960847614,7007.864101110608,6431.780422994052,6544.969203672372,6555.381703961175,6564.96084399987,6950.48381013039,7011.411217211862,10325.733995472547,3.876707371503149
high_l50,high,50,mistral-7b-instruct-v0.2,Mistral-7B-Instruct-v0.2,Sarathi,2,0.5,40.0,20.0,20.0,401.992776998668,1085.173704981571,1266.9707313462277,193.68505223246757,270.6522769876756,275.0957547436701,880.4639064910589,1156.6694159584586,1287.70595603768,6253.475822493783,6667.000122027821,6772.991255887318,6247.445287503069,6388.1408370885765,6391.873182112176,6275.413475246751,6745.839784582495,6780.397525692824,10035.962146503152,3.9856700988679967
high_l50,high,50,mistral-7b-instruct-v0.2,Mistral-7B-Instruct-v0.2,vLLM,2,0.5,40.0,20.0,20.0,403.6481912480667,1130.4528431937797,1331.9214739787276,194.64896524732467,271.9030557287624,274.28900871775113,889.6767197438749,1221.8645964487223,1345.3724534841604,6339.437945760437,6755.28995024506,6862.437860888895,6328.527083751396,6462.34366846038,6465.758308139048,6372.926023250329,6824.241854355205,6871.653010684531,10087.87485648645,3.9651612570825847
high_l50,high,50,qwen2.5-7b-instruct,Qwen2.5-7B-Instruct,CUCUMIS,2,0.5,40.0,20.0,20.0,152.93651801766828,526.4274923043558,678.8905850157607,132.9956872650655,165.7599219674012,270.80654409219267,376.06676197901834,593.6916598206154,692.8754914097952,4993.16678501782,5129.009233356919,5275.4633370394,4993.16678501782,5079.245665360941,5081.3001810980495,4975.426911245449,5270.396819978487,5276.373487537785,8927.543356461683,4.480523980674557
high_l50,high,50,qwen2.5-7b-instruct,Qwen2.5-7B-Instruct,CUCUMIS-II,2,0.5,40.0,20.0,20.0,327.65623423620127,846.6639058984583,978.2211009637103,155.46194674971048,224.92064675316217,244.302819512086,683.9780295122182,901.9959875120549,995.5821999631006,5392.277482533245,5728.534820623463,5795.592289555061,5364.271178012132,5460.007928914274,5462.818541773304,5416.1349545029225,5781.950824597152,5797.757778750674,9225.638681993587,4.335747938322541
high_l50,high,50,qwen2.5-7b-instruct,Qwen2.5-7B-Instruct,CUCUMIS-Strict,2,0.5,40.0,20.0,20.0,339.2885584908072,847.0660457358463,979.3998308657319,153.615377494134,224.9979729880579,253.1018565222621,676.7089122731704,899.3208928062813,996.4988496623117,5391.400924985646,5725.264549622079,5798.085968378873,5364.561677983147,5461.34634729533,5463.5495129734045,5443.109287763946,5785.794326983159,5801.904557682283,9284.879206476035,4.30808073400328
high_l50,high,50,qwen2.5-7b-instruct,Qwen2.5-7B-Instruct,Chunked prefill,2,0.5,40.0,20.0,20.0,321.66641374351457,843.9476028608624,961.777876035776,155.01024575496558,225.77029798412696,225.77029798412696,665.7256465259707,869.1057653573808,978.913366536144,5380.560417484958,5716.198434360558,5782.661422179372,5348.137296256027,5443.772145855473,5446.958671544271,5434.750688757049,5770.776648557512,5785.377637978236,9286.048638023203,4.307538557586399
high_l50,high,50,qwen2.5-7b-instruct,Qwen2.5-7B-Instruct,Sarathi,2,0.5,40.0,20.0,20.0,326.9501315080561,844.160657050088,962.665530386148,152.8390820021741,227.46197402011603,238.3803649575566,668.2755707442993,868.2305028487464,979.7924019850324,5386.376342765288,5728.896476695081,5807.017277844716,5365.007632251945,5457.8997119446285,5460.922772222839,5408.056656262488,5780.925880422001,5814.158760744613,9246.60409349599,4.325912775777047
high_l50,high,50,qwen2.5-7b-instruct,Qwen2.5-7B-Instruct,vLLM,2,0.5,40.0,20.0,20.0,361.4517607638845,842.2346969484353,1020.328652166063,161.7251444986323,247.69645096966997,254.8850183407194,712.4445060035214,957.7434749167878,1032.2048210597131,5773.030136755551,6171.735956409248,6243.526071894448,5739.230321007199,5807.758179082884,5813.427494872885,5891.239963253611,6185.531243539299,6254.702061696444,9749.274386529578,4.102877246940771
high_l70,high,70,baichuan2-7b-chat,Baichuan2-7B-Chat,CUCUMIS,2,0.7,40.0,12.0,28.0,267.66643025621306,587.1103415964171,744.0335948558641,146.44200602197088,181.61970547225792,202.70638186455471,385.0889362511225,597.6740584417712,750.3953592167818,5175.387790237437,5485.53853497142,5615.074499346665,5359.068932739319,5416.750632505864,5419.997831215442,4734.823872233392,5556.898070953321,5615.542826165329,8972.243926487863,4.458239017918123
high_l70,high,70,baichuan2-7b-chat,Baichuan2-7B-Chat,CUCUMIS-II,2,0.7,40.0,12.0,28.0,815.8635137660895,1881.0247825604165,1964.0424698169227,155.25926476402674,206.34779260726646,212.34613479522523,1224.2488237534417,1939.5769865921466,1965.825446798408,6609.568794257939,6879.337874494377,7103.500305554189,6687.3029017297085,6807.533708948176,6815.157828575466,5410.095372775686,6927.435394743225,7111.265392451605,10684.163180994801,3.7438624918330605
high_l70,high,70,baichuan2-7b-chat,Baichuan2-7B-Chat,CUCUMIS-Strict,2,0.7,40.0,12.0,28.0,873.5821192385629,1950.3614487330196,2071.4332040707814,172.82157676527277,211.72424222750124,213.70110611547716,1260.9264957427513,1978.6442521872232,2078.561369428062,6825.720793000073,7159.431111853337,7364.733880255953,6894.053661759244,7076.534019771498,7093.593561057351,5701.417828749982,7135.7352294406155,7370.496258175117,10930.976956995437,3.661085560000607
high_l70,high,70,baichuan2-7b-chat,Baichuan2-7B-Chat,Chunked prefill,2,0.7,40.0,12.0,28.0,830.1707275095396,1826.8470806826372,2043.1191423087148,152.94312326295767,201.66310493659694,208.787132447178,1223.3606602239888,1882.4569237593096,2050.948074068292,6518.114129532478,6827.767638929072,7040.633657082508,6625.503150004079,6755.720712573384,6762.761234052305,4922.498686239123,6858.102686450002,7048.152231523127,10511.705576995155,3.8052823938022025
high_l70,high,70,baichuan2-7b-chat,Baichuan2-7B-Chat,Sarathi,2,0.7,40.0,12.0,28.0,827.0041655050591,1863.7538081238745,2010.515595584293,154.50487748603337,191.90904921561014,206.63515241554705,1231.4870459813392,1902.8934935107827,2018.217690946185,6631.716107513057,6873.25266514963,7103.312484717171,6687.701645991183,6814.854622373241,6822.129452011432,6321.086454510805,6922.607279443764,7111.073708039185,10644.201613002224,3.7579156171654047
high_l70,high,70,baichuan2-7b-chat,Baichuan2-7B-Chat,vLLM,2,0.7,40.0,12.0,28.0,848.5008910065517,1907.0712798886234,2113.2073634365224,152.4958847439848,212.29560239880811,213.15137299825437,1660.0004727224587,1985.237546780263,2123.4705545337056,6800.484449748183,7213.307055982295,7484.872250862536,7043.760975255282,7184.512265399098,7191.853713338787,6168.803481283248,7329.071688768454,7490.999782900908,10372.055121493759,3.8565825230873862
high_l70,high,70,gemma-2-9b-it,Gemma-2-9B-IT,CUCUMIS,2,0.7,40.0,12.0,28.0,304.9423687480157,836.1467097303831,943.8700751319993,245.90389525110368,277.4500047293259,324.7713212875533,461.42483250878286,910.6737006775802,946.9752146268729,8483.787244011182,8817.478002011194,9035.959574995504,8486.44611898635,8561.306938706548,8564.727082617756,8402.140289996169,8877.584561149706,9056.318383614707,12292.39080901607,3.2540499975528903
high_l70,high,70,gemma-2-9b-it,Gemma-2-9B-IT,CUCUMIS-II,2,0.7,40.0,12.0,28.0,1514.393163495697,3306.6008482914185,3548.51403949433,295.652528264327,318.06191900977865,322.74672989558894,1999.1946157388156,3344.110785474186,3574.5166813314427,11383.721569000045,12041.197713534348,12201.863871922542,10874.071131504024,10928.831703757169,10929.423689503747,11672.046490260982,12109.288744273363,12205.944946400414,16434.226409503026,2.4339449646415674
high_l70,high,70,gemma-2-9b-it,Gemma-2-9B-IT,CUCUMIS-Strict,2,0.7,40.0,12.0,28.0,1503.4135845053243,3314.7941320436075,3636.9305427817744,269.7500102513004,339.46576467133127,345.7991303349263,2092.7400292566745,3414.996817964129,3663.3899711599224,10861.799452264677,11302.147010911722,11441.874969755881,10443.84351525514,10537.832583696581,10539.220950527815,11042.026531984448,11309.677305666264,11449.01132259809,15584.788596985163,2.5666462432163826
high_l70,high,70,gemma-2-9b-it,Gemma-2-9B-IT,Chunked prefill,2,0.7,40.0,12.0,28.0,1458.965877740411,3268.8954652519897,3515.148295451654,255.20360976224765,327.25434980529826,357.20462820114335,2024.2937882430851,3335.194118844811,3518.5127337730955,10838.602651740075,11291.369597316952,11486.694242023514,10401.917626004433,10487.61747184908,10490.28306313412,11003.161547225318,11302.780618105317,11516.642001399887,15621.25279349857,2.560614234441166
high_l70,high,70,gemma-2-9b-it,Gemma-2-9B-IT,Sarathi,2,0.7,40.0,12.0,28.0,1515.8577385009266,3310.3877082292456,3637.5472575533786,290.970150497742,367.71365196909755,373.7677842663834,2066.873377756565,3406.9752104056533,3663.658895693079,11421.281202725368,12010.190375696402,12259.16045506252,10924.418143520597,10980.59802732896,10981.383606168383,11701.024822250474,12051.608157451847,12262.004485966172,16464.86836997792,2.4294162269022097
high_l70,high,70,gemma-2-9b-it,Gemma-2-9B-IT,vLLM,2,0.7,40.0,12.0,28.0,1639.603044037358,3091.6378287482075,3419.664365860226,256.6994725057157,315.4120150138624,316.9575761235319,2395.4236482531996,3214.5689708035206,3420.3197645166074,11157.873695745366,11724.356812101905,11988.096872182505,11137.738330027787,11235.105873999419,11237.135759158991,11268.652534243301,11813.400804362027,11988.644657365221,15202.30283899582,2.6311952751068484
high_l70,high,70,gemma-7b-it,Gemma-7B-IT,CUCUMIS,2,0.7,40.0,12.0,28.0,363.2203067536466,1108.1130390812177,1332.9892081191065,152.66092972888146,216.40796812425833,251.65215927991085,617.1807155042188,1211.5743006928824,1335.8228197792778,6312.319649499841,6682.216353341937,6915.866310957354,6525.8698692778125,6675.415073236218,6683.2618263340555,6018.307758014998,6702.929450091324,6918.823386661243,9986.608147999505,4.006731642447518
high_l70,high,70,gemma-7b-it,Gemma-7B-IT,CUCUMIS-II,2,0.7,40.0,12.0,28.0,1592.6236412633443,4762.043936279952,5285.289897673647,281.5578142472077,371.1670754448278,379.36079199425876,2789.914717490319,5095.776878291508,5285.912321772776,9908.474606505479,10291.451060667168,10700.588184631779,9905.901646750863,10192.07163352985,10194.488736904459,9910.168574991985,10557.715179419029,10701.221675972338,14223.109747486887,2.8123443081488997
high_l70,high,70,gemma-7b-it,Gemma-7B-IT,CUCUMIS-Strict,2,0.7,40.0,12.0,28.0,1604.5658345101401,4861.971724621253,5290.895872799156,283.0703025101684,375.6117381853983,383.96795248263516,2797.1266285167076,5171.396661284962,5291.957308859273,9952.819815749535,10373.989084459026,10736.007064929872,9939.342083001975,10224.07475898508,10226.61937516852,9952.819815749535,10594.638612979907,10736.660213415453,14269.557585503208,2.803170347393431
high_l70,high,70,gemma-7b-it,Gemma-7B-IT,Chunked prefill,2,0.7,40.0,12.0,28.0,1669.3880757520674,4760.385997337289,5137.987797451497,272.72064275166485,552.3408689623466,778.9272442297081,2800.558377726702,5027.11263417732,5142.699508233054,9942.450672242558,10241.241219110088,10644.319911556377,9891.15921575285,10132.091708257212,10142.740308727953,9937.046459497651,10444.185219868086,10651.18778323551,14312.104730983265,2.795588500355974
high_l70,high,70,gemma-7b-it,Gemma-7B-IT,Sarathi,2,0.7,40.0,12.0,28.0,1539.035527734086,4712.182714857045,5197.127504178206,244.60021675622556,341.27360247657634,369.3795602678438,2775.5450912663946,4959.667754595284,5204.258278277121,9777.252968982793,10133.113985924865,10567.704543412547,9802.212932496332,10087.918021838414,10090.261565640394,9769.035476754652,10396.866385728936,10575.010306671611,14041.743384499568,2.848686562052424
high_l70,high,70,gemma-7b-it,Gemma-7B-IT,vLLM,2,0.7,40.0,12.0,28.0,2078.0810622527497,4506.306912898435,4760.04532102932,277.56298550229985,376.1736231041141,385.12974145123735,3101.675787969725,4590.635070292046,4771.754004709364,10073.69400873722,10794.821547239553,11189.702941190917,10407.607806264423,10683.746917679673,10687.126043708704,9922.545298497425,11059.38862299663,11190.86216620868,13669.346979993861,2.9262910011388534
high_l70,high,70,mistral-7b-instruct-v0.2,Mistral-7B-Instruct-v0.2,CUCUMIS,2,0.7,40.0,12.0,28.0,322.6719990198035,686.7184633156285,808.8415986485779,147.25578601064626,188.3098947844701,256.8900777617819,476.0112599906279,743.954347865656,816.8255522893742,5808.125832249061,6055.049019012949,6162.9055368187255,5867.21877650416,5912.737537693465,5916.1746167362435,5652.926316499361,6113.70692338387,6169.033837634779,9556.14149098983,4.1859755183154626
high_l70,high,70,mistral-7b-instruct-v0.2,Mistral-7B-Instruct-v0.2,CUCUMIS-II,2,0.7,40.0,12.0,28.0,982.0524492388358,2426.5000054816483,2597.601769834291,173.0264982325025,225.7801711180946,232.41413863026537,1364.7554357739864,2485.7696220453363,2616.9269555737264,7487.480209500063,7910.09956135531,8050.917004731891,7448.456184778479,7583.225947341998,7598.367680765514,7518.912984742201,7918.574949551839,8068.624846972234,11480.81089151674,3.4840874187085147
high_l70,high,70,mistral-7b-instruct-v0.2,Mistral-7B-Instruct-v0.2,CUCUMIS-Strict,2,0.7,40.0,12.0,28.0,991.7232742591295,2482.9387250036234,2710.4927872522967,171.82883026544005,225.14752654533368,232.89501281746197,1523.4286180202616,2511.8140686448896,2730.6213025475154,7471.01697549806,7881.919036942418,8027.829491485318,7420.76284076029,7584.941580338636,7587.887758280558,7494.299955738825,7890.635270840721,8044.703664565168,11451.435390510596,3.493018368100996
high_l70,high,70,mistral-7b-instruct-v0.2,Mistral-7B-Instruct-v0.2,Chunked prefill,2,0.7,40.0,12.0,28.0,958.5081252589589,2386.4176156377653,2646.6190229394124,171.4949592424091,215.41218242782634,218.42132710211445,1506.2361032760236,2484.5686390210176,2671.982872800727,7432.1990382741205,7814.705970714567,7965.396787908685,7363.525903507252,7519.250635534991,7521.217379488226,7447.43091800774,7838.258877568296,7982.8255976332,11398.85402400978,3.5091590617095076
high_l70,high,70,mistral-7b-instruct-v0.2,Mistral-7B-Instruct-v0.2,Sarathi,2,0.7,40.0,12.0,28.0,980.8488475100603,2430.5745013261912,2658.0283151907497,169.98629375302698,223.13496658753138,230.8031276575639,1512.9468829982216,2471.041431289632,2689.0984489631956,7486.123567490722,7874.290906978422,7988.514092439145,7393.833217487554,7537.9438421136,7540.44173836126,7516.821458979393,7879.750407789834,8006.264814756869,11481.04766898905,3.4840322962485875
high_l70,high,70,mistral-7b-instruct-v0.2,Mistral-7B-Instruct-v0.2,vLLM,2,0.7,40.0,12.0,28.0,952.635245732381,2335.206499203923,2657.220101803541,170.58436849038117,225.61523427721113,227.65967997838743,1933.2078517472837,2370.6963189149974,2657.4875720217824,7810.180126252817,8275.333461666014,8417.649870597234,7822.223324998049,7972.560046345461,7974.260678392893,7722.857754240977,8301.834986338508,8435.319238253578,11182.40153545048,3.5770530512131096
high_l70,high,70,qwen2.5-7b-instruct,Qwen2.5-7B-Instruct,CUCUMIS,2,0.7,40.0,12.0,28.0,301.38516623992473,563.1604263442568,709.2097515281057,132.16173925320618,184.3746860686224,208.74954161874484,411.5806642366806,578.2593047013506,720.885514288093,5146.948579975287,5426.508866949007,5496.046088203439,5217.756273748819,5285.536921792664,5286.778340486344,5040.594424732262,5448.173171648523,5498.827209522133,8899.159606022295,4.496002864266753
high_l70,high,70,qwen2.5-7b-instruct,Qwen2.5-7B-Instruct,CUCUMIS-II,2,0.7,40.0,12.0,28.0,787.556570241577,1871.9924367818749,1899.9870370025747,128.30561499868054,181.86194965092,184.87975996133173,1180.451728272601,1893.884197573061,1899.9870370025747,6516.589308768744,6863.094929754152,6975.827650392894,6511.104987017461,6598.695486347424,6599.867706288642,6529.816746769939,6922.32928579906,6978.18998089293,10288.119811506476,3.8879851526816087
high_l70,high,70,qwen2.5-7b-instruct,Qwen2.5-7B-Instruct,CUCUMIS-Strict,2,0.7,40.0,12.0,28.0,815.5025672458578,1895.1679461053573,1956.24985087401,130.46572302118875,187.15769849950448,210.53945053863572,1213.9494555158308,1896.5829970460618,1966.9763289191178,6528.34876650013,6881.46547654469,6995.326587809832,6525.847371769487,6615.917414208525,6616.783731605392,6540.189852996264,6947.606878570514,6998.429714788799,10282.922907004831,3.88995060084119
high_l70,high,70,qwen2.5-7b-instruct,Qwen2.5-7B-Instruct,Chunked prefill,2,0.7,40.0,12.0,28.0,799.8252882534871,1862.9628653929103,1912.9261647822568,127.25809177209157,183.43001961766277,198.66992687719176,1195.2446699870052,1878.1596586370142,1918.2288123836042,6466.040371742565,6804.701054736506,6919.626997731684,6462.929667250137,6543.656252007349,6544.810613631853,6464.311143019586,6867.453026448493,6922.134283974592,10209.500867000315,3.9179483256526217
high_l70,high,70,qwen2.5-7b-instruct,Qwen2.5-7B-Instruct,Sarathi,2,0.7,40.0,12.0,28.0,816.4571255038027,1818.3444129448617,1933.4834345176932,146.574465019512,198.93071468104608,214.4172876229277,1168.658677226631,1875.813225354068,1938.2753009782755,6802.376702253241,7098.992984378128,7250.926229258475,6739.836619992275,6799.423658414162,6806.95914819109,6868.915688013658,7163.752444347483,7252.515285336121,10736.758295504842,3.7255192930531784
high_l70,high,70,qwen2.5-7b-instruct,Qwen2.5-7B-Instruct,vLLM,2,0.7,40.0,12.0,28.0,807.8235100256279,1868.890943005681,2057.308903487865,130.35256924922578,182.00352474523243,211.12345270521473,1378.146949748043,1870.7069117081119,2069.220754725393,6820.455175242387,7179.190551352804,7288.288001200999,6821.40981273551,6906.478027434787,6907.309376273188,6750.8956460224,7237.833982228767,7291.202658516704,10063.322945992695,3.9748313260561305
high_l90,high,90,baichuan2-7b-chat,Baichuan2-7B-Chat,CUCUMIS,2,0.9,40.0,4.0,36.0,385.90423700225074,704.3031796405558,833.5317363505601,146.86749974498525,183.90874104225077,197.33052244933788,401.0684727691114,723.9192142442334,836.1256401098217,4948.588371727965,5874.176627246197,6083.170733419538,5813.4178817563225,5854.138822332607,5868.83048230462,4512.8976609848905,5874.400312502985,6083.570186399447,8997.16231651837,4.4458478384031315
high_l90,high,90,baichuan2-7b-chat,Baichuan2-7B-Chat,CUCUMIS-II,2,0.9,40.0,4.0,36.0,1658.402675500838,2996.204254394979,3178.3310984945274,166.05151424300857,166.64800553990062,166.66976119129686,1747.7430064900545,3009.4874019996496,3183.2823316726717,7815.297497741994,8253.47184650309,8393.79633180186,7991.4551394904265,8024.266584200086,8036.482996371924,7616.228290760773,8264.411458498216,8398.22516664135,11880.62052350142,3.3668283471429663
high_l90,high,90,baichuan2-7b-chat,Baichuan2-7B-Chat,CUCUMIS-Strict,2,0.9,40.0,4.0,36.0,1731.864949251758,2984.3459740222897,3260.415093280317,173.8132892496651,174.98858886247035,175.15221844572807,1862.5413477566326,2989.518778020283,3268.31321556092,8087.838300023577,8461.01515898481,8582.441750045691,8146.46479851217,8167.499490635237,8174.88394054526,7907.217352767475,8465.541218989529,8586.000150245673,12156.598327012034,3.290815829123631
high_l90,high,90,baichuan2-7b-chat,Baichuan2-7B-Chat,Chunked prefill,2,0.9,40.0,4.0,36.0,1647.2232084925054,2913.8876341545256,3033.5077835412812,165.2650900068693,174.19539529364556,177.63994161854498,1817.9510965273948,2917.033612742671,3039.808148461452,7548.3087272587,8026.70499853557,8170.8836057569715,7778.908356500324,7813.608372453018,7826.784570496238,7281.221791738062,8041.811878734734,8175.0847735776915,11530.433867505053,3.4690802315169904
high_l90,high,90,baichuan2-7b-chat,Baichuan2-7B-Chat,Sarathi,2,0.9,40.0,4.0,36.0,1651.9081199949142,2856.144607436727,3124.999973846425,166.35465175204445,170.2403004601365,171.5320313538541,1823.4072877385188,2910.3484470251715,3128.5011303276406,7590.075720261666,8109.700202595559,8263.119619054196,7866.377989004832,7900.588305690326,7913.783713554731,7087.070459252573,8124.607477002428,8267.395394893538,11663.123205507873,3.429626302705702
high_l90,high,90,baichuan2-7b-chat,Baichuan2-7B-Chat,vLLM,2,0.9,40.0,4.0,36.0,1903.6752317479113,2835.523555788677,2962.5391588028288,171.01839475799352,171.69500075397082,171.8215760833118,2184.200351999607,2847.837504989002,2964.294666724163,7948.168566494132,9138.384499397944,9345.76762558514,8914.936022745678,8940.291106051882,8949.13317582017,7230.696605503908,9192.876578992582,9350.149043164856,11835.950954991858,3.379535254555603
high_l90,high,90,gemma-2-9b-it,Gemma-2-9B-IT,CUCUMIS,2,0.9,40.0,4.0,36.0,538.4336652350612,931.3973403710406,1194.0032907837303,262.3713484936161,302.06288303015754,313.0351650342345,581.1336267361185,945.6887839769479,1197.138982443721,8777.065048765508,9159.411967385677,9431.604907342698,9039.97623475152,9091.504617242026,9098.915182362252,8645.619305258151,9177.10269698,9437.413221562747,12754.785589990206,3.1365503611364733
high_l90,high,90,gemma-2-9b-it,Gemma-2-9B-IT,CUCUMIS-II,2,0.9,40.0,4.0,36.0,2750.9968807571568,4887.825002204045,5320.095609793207,267.38624651625287,298.13493154069874,303.15431968221674,2989.285142495646,4898.445270999218,5328.820857353276,12362.004732756759,12979.964419163298,13156.08101204387,11586.838837742107,11588.50420511153,11589.03378257848,12441.258934006328,12986.801915743854,13160.214880964486,17338.1514440116,2.3070510301619978
high_l90,high,90,gemma-2-9b-it,Gemma-2-9B-IT,CUCUMIS-Strict,2,0.9,40.0,4.0,36.0,2796.3310877385084,4870.988561230479,5298.350980376126,262.3317230027169,297.0550067460863,302.5879203158547,2940.431720999186,4881.498908245703,5307.363788696239,12222.850789505173,12719.180261483416,12929.322669343092,11515.359840748715,11517.731159579125,11518.424131587672,12295.854924508603,12726.498201489449,12931.989155104384,17111.49780152482,2.337610669003157
high_l90,high,90,gemma-2-9b-it,Gemma-2-9B-IT,Chunked prefill,2,0.9,40.0,4.0,36.0,2738.499137267354,4830.6330627412535,5275.628607904364,268.3797615027288,301.0406156186946,304.8497399833286,2969.202329244581,4841.841641755309,5284.296317504777,12189.182650239673,12729.817008267855,12924.462767503574,11468.535328502185,11477.554560702993,11478.78801681567,12253.899292234564,12743.521247262834,12927.399353144574,17085.991609463235,2.341100369948707
high_l90,high,90,gemma-2-9b-it,Gemma-2-9B-IT,Sarathi,2,0.9,40.0,4.0,36.0,2895.009055486298,4993.619638192467,5537.805721801997,293.64928448922,311.86884848284535,311.86884848284535,3102.561545500066,5082.528705010191,5546.550155921432,12866.230804269435,13771.147055577603,14056.000638138212,11980.641234244104,11987.228925823001,11989.176232104655,13013.67858874437,13778.490819982835,14062.708541097527,18257.599396514706,2.1908696288927723
high_l90,high,90,gemma-2-9b-it,Gemma-2-9B-IT,vLLM,2,0.9,40.0,4.0,36.0,3003.353674255777,4494.854977025534,4725.043594383751,265.3847569890786,295.07823669700883,299.05269367736764,3086.0923247528262,4550.083779016859,4726.56002388394,12681.603507502587,13307.478935652762,13515.121779220062,12789.534203737276,12793.422138897586,12794.353609741374,12566.825902991695,13330.743472251925,13516.041262479848,16741.463298996678,2.389279722294498
high_l90,high,90,gemma-7b-it,Gemma-7B-IT,CUCUMIS,2,0.9,40.0,4.0,36.0,792.4176387459738,1241.0679828666616,1391.3968417569413,228.52144249191042,250.6722004909534,250.6722004909534,858.8016249996144,1271.7021842545364,1392.6138435766916,6590.282704986748,7491.405379987555,7754.8214160927455,7398.311789977015,7494.9112165981205,7511.964005667542,6521.507021505386,7453.988557230332,7760.333138493297,9999.73253099597,4.006516853878061
high_l90,high,90,gemma-7b-it,Gemma-7B-IT,CUCUMIS-II,2,0.9,40.0,4.0,36.0,4028.1488152540987,7625.2384446095675,8164.652208327607,231.45599075360224,284.08993576304056,288.2567006390309,4257.912778528407,7632.702547009103,8189.654377267288,12526.935462257825,12724.694518159959,12968.921035258973,12126.183811255032,12178.952015348477,12196.915508331731,12566.619009012356,12731.654394752695,12977.922279438644,17319.700515974546,2.3119755297849993
high_l90,high,90,gemma-7b-it,Gemma-7B-IT,CUCUMIS-Strict,2,0.9,40.0,4.0,36.0,4021.781966497656,7611.956893836032,8690.269731002336,241.88653824967332,279.6625859919004,279.6625859919004,4253.147181516397,7620.111305252067,8711.871688642714,12895.062782015884,13244.991182093509,13792.140032045718,12155.256842743256,12200.685188293573,12207.82214527455,12920.188146745204,13254.613026510924,13804.116943884583,18394.056254503084,2.1746842979790593
high_l90,high,90,gemma-7b-it,Gemma-7B-IT,Chunked prefill,2,0.9,40.0,4.0,36.0,3813.572977989679,7262.374336353969,7857.682835389569,224.02755949588027,282.299945410341,289.74501100194175,4179.90962973272,7301.520493754651,7869.942561349308,12248.608438996598,12429.123326102854,12567.976843255456,11888.70543675148,11930.292247151374,11941.593865176837,12269.491340019158,12430.9586724994,12572.253679073765,16830.589110497385,2.3775053823891668
high_l90,high,90,gemma-7b-it,Gemma-7B-IT,Sarathi,2,0.9,40.0,4.0,36.0,3861.9318960118107,7471.541587883257,8253.573217963276,232.77071925986093,282.86050268798135,289.74067535309587,4181.226145257824,7477.5709872628795,8265.217458123516,12482.377851760248,12663.629993333598,12827.480998192914,12095.667331494042,12132.754010692588,12144.052254116687,12511.041291494621,12674.412118518376,12834.980543353595,17151.631968998117,2.3343402912416646
high_l90,high,90,gemma-7b-it,Gemma-7B-IT,vLLM,2,0.9,40.0,4.0,36.0,4196.473472009529,6922.719599222182,8933.35437634436,227.6277639757609,284.2158485407708,291.17565245804144,4498.200080503011,7000.1573522313265,8938.629527643207,13131.316452490864,13751.96521487378,14069.830713493284,13552.549621483195,13605.935262897401,13622.224602388742,12984.446382251917,13825.625426266924,14070.59770267224,17937.64673100668,2.2302756163463373
high_l90,high,90,mistral-7b-instruct-v0.2,Mistral-7B-Instruct-v0.2,CUCUMIS,2,0.9,40.0,4.0,36.0,483.7384202692192,875.5523444880964,1031.8440443373402,153.80206248664763,181.76753626321442,189.56685009994544,510.5404595233267,882.4076265009353,1035.8648816370985,6117.616340488894,6666.207798290998,6734.620223088714,6439.038117008749,6487.448648177087,6505.152823453536,6040.192970991484,6690.516117494553,6734.694393847894,9651.501707994612,4.151240074351328
high_l90,high,90,mistral-7b-instruct-v0.2,Mistral-7B-Instruct-v0.2,CUCUMIS-II,2,0.9,40.0,4.0,36.0,1994.1581045131898,3679.260292640538,4073.5781468253117,178.20054301409982,186.20061056572013,187.95910881017335,2252.8591077571036,3704.2961292463588,4080.1666497660335,8791.259744000854,9065.514478794648,9204.760614091938,8719.500264531234,8759.979124204256,8773.03085561376,8812.319346499862,9076.714701994206,9209.305611571472,12750.519164517755,3.1371302347881995
high_l90,high,90,mistral-7b-instruct-v0.2,Mistral-7B-Instruct-v0.2,CUCUMIS-Strict,2,0.9,40.0,4.0,36.0,2138.7699885235634,3747.1448888041778,3973.746323270607,180.44240248855203,187.11564819095656,188.14764651295263,2391.5645350061823,3800.0012039992725,3977.454054830014,8884.581203994458,9148.747056050343,9266.101994310739,8778.38047676778,8816.383276949637,8828.482220892329,8922.873744260869,9149.998658234836,9270.698617148446,12849.380277475575,3.112990833115041
high_l90,high,90,mistral-7b-instruct-v0.2,Mistral-7B-Instruct-v0.2,Chunked prefill,2,0.9,40.0,4.0,36.0,1988.3338124927832,3658.9046050648903,3981.986305688042,180.18774274969473,186.08542439469602,186.92921813722933,2246.4244422590127,3683.7426992569817,3995.186638028826,8745.08916749619,9017.531887764926,9156.617599633755,8670.975380475284,8711.966533222585,8726.664962262439,8765.551595992292,9027.484088772326,9161.140160594368,12690.338819491444,3.1520054907709047
high_l90,high,90,mistral-7b-instruct-v0.2,Mistral-7B-Instruct-v0.2,Sarathi,2,0.9,40.0,4.0,36.0,1992.3731992312241,3656.0593292932026,3976.5848325155093,182.3943154886365,186.91797553910874,188.6628158442909,2249.610049490002,3680.0955564831384,3989.8071085146507,8751.971719495486,9019.528403235017,9161.54274456785,8669.70233048778,8711.31501873897,8727.365627064428,8771.832114245626,9031.639786247979,9166.015093127498,12695.13614551397,3.1508130200840774
high_l90,high,90,mistral-7b-instruct-v0.2,Mistral-7B-Instruct-v0.2,vLLM,2,0.9,40.0,4.0,36.0,2365.5926630017348,3358.006150519941,3509.479010545183,179.17112000577617,185.88713348435704,187.32360638241516,2393.9130905200727,3358.006150519941,3512.588730745483,9402.580062742345,9985.013512952719,10145.154228453757,9626.325288263615,9655.440199701115,9665.330688764807,9260.70919225458,9988.02778875688,10149.276375892805,12628.550224500941,3.1692304760104033
high_l90,high,90,qwen2.5-7b-instruct,Qwen2.5-7B-Instruct,CUCUMIS,2,0.9,40.0,4.0,36.0,348.37490299833007,644.3735951877898,763.5266904026503,125.25753299996722,169.77491270226892,186.73005167773226,377.13995325611904,652.8192559926538,765.0786788231926,5130.66202797927,5539.659689107793,5661.945686545223,5403.653082015808,5449.0919230738655,5465.948311021202,5081.776911232737,5592.328533515683,5662.011272646487,8952.822531980928,4.467876084700432
high_l90,high,90,qwen2.5-7b-instruct,Qwen2.5-7B-Instruct,CUCUMIS-II,2,0.9,40.0,4.0,36.0,1549.776177984313,2771.4616104698507,2974.286776375666,132.72398975095712,160.85684277350083,171.37421149935108,1652.9266877332702,2801.696500260732,2977.7945571564487,7717.398420252721,8073.921800206881,8155.25375138066,7770.006659251521,7799.17736701027,7810.265110057953,7589.0474664920475,8083.801125001628,8156.30455888022,11300.260573014384,3.539751728565091
high_l90,high,90,qwen2.5-7b-instruct,Qwen2.5-7B-Instruct,CUCUMIS-Strict,2,0.9,40.0,4.0,36.0,1613.4446700161789,2808.3103722310625,2990.8596557486453,147.75930703035556,165.98390969156753,172.99999090115307,1688.543182259309,2845.7059070351534,2993.845432747912,7739.456101000542,8103.527775994735,8203.597669156734,7810.1889982499415,7840.940784584382,7851.476151642564,7659.969069500221,8110.353869997198,8204.718537756708,11304.289145977236,3.5384818451695104
high_l90,high,90,qwen2.5-7b-instruct,Qwen2.5-7B-Instruct,Chunked prefill,2,0.9,40.0,4.0,36.0,1597.1903342579026,2741.2809444445884,2943.712501930422,129.86904925492126,159.54389060498215,170.80073681252543,1668.8535630091792,2756.300026245299,2946.841364350985,7621.467504533939,7990.243558675866,8063.879360544088,7684.788405502331,7716.17463081202,7728.134827291069,7507.3732745076995,7994.222459485172,8064.559234383341,11180.450067971833,3.5776748388163506
high_l90,high,90,qwen2.5-7b-instruct,Qwen2.5-7B-Instruct,Sarathi,2,0.9,40.0,4.0,36.0,1619.1765705298167,2779.0715088136494,3013.3982481530984,161.83707398886327,166.5445442806231,167.9970198139199,1683.7909387395484,2824.8970200074837,3016.6565726525732,7957.136448472738,8277.791143697686,8382.124689894263,7957.136448472738,7979.32178369374,7987.878984421841,7956.304804523825,8285.89874249883,8384.364693856332,11753.065315511776,3.4033939511227045
high_l90,high,90,qwen2.5-7b-instruct,Qwen2.5-7B-Instruct,vLLM,2,0.9,40.0,4.0,36.0,1784.427372753271,2617.3795846349094,2746.8860238490743,130.27532899286598,159.84563133097254,171.14107606117614,1930.17430875625,2619.660925032804,2749.377424888371,7963.972660014406,8592.858218410402,8667.784602144093,8287.431423756061,8319.114300303045,8331.277648827818,7792.912272227113,8598.369226019713,8668.587904285232,10890.825963491807,3.6728198920239086
mid_l10,mid,10,baichuan2-7b-chat,Baichuan2-7B-Chat,CUCUMIS,2,0.1,40.0,36.0,4.0,144.30645224638283,161.45935099630162,429.37139606743585,144.0406902693212,149.87440999539103,153.3203076091013,393.8645504968008,432.23322920966893,440.8187286363682,4626.928676487296,4747.193717566552,4918.402709488291,4626.928676487296,4744.47477326612,4753.516366038821,3304.289761246764,4924.4126510981005,4965.196272060857,10323.877402028302,3.874513526065266
mid_l10,mid,10,baichuan2-7b-chat,Baichuan2-7B-Chat,CUCUMIS-II,2,0.1,40.0,36.0,4.0,143.18026875844225,188.5655404854337,605.0637635870952,143.00326397642493,151.03617875138298,159.5258507397375,505.24181849323213,619.1401864547515,661.3694550577202,4591.662033999455,4658.334707835456,5078.968060979387,4591.662033999455,4655.442943767412,4659.84222106199,3407.455289241625,5089.155155222397,5119.716437951429,10310.975397005677,3.8793875451483695
mid_l10,mid,10,baichuan2-7b-chat,Baichuan2-7B-Chat,CUCUMIS-Strict,2,0.1,40.0,36.0,4.0,142.6295012497576,188.0440246022776,593.2595633840536,142.19756849342957,145.74561624613125,158.92443211487262,499.4813952362165,606.324362984742,645.5187617868069,4542.187666505924,4607.765884959372,5027.99912137416,4542.187666505924,4607.295611509471,4609.0404293863685,3370.0309385021683,5037.800574747962,5067.204934869369,10223.225917521631,3.912677144270143
mid_l10,mid,10,baichuan2-7b-chat,Baichuan2-7B-Chat,Chunked prefill,2,0.1,40.0,36.0,4.0,137.7062437532004,173.4770671406299,577.3353786653023,137.21522825653665,141.67650626040995,145.23435322771547,486.16116876655724,589.9622235476272,627.8427581946016,4407.216235500528,4462.656268352293,4873.343844589253,4407.216235500528,4461.802806486958,4463.973111387168,3266.4328785031103,4883.4170287969755,4913.636581420142,10112.634174991399,3.9554482411765477
mid_l10,mid,10,baichuan2-7b-chat,Baichuan2-7B-Chat,Sarathi,2,0.1,40.0,36.0,4.0,141.2362942501204,177.1660024736779,589.0986413502832,141.09147450653836,144.10834273439832,148.76419085048838,500.707141996827,601.7211759986822,639.5887799438788,4519.500550508383,4572.082128401962,4990.971611182322,4519.500550508383,4571.463907996076,4575.606538433931,3343.1427042378346,5001.154989638599,5031.705125007429,10243.642877001548,3.9048680714063604
mid_l10,mid,10,baichuan2-7b-chat,Baichuan2-7B-Chat,vLLM,2,0.1,40.0,36.0,4.0,141.24257500225212,184.7539253270956,597.705028078053,140.5190277582733,145.60821175109595,155.52189500886016,495.510616019601,611.3105547847226,652.1271349047311,4508.15356723615,4580.270600793301,4995.787643719814,4508.15356723615,4577.04216199636,4582.261934007693,3358.182240262977,5005.748375086114,5035.630569185014,10220.45004949905,3.9137250723307444
mid_l10,mid,10,gemma-2-9b-it,Gemma-2-9B-IT,CUCUMIS,2,0.1,40.0,36.0,4.0,245.82116925739683,250.53953004535288,659.4413981289835,245.47498200263362,249.29927701305132,251.4261083357269,391.2402697606012,678.4669780987315,735.5437180079753,8000.461209274363,8027.094508547452,8181.432011258439,8000.498614273965,8024.977825261885,8031.771612528246,5104.42603752017,8193.469927739352,8268.75186840538,13808.661964983912,2.8967525395442846
mid_l10,mid,10,gemma-2-9b-it,Gemma-2-9B-IT,CUCUMIS-II,2,0.1,40.0,36.0,4.0,241.52161749952938,297.3512452532311,1004.2259482649387,241.22402525972575,244.24378473486286,248.30163447040832,846.6096902411664,1026.5391105145682,1093.4785972634563,7859.874550267705,7869.145375463995,8611.53135846951,7859.874550267705,7868.121955238166,7870.440009374579,5561.963913234649,8633.49179821089,8699.373117435025,13659.641372505575,2.9283474776720855
mid_l10,mid,10,gemma-2-9b-it,Gemma-2-9B-IT,CUCUMIS-Strict,2,0.1,40.0,36.0,4.0,244.72672573756427,303.79393945331753,1015.014403607638,244.36128449451644,248.50212251476478,254.91379400336882,854.6831625135383,1037.4783991923323,1104.870385946415,7977.058922770084,7993.908252345864,8739.594820321072,7977.058922770084,7991.161804500734,7996.246151966625,5643.005922262091,8762.905608897563,8832.837974627037,13802.517183532473,2.8980377497781307
mid_l10,mid,10,gemma-2-9b-it,Gemma-2-9B-IT,Chunked prefill,2,0.1,40.0,36.0,4.0,243.04678551561665,298.21950953046394,1013.4171729747321,242.88666727079544,245.29318149143364,248.65495100384578,851.4989164978033,1035.6696402159287,1102.427041939518,7998.915771517204,8017.458460538182,8755.896302124893,7998.915771517204,8015.846415015403,8018.275463693135,5640.303890249925,8779.405613560812,8849.933547868568,13805.279212479945,2.8975239130879213
mid_l10,mid,10,gemma-2-9b-it,Gemma-2-9B-IT,Sarathi,2,0.1,40.0,36.0,4.0,268.8573804916814,326.68572088878216,1108.193202911061,268.5069747385569,272.20643698819913,272.91198598686606,937.9606785078067,1132.736777199898,1206.367500066408,8782.003185508074,8815.633302362403,9612.136140003277,8782.003185508074,8812.71277347696,8816.242632514331,6198.17149201117,9638.785619658302,9718.734058623377,14652.000922011212,2.7300240701587946
mid_l10,mid,10,gemma-2-9b-it,Gemma-2-9B-IT,vLLM,2,0.1,40.0,36.0,4.0,241.94094751146622,295.55893229262506,1000.9675519005394,241.5779852308333,244.9932665040251,247.02755032194545,841.6088737576501,1023.3798640023451,1090.6168003077619,7888.307574496139,7900.034646439599,8639.522286036226,7888.307574496139,7899.122432500008,7900.6219269300345,5575.007597988588,8662.99157460744,8733.399440321082,13647.714396531228,2.9308967130464563
mid_l10,mid,10,gemma-7b-it,Gemma-7B-IT,CUCUMIS,2,0.1,40.0,36.0,4.0,145.5813624925213,209.69339630973997,480.9123813491897,145.37980672321282,159.9328870070167,227.9925359776825,455.5544512550114,481.9530833425233,485.07518932252424,4713.04750625859,5018.304819002515,5157.555725712446,4680.022665008437,5016.296354006045,5024.907091958448,4877.526064257836,5162.463911337545,5233.942032063496,10418.236928002443,3.8394328134366917
mid_l10,mid,10,gemma-7b-it,Gemma-7B-IT,CUCUMIS-II,2,0.1,40.0,36.0,4.0,155.95623925037216,261.5190809010535,784.2575423046947,155.7421739998972,164.00421025173273,208.4296853499836,719.9155302369036,790.2291908510961,808.1441364903003,5039.738458261127,5184.007101692259,5667.719383680378,5003.86096026341,5142.124239268014,5164.968476818467,5619.324535771739,5669.785625097575,5675.984349349164,10699.142249999568,3.7404457635109427
mid_l10,mid,10,gemma-7b-it,Gemma-7B-IT,CUCUMIS-Strict,2,0.1,40.0,36.0,4.0,145.6293069932144,245.2354564855347,709.9386928530294,145.29429326648824,152.29132751119323,196.1074608407216,665.6751432601595,714.9828325345879,730.1152515792637,4712.0609674893785,4814.621059500496,5283.640462505282,4663.534210267244,4788.79184674588,4793.122834872338,5238.174095735303,5286.054782662541,5293.297743134317,10418.704705516575,3.839248891399702
mid_l10,mid,10,gemma-7b-it,Gemma-7B-IT,Chunked prefill,2,0.1,40.0,36.0,4.0,145.5651249998482,237.30525490536883,736.9158826270723,145.29854024294764,149.98690223728772,187.8039711315068,685.7382502494147,740.2523232536623,750.2616451334325,4710.368232743349,4857.816388746142,5319.89395077253,4681.018696472165,4820.424023506348,4823.719869989145,5304.885706747882,5321.223936436581,5325.213893428736,10447.85477098776,3.8285371859170914
mid_l10,mid,10,gemma-7b-it,Gemma-7B-IT,Sarathi,2,0.1,40.0,36.0,4.0,161.27503900497686,258.7571466952802,803.6269926969544,161.05313124717213,169.04651450749952,203.7548180989688,747.9067270032829,808.6050573067041,823.5392511359532,5246.8122055142885,5369.373617591919,5877.559952379379,5205.959439495928,5323.29286125605,5328.717839464662,5865.4693864809815,5878.307044136454,5880.5483194076805,10952.855687966803,3.6520238052575063
mid_l10,mid,10,gemma-7b-it,Gemma-7B-IT,vLLM,2,0.1,40.0,36.0,4.0,145.91590549389366,236.69565737072907,717.0237844667281,145.7522597629577,152.07501326221973,187.22995860589432,674.9195945012616,720.4218099272111,730.6158863086603,4702.33382198785,4826.647407194833,5291.912716635852,4672.5843000022,4788.527628523298,4790.270095471351,5277.467304491438,5293.109728605486,5296.700764514389,10420.719029993052,3.8385083090891383
mid_l10,mid,10,mistral-7b-instruct-v0.2,Mistral-7B-Instruct-v0.2,CUCUMIS,2,0.1,40.0,36.0,4.0,163.630575996649,181.7979278479471,432.63686210877495,163.19454849872272,167.31131650158204,171.81713234604103,341.83362474141177,436.91603369952645,449.75354847178096,5348.871154237713,5447.93359713658,5634.987578759756,5344.179055493441,5436.682154489972,5446.682387701003,5564.7153284880915,5636.284254390921,5640.174281284417,11104.688619510853,3.602100075340523
mid_l10,mid,10,mistral-7b-instruct-v0.2,Mistral-7B-Instruct-v0.2,CUCUMIS-II,2,0.1,40.0,36.0,4.0,142.7189062378602,191.18090699485077,597.7883106522494,142.5425654888386,145.96595597686246,160.66733077022946,501.5102395118447,611.1973770370241,651.424576191348,4645.461046762648,4690.961173342657,5102.122786722903,4632.662866730243,4659.946795756696,4662.961476876808,5015.496241016081,5114.604003864224,5152.047655288188,10351.02249897318,3.864357001738873
mid_l10,mid,10,mistral-7b-instruct-v0.2,Mistral-7B-Instruct-v0.2,CUCUMIS-Strict,2,0.1,40.0,36.0,4.0,152.65276125865057,203.50936919567218,650.6559935869882,152.1702497411752,161.96360350295436,172.47674357204232,552.7747207670473,662.7534739498515,699.0459150384413,4950.777286736411,5078.5543739795685,5458.414847202948,4943.153028507368,5034.74618025939,5057.202829635935,5375.546712006326,5466.497849847656,5490.746857781778,10724.166252504801,3.7337297523584994
mid_l10,mid,10,mistral-7b-instruct-v0.2,Mistral-7B-Instruct-v0.2,Chunked prefill,2,0.1,40.0,36.0,4.0,143.03638951969333,185.12567561410873,598.3543558869859,142.82483099668752,145.71623297524638,155.89231735939393,506.0409154975787,611.2942109204596,650.1137760208803,4661.841138484306,4704.907051695045,5115.580854184809,4652.298539993353,4674.748416495277,4676.499296669499,5033.539888492669,5127.605414798018,5163.679096637643,10416.732104524272,3.839989576848941
mid_l10,mid,10,mistral-7b-instruct-v0.2,Mistral-7B-Instruct-v0.2,Sarathi,2,0.1,40.0,36.0,4.0,141.11796327051707,177.0166530419378,586.2758241494884,140.9786132571753,143.87995026481804,148.56738663947908,496.33396352874115,598.6307700281031,635.6956076639472,4597.728177002864,4641.296213277383,5040.840691481426,4595.625630769064,4611.900756019168,4613.543078156363,4949.732873516041,5053.466112786555,5091.342376701941,10377.094982977724,3.8546494256443333
mid_l10,mid,10,mistral-7b-instruct-v0.2,Mistral-7B-Instruct-v0.2,vLLM,2,0.1,40.0,36.0,4.0,159.63945747353137,214.79967526393057,674.0862322036991,159.03127849742305,163.17081403394695,180.9792578816996,564.3665467650862,689.4997798459372,735.7404227726511,5192.76619599259,5247.462784987874,5706.474049515091,5185.371521263733,5212.509509248775,5216.465078634792,5609.398936489015,5719.758032774553,5759.609982552938,10932.621496496722,3.65877573311887
mid_l10,mid,10,qwen2.5-7b-instruct,Qwen2.5-7B-Instruct,CUCUMIS,2,0.1,40.0,36.0,4.0,127.98702373402193,153.6925849097318,378.8247064867755,127.64392701501492,132.4036514852196,134.65962068439694,330.4718265135307,385.56625444907695,405.7908983359812,4167.542352748569,4305.559217050904,4462.721510704141,4162.225309497444,4294.180418990436,4299.032318720128,4456.575357253314,4463.0447644682135,4464.014525760431,9889.625089999754,4.044643060106365
mid_l10,mid,10,qwen2.5-7b-instruct,Qwen2.5-7B-Instruct,CUCUMIS-II,2,0.1,40.0,36.0,4.0,126.82697748823557,159.37907755142112,520.4586427833418,126.4587537443731,128.96218174137175,134.34900142456172,442.09829275496304,531.315611791797,563.8865188171621,4114.371923249564,4151.077697446453,4515.122169598762,4112.389448986505,4123.3338864694815,4126.263087960251,4435.226194487768,4525.928208688856,4558.346325959137,9846.135784988292,4.062509455789241
mid_l10,mid,10,qwen2.5-7b-instruct,Qwen2.5-7B-Instruct,CUCUMIS-Strict,2,0.1,40.0,36.0,4.0,126.61953625502065,157.79339465370902,523.3716054432442,126.24512574984692,128.59758576087188,131.4297399527277,442.9415149934357,534.6856191143161,568.6276601275313,4116.8109912541695,4153.067962132627,4518.400707077235,4116.11555723357,4124.306262747268,4127.958548998868,4436.950746239745,4529.305851063691,4562.021283023059,9840.403286012588,4.064887930065885
mid_l10,mid,10,qwen2.5-7b-instruct,Qwen2.5-7B-Instruct,Chunked prefill,2,0.1,40.0,36.0,4.0,126.35763925209176,162.26625276322045,521.3504333939636,126.1239692394156,127.81453724892344,134.56246893620118,444.7778374888003,531.5709208720364,562.2323833062546,4107.118063504458,4142.669057985768,4505.107408165932,4103.850995248649,4113.937993999571,4117.011239935528,4426.108633502736,4515.615072549554,4547.138065700419,9866.955388017232,4.053974462093668
mid_l10,mid,10,qwen2.5-7b-instruct,Qwen2.5-7B-Instruct,Sarathi,2,0.1,40.0,36.0,4.0,124.86561725381762,153.7558044889014,515.4344811633927,124.57329050812405,127.29946973558981,129.01406504388433,436.5892142377561,526.5343105827924,559.8337988409912,4078.4336185170105,4110.278072609799,4471.586427715374,4077.060382478521,4083.521721739089,4085.1325363881188,4388.572830488556,4482.686757895863,4515.987748437328,9845.732114015846,4.062674090954056
mid_l10,mid,10,qwen2.5-7b-instruct,Qwen2.5-7B-Instruct,vLLM,2,0.1,40.0,36.0,4.0,125.35473126627039,153.1645520939495,515.4807231764424,125.2141165023204,126.71434850199148,128.0609832785558,440.3238847589819,526.3121654366842,558.806492217409,4083.1850669928826,4119.5969748543575,4482.206403815071,4081.8742642586585,4093.7896115210606,4094.6739641105523,4407.729753758758,4492.833419359522,4524.7144659928745,9814.86442752066,4.0754518571120215
mid_l30,mid,30,baichuan2-7b-chat,Baichuan2-7B-Chat,CUCUMIS,2,0.3,40.0,28.0,12.0,147.01623722794466,424.1148321714718,524.053926426277,144.5041425031377,160.2412090142025,204.3738030322129,362.66342652379535,474.104657699354,546.5600055400864,4669.311276258668,4968.804821986123,5075.075177270919,4669.311276258668,4962.588000990218,4972.075517394987,4097.97634302231,5010.33907350502,5104.641340179369,10289.923011499923,3.887311881517368
mid_l30,mid,30,baichuan2-7b-chat,Baichuan2-7B-Chat,CUCUMIS-II,2,0.3,40.0,28.0,12.0,150.12641275825445,619.8689530865522,777.5573827323387,146.6781130002346,175.17645214684308,204.55027683783555,598.3928990171989,753.4553912933916,783.1864192764624,4797.110605504713,5223.134463978931,5386.577791736636,4795.332876514294,5037.69614752091,5045.296710950788,4381.357972015394,5357.17073569831,5399.012318042514,10345.662209496368,3.866355241674398
mid_l30,mid,30,baichuan2-7b-chat,Baichuan2-7B-Chat,CUCUMIS-Strict,2,0.3,40.0,28.0,12.0,146.97734299988952,603.0655543028843,752.9650655345176,142.4292127485387,173.07101926126052,195.44361213280354,587.4837555165868,739.0764960640809,753.8090644954355,4669.378480510204,5067.85120004497,5240.3825457481435,4652.347843759344,4906.044042858412,4914.147048776504,4557.1776220022,5202.672414082917,5256.198196231271,10217.266288003884,3.9149460696677867
mid_l30,mid,30,baichuan2-7b-chat,Baichuan2-7B-Chat,Chunked prefill,2,0.3,40.0,28.0,12.0,144.44914624618832,608.2456294883741,762.3654835289926,140.42349498777185,172.40801417210605,204.06708152411738,583.2021467358572,737.6042888237862,767.8931239832309,4622.564400007832,4993.278990444378,5214.895812197647,4622.564400007832,4882.239183818456,4885.297775063955,3775.9878072538413,5175.30523641326,5229.785618314345,10188.729923975188,3.92591183566157
mid_l30,mid,30,baichuan2-7b-chat,Baichuan2-7B-Chat,Sarathi,2,0.3,40.0,28.0,12.0,161.82204350479878,640.5504176334944,801.5586017721216,153.50033224967774,179.1613214823883,203.00498620868893,624.1134435113054,777.5103340216447,807.4986497228383,5011.067581246607,5446.370049676625,5578.948662028706,5000.102904261439,5218.0098732496845,5245.725263485801,4846.054010500666,5556.934934167657,5587.154840983276,10555.01797652687,3.7918399556716795
mid_l30,mid,30,baichuan2-7b-chat,Baichuan2-7B-Chat,vLLM,2,0.3,40.0,28.0,12.0,142.88978376134764,597.865446555079,748.066395050846,139.7078977752244,171.78523786715232,196.11827167565934,578.4961552562891,721.601886706776,754.9957180209458,4546.137820740114,4910.662016336573,5139.348338488489,4546.137820740114,4816.989186836872,4820.859810604015,3655.697875248734,5091.653369899723,5158.045903532766,10129.412576992763,3.9488983866476
mid_l30,mid,30,gemma-2-9b-it,Gemma-2-9B-IT,CUCUMIS,2,0.3,40.0,28.0,12.0,248.85158574033994,351.29728741303586,765.7026474204031,246.68052000924945,251.76755515567493,287.7354850163101,277.449277244159,730.4053586442024,780.4965095841908,8101.911208243109,8199.19617253181,8689.023186841805,8060.626854989096,8197.620074253064,8199.574979137687,8145.0542054953985,8666.992023173952,8691.310597412812,13775.200450007105,2.903782439752975
mid_l30,mid,30,gemma-2-9b-it,Gemma-2-9B-IT,CUCUMIS-II,2,0.3,40.0,28.0,12.0,280.5022700049449,1091.2097209889907,1337.6255482886336,275.3956802334869,307.3908464575652,324.7579305715044,1050.1641842565732,1282.2989540203707,1357.6459741729195,9010.165551735554,9790.576251453604,10005.568007823313,8955.361622996861,9096.693475163192,9103.21777044388,9677.447561232839,9920.998236778541,10042.781358408974,14752.772086008918,2.7113548621565133
mid_l30,mid,30,gemma-2-9b-it,Gemma-2-9B-IT,CUCUMIS-Strict,2,0.3,40.0,28.0,12.0,258.6634737526765,988.1063203327358,1216.712358435616,248.6200010025641,271.33104554959573,296.9037883679266,955.6140104832593,1176.8486373621272,1228.1813275488093,8199.36515725567,8906.14725156047,9104.900746318744,8140.851267497055,8284.640358010074,8287.819441455067,8808.243826730177,9020.82369424461,9141.761369417654,13835.605856002076,2.8911628027625245
mid_l30,mid,30,gemma-2-9b-it,Gemma-2-9B-IT,Chunked prefill,2,0.3,40.0,28.0,12.0,262.00353575404733,1026.085075494484,1260.2605105855037,250.88731001596898,301.44605427922215,329.8724925002898,986.3927932601655,1217.6707648613956,1273.6673409456853,8284.46623875061,9007.905977847986,9206.7965035839,8215.129510761471,8385.716374774347,8388.17671782279,8885.474924725713,9120.459368723095,9242.242685677484,13899.05337349046,2.877902168525915
mid_l30,mid,30,gemma-2-9b-it,Gemma-2-9B-IT,Sarathi,2,0.3,40.0,28.0,12.0,265.6534555280814,1023.9336807280779,1251.8411925958935,250.96780850435607,293.3574901049724,320.3777382377302,978.8882637658389,1212.953898345586,1265.6482721830253,8302.041761242435,9018.79362273321,9219.549429143663,8239.753837508033,8399.040834981133,8402.160848269705,8908.372258752934,9134.618268767372,9254.313975595287,14012.933590973262,2.8546514437788417
mid_l30,mid,30,gemma-2-9b-it,Gemma-2-9B-IT,vLLM,2,0.3,40.0,28.0,12.0,256.41504375380464,978.875518697896,1208.8249115957296,246.00743348128162,268.7657838599989,295.91552990081254,945.7003144780174,1165.3960525552975,1222.3349811785738,8138.99916227092,8854.83088910405,9048.414639550901,8086.9789794960525,8242.01448233216,8245.4026817446,8757.607458755956,8967.81889286649,9083.405719730945,13798.63670800114,2.898853792087795
mid_l30,mid,30,gemma-7b-it,Gemma-7B-IT,CUCUMIS,2,0.3,40.0,28.0,12.0,150.67392500350252,523.5388064756992,704.5592461311026,147.2952509939205,169.82268564170226,409.9707243446029,488.0446729948744,698.7047780363355,706.3174791162601,5186.2590817472665,5539.212491526268,5755.8075011047185,4996.245965507114,5538.093560305424,5541.2313159240875,5275.059694002266,5642.271618399536,5800.3545321690035,10363.483784982236,3.8597059664296793
mid_l30,mid,30,gemma-7b-it,Gemma-7B-IT,CUCUMIS-II,2,0.3,40.0,28.0,12.0,276.64221050508786,1213.5539406212047,1273.1943504547235,200.35175498924218,308.5048149485374,327.7300570043735,1137.5890460039955,1264.0545087575447,1277.23143426585,5981.642060505692,6703.712605155306,6877.646518757392,5571.522483747685,6398.664502752945,6400.15600873885,6421.536365000065,6828.694462092244,6896.526116977038,10472.318300511688,3.819637492293351
mid_l30,mid,30,gemma-7b-it,Gemma-7B-IT,CUCUMIS-Strict,2,0.3,40.0,28.0,12.0,266.0313032247359,1205.400942862616,1260.78366105241,205.56903500983026,293.91998311621137,315.94359223905485,1114.184499005205,1257.3384084942518,1262.1827441934147,5833.573353753309,6501.268558058655,6839.9504410871305,5487.184975252603,6342.6474086154485,6349.404683386674,6169.968758258619,6823.613573392504,6841.393711457495,10383.606844523456,3.85224606651773
mid_l30,mid,30,gemma-7b-it,Gemma-7B-IT,Chunked prefill,2,0.3,40.0,28.0,12.0,264.42770624998957,1201.9534843973815,1245.8219462330453,198.1034685159102,295.19199133792426,315.8614564634627,1103.7338000023738,1238.2046656945022,1249.0735034900717,5862.641230007284,6483.819876317284,6810.9617960467585,5617.941050979425,6338.943307401496,6341.231184194912,6206.699287489755,6760.638339194702,6830.596304233477,10477.832844975637,3.8175846050192046
mid_l30,mid,30,gemma-7b-it,Gemma-7B-IT,Sarathi,2,0.3,40.0,28.0,12.0,265.6526889913948,1207.92854600586,1257.6561407526606,209.69472675642464,296.09165853180457,328.3527654828504,1110.1922217494575,1250.8392032934353,1260.3837257580017,5784.19222321827,6465.266308514401,6795.075062458345,5495.607692238991,6313.472307351185,6315.536703332036,6098.826110261143,6772.714738876675,6797.104305049579,10301.545379508752,3.882935593383106
mid_l30,mid,30,gemma-7b-it,Gemma-7B-IT,vLLM,2,0.3,40.0,28.0,12.0,264.81818601314444,1208.949900121661,1248.6628922991804,198.303688026499,293.5529104608577,320.08046761417063,1101.3026840082603,1241.5863327711122,1251.6083912129398,5877.21092501306,6575.2195590001065,6817.259380648029,5492.730276513612,6322.963202462415,6325.943153022381,6242.068026258494,6799.156249163207,6819.5435153652215,10425.894312997116,3.8366051758641375
mid_l30,mid,30,mistral-7b-instruct-v0.2,Mistral-7B-Instruct-v0.2,CUCUMIS,2,0.3,40.0,28.0,12.0,164.13131124863867,480.24982535134774,622.7884392517444,162.5725634949049,171.26611005078303,234.79260149309994,423.809867737873,608.7487709955894,626.3552345173957,5581.557834746491,5805.016063002404,6049.994673342735,5496.102952012734,5673.2115483901,5683.758053952915,5742.358803494426,5993.088082452596,6068.747643662209,11080.374759010738,3.6099874179278872
mid_l30,mid,30,mistral-7b-instruct-v0.2,Mistral-7B-Instruct-v0.2,CUCUMIS-II,2,0.3,40.0,28.0,12.0,152.2688879776979,683.6139599123271,844.1022878600052,144.8589480278315,196.38935143884737,224.12321908923332,658.8341252354439,830.1179865607992,848.3305528730853,5199.90637373121,5567.514811860747,5732.243740698323,4941.421046009054,5238.100929406937,5241.454091386695,5525.937863261788,5702.588222487248,5740.724183851853,10423.855074506719,3.837376454337707
mid_l30,mid,30,mistral-7b-instruct-v0.2,Mistral-7B-Instruct-v0.2,CUCUMIS-Strict,2,0.3,40.0,28.0,12.0,162.0895462401677,692.7297907997854,855.6303342408501,149.0524864930194,202.5415848736884,225.75832229747903,674.2751525016502,839.8435263778083,860.8215214847587,5269.289903255412,5635.6397796073,5812.3534604519955,4994.146363504115,5323.198087056517,5338.059544489661,5591.509780002525,5775.975135210319,5824.421907048381,10475.16488248948,3.8185666524293813
mid_l30,mid,30,mistral-7b-instruct-v0.2,Mistral-7B-Instruct-v0.2,Chunked prefill,2,0.3,40.0,28.0,12.0,153.3897587505635,677.4963248317363,837.0501676850836,145.39837624761276,195.83226243848912,221.0820758502814,655.7595794874942,820.8812672150088,842.109535295458,5178.520850735367,5539.313990811934,5704.400878619053,4934.288503005519,5209.302604736877,5213.02866516402,5510.753114256659,5677.123842886067,5711.554473599535,10409.771865495713,3.842543391713238
mid_l30,mid,30,mistral-7b-instruct-v0.2,Mistral-7B-Instruct-v0.2,Sarathi,2,0.3,40.0,28.0,12.0,150.39401275862474,652.5195932132192,808.8580175832612,142.71106575324666,196.35566747165285,202.2499179386068,631.9821857468924,783.9235863037175,819.8579068988329,5082.001617498463,5434.621759093716,5606.136372563778,4853.21934024978,5122.292027447838,5127.0507053041365,5418.020516008255,5576.194253694848,5614.985961710918,10378.043779492145,3.8542969366087876
mid_l30,mid,30,mistral-7b-instruct-v0.2,Mistral-7B-Instruct-v0.2,vLLM,2,0.3,40.0,28.0,12.0,152.09142175444867,679.1821359249298,841.1651295312913,145.57337199221365,197.471941364347,224.7804680961417,658.8255390088307,821.2540070497198,848.0534217093373,5184.758038987638,5553.016216287506,5714.854002537322,4956.733863495174,5217.11849430867,5222.8654512469075,5535.222033737227,5690.181263154955,5720.599480453529,10434.516465524212,3.8334327188026274
mid_l30,mid,30,qwen2.5-7b-instruct,Qwen2.5-7B-Instruct,CUCUMIS,2,0.3,40.0,28.0,12.0,147.94533426174894,396.6059012629558,505.93666091910563,145.75845349463634,157.5416323466925,206.37086075556,367.33235225256067,478.07857883744873,516.9861728220712,4965.2416867465945,5137.791240817751,5310.805296109174,4795.116106499336,5048.784304657602,5057.560605265608,5076.593830483034,5242.69505715929,5341.754815695458,10445.402734476374,3.829438058082113
mid_l30,mid,30,qwen2.5-7b-instruct,Qwen2.5-7B-Instruct,CUCUMIS-II,2,0.3,40.0,28.0,12.0,130.73551299748942,532.2698104573647,697.4045978684444,127.83080797817092,162.51005500380415,183.3429829828674,510.74950424663257,674.4387565850047,703.3626361109782,4470.732856760151,4786.994476031396,4901.5771025494905,4314.276771998266,4486.914605094353,4494.211712895485,4753.2920857775025,4869.9933931813575,4913.116794219823,9875.566608505324,4.050502114698428
mid_l30,mid,30,qwen2.5-7b-instruct,Qwen2.5-7B-Instruct,CUCUMIS-Strict,2,0.3,40.0,28.0,12.0,129.69084724318236,529.0402246289887,686.8834010939463,127.3084312415449,163.43601976986974,188.25340385257732,501.64858777134214,669.5213385042734,691.6264638883877,4450.789238777361,4768.541835329961,4881.148297672335,4280.104033750831,4464.813519924064,4472.642303933972,4730.103779496858,4848.914585899911,4892.991474045848,9853.901673021028,4.05930950316152
mid_l30,mid,30,qwen2.5-7b-instruct,Qwen2.5-7B-Instruct,Chunked prefill,2,0.3,40.0,28.0,12.0,129.1396334709134,529.6404706663452,697.0597841686686,126.71034350933041,158.86296619428322,180.9203476709081,510.5558532377472,676.0014703148045,701.4242273467244,4433.530753245577,4766.321378934663,4865.987385852786,4337.289480012259,4446.130693046143,4448.710923942272,4728.876759269042,4835.569513501832,4878.390723653429,9983.215704531176,4.006901216439302
mid_l30,mid,30,qwen2.5-7b-instruct,Qwen2.5-7B-Instruct,Sarathi,2,0.3,40.0,28.0,12.0,144.39381974807475,603.617467667209,754.5372727472568,141.74539476516657,172.85475575481541,208.1087156618014,560.9020187257556,729.1081824252615,760.7928125216858,4896.286737261107,5256.75760434242,5377.982596732909,4761.142361501697,4910.956272075418,4917.767977416515,5237.112340750173,5329.330458553159,5397.315997822443,10380.761387496023,3.8533156951706324
mid_l30,mid,30,qwen2.5-7b-instruct,Qwen2.5-7B-Instruct,vLLM,2,0.3,40.0,28.0,12.0,128.74007524806075,533.2950737385545,693.1460655902629,127.4294789909618,161.82080352155026,182.7362343427376,512.3844752524747,672.4820350034861,697.5780699579627,4443.448423495283,4758.927410104661,4872.121129671577,4285.086340241833,4461.985505523626,4465.886284262233,4719.193927492597,4841.192434550612,4883.432294570375,9886.587312998017,4.045893579754823
mid_l50,mid,50,baichuan2-7b-chat,Baichuan2-7B-Chat,CUCUMIS,2,0.5,40.0,20.0,20.0,171.63512051047292,538.7368510884698,629.7332474199357,156.81578899966553,174.73538681806534,247.66407829505616,460.63777850940824,593.3953894302249,635.3693818260217,5153.506315007689,5632.065991492709,5826.266623794218,5399.871768764569,5630.364948339411,5661.824759110168,4073.2704697584268,5578.24841159163,5840.609761857486,10503.383936505998,3.809484156058013
mid_l50,mid,50,baichuan2-7b-chat,Baichuan2-7B-Chat,CUCUMIS-II,2,0.5,40.0,20.0,20.0,337.28292523301207,757.229238547734,872.2136191264144,147.89499674225226,200.31226461578632,228.04020115087042,673.0268959945533,778.5833100468154,879.6109157262254,5283.859923743876,5730.925616750028,5900.753285085084,5331.387505255407,5521.216423844453,5543.353258139687,4644.383129765629,5801.703208254185,5908.816734283464,10934.496984496946,3.6581494568359583
mid_l50,mid,50,baichuan2-7b-chat,Baichuan2-7B-Chat,CUCUMIS-Strict,2,0.5,40.0,20.0,20.0,339.7574455157155,755.9241707611363,886.8406969198259,149.35289122513495,213.83406192180703,227.91084850905463,668.5957024892559,783.4644507587656,894.545751317055,5305.649738525972,5717.3147984431125,5909.065606226795,5351.986212510383,5538.615336458315,5578.57275627699,3703.523628995754,5779.569996413193,5927.892380722915,10924.243049492361,3.6615895628016775
mid_l50,mid,50,baichuan2-7b-chat,Baichuan2-7B-Chat,Chunked prefill,2,0.5,40.0,20.0,20.0,326.7217679822352,739.9623927107314,857.459420626983,142.1754232578678,203.31715766515117,216.79942662856774,649.4425519922515,801.4721671614097,865.0441272277385,5126.861550757894,5548.220168307307,5751.641546746541,5191.796598752262,5384.51866839896,5405.251115883875,3781.740397986141,5644.440480211051,5767.214669942914,10761.325364990626,3.7170150890061286
mid_l50,mid,50,baichuan2-7b-chat,Baichuan2-7B-Chat,Sarathi,2,0.5,40.0,20.0,20.0,330.9596397448331,745.3765407437459,875.8689487611991,145.62318500247784,198.43297062907368,218.04931366437813,665.7407330058049,771.9372652121821,879.2731578546227,5235.301187509322,5648.268299287884,5840.806911379332,5285.88300125557,5488.407554064179,5513.594700653921,4256.412509246729,5712.227948207874,5856.405704776989,10862.229730992112,3.682503800661266
mid_l50,mid,50,baichuan2-7b-chat,Baichuan2-7B-Chat,vLLM,2,0.5,40.0,20.0,20.0,323.28345022688154,731.6019339254126,864.6197677063174,144.3592304858612,178.0993776919786,204.44965851085723,655.0837844988564,763.3728166634684,865.2251581076416,5142.001380489091,5554.44551424589,5751.373662521655,5198.90638825018,5385.786952901981,5402.011606697924,3786.0278227599338,5625.6126366584795,5767.724323023867,10779.063046502415,3.7109052389128334
mid_l50,mid,50,gemma-2-9b-it,Gemma-2-9B-IT,CUCUMIS,2,0.5,40.0,20.0,20.0,255.68747249781154,754.8761940764962,925.2913388176239,251.5696827613283,256.27422534744255,316.1082129218265,481.5577834669966,838.7023121613311,938.3401535145821,8419.81653975381,8725.382389102015,8948.12138789508,8414.315371512203,8511.26680491725,8512.421716164099,8441.663042758591,8798.77300770313,8975.05600589735,14166.208973008906,2.823646823602704
mid_l50,mid,50,gemma-2-9b-it,Gemma-2-9B-IT,CUCUMIS-II,2,0.5,40.0,20.0,20.0,542.7572097687516,1276.4895595726557,1476.8033755029319,249.98727126512676,350.89783179864753,355.3609572778805,1062.0895832544193,1404.1026955266716,1478.3600932121044,8917.429710258148,9553.778995538596,9818.06562054815,8883.767876002821,8943.897286886931,8955.799320176884,9360.576853490784,9662.252259562956,9835.867101550393,14751.338443515124,2.711767981533816
mid_l50,mid,50,gemma-2-9b-it,Gemma-2-9B-IT,CUCUMIS-Strict,2,0.5,40.0,20.0,20.0,578.2345457409974,1303.6478494323092,1468.5884036612697,276.34669849066995,352.92919049970806,355.6343106480199,1126.1214015248697,1394.0992761665257,1476.8633166584186,9374.838780015125,10004.011063530925,10206.53339138691,9304.71048776235,9436.681375760236,9446.300262840814,9742.809346993454,10122.299705105252,10221.304792983865,15259.337212017272,2.623850863581994
mid_l50,mid,50,gemma-2-9b-it,Gemma-2-9B-IT,Chunked prefill,2,0.5,40.0,20.0,20.0,545.8463310060324,1272.256901007495,1471.1497863160912,251.15055750939064,349.5001751376549,356.8466948324931,1058.277090996853,1403.592616316746,1472.6941964228172,8934.616316008032,9544.361018945347,9758.856480080867,8888.393731758697,8936.942125644418,8942.920160381182,9340.267335486715,9669.073038178612,9775.382955187233,14724.926622991916,2.716482541240883
mid_l50,mid,50,gemma-2-9b-it,Gemma-2-9B-IT,Sarathi,2,0.5,40.0,20.0,20.0,543.6143225088017,1300.5926376441494,1495.6764866993763,248.34060700959526,350.11599246645346,355.47806300019147,1080.263426498277,1430.3989885840565,1496.439526595641,8916.89549574221,9522.707705220091,9734.208624376042,8870.058335494832,8919.48332679458,8920.518650288286,9307.698562261066,9648.020520948921,9751.517818277061,14675.98273351905,2.725541713926585
mid_l50,mid,50,gemma-2-9b-it,Gemma-2-9B-IT,vLLM,2,0.5,40.0,20.0,20.0,549.2896505020326,1248.1435883324593,1436.675714875164,253.37195899919607,352.4335754918866,352.4335754918866,1051.9733717519557,1385.9203699801583,1451.1022982819122,9041.656470522867,9668.414901875076,9891.067987481074,8990.163807247882,9044.510937680025,9046.778433241707,9484.754649485694,9797.636076743947,9904.701331075921,14946.816335024778,2.6761553444498363
mid_l50,mid,50,gemma-7b-it,Gemma-7B-IT,CUCUMIS,2,0.5,40.0,20.0,20.0,265.7425732468255,942.155547134462,1161.2728884621174,169.58538023754954,266.89799400628544,396.5545332175677,585.5651572637726,1062.3305247427197,1166.0381574652274,6649.222434003605,7113.882118271431,7352.259708440979,6748.1759592628805,7108.546467631822,7111.98512012721,6616.088750262861,7158.29728122626,7352.585731540457,11907.308595022187,3.359592661792728
mid_l50,mid,50,gemma-7b-it,Gemma-7B-IT,CUCUMIS-II,2,0.5,40.0,20.0,20.0,587.4934530147584,1692.3424960987177,2011.4215514052194,227.45206800755113,333.85311734164134,346.0435649313149,1315.3163405077066,1895.0284385122359,2038.0198876035863,7416.157110987115,8117.392074779491,8483.489154464332,7571.521316509461,8003.984019433847,8031.871161698946,7145.370711004944,8231.415674896562,8495.300363468705,12254.430623986991,3.26413793172887
mid_l50,mid,50,gemma-7b-it,Gemma-7B-IT,CUCUMIS-Strict,2,0.5,40.0,20.0,20.0,585.3042550006649,1682.1609157981584,2058.4753669353086,225.8757960080402,331.90197849762626,351.0471546914778,1322.225312498631,1906.1843792791478,2097.9573018345395,7375.769622245571,8184.70970724884,8471.336507696833,7523.085240754881,7969.089832575992,7972.467618770897,7287.035154004116,8366.504073661054,8472.167383493797,12163.641960505629,3.288488784333987
mid_l50,mid,50,gemma-7b-it,Gemma-7B-IT,Chunked prefill,2,0.5,40.0,20.0,20.0,569.1997574904235,1670.9197801857954,1930.3751851760899,219.9860217224341,328.35069914581254,330.23423443344655,1290.122680758941,1857.0953844726318,1943.6610045764246,7290.932957504992,8039.538778035785,8383.108559897519,7449.405866995221,7879.7066878469195,7882.0897963270545,7132.716677253484,8280.46113215969,8383.992978401366,12197.259888984263,3.2794267600691556
mid_l50,mid,50,gemma-7b-it,Gemma-7B-IT,Sarathi,2,0.5,40.0,20.0,20.0,597.0328187104315,1676.8407870840747,1995.267003555491,225.35260498989373,328.40510801179335,339.4766111901845,1303.8554847589694,1887.5537785730558,2021.3293127561335,7772.874760747072,8406.54909092118,8673.577285165957,7800.487630738644,8118.851990663097,8119.453306861687,7754.618359263986,8571.19506317249,8674.219152760052,12671.929927542806,3.1566050443560396
mid_l50,mid,50,gemma-7b-it,Gemma-7B-IT,vLLM,2,0.5,40.0,20.0,20.0,574.1391769988695,1755.6526724947616,2013.4534130673273,226.79190375492908,325.7426470227074,327.8257163101807,1289.5871742657619,1939.9863935133908,2028.9206822679262,7419.866103504319,8138.9092908240855,8522.415796989517,7660.356884996872,8049.255935201654,8052.469018096745,7236.471811003867,8379.480958852218,8534.727502884052,12076.687487482559,3.312166909198618
mid_l50,mid,50,mistral-7b-instruct-v0.2,Mistral-7B-Instruct-v0.2,CUCUMIS,2,0.5,40.0,20.0,20.0,196.54915974388132,621.4734365945333,714.2844660609262,165.73853824229445,191.13377294561366,280.3958693901949,461.24660524947103,675.5209445953369,724.8132734611863,6076.591079734499,6259.539046209829,6408.5803143066005,6010.48208148859,6155.122692292207,6159.673018865724,6102.677773742471,6399.650380613457,6409.082224408921,11575.232411996694,3.4557101891671858
mid_l50,mid,50,mistral-7b-instruct-v0.2,Mistral-7B-Instruct-v0.2,CUCUMIS-II,2,0.5,40.0,20.0,20.0,387.0491480047349,938.523379113758,1092.3825257629505,171.46095501084346,246.03378151950895,270.75986852287315,789.9024260113947,951.4250578009523,1128.1666012594358,6323.9767025079345,6769.714742025826,6882.446529106819,6240.838045763667,6355.133590000332,6367.267322107509,6556.2391357525485,6794.916854123585,6889.701077512582,11807.374614523724,3.3877146543641086
mid_l50,mid,50,mistral-7b-instruct-v0.2,Mistral-7B-Instruct-v0.2,CUCUMIS-Strict,2,0.5,40.0,20.0,20.0,375.8558755071135,923.3838231069967,1076.402380958316,157.02849127410445,244.4474327960052,270.2637059846893,741.5382037288509,936.3606354745571,1112.8314122563459,5958.260990242707,6373.302526798216,6492.204346596554,5834.245454025222,6005.415414099116,6060.899484069669,6175.390895499731,6435.1071936573135,6499.762850395928,11273.831258004066,3.548042729094556
mid_l50,mid,50,mistral-7b-instruct-v0.2,Mistral-7B-Instruct-v0.2,Chunked prefill,2,0.5,40.0,20.0,20.0,373.69734000822064,907.9008151980815,1067.7167008555261,157.40941200056113,241.9628106581513,266.9605010014493,735.2634640119504,923.6312197550433,1103.9673896547172,5925.683751003817,6331.961800699355,6449.473753863422,5783.807907748269,5967.020662175491,6024.776964090706,6130.982512768242,6394.570028944872,6458.672790864657,11255.74182101991,3.5537419657150124
mid_l50,mid,50,mistral-7b-instruct-v0.2,Mistral-7B-Instruct-v0.2,Sarathi,2,0.5,40.0,20.0,20.0,365.6188477325486,884.5181188225979,1059.9589425860904,150.05108398327138,243.91308744379788,268.20150850107893,734.834676986793,913.1912395416294,1094.4954245840197,5829.417850254686,6241.519507594057,6357.158975279017,5687.4998885032255,5890.706846566172,5933.296708360431,6038.034865749069,6292.42432313913,6368.507221276232,11170.887112006312,3.580736251325682
mid_l50,mid,50,mistral-7b-instruct-v0.2,Mistral-7B-Instruct-v0.2,vLLM,2,0.5,40.0,20.0,20.0,379.6134127478581,903.0010229616892,1068.639412993798,158.94309725263156,242.73983113816942,267.52647102694027,734.1531069978373,922.885178058641,1104.6160688914822,5905.0276370107895,6319.029267734732,6434.310010810441,5769.918161240639,5969.293060636846,6029.209646620438,6115.054853245965,6392.323610428139,6444.3344591141795,11253.535933996318,3.554442412749284
mid_l50,mid,50,qwen2.5-7b-instruct,Qwen2.5-7B-Instruct,CUCUMIS,2,0.5,40.0,20.0,20.0,164.6619074890623,478.48934270441544,559.7098432763596,130.90593750530388,142.7237726456952,199.36119267338654,391.2491277442314,539.0140820876695,563.4558128766366,4777.713216259144,5132.592618954368,5182.0703548475285,4744.3561707332265,4944.627712760121,4970.234053713502,4810.215834993869,5152.695100012352,5190.074751844222,10090.393024001969,3.9644183168477536
mid_l50,mid,50,qwen2.5-7b-instruct,Qwen2.5-7B-Instruct,CUCUMIS-II,2,0.5,40.0,20.0,20.0,305.068161978852,674.2651953245513,822.9439382147393,130.59726524807047,198.76304475474177,228.32060330401873,590.7463894982357,747.9254329402467,826.1665845170501,4978.293965745252,5398.635234675021,5515.504294031125,4946.195506505319,5118.691476853564,5122.184637027676,5216.298079016269,5446.234176005237,5518.8908827342675,10406.58044849988,3.8437226997705656
mid_l50,mid,50,qwen2.5-7b-instruct,Qwen2.5-7B-Instruct,CUCUMIS-Strict,2,0.5,40.0,20.0,20.0,294.7776322544087,650.0889731192729,804.2071451415541,128.38641373673454,164.52525824133772,196.969710518897,574.433795249206,723.3835515537068,806.5195040410617,4905.964970501373,5296.595175910625,5432.748255650222,4870.383659261279,5028.483378567034,5042.66195741191,5135.11127899983,5362.70923744014,5436.777756850643,10385.416981007438,3.8515559214583224
mid_l50,mid,50,qwen2.5-7b-instruct,Qwen2.5-7B-Instruct,Chunked prefill,2,0.5,40.0,20.0,20.0,300.9850775124505,674.1907510673627,815.2354928059503,130.24220000079367,191.08852990029848,221.16443530569086,585.5800394929247,723.2555449561916,822.5019828975201,4956.1538040143205,5360.772001562873,5491.453033509897,4936.656166246394,5081.893681397196,5085.760011258244,5205.780332515133,5420.066162006697,5497.70952990395,10460.381659504492,3.823972045304904
mid_l50,mid,50,qwen2.5-7b-instruct,Qwen2.5-7B-Instruct,Sarathi,2,0.5,40.0,20.0,20.0,301.3799322361592,665.2347047085641,802.6669833462802,127.7454964874778,203.06016339163764,226.60778466961347,581.1895347724203,740.1168152340689,805.8074844480143,4895.640373491915,5300.85309210117,5424.724429239868,4874.073115759529,5022.7143956843065,5047.810915539158,5139.524295489537,5356.590892132954,5429.281503741513,10378.92928798101,3.8539649436809045
mid_l50,mid,50,qwen2.5-7b-instruct,Qwen2.5-7B-Instruct,vLLM,2,0.5,40.0,20.0,20.0,304.76575350621715,669.6869276813231,800.647673716594,129.65498425182886,203.0062867997913,228.22082712023985,590.6553815002553,739.7138746950077,806.6464818213717,4964.0973700006725,5366.034255170962,5492.883505434729,4945.91851925361,5088.432509859558,5090.748662248661,5215.654483763501,5419.004559502355,5498.536496232264,10462.46126954793,3.8231946607810636
mid_l70,mid,70,baichuan2-7b-chat,Baichuan2-7B-Chat,CUCUMIS,2,0.7,40.0,12.0,28.0,222.13824148639105,510.3541251301067,601.3735657476354,145.50974548910744,194.51159865420777,216.9532828850788,387.9753307555802,546.7962064605672,606.4171281282324,5033.6493634968065,5411.834723709035,5590.53790241247,5310.467111499747,5367.793963488657,5408.9801229245495,3580.2462974970695,5456.25526571821,5594.007357053924,10596.194628014928,3.774944585792249
mid_l70,mid,70,baichuan2-7b-chat,Baichuan2-7B-Chat,CUCUMIS-II,2,0.7,40.0,12.0,28.0,650.235374996555,1404.892018105602,1598.545830528601,148.4942594979657,180.25636672682595,204.23732951370766,1088.9698227547342,1437.5639794947347,1618.5158479044912,6331.723634488299,6748.506377660669,6980.387316159613,6565.108853246784,6683.8203678024,6701.340481618536,5116.468113003066,6810.643930139486,6985.3814250425785,11379.272053978639,3.51521035240874
mid_l70,mid,70,baichuan2-7b-chat,Baichuan2-7B-Chat,CUCUMIS-Strict,2,0.7,40.0,12.0,28.0,707.7767992595909,1376.5457877743756,1605.1669810141902,166.6786507703364,180.38884512498043,206.95537926076213,1087.6536025025416,1443.922580286744,1625.1389145560097,6824.495222026599,7190.71369591984,7341.037784189684,6882.043245757814,6981.455157190794,6992.407735453744,5923.3782162336865,7211.961439039442,7349.02074675425,11959.922369511332,3.344504453480723
mid_l70,mid,70,baichuan2-7b-chat,Baichuan2-7B-Chat,Chunked prefill,2,0.7,40.0,12.0,28.0,612.2909380064812,1348.11980665545,1469.2002351820702,142.51128025352955,175.06991896079853,201.4771283333539,1088.908890989842,1437.406642906717,1469.41714712244,6227.602432234562,6607.193468080368,6762.713387639378,6375.541671513929,6434.122003609082,6459.497462204308,5639.016718487255,6647.080109544913,6767.508048057207,11242.06330551533,3.5581228466101456
mid_l70,mid,70,baichuan2-7b-chat,Baichuan2-7B-Chat,Sarathi,2,0.7,40.0,12.0,28.0,626.3373109977692,1357.6960274658632,1475.6833143893164,144.73376875685062,177.81903724535368,201.18437254568562,1092.1814852481475,1438.0675984197296,1476.4936478144955,6285.580997966463,6676.498054846888,6843.8663170766085,6437.511078998796,6528.802376863314,6549.192061053473,5352.881807019003,6710.302075711661,6849.041867819615,11323.832997004502,3.532377333656563
mid_l70,mid,70,baichuan2-7b-chat,Baichuan2-7B-Chat,vLLM,2,0.7,40.0,12.0,28.0,616.034479739028,1406.9077507505426,1556.045436549466,140.50659199710935,175.60527461464517,203.61317836068338,1141.1162282456644,1423.986890236847,1575.7351173111238,6373.748046244145,6871.87236501195,7041.447389842651,6684.758181509096,6741.127808610327,6746.658608188736,5119.506107250345,6929.565173725132,7045.163068041147,11297.804471978452,3.5405137165567258
mid_l70,mid,70,gemma-2-9b-it,Gemma-2-9B-IT,CUCUMIS,2,0.7,40.0,12.0,28.0,410.10881574766245,926.2745397543767,1064.0934101454332,283.1206900154939,293.29962225747295,313.7472557584988,643.2027840055525,949.8126999591477,1071.5323150224867,9463.062882758095,9837.438770828885,9935.181725349685,9462.633127506706,9526.904713912518,9529.803135835682,9461.421845000586,9852.598546052468,9940.060359546624,15263.962832977995,2.6206841961837486
mid_l70,mid,70,gemma-2-9b-it,Gemma-2-9B-IT,CUCUMIS-II,2,0.7,40.0,12.0,28.0,1283.6460124817677,2504.3337503331713,2784.015358251927,260.99946575413924,284.187365375692,297.6328691805247,1594.7408474894473,2580.3286451409804,2796.9780994110624,10513.033880488365,11036.173534794943,11263.866129108646,10406.90402549808,10461.976899649017,10463.009501290508,10828.347499234951,11106.034218153218,11266.953542146075,16348.058563511586,2.4473974709488235
mid_l70,mid,70,gemma-2-9b-it,Gemma-2-9B-IT,CUCUMIS-Strict,2,0.7,40.0,12.0,28.0,1218.949751520995,2487.369512443547,2629.915696605749,246.09165024594404,286.6935118305264,303.09871582488995,1582.7352909836918,2532.2396359872073,2634.634947349259,10168.300623263349,10700.633172786911,10911.223222705303,10058.880081473035,10109.92173886043,10112.346140109294,10516.183670741157,10754.452575949836,10911.653140647104,16014.318517991342,2.497766572701811
mid_l70,mid,70,gemma-2-9b-it,Gemma-2-9B-IT,Chunked prefill,2,0.7,40.0,12.0,28.0,1220.2991432568524,2547.6261968375184,2592.515889497008,246.01660402549896,283.7277197657386,301.08127844374394,1585.053457005415,2582.194786123,2592.515889497008,10179.330376995495,10697.973916510819,10916.213089271914,10060.846703243442,10103.85010659229,10104.931791329,10537.398853746708,10739.081451008678,10916.454271033872,16016.60288599669,2.497408631577999
mid_l70,mid,70,gemma-2-9b-it,Gemma-2-9B-IT,Sarathi,2,0.7,40.0,12.0,28.0,1231.4297122647986,2541.710622399114,2736.669999056321,249.90357299975585,281.33263873460237,286.5098087021033,1610.5756735050818,2584.7216496855253,2747.636927032436,10300.125156980357,10806.96919207694,10990.030218331085,10141.85075374553,10204.123465254088,10207.072346554487,10601.414391756407,10857.861649390543,10991.135618856351,16068.21180600673,2.4894429954944726
mid_l70,mid,70,gemma-2-9b-it,Gemma-2-9B-IT,vLLM,2,0.7,40.0,12.0,28.0,1252.4550554953748,2468.40036661888,2850.884906333522,249.71762599307112,276.1656430957373,289.06655368511565,2005.1941370038548,2611.784330388764,2862.5114536174806,10823.966344774817,11471.635023033014,11690.00310561707,10815.947019000305,10841.892014126643,10843.362993422488,10896.038288003183,11516.273067952716,11690.405038657773,15896.275584003888,2.51631406653914
mid_l70,mid,70,gemma-7b-it,Gemma-7B-IT,CUCUMIS,2,0.7,40.0,12.0,28.0,435.8276267594192,1068.7460264511176,1357.6514313346706,165.65488575724885,245.0216164899757,270.06229325197637,694.9037347512785,1169.2661066335859,1370.8204599912278,6924.010516479029,7283.809919655323,7442.2894314085715,7091.939454752719,7282.589884439949,7291.83503245411,6420.985297256266,7191.633334400831,7470.26789112977,11793.710901489248,3.3917160664909414
mid_l70,mid,70,gemma-7b-it,Gemma-7B-IT,CUCUMIS-II,2,0.7,40.0,12.0,28.0,1256.308113981504,3936.0800123453373,4200.868623602437,213.7224690086441,290.60392097744625,317.06805864698254,2282.8445147461025,3992.330186496838,4219.657599424245,9332.85701253044,9920.296629570657,10363.983730682521,9564.863369509112,9881.040707573993,9885.065966841066,9205.901666005957,10110.454927870887,10370.28587477922,14575.181701482506,2.744404724486621
mid_l70,mid,70,gemma-7b-it,Gemma-7B-IT,CUCUMIS-Strict,2,0.7,40.0,12.0,28.0,1251.349961006781,3960.881165115279,4226.55072731839,212.3437532573007,288.75260439526755,317.0438279627706,2265.7349077489926,4054.468887593248,4245.896466595004,9393.364878254943,9943.678407446714,10403.99909130385,9580.205602003844,9892.394773443812,9897.83503100829,9280.368635998457,10260.151162365219,10404.549669364642,14620.096744503826,2.7359785334258055
mid_l70,mid,70,gemma-7b-it,Gemma-7B-IT,Chunked prefill,2,0.7,40.0,12.0,28.0,1235.1604129944462,3863.330703205429,4046.7641901399475,210.65904549323022,284.76826135593,312.9025413701311,2145.3626610018546,3884.651591614238,4058.7020627164748,9166.165749746142,9755.974931077799,10214.012468714209,9389.418033242691,9706.654203403741,9709.864983679436,9087.896525015822,10068.286865527625,10214.904852194886,14442.925384500995,2.769557205505598
mid_l70,mid,70,gemma-7b-it,Gemma-7B-IT,Sarathi,2,0.7,40.0,12.0,28.0,1246.4145017438568,3891.705602229922,4145.249303312157,212.5273352576187,288.49991850729566,313.9467299799435,2198.9042862696806,3947.303259425098,4164.889727673144,9321.396352243028,9851.648018250125,10309.533221219608,9503.767100497498,9803.918104962213,9806.539371818362,9242.23418548354,10080.947957845638,10316.5962209992,14739.894152007764,2.7145452277554005
mid_l70,mid,70,gemma-7b-it,Gemma-7B-IT,vLLM,2,0.7,40.0,12.0,28.0,1239.5777662313776,3702.910845502629,4073.0672250210773,211.6498537507141,286.7378183407709,313.37037239049096,2819.0160719968844,3825.383274644264,4073.0672250210773,10093.106945772888,10716.775185696315,11046.328836452158,10267.620883489144,10510.579889200744,10513.484723399743,9942.213656002423,10862.459761303035,11053.321272928442,14592.967093980405,2.7410513251299595
mid_l70,mid,70,mistral-7b-instruct-v0.2,Mistral-7B-Instruct-v0.2,CUCUMIS,2,0.7,40.0,12.0,28.0,287.5929469882976,617.279898536799,713.1575213710312,147.26613125094445,202.85443724715154,228.1796742993174,472.4083205073839,638.9943791422411,717.473940331256,5730.096224498993,6097.294651548145,6169.919411562732,5808.552610498737,5874.04756675387,5886.408783618681,5617.844431748381,6103.364253650943,6181.40837554296,10830.503547505941,3.695421084610717
mid_l70,mid,70,mistral-7b-instruct-v0.2,Mistral-7B-Instruct-v0.2,CUCUMIS-II,2,0.7,40.0,12.0,28.0,810.2297892473871,1808.6793722381117,2003.047371498833,147.73966002394445,194.00591475714464,221.24579253315463,1281.1089119932149,1840.7092552137328,2008.3760064191301,7214.6553715138,7657.756379706552,7785.2360216205125,7214.6553715138,7321.476975947735,7324.093357543752,7213.172704985482,7682.362665285473,7798.978008822596,12102.73895948194,3.305061757341723
mid_l70,mid,70,mistral-7b-instruct-v0.2,Mistral-7B-Instruct-v0.2,CUCUMIS-Strict,2,0.7,40.0,12.0,28.0,844.3937682459364,1835.330680399784,2080.6284078391036,163.51177949400153,195.09373960609082,202.83054617699236,1296.5287437400548,1855.8924733952153,2090.3868526610313,7582.2161070100265,7938.932226863108,8087.01310782053,7478.667144008796,7547.68891367421,7548.272893200337,7676.108340237988,7974.758956150617,8095.433531879098,12739.95956798899,3.1397715826607024
mid_l70,mid,70,mistral-7b-instruct-v0.2,Mistral-7B-Instruct-v0.2,Chunked prefill,2,0.7,40.0,12.0,28.0,805.7567095092963,1778.0831307492917,1975.8195663517108,149.67623600387014,192.04847453220282,219.00852959981424,1259.1861910041189,1825.1108962955186,1982.726356551866,7177.296575013315,7617.90055675956,7745.270993123122,7174.439960275777,7282.314395249705,7283.732674039202,7204.51464325015,7645.286939182552,7758.4811752373935,12108.720981515944,3.3034097202332897
mid_l70,mid,70,mistral-7b-instruct-v0.2,Mistral-7B-Instruct-v0.2,Sarathi,2,0.7,40.0,12.0,28.0,804.993471247144,1782.4053755874047,1981.104988787847,145.2119812456658,197.13288744387683,224.63564251404023,1267.4771652382333,1831.497349354322,1988.3290283897077,7179.862733755726,7617.030655377312,7746.528349225991,7179.862733755726,7281.503765343223,7284.652903600654,7184.9228640057845,7646.129136465606,7759.69578884833,12061.912525008665,3.316225932401859
mid_l70,mid,70,mistral-7b-instruct-v0.2,Mistral-7B-Instruct-v0.2,vLLM,2,0.7,40.0,12.0,28.0,812.1289502450963,1779.7848843998509,2097.90225026547,144.47599949198775,193.35952981782611,211.0693670422188,1428.8389272405766,1826.435656004469,2148.345330808079,7451.678928002366,7887.8410343430005,8015.536137110903,7452.2474362602225,7555.701222666539,7558.934734515788,7389.995447490946,7913.762760831742,8029.526913228328,11856.537114508683,3.3736928628886043
mid_l70,mid,70,qwen2.5-7b-instruct,Qwen2.5-7B-Instruct,CUCUMIS,2,0.7,40.0,12.0,28.0,235.63567652308848,492.55768553121015,590.0795668721548,128.1733987707412,178.54443611286118,206.55775580613408,375.6013877573423,516.014252754394,590.7177406127448,4960.452655504923,5224.392015044577,5327.89357736794,5005.82989375107,5093.265754409367,5097.723028915352,4865.427517768694,5280.735006803297,5332.221903565514,10202.220196515555,3.9225434908165133
mid_l70,mid,70,qwen2.5-7b-instruct,Qwen2.5-7B-Instruct,CUCUMIS-II,2,0.7,40.0,12.0,28.0,643.2189019978978,1332.6599044085015,1479.4545892745373,146.49761823238805,185.11166978860274,199.01022737001767,997.6214855123544,1395.0588990817778,1494.93586427212,6628.491856245091,6930.19536617212,7081.998749670747,6567.850518491468,6659.353633387946,6661.060219546489,6707.903899776284,6983.559752299334,7086.157499308174,11537.834376504179,3.466975765599866
mid_l70,mid,70,qwen2.5-7b-instruct,Qwen2.5-7B-Instruct,CUCUMIS-Strict,2,0.7,40.0,12.0,28.0,631.988081993768,1350.8710510155652,1496.1395550586167,144.98756200191565,178.122112879646,206.61568365088897,996.2437077338109,1398.1255178630818,1512.3890761224902,6654.591626749607,6987.438946132897,7122.376096079242,6548.220805503661,6637.396265295683,6651.612185201666,6819.347362266853,7035.254918647115,7127.606245442876,11634.442783513805,3.438073950443652
mid_l70,mid,70,qwen2.5-7b-instruct,Qwen2.5-7B-Instruct,Chunked prefill,2,0.7,40.0,12.0,28.0,564.9219097394962,1257.9420966445468,1437.0717076244182,125.25874399580061,174.68612215307076,194.37367545906454,959.5008210162632,1291.8508987728273,1448.168101743504,6188.395064746146,6469.5247912051855,6629.275602457637,6169.936721242266,6222.259174665669,6228.031131883035,6206.925092032179,6520.76856160129,6632.263507237949,10883.329115022207,3.675351937393275
mid_l70,mid,70,qwen2.5-7b-instruct,Qwen2.5-7B-Instruct,Sarathi,2,0.7,40.0,12.0,28.0,556.455175508745,1259.5969996385975,1434.646291496465,124.64421875483822,171.8296011997154,194.48433814861346,950.5162932473468,1295.304370939266,1446.0068150341976,6172.5852734962245,6449.6966119419085,6613.55694365775,6155.060637000133,6208.501788266585,6214.225423535972,6192.2594314819435,6503.552117716754,6616.2595349989715,10853.121318970807,3.685611072430057
mid_l70,mid,70,qwen2.5-7b-instruct,Qwen2.5-7B-Instruct,vLLM,2,0.7,40.0,12.0,28.0,586.8541677482426,1334.091111907037,1545.48484703555,130.34778699511662,177.27843260217924,196.87380280141952,997.941120993346,1382.9766744020162,1559.7039162545116,6453.291364232427,6763.94655710028,6907.997875465371,6453.291364232427,6497.526783586363,6503.287907919439,6464.335661745281,6838.5039904824225,6909.491065166949,10958.61851752852,3.6500981298590234
mid_l90,mid,90,baichuan2-7b-chat,Baichuan2-7B-Chat,CUCUMIS,2,0.9,40.0,4.0,36.0,430.6962810078403,627.6382175157778,712.7694908686681,153.96849303215276,181.35801047028508,191.66271665802924,454.4469684915384,645.9681915002875,713.1443599093473,5308.537127755699,6044.40049463301,6293.524475101149,5990.40441850957,6034.286808289471,6040.66436866211,4638.168928504456,6044.875722756842,6295.6876027805265,11049.816151993582,3.6223864119652522
mid_l90,mid,90,baichuan2-7b-chat,Baichuan2-7B-Chat,CUCUMIS-II,2,0.9,40.0,4.0,36.0,1346.4500987320207,2016.8287240929203,2160.2851612947416,146.8046727386536,170.22274141490925,178.76612516498426,1396.052163996501,2024.850936504663,2161.1075868539046,6981.606609988376,7987.5621303363005,8139.95184145344,7743.941087988787,7779.345764606842,7792.421077026229,6477.760877998662,8028.36881573603,8143.234134532395,12060.60566852102,3.3165834858918384
mid_l90,mid,90,baichuan2-7b-chat,Baichuan2-7B-Chat,CUCUMIS-Strict,2,0.9,40.0,4.0,36.0,1335.6767969962675,2022.7601503574988,2154.096054400434,144.8208845104091,170.26940646755975,179.79518696171,1406.4541749976343,2026.3770637538983,2155.3193408210063,6917.951206007274,7980.468870620825,8136.989935379534,7743.368257259135,7779.094608267769,7792.624551948393,6382.504729233915,8024.196431229939,8140.222757701122,12014.954915008275,3.3292177295079735
mid_l90,mid,90,baichuan2-7b-chat,Baichuan2-7B-Chat,Chunked prefill,2,0.9,40.0,4.0,36.0,1326.040276006097,2006.365098603419,2139.0928082732717,158.7788800097769,174.53849999874365,180.5323595853406,1443.9616512536304,2035.7515590003459,2140.0454493734287,7231.814520506305,8106.733502831776,8258.060368739825,7796.423485749983,7832.1462880587205,7845.277896417538,6538.671344722388,8128.503596235532,8259.906638100802,12398.554301529657,3.2261853138568792
mid_l90,mid,90,baichuan2-7b-chat,Baichuan2-7B-Chat,Sarathi,2,0.9,40.0,4.0,36.0,1322.7688392653363,1971.3448106049327,2149.7135131040704,148.27162749134004,169.70958020247053,177.7681152257719,1401.7304197332123,1994.2025809868937,2151.0889498647884,6980.122546257917,7997.526419299538,8129.71504905523,7730.492980743293,7765.109251209651,7777.833383537654,6154.050258483039,8028.79103050509,8132.857206174231,12128.369338985067,3.298302907595699
mid_l90,mid,90,baichuan2-7b-chat,Baichuan2-7B-Chat,vLLM,2,0.9,40.0,4.0,36.0,1447.7161507529672,2038.0918355076574,2255.381725501793,141.42590999836102,165.11830759991426,174.04222960729385,1489.232743770117,2038.0918355076574,2263.679128682997,6585.189101751894,8390.45279182319,8658.299259570776,8277.76106375677,8312.363035883754,8325.168449273915,5724.508350496762,8475.077671013423,8661.777055051061,11636.495590501,3.4374691139630738
mid_l90,mid,90,gemma-2-9b-it,Gemma-2-9B-IT,CUCUMIS,2,0.9,40.0,4.0,36.0,508.08078797126655,990.654270304367,1083.9050646164105,274.96492373757064,284.7516935260501,288.3040042722132,572.0819175039651,995.4193735029548,1087.9593046571242,9549.1153014882,9913.110176919145,10044.89995034819,9628.029834246263,9640.172165023978,9644.758006070915,9516.597925248789,9914.488184513175,10045.215966107207,15316.206503484864,2.611709875714527
mid_l90,mid,90,gemma-2-9b-it,Gemma-2-9B-IT,CUCUMIS-II,2,0.9,40.0,4.0,36.0,2260.86557652161,3863.8008852954954,4139.399997732835,255.96798076003324,263.385541504249,263.385541504249,2376.8090170051437,3898.4791724942625,4144.8664379131515,11866.32935324451,12184.528538276209,12412.097226533515,11432.114223003737,11433.426878592581,11433.904849598475,11896.30491148273,12192.896679480327,12417.940226632345,17531.09848650638,2.281680244803974
mid_l90,mid,90,gemma-2-9b-it,Gemma-2-9B-IT,CUCUMIS-Strict,2,0.9,40.0,4.0,36.0,2249.8508319840766,3868.186279956717,4070.632062526711,255.29524876037613,261.24214101582766,261.24214101582766,2363.333871748182,3868.186279956717,4072.566762265342,11881.921691980097,12193.437197789899,12425.23338778672,11428.358140256023,11428.97912634653,11429.103155028424,11904.236297006719,12216.391338777612,12431.181409246346,17565.534378489247,2.277188628469052
mid_l90,mid,90,gemma-2-9b-it,Gemma-2-9B-IT,Chunked prefill,2,0.9,40.0,4.0,36.0,2292.617865256034,3826.801721591619,4215.6635045673465,274.57207776024006,275.98350085609127,276.285011342552,2357.4777922331123,3886.8811819847906,4217.6493620470865,12490.723252514726,12881.411151753855,13146.35963437322,11752.363455016166,11754.38275175984,11755.121753233252,12556.725288013695,12886.8131487543,13150.365522233187,18470.708733511856,2.16560444566842
mid_l90,mid,90,gemma-2-9b-it,Gemma-2-9B-IT,Sarathi,2,0.9,40.0,4.0,36.0,2317.961743246997,3888.1497530761408,4199.558302337246,254.72549576079473,261.9666737737134,262.1812137454981,2470.231499231886,3915.059573497274,4204.616548916965,11939.004926243797,12225.04611146287,12374.561956357502,11488.562975762761,11494.998609638424,11495.475580693746,11984.981049026828,12228.081665263744,12380.021636119636,17566.047287982656,2.277133742491384
mid_l90,mid,90,gemma-2-9b-it,Gemma-2-9B-IT,vLLM,2,0.9,40.0,4.0,36.0,2513.1513522501336,3562.006457467214,3842.061124549946,253.35859225015156,259.27224350743927,259.27224350743927,2645.4546472377842,3577.130789475632,3846.898804389639,12021.191280990024,13116.186640880187,13311.868571850355,12572.557898995,12573.312214796897,12573.603165177628,11944.77252298384,13139.18787847797,13312.107461350388,16928.471976018045,2.3628830819182567
mid_l90,mid,90,gemma-7b-it,Gemma-7B-IT,CUCUMIS,2,0.9,40.0,4.0,36.0,532.8984244988533,1057.272727592499,1152.8449173850822,185.2538937382633,240.98835403856356,256.6214907958056,607.5083932519192,1064.7429700038629,1152.8496189843281,6529.7763275157195,7453.99501195061,7697.014928948192,7324.756790272659,7428.91145645408,7445.7938324450515,6378.348396727233,7448.625596007332,7701.495117107697,11244.094054505695,3.5591247560871797
mid_l90,mid,90,gemma-7b-it,Gemma-7B-IT,CUCUMIS-II,2,0.9,40.0,4.0,36.0,3402.532720268937,6264.258734454052,7198.968309861666,244.11327901179902,285.4633483075304,293.556959835405,3679.3275004893076,6337.558306244318,7218.031534082546,12032.430819250294,12577.523826394463,12799.352526546281,12112.351661009598,12163.527237868402,12170.147558354656,12010.486015758943,12602.64740200364,12800.785895566514,17732.865364523605,2.25683960840935
mid_l90,mid,90,gemma-7b-it,Gemma-7B-IT,CUCUMIS-Strict,2,0.9,40.0,4.0,36.0,3399.795115023153,6348.951728653628,6895.853111725301,235.54143999353983,283.95712831115816,292.2793488352909,3682.887370014214,6390.457865258213,6912.121457443573,11960.760139016202,12476.023404244916,12706.089286190982,12015.151943996898,12115.784189087572,12141.78567590192,11936.481279015425,12503.270287255873,12707.35701944941,17476.61455796333,2.2901357686753574
mid_l90,mid,90,gemma-7b-it,Gemma-7B-IT,Chunked prefill,2,0.9,40.0,4.0,36.0,3351.561638264684,6057.123570481781,6848.71548406576,224.38758950738702,278.7824408587767,286.753164989932,3576.722374011297,6060.779152263422,6864.272851905844,11672.309648245573,12162.83159427985,12429.342432022677,11755.502185507794,11824.22510033648,11835.898589616118,11651.588933498715,12198.18385549297,12431.834620123846,17283.463525993284,2.314627911065291
mid_l90,mid,90,gemma-7b-it,Gemma-7B-IT,Sarathi,2,0.9,40.0,4.0,36.0,3414.7114099905593,6187.972354263184,6547.692533864465,234.88660948351026,252.74733332626056,254.00461140758125,3647.0407400047407,6265.603911262588,6550.873294904886,12003.290931490483,12370.002345051034,12530.788725650636,11906.8086152256,11987.987294630148,12012.926065893844,12030.188268996426,12378.457899249042,12532.361117791152,17410.681598528754,2.2974437822402907
mid_l90,mid,90,gemma-7b-it,Gemma-7B-IT,vLLM,2,0.9,40.0,4.0,36.0,3594.8550342727685,5817.442004338955,6853.466629930772,228.44683774746954,279.0436745417537,287.4144282497582,4021.132718247827,5881.573681734153,6879.2097876314065,12194.33038023999,13344.430504145566,13655.726154724252,13097.140842233784,13166.496840270702,13183.048677953193,11910.878492737538,13394.023794739041,13657.282684804522,17355.599656526465,2.3047357175111443
mid_l90,mid,90,mistral-7b-instruct-v0.2,Mistral-7B-Instruct-v0.2,CUCUMIS,2,0.9,40.0,4.0,36.0,444.6613912441535,731.7156081437133,831.753208602313,166.53465600393247,202.01809674617834,215.2293027169071,481.4192642515991,735.6072187540121,834.6902738208881,6478.807457737275,6942.766128593939,6991.263760221191,6667.801246760064,6706.028272895492,6720.593069729803,6332.925429014722,6945.997290997184,6991.583395842463,11532.854525488801,3.4696970343956597
mid_l90,mid,90,mistral-7b-instruct-v0.2,Mistral-7B-Instruct-v0.2,CUCUMIS-II,2,0.9,40.0,4.0,36.0,1614.8446632432751,2784.830922304536,2951.616834885208,164.42963073495775,184.24837403581478,191.75179189653136,1773.5816932399757,2791.271261507063,2953.304075304186,8767.796163243474,9196.189349103952,9305.554511987139,8766.61141673685,8788.246197576518,8796.400414381933,8770.610909748939,9202.098805486457,9309.306045167614,13677.535870985594,2.9245034763069295
mid_l90,mid,90,mistral-7b-instruct-v0.2,Mistral-7B-Instruct-v0.2,CUCUMIS-Strict,2,0.9,40.0,4.0,36.0,1630.609739004285,2749.1097558289766,2946.582994547207,156.54910674493294,181.93177125358488,190.73688368109288,1767.139764764579,2764.3438950181007,2949.8605792061426,8653.311421760009,9088.461389383883,9208.196055881563,8695.730531486333,8727.44779039931,8739.13223399868,8581.5782819991,9091.453676766832,9212.099461382604,13446.694042504532,2.9760342401984685
mid_l90,mid,90,mistral-7b-instruct-v0.2,Mistral-7B-Instruct-v0.2,Chunked prefill,2,0.9,40.0,4.0,36.0,1600.1775189797627,2588.8793765043374,2857.6255691921688,160.086113246507,179.5863433595514,185.80846380005823,1756.4746862481115,2588.8793765043374,2864.646230351354,8384.519475250272,8865.443823079113,9018.930077272234,8532.238579762634,8575.688711111434,8592.282493424718,8246.7550989968,8873.85762349004,9022.94846791192,12976.31762601668,3.082565201056945
mid_l90,mid,90,mistral-7b-instruct-v0.2,Mistral-7B-Instruct-v0.2,Sarathi,2,0.9,40.0,4.0,36.0,1622.74405475182,2686.376701577683,2931.0258275439264,165.61504175479058,179.43997890979517,182.8628747552284,1779.8139202641323,2717.506531989784,2936.9557029247517,8445.508931748918,8933.445313564152,9099.42959350301,8602.744807256386,8648.33686214697,8664.807130660338,8325.345899254899,8946.151361757074,9103.893112682272,13070.50612999592,3.0606482802052093
mid_l90,mid,90,mistral-7b-instruct-v0.2,Mistral-7B-Instruct-v0.2,vLLM,2,0.9,40.0,4.0,36.0,1898.5817167704226,2607.553778437432,2933.9639528287807,151.78020075836685,180.03731420321856,189.76680225896416,2017.7662647765828,2618.5280122444965,2943.087258029845,8890.616961245541,9601.950014577596,9732.734280837758,9253.424069756875,9297.838849356049,9313.883946433489,8645.685885770945,9603.274766981485,9736.495378958352,12619.09538198961,3.1698010477421175
mid_l90,mid,90,qwen2.5-7b-instruct,Qwen2.5-7B-Instruct,CUCUMIS,2,0.9,40.0,4.0,36.0,395.56575326423626,653.4908267203718,778.8600050553214,131.67310199060012,172.61570174014196,188.26444341393653,422.2559975023614,670.6061895238236,782.18100007507,5249.582002259558,5843.333259571227,5900.273564211966,5635.166010732064,5644.870787023683,5647.324161325523,5225.637793759233,5852.947872001096,5900.444135470025,10353.602422983386,3.8668020304947204
mid_l90,mid,90,qwen2.5-7b-instruct,Qwen2.5-7B-Instruct,CUCUMIS-II,2,0.9,40.0,4.0,36.0,1229.8249874875182,1825.1910636696268,2055.8633128978545,125.63962874992285,159.0407396084629,171.8097856233362,1312.4379185028374,1876.3110062718624,2061.17562239815,7348.977072513662,7873.013790385448,7925.304688589822,7543.650399005855,7572.367148063495,7582.965710910212,7141.181360493647,7873.525368006085,7926.33970099123,11579.141823516693,3.4545019058910618
mid_l90,mid,90,qwen2.5-7b-instruct,Qwen2.5-7B-Instruct,CUCUMIS-Strict,2,0.9,40.0,4.0,36.0,1243.8095484831138,1799.6001627005173,2050.941003387852,129.0143140067812,159.92311002337374,171.77407422394026,1325.555670526228,1853.1805755046662,2054.1165269867633,7364.66458774521,7874.61780103622,7933.537685978517,7549.964585254202,7573.410574064474,7581.981561124267,7170.543643485871,7875.119885255117,7934.669757519441,11631.675073498627,3.4389231873108823
mid_l90,mid,90,qwen2.5-7b-instruct,Qwen2.5-7B-Instruct,Chunked prefill,2,0.9,40.0,4.0,36.0,1229.2081297637196,1856.7594486783491,2040.5431734307786,126.66814975091256,158.77012725395616,170.73669532575877,1311.1272390087834,1882.2144154837588,2045.7703267704346,7283.788032509619,7839.1240933095105,7901.7960059133475,7524.90896123345,7556.834464755957,7568.888782835857,7085.873399744742,7840.690534503665,7902.565415973368,11542.739931988763,3.46544469347755
mid_l90,mid,90,qwen2.5-7b-instruct,Qwen2.5-7B-Instruct,Sarathi,2,0.9,40.0,4.0,36.0,1290.1193875004537,1943.9237862534355,2094.1250217927154,127.54113653500099,159.59873296087608,171.65034184989054,1380.323796227458,1945.2146292605903,2095.8663066325244,7377.178636248573,7905.451578335487,7969.9716304350295,7588.708685754682,7620.137155029806,7631.953849879501,7166.139472756186,7907.121509735589,7970.9400557752815,11639.845511992462,3.4364718329884214
mid_l90,mid,90,qwen2.5-7b-instruct,Qwen2.5-7B-Instruct,vLLM,2,0.9,40.0,4.0,36.0,1567.2414945147466,2110.5703200155403,2337.901427016768,143.57060026668478,285.6090966408374,340.2927445920067,1635.5394127604086,2110.5703200155403,2341.6936659355997,8028.8069769740105,8838.024353818037,9054.334914084466,8571.540111486684,8686.574673827272,8693.346145707765,7744.214226753684,8803.357252749265,9055.67006648489,11838.081385998521,3.3821868566504447
