density,density_level,target_long_fraction_pct,model_key,model_label,method,method_variant,resource_profile,kv_profile,repeat_index,req_id,prefill_service_ms,decode_service_ms,decode_first_token_ms,source_first_latency_ms,source_finish_latency_ms
high_l10,high,10,baichuan2-7b-chat,baichuan-inc--Baichuan2-7B-Chat,DistServe,DistServe-2A100,distserve_2a100,realistic_pcie,0,long_a,215.41439701104537,1035.5788050219417,8.456240000668913,223.87063701171428,1250.993202032987
high_l10,high,10,baichuan2-7b-chat,baichuan-inc--Baichuan2-7B-Chat,DistServe,DistServe-2A100,distserve_2a100,realistic_pcie,0,long_b,267.22567703109235,4622.778364981059,6.454810965806246,273.6804879968986,4890.004042012151
high_l10,high,10,baichuan2-7b-chat,baichuan-inc--Baichuan2-7B-Chat,DistServe,DistServe-2A100,distserve_2a100,realistic_pcie,0,long_extra_00,222.3257980076596,1323.7697359872982,6.337841972708702,228.66363998036832,1546.0955339949578
high_l10,high,10,baichuan2-7b-chat,baichuan-inc--Baichuan2-7B-Chat,DistServe,DistServe-2A100,distserve_2a100,realistic_pcie,0,long_extra_01,218.64951599854976,4639.271288004238,6.320845044683665,224.97036104323342,4857.920804002788
high_l10,high,10,baichuan2-7b-chat,baichuan-inc--Baichuan2-7B-Chat,DistServe,DistServe-2A100,distserve_2a100,realistic_pcie,0,mid_b,75.87380200857297,4612.097682023887,1.726512040477246,77.60031404905021,4687.97148403246
high_l10,high,10,baichuan2-7b-chat,baichuan-inc--Baichuan2-7B-Chat,DistServe,DistServe-2A100,distserve_2a100,realistic_pcie,0,short_a,76.68789103627205,4608.1872749491595,1.7460629460401833,78.43395398231223,4684.8751659854315
high_l10,high,10,baichuan2-7b-chat,baichuan-inc--Baichuan2-7B-Chat,DistServe,DistServe-2A100,distserve_2a100,realistic_pcie,0,short_extra_00,78.70987500064075,4619.336765026674,0.2974399831146002,79.00731498375535,4698.046640027314
high_l10,high,10,baichuan2-7b-chat,baichuan-inc--Baichuan2-7B-Chat,DistServe,DistServe-2A100,distserve_2a100,realistic_pcie,0,short_extra_01,76.9332519848831,4633.962528023403,1.2188510154373944,78.1521030003205,4710.895780008286
high_l10,high,10,baichuan2-7b-chat,baichuan-inc--Baichuan2-7B-Chat,DistServe,DistServe-2A100,distserve_2a100,realistic_pcie,0,short_extra_02,77.71174499066547,4619.834974000696,1.4565319870598614,79.16827697772533,4697.546718991362
high_l10,high,10,baichuan2-7b-chat,baichuan-inc--Baichuan2-7B-Chat,DistServe,DistServe-2A100,distserve_2a100,realistic_pcie,0,short_extra_03,77.69282098161057,4617.484378977679,2.61609599692747,80.30891697853804,4695.177199959289
high_l10,high,10,baichuan2-7b-chat,baichuan-inc--Baichuan2-7B-Chat,DistServe,DistServe-2A100,distserve_2a100,realistic_pcie,0,short_extra_04,75.92343597207218,4610.055311000906,2.2531870054081082,78.17662297748029,4685.978746972978
high_l10,high,10,baichuan2-7b-chat,baichuan-inc--Baichuan2-7B-Chat,DistServe,DistServe-2A100,distserve_2a100,realistic_pcie,0,short_extra_05,77.4703019997105,4611.557485011872,0.9515270357951522,78.42182903550565,4689.027787011582
high_l10,high,10,baichuan2-7b-chat,baichuan-inc--Baichuan2-7B-Chat,DistServe,DistServe-2A100,distserve_2a100,realistic_pcie,0,short_extra_06,78.91597994603217,3440.048580057919,53.750759063404985,78.39589501963928,3518.964560003951
high_l10,high,10,baichuan2-7b-chat,baichuan-inc--Baichuan2-7B-Chat,DistServe,DistServe-2A100,distserve_2a100,realistic_pcie,0,short_extra_07,76.53983501950279,4618.837728979997,2.192491025198251,78.73232604470104,4695.3775639995
high_l10,high,10,baichuan2-7b-chat,baichuan-inc--Baichuan2-7B-Chat,DistServe,DistServe-2A100,distserve_2a100,realistic_pcie,0,short_extra_08,77.08058302523568,4645.731731958222,1.4530039625242352,78.53358698775992,4722.812314983457
high_l10,high,10,baichuan2-7b-chat,baichuan-inc--Baichuan2-7B-Chat,DistServe,DistServe-2A100,distserve_2a100,realistic_pcie,0,short_extra_09,77.2844249731861,4615.842111001257,1.1968999751843512,78.48132494837046,4693.126535974443
high_l10,high,10,baichuan2-7b-chat,baichuan-inc--Baichuan2-7B-Chat,DistServe,DistServe-2A100,distserve_2a100,realistic_pcie,0,short_extra_10,76.5040410333313,1977.3232879815623,3.255635965615511,79.75967699894682,2053.8273290148936
high_l10,high,10,baichuan2-7b-chat,baichuan-inc--Baichuan2-7B-Chat,DistServe,DistServe-2A100,distserve_2a100,realistic_pcie,0,short_extra_11,76.59234397578984,4605.635732063092,1.1338420445099473,77.72618602029979,4682.228076038882
high_l10,high,10,baichuan2-7b-chat,baichuan-inc--Baichuan2-7B-Chat,DistServe,DistServe-2A100,distserve_2a100,realistic_pcie,0,short_extra_12,76.68485603062436,4625.682816957124,0.1729579525999725,76.85781398322433,4702.367672987748
high_l10,high,10,baichuan2-7b-chat,baichuan-inc--Baichuan2-7B-Chat,DistServe,DistServe-2A100,distserve_2a100,realistic_pcie,0,short_extra_13,76.79014402674511,4600.171951984521,0.5595049588009715,77.34964898554608,4676.962096011266
high_l10,high,10,baichuan2-7b-chat,baichuan-inc--Baichuan2-7B-Chat,DistServe,DistServe-2A100,distserve_2a100,realistic_pcie,0,short_extra_14,78.53957603219897,4614.632972981781,72.10364020284032,78.39705602964386,4693.17254901398
high_l10,high,10,baichuan2-7b-chat,baichuan-inc--Baichuan2-7B-Chat,DistServe,DistServe-2A100,distserve_2a100,realistic_pcie,0,short_extra_15,77.76443200418726,4609.961376001593,72.03064650002489,76.78315800148994,4687.72580800578
high_l10,high,10,baichuan2-7b-chat,baichuan-inc--Baichuan2-7B-Chat,DistServe,DistServe-2A100,distserve_2a100,realistic_pcie,0,short_extra_16,77.42532104020938,4607.613865926396,1.0938699124380946,78.51919095264748,4685.0391869666055
high_l10,high,10,baichuan2-7b-chat,baichuan-inc--Baichuan2-7B-Chat,DistServe,DistServe-2A100,distserve_2a100,realistic_pcie,0,short_extra_17,151.261874998454,4626.557700976264,3.044069977477193,154.3059449759312,4777.819575974718
high_l10,high,10,baichuan2-7b-chat,baichuan-inc--Baichuan2-7B-Chat,DistServe,DistServe-2A100,distserve_2a100,realistic_pcie,0,short_extra_18,76.43255003495142,4604.252259945497,0.8610999793745577,77.29365001432598,4680.684809980448
high_l10,high,10,baichuan2-7b-chat,baichuan-inc--Baichuan2-7B-Chat,DistServe,DistServe-2A100,distserve_2a100,realistic_pcie,0,short_extra_19,77.285050007049,4625.732187996618,1.9791139638982713,79.26416397094727,4703.017238003667
high_l10,high,10,baichuan2-7b-chat,baichuan-inc--Baichuan2-7B-Chat,DistServe,DistServe-2A100,distserve_2a100,realistic_pcie,0,short_extra_20,76.39495097100735,4640.529296069872,1.2760020326822996,77.67095300368965,4716.924247040879
high_l10,high,10,baichuan2-7b-chat,baichuan-inc--Baichuan2-7B-Chat,DistServe,DistServe-2A100,distserve_2a100,realistic_pcie,0,short_extra_21,76.14148105494678,4616.190463944804,2.5912479031831026,78.73272895812988,4692.331944999751
high_l10,high,10,baichuan2-7b-chat,baichuan-inc--Baichuan2-7B-Chat,DistServe,DistServe-2A100,distserve_2a100,realistic_pcie,0,short_extra_22,76.594085956458,4625.2222040784545,1.465665060095489,78.05975101655349,4701.8162900349125
high_l10,high,10,baichuan2-7b-chat,baichuan-inc--Baichuan2-7B-Chat,DistServe,DistServe-2A100,distserve_2a100,realistic_pcie,0,short_extra_23,76.39503997052088,4607.635420979932,2.3492969921790063,78.74433696269989,4684.030460950453
high_l10,high,10,baichuan2-7b-chat,baichuan-inc--Baichuan2-7B-Chat,DistServe,DistServe-2A100,distserve_2a100,realistic_pcie,0,short_extra_24,76.60539995413274,4615.842264029197,2.522400056477636,79.12780001061037,4692.44766398333
high_l10,high,10,baichuan2-7b-chat,baichuan-inc--Baichuan2-7B-Chat,DistServe,DistServe-2A100,distserve_2a100,realistic_pcie,0,short_extra_25,76.05065201641992,4616.72459699912,1.5669569838792086,77.61760900029913,4692.77524901554
high_l10,high,10,baichuan2-7b-chat,baichuan-inc--Baichuan2-7B-Chat,DistServe,DistServe-2A100,distserve_2a100,realistic_pcie,0,short_extra_26,76.70445699477568,4620.508852996863,2.345462969969958,79.04991996474564,4697.213309991639
high_l10,high,10,baichuan2-7b-chat,baichuan-inc--Baichuan2-7B-Chat,DistServe,DistServe-2A100,distserve_2a100,realistic_pcie,0,short_extra_27,77.5243720272556,4600.617332966067,0.9529839735478163,78.47735600080341,4678.1417049933225
high_l10,high,10,baichuan2-7b-chat,baichuan-inc--Baichuan2-7B-Chat,DistServe,DistServe-2A100,distserve_2a100,realistic_pcie,0,short_extra_28,76.49684202624485,4630.81246096408,2.40457896143198,78.90142098767683,4707.309302990325
high_l10,high,10,baichuan2-7b-chat,baichuan-inc--Baichuan2-7B-Chat,DistServe,DistServe-2A100,distserve_2a100,realistic_pcie,0,short_extra_29,76.99886005138978,4637.433491938282,1.8593539134599268,78.85821396484971,4714.432351989672
high_l10,high,10,baichuan2-7b-chat,baichuan-inc--Baichuan2-7B-Chat,DistServe,DistServe-2A100,distserve_2a100,realistic_pcie,0,short_extra_30,77.4933029897511,4607.331811974291,1.2081479653716087,78.70145095512271,4684.825114964042
high_l10,high,10,baichuan2-7b-chat,baichuan-inc--Baichuan2-7B-Chat,DistServe,DistServe-2A100,distserve_2a100,realistic_pcie,0,short_extra_31,76.05315296677873,4610.877914004959,1.5585790388286114,77.61173200560734,4686.931066971738
high_l10,high,10,baichuan2-7b-chat,baichuan-inc--Baichuan2-7B-Chat,DistServe,DistServe-2A100,distserve_2a100,realistic_pcie,0,short_extra_32,77.19968596938998,4628.447621013038,72.31949407832872,77.15622498653829,4705.647306982428
high_l10,high,10,baichuan2-7b-chat,baichuan-inc--Baichuan2-7B-Chat,DistServe,DistServe-2A100,distserve_2a100,realistic_pcie,0,short_extra_33,76.98933099163696,4630.24172198493,2.292096964083612,79.28142795572057,4707.231052976567
high_l10,high,10,baichuan2-7b-chat,baichuan-inc--Baichuan2-7B-Chat,DistServe,DistServe-2A100,distserve_2a100,realistic_pcie,1,long_a,217.05888700671494,1024.0145919960923,4.38008300261572,221.43897000933066,1241.0734790028073
high_l10,high,10,baichuan2-7b-chat,baichuan-inc--Baichuan2-7B-Chat,DistServe,DistServe-2A100,distserve_2a100,realistic_pcie,1,long_b,267.88920594844967,4656.572787032928,6.095970049500465,273.98517599795014,4924.461992981378
high_l10,high,10,baichuan2-7b-chat,baichuan-inc--Baichuan2-7B-Chat,DistServe,DistServe-2A100,distserve_2a100,realistic_pcie,1,long_extra_00,221.0059550125152,1330.6278829695657,9.119757974985987,230.12571298750117,1551.6338379820809
high_l10,high,10,baichuan2-7b-chat,baichuan-inc--Baichuan2-7B-Chat,DistServe,DistServe-2A100,distserve_2a100,realistic_pcie,1,long_extra_01,222.33672899892554,4637.054327991791,2.691481029614806,225.02821002854034,4859.391056990717
high_l10,high,10,baichuan2-7b-chat,baichuan-inc--Baichuan2-7B-Chat,DistServe,DistServe-2A100,distserve_2a100,realistic_pcie,1,mid_b,76.85039099305868,4607.581832970027,71.99346614015667,76.29634294426069,4684.432223963086
high_l10,high,10,baichuan2-7b-chat,baichuan-inc--Baichuan2-7B-Chat,DistServe,DistServe-2A100,distserve_2a100,realistic_pcie,1,short_a,76.28067198675126,4602.163001021836,2.385870029684156,78.66654201643541,4678.443673008587
high_l10,high,10,baichuan2-7b-chat,baichuan-inc--Baichuan2-7B-Chat,DistServe,DistServe-2A100,distserve_2a100,realistic_pcie,1,short_extra_00,76.51994202751666,4623.410880973097,1.4927689917385578,78.01271101925522,4699.930823000614
high_l10,high,10,baichuan2-7b-chat,baichuan-inc--Baichuan2-7B-Chat,DistServe,DistServe-2A100,distserve_2a100,realistic_pcie,1,short_extra_01,78.8532070000656,4610.635350982193,72.04117735909676,78.09129898669198,4689.4885579822585
high_l10,high,10,baichuan2-7b-chat,baichuan-inc--Baichuan2-7B-Chat,DistServe,DistServe-2A100,distserve_2a100,realistic_pcie,1,short_extra_02,78.02004198310897,4608.833165024407,0.7626260630786419,78.78266804618761,4686.853207007516
high_l10,high,10,baichuan2-7b-chat,baichuan-inc--Baichuan2-7B-Chat,DistServe,DistServe-2A100,distserve_2a100,realistic_pcie,1,short_extra_03,76.88921299995854,4617.008995031938,0.5494389915838838,77.43865199154243,4693.8982080318965
high_l10,high,10,baichuan2-7b-chat,baichuan-inc--Baichuan2-7B-Chat,DistServe,DistServe-2A100,distserve_2a100,realistic_pcie,1,short_extra_04,75.75885200640187,4619.47560403496,3.5815900191664696,79.34044202556834,4695.234456041362
high_l10,high,10,baichuan2-7b-chat,baichuan-inc--Baichuan2-7B-Chat,DistServe,DistServe-2A100,distserve_2a100,realistic_pcie,1,short_extra_05,77.3113279719837,4608.196185028646,0.19737903494387865,77.50870700692758,4685.50751300063
high_l10,high,10,baichuan2-7b-chat,baichuan-inc--Baichuan2-7B-Chat,DistServe,DistServe-2A100,distserve_2a100,realistic_pcie,1,short_extra_06,78.10285105369985,3470.9593919687904,0.09600899647921324,78.19886005017906,3549.0622430224903
high_l10,high,10,baichuan2-7b-chat,baichuan-inc--Baichuan2-7B-Chat,DistServe,DistServe-2A100,distserve_2a100,realistic_pcie,1,short_extra_07,76.2411379837431,4616.270964033902,1.1782720102928579,77.41940999403596,4692.512102017645
high_l10,high,10,baichuan2-7b-chat,baichuan-inc--Baichuan2-7B-Chat,DistServe,DistServe-2A100,distserve_2a100,realistic_pcie,1,short_extra_08,77.03532499726862,4625.411288056057,0.8275260333903134,77.86285103065893,4702.446613053326
high_l10,high,10,baichuan2-7b-chat,baichuan-inc--Baichuan2-7B-Chat,DistServe,DistServe-2A100,distserve_2a100,realistic_pcie,1,short_extra_09,76.54978899518028,4610.147153027356,72.03354926605243,76.54287503100932,4686.696942022536
high_l10,high,10,baichuan2-7b-chat,baichuan-inc--Baichuan2-7B-Chat,DistServe,DistServe-2A100,distserve_2a100,realistic_pcie,1,short_extra_10,77.76064600329846,1977.4567619897425,0.10198901873081923,77.86263502202928,2055.217407993041
high_l10,high,10,baichuan2-7b-chat,baichuan-inc--Baichuan2-7B-Chat,DistServe,DistServe-2A100,distserve_2a100,realistic_pcie,1,short_extra_11,77.05720298690721,4611.3341029849835,72.05209535914037,76.86400599777699,4688.391305971891
high_l10,high,10,baichuan2-7b-chat,baichuan-inc--Baichuan2-7B-Chat,DistServe,DistServe-2A100,distserve_2a100,realistic_pcie,1,short_extra_12,75.71449602255598,4595.163509948179,1.4731019618920982,77.18759798444808,4670.878005970735
high_l10,high,10,baichuan2-7b-chat,baichuan-inc--Baichuan2-7B-Chat,DistServe,DistServe-2A100,distserve_2a100,realistic_pcie,1,short_extra_13,77.41859200177714,4601.74662200734,0.1378969755023718,77.55648897727951,4679.165214009117
high_l10,high,10,baichuan2-7b-chat,baichuan-inc--Baichuan2-7B-Chat,DistServe,DistServe-2A100,distserve_2a100,realistic_pcie,1,short_extra_14,76.29203802207485,4628.1697289668955,1.656999986153096,77.94903800822794,4704.46176698897
high_l10,high,10,baichuan2-7b-chat,baichuan-inc--Baichuan2-7B-Chat,DistServe,DistServe-2A100,distserve_2a100,realistic_pcie,1,short_extra_15,80.43587603606284,4617.325582948979,72.1457122335778,77.52735196845606,4697.761458985042
high_l10,high,10,baichuan2-7b-chat,baichuan-inc--Baichuan2-7B-Chat,DistServe,DistServe-2A100,distserve_2a100,realistic_pcie,1,short_extra_16,76.62848604377359,4635.518534923904,2.890526957344264,79.51901300111786,4712.147020967677
high_l10,high,10,baichuan2-7b-chat,baichuan-inc--Baichuan2-7B-Chat,DistServe,DistServe-2A100,distserve_2a100,realistic_pcie,1,short_extra_17,76.46313396980986,4654.428061039653,1.4907399890944362,77.9538739589043,4730.8911950094625
high_l10,high,10,baichuan2-7b-chat,baichuan-inc--Baichuan2-7B-Chat,DistServe,DistServe-2A100,distserve_2a100,realistic_pcie,1,short_extra_18,76.06203900650144,4616.7380010010675,1.650354010052979,77.71239301655442,4692.800040007569
high_l10,high,10,baichuan2-7b-chat,baichuan-inc--Baichuan2-7B-Chat,DistServe,DistServe-2A100,distserve_2a100,realistic_pcie,1,short_extra_19,77.21830601803958,4619.80364396004,1.5003120061010122,78.7186180241406,4697.02194997808
high_l10,high,10,baichuan2-7b-chat,baichuan-inc--Baichuan2-7B-Chat,DistServe,DistServe-2A100,distserve_2a100,realistic_pcie,1,short_extra_20,76.77066104952246,4592.742669919971,1.725788926705718,78.49644997622818,4669.513330969494
high_l10,high,10,baichuan2-7b-chat,baichuan-inc--Baichuan2-7B-Chat,DistServe,DistServe-2A100,distserve_2a100,realistic_pcie,1,short_extra_21,77.09549996070564,4597.639088053256,1.5870040515437722,78.68250401224941,4674.734588013962
high_l10,high,10,baichuan2-7b-chat,baichuan-inc--Baichuan2-7B-Chat,DistServe,DistServe-2A100,distserve_2a100,realistic_pcie,1,short_extra_22,76.89816498896107,4618.459496006835,2.1269419812597334,79.0251069702208,4695.357660995796
high_l10,high,10,baichuan2-7b-chat,baichuan-inc--Baichuan2-7B-Chat,DistServe,DistServe-2A100,distserve_2a100,realistic_pcie,1,short_extra_23,77.30729703325778,4595.346203946974,0.6289499578997493,77.93624699115753,4672.653500980232
high_l10,high,10,baichuan2-7b-chat,baichuan-inc--Baichuan2-7B-Chat,DistServe,DistServe-2A100,distserve_2a100,realistic_pcie,1,short_extra_24,77.29712902801111,4630.269992980175,0.9598609758540988,78.25699000386521,4707.567122008186
high_l10,high,10,baichuan2-7b-chat,baichuan-inc--Baichuan2-7B-Chat,DistServe,DistServe-2A100,distserve_2a100,realistic_pcie,1,short_extra_25,76.94277004338801,4615.004550956655,0.10672095231711864,77.04949099570513,4691.947321000043
high_l10,high,10,baichuan2-7b-chat,baichuan-inc--Baichuan2-7B-Chat,DistServe,DistServe-2A100,distserve_2a100,realistic_pcie,1,short_extra_26,77.24879099987447,4603.359077009372,1.5671709552407265,78.8159619551152,4680.607868009247
high_l10,high,10,baichuan2-7b-chat,baichuan-inc--Baichuan2-7B-Chat,DistServe,DistServe-2A100,distserve_2a100,realistic_pcie,1,short_extra_27,76.16676896577701,4599.875019048341,1.482541032601148,77.64930999837816,4676.041788014118
high_l10,high,10,baichuan2-7b-chat,baichuan-inc--Baichuan2-7B-Chat,DistServe,DistServe-2A100,distserve_2a100,realistic_pcie,1,short_extra_28,77.5378179969266,947.5460510002449,14.805407046878827,77.46149302693084,1025.0838689971715
high_l10,high,10,baichuan2-7b-chat,baichuan-inc--Baichuan2-7B-Chat,DistServe,DistServe-2A100,distserve_2a100,realistic_pcie,1,short_extra_29,76.13963901530951,4639.413386001252,1.6089699929580092,77.74860900826752,4715.553025016561
high_l10,high,10,baichuan2-7b-chat,baichuan-inc--Baichuan2-7B-Chat,DistServe,DistServe-2A100,distserve_2a100,realistic_pcie,1,short_extra_30,78.69818899780512,4598.901629971806,71.85783796830947,78.10773799428716,4677.599818969611
high_l10,high,10,baichuan2-7b-chat,baichuan-inc--Baichuan2-7B-Chat,DistServe,DistServe-2A100,distserve_2a100,realistic_pcie,1,short_extra_31,75.867947016377,4595.964875945356,1.1900699464604259,77.05801696283743,4671.832822961733
high_l10,high,10,baichuan2-7b-chat,baichuan-inc--Baichuan2-7B-Chat,DistServe,DistServe-2A100,distserve_2a100,realistic_pcie,1,short_extra_32,77.76813401142135,4610.879717976786,72.04499559338728,77.22582900896668,4688.647851988208
high_l10,high,10,baichuan2-7b-chat,baichuan-inc--Baichuan2-7B-Chat,DistServe,DistServe-2A100,distserve_2a100,realistic_pcie,1,short_extra_33,76.95106801111251,4616.688748006709,1.8489659996703267,78.80003401078284,4693.639816017821
high_l10,high,10,gemma-2-9b-it,google--gemma-2-9b-it,DistServe,DistServe-2A100,distserve_2a100,realistic_pcie,0,long_a,327.0559749798849,2152.4575329967774,11.044344981200993,338.1003199610859,2479.5135079766624
high_l10,high,10,gemma-2-9b-it,google--gemma-2-9b-it,DistServe,DistServe-2A100,distserve_2a100,realistic_pcie,0,long_b,362.05036100000143,8435.307772015221,8.822103030979633,370.87246403098106,8797.358133015223
high_l10,high,10,gemma-2-9b-it,google--gemma-2-9b-it,DistServe,DistServe-2A100,distserve_2a100,realistic_pcie,0,long_extra_00,331.03706198744476,1475.9696699911729,8.130980015266687,339.16804200271145,1807.0067319786176
high_l10,high,10,gemma-2-9b-it,google--gemma-2-9b-it,DistServe,DistServe-2A100,distserve_2a100,realistic_pcie,0,long_extra_01,337.3642729711719,8410.366586060263,8.17052205093205,345.53479502210394,8747.730859031435
high_l10,high,10,gemma-2-9b-it,google--gemma-2-9b-it,DistServe,DistServe-2A100,distserve_2a100,realistic_pcie,0,mid_b,141.30566199310124,8402.79385598842,1.7139179981313646,143.0195799912326,8544.099517981522
high_l10,high,10,gemma-2-9b-it,google--gemma-2-9b-it,DistServe,DistServe-2A100,distserve_2a100,realistic_pcie,0,short_a,141.1538829561323,8397.985863033682,1.9623500411398709,143.11623299727216,8539.139745989814
high_l10,high,10,gemma-2-9b-it,google--gemma-2-9b-it,DistServe,DistServe-2A100,distserve_2a100,realistic_pcie,0,short_extra_00,141.45430899225175,8420.35313800443,1.7599260318093002,143.21423502406105,8561.807446996681
high_l10,high,10,gemma-2-9b-it,google--gemma-2-9b-it,DistServe,DistServe-2A100,distserve_2a100,realistic_pcie,0,short_extra_01,141.94254897302017,8486.465024063364,1.4490850153379142,143.39163398835808,8628.407573036384
high_l10,high,10,gemma-2-9b-it,google--gemma-2-9b-it,DistServe,DistServe-2A100,distserve_2a100,realistic_pcie,0,short_extra_02,141.37894997838885,8418.353643035516,3.3915130188688636,144.7704629972577,8559.732593013905
high_l10,high,10,gemma-2-9b-it,google--gemma-2-9b-it,DistServe,DistServe-2A100,distserve_2a100,realistic_pcie,0,short_extra_03,141.2675699684769,8387.373932055198,2.4479610146954656,143.71553098317236,8528.641502023675
high_l10,high,10,gemma-2-9b-it,google--gemma-2-9b-it,DistServe,DistServe-2A100,distserve_2a100,realistic_pcie,0,short_extra_04,143.8707130146213,8690.225170983467,135.78476829661668,143.52628699271008,8834.095883998089
high_l10,high,10,gemma-2-9b-it,google--gemma-2-9b-it,DistServe,DistServe-2A100,distserve_2a100,realistic_pcie,0,short_extra_05,143.7435140251182,8430.412495974451,0.15547696966677904,143.89899099478498,8574.15600999957
high_l10,high,10,gemma-2-9b-it,google--gemma-2-9b-it,DistServe,DistServe-2A100,distserve_2a100,realistic_pcie,0,short_extra_06,142.0715120038949,8401.384835015051,1.0303170420229435,143.10182904591784,8543.456347018946
high_l10,high,10,gemma-2-9b-it,google--gemma-2-9b-it,DistServe,DistServe-2A100,distserve_2a100,realistic_pcie,0,short_extra_07,142.46946398634464,8438.667933980469,3.2384379883296788,145.70790197467431,8581.137397966813
high_l10,high,10,gemma-2-9b-it,google--gemma-2-9b-it,DistServe,DistServe-2A100,distserve_2a100,realistic_pcie,0,short_extra_08,141.44635200500488,8424.232835997827,3.4554090234450996,144.90176102844998,8565.679188002832
high_l10,high,10,gemma-2-9b-it,google--gemma-2-9b-it,DistServe,DistServe-2A100,distserve_2a100,realistic_pcie,0,short_extra_09,141.48320199456066,8389.031152997632,0.7026299717836082,142.18583196634427,8530.514354992192
high_l10,high,10,gemma-2-9b-it,google--gemma-2-9b-it,DistServe,DistServe-2A100,distserve_2a100,realistic_pcie,0,short_extra_10,144.04795097652823,8401.52598102577,0.1405969960615039,144.18854797258973,8545.573932002299
high_l10,high,10,gemma-2-9b-it,google--gemma-2-9b-it,DistServe,DistServe-2A100,distserve_2a100,realistic_pcie,0,short_extra_11,142.28169299894944,8405.702812015079,1.5665270038880408,143.84822000283748,8547.984505014028
high_l10,high,10,gemma-2-9b-it,google--gemma-2-9b-it,DistServe,DistServe-2A100,distserve_2a100,realistic_pcie,0,short_extra_12,143.11836700653657,8418.671620020177,2.708036976400763,145.82640398293734,8561.789987026714
high_l10,high,10,gemma-2-9b-it,google--gemma-2-9b-it,DistServe,DistServe-2A100,distserve_2a100,realistic_pcie,0,short_extra_13,140.91345202177763,8421.441390004475,4.154754977207631,145.06820699898526,8562.354842026252
high_l10,high,10,gemma-2-9b-it,google--gemma-2-9b-it,DistServe,DistServe-2A100,distserve_2a100,realistic_pcie,0,short_extra_14,141.85642095981166,8414.603350043762,2.9158120159991086,144.77223297581077,8556.459771003574
high_l10,high,10,gemma-2-9b-it,google--gemma-2-9b-it,DistServe,DistServe-2A100,distserve_2a100,realistic_pcie,0,short_extra_15,142.15607097139582,8417.460581054911,131.52282157898298,141.82612905278802,8559.616652026307
high_l10,high,10,gemma-2-9b-it,google--gemma-2-9b-it,DistServe,DistServe-2A100,distserve_2a100,realistic_pcie,0,short_extra_16,140.49838902428746,8437.116701970808,3.3132399548776448,143.8116289791651,8577.615090995096
high_l10,high,10,gemma-2-9b-it,google--gemma-2-9b-it,DistServe,DistServe-2A100,distserve_2a100,realistic_pcie,0,short_extra_17,296.49967496516183,8390.386106038932,8.937933074776083,305.4376080399379,8686.885781004094
high_l10,high,10,gemma-2-9b-it,google--gemma-2-9b-it,DistServe,DistServe-2A100,distserve_2a100,realistic_pcie,0,short_extra_18,142.9270170046948,8413.23890601052,2.9119839891791344,145.83900099387392,8556.165923015215
high_l10,high,10,gemma-2-9b-it,google--gemma-2-9b-it,DistServe,DistServe-2A100,distserve_2a100,realistic_pcie,0,short_extra_19,145.8010030328296,8406.64697100874,1.1503860005177557,146.95138903334737,8552.44797404157
high_l10,high,10,gemma-2-9b-it,google--gemma-2-9b-it,DistServe,DistServe-2A100,distserve_2a100,realistic_pcie,0,short_extra_20,143.2618239778094,8415.46848602593,2.4328810395672917,145.6947050173767,8558.730310003739
high_l10,high,10,gemma-2-9b-it,google--gemma-2-9b-it,DistServe,DistServe-2A100,distserve_2a100,realistic_pcie,0,short_extra_21,143.25002196710557,8447.202420036774,1.8761460669338703,145.12616803403944,8590.45244200388
high_l10,high,10,gemma-2-9b-it,google--gemma-2-9b-it,DistServe,DistServe-2A100,distserve_2a100,realistic_pcie,0,short_extra_22,141.92726800683886,8435.2379119955,4.386632994282991,146.31390100112185,8577.16518000234
high_l10,high,10,gemma-2-9b-it,google--gemma-2-9b-it,DistServe,DistServe-2A100,distserve_2a100,realistic_pcie,0,short_extra_23,142.45305897202343,8398.103434010409,1.1435250635258853,143.5965840355493,8540.556492982432
high_l10,high,10,gemma-2-9b-it,google--gemma-2-9b-it,DistServe,DistServe-2A100,distserve_2a100,realistic_pcie,0,short_extra_24,141.37884799856693,8413.774023007136,2.8761139838024974,144.25496198236942,8555.152871005703
high_l10,high,10,gemma-2-9b-it,google--gemma-2-9b-it,DistServe,DistServe-2A100,distserve_2a100,realistic_pcie,0,short_extra_25,142.33385998522863,8410.224460996687,1.6601820243522525,143.99404200958088,8552.558320981916
high_l10,high,10,gemma-2-9b-it,google--gemma-2-9b-it,DistServe,DistServe-2A100,distserve_2a100,realistic_pcie,0,short_extra_26,143.6342840315774,8427.08935396513,0.849055009894073,144.48333904147148,8570.723637996707
high_l10,high,10,gemma-2-9b-it,google--gemma-2-9b-it,DistServe,DistServe-2A100,distserve_2a100,realistic_pcie,0,short_extra_27,142.6873099990189,8404.970981995575,2.5786609621718526,145.26597096119076,8547.658291994594
high_l10,high,10,gemma-2-9b-it,google--gemma-2-9b-it,DistServe,DistServe-2A100,distserve_2a100,realistic_pcie,0,short_extra_28,142.71257299697027,8432.6405620086,3.112569043878466,145.82514204084873,8575.353135005571
high_l10,high,10,gemma-2-9b-it,google--gemma-2-9b-it,DistServe,DistServe-2A100,distserve_2a100,realistic_pcie,0,short_extra_29,142.87229999899864,8418.565211002715,0.8480329997837543,143.7203329987824,8561.437511001714
high_l10,high,10,gemma-2-9b-it,google--gemma-2-9b-it,DistServe,DistServe-2A100,distserve_2a100,realistic_pcie,0,short_extra_30,143.62365001579747,8421.441974991467,131.58503085924167,143.5724970069714,8565.065625007264
high_l10,high,10,gemma-2-9b-it,google--gemma-2-9b-it,DistServe,DistServe-2A100,distserve_2a100,realistic_pcie,0,short_extra_31,141.9093559961766,8416.158030973747,2.082786988466978,143.99214298464358,8558.067386969924
high_l10,high,10,gemma-2-9b-it,google--gemma-2-9b-it,DistServe,DistServe-2A100,distserve_2a100,realistic_pcie,0,short_extra_32,141.54276403132826,8406.918398977723,2.941303013358265,144.48406704468653,8548.461163009051
high_l10,high,10,gemma-2-9b-it,google--gemma-2-9b-it,DistServe,DistServe-2A100,distserve_2a100,realistic_pcie,0,short_extra_33,142.697628994938,8405.409754952416,8.624011999927461,151.32164099486545,8548.107383947354
high_l10,high,10,gemma-2-9b-it,google--gemma-2-9b-it,DistServe,DistServe-2A100,distserve_2a100,realistic_pcie,1,long_a,326.6053830157034,1967.04076603055,30.735011969227344,325.9033859940246,2293.6461490462534
high_l10,high,10,gemma-2-9b-it,google--gemma-2-9b-it,DistServe,DistServe-2A100,distserve_2a100,realistic_pcie,1,long_b,359.5571010373533,7648.9151229616255,13.14440491842106,372.70150595577434,8008.472223998979
high_l10,high,10,gemma-2-9b-it,google--gemma-2-9b-it,DistServe,DistServe-2A100,distserve_2a100,realistic_pcie,1,long_extra_00,329.6538349823095,1340.6684210058302,20.947944078216096,329.5494680060074,1670.3222559881397
high_l10,high,10,gemma-2-9b-it,google--gemma-2-9b-it,DistServe,DistServe-2A100,distserve_2a100,realistic_pcie,1,long_extra_01,339.37829703791067,8410.342083952855,3.768223919905722,343.1465209578164,8749.720380990766
high_l10,high,10,gemma-2-9b-it,google--gemma-2-9b-it,DistServe,DistServe-2A100,distserve_2a100,realistic_pcie,1,mid_b,140.74633602285758,7677.879869006574,119.96687295322772,130.47670404193923,7818.626205029432
high_l10,high,10,gemma-2-9b-it,google--gemma-2-9b-it,DistServe,DistServe-2A100,distserve_2a100,realistic_pcie,1,short_a,151.9766069832258,8396.89673599787,131.20151149996673,142.96416798606515,8548.873342981096
high_l10,high,10,gemma-2-9b-it,google--gemma-2-9b-it,DistServe,DistServe-2A100,distserve_2a100,realistic_pcie,1,short_extra_00,142.81668100738898,8405.750302015804,2.876665035728365,145.69334604311734,8548.566983023193
high_l10,high,10,gemma-2-9b-it,google--gemma-2-9b-it,DistServe,DistServe-2A100,distserve_2a100,realistic_pcie,1,short_extra_01,142.21727603580803,7633.245810924564,119.2694657956963,131.9745149812661,7775.463086960372
high_l10,high,10,gemma-2-9b-it,google--gemma-2-9b-it,DistServe,DistServe-2A100,distserve_2a100,realistic_pcie,1,short_extra_02,140.91708802152425,7643.091008998454,119.42329701560084,130.98045700462535,7784.008097019978
high_l10,high,10,gemma-2-9b-it,google--gemma-2-9b-it,DistServe,DistServe-2A100,distserve_2a100,realistic_pcie,1,short_extra_03,142.685922968667,7991.798100061715,1.668966084253043,144.35488905292004,8134.484023030382
high_l10,high,10,gemma-2-9b-it,google--gemma-2-9b-it,DistServe,DistServe-2A100,distserve_2a100,realistic_pcie,1,short_extra_04,142.0470240409486,7623.664749960881,119.11976171813876,131.85680902097374,7765.711774001829
high_l10,high,10,gemma-2-9b-it,google--gemma-2-9b-it,DistServe,DistServe-2A100,distserve_2a100,realistic_pcie,1,short_extra_05,143.71015602955595,7604.252077930141,118.81643871765846,129.94238798273727,7747.962233959697
high_l10,high,10,gemma-2-9b-it,google--gemma-2-9b-it,DistServe,DistServe-2A100,distserve_2a100,realistic_pcie,1,short_extra_06,142.26347400108352,7623.2467670342885,119.11323073491076,130.69100701250136,7765.510241035372
high_l10,high,10,gemma-2-9b-it,google--gemma-2-9b-it,DistServe,DistServe-2A100,distserve_2a100,realistic_pcie,1,short_extra_07,143.057432025671,8399.282307946123,2.651476941537112,145.70890896720812,8542.339739971794
high_l10,high,10,gemma-2-9b-it,google--gemma-2-9b-it,DistServe,DistServe-2A100,distserve_2a100,realistic_pcie,1,short_extra_08,141.54586801305413,8406.969293020666,8.873662038240582,150.41953005129471,8548.51516103372
high_l10,high,10,gemma-2-9b-it,google--gemma-2-9b-it,DistServe,DistServe-2A100,distserve_2a100,realistic_pcie,1,short_extra_09,143.8394479919225,7614.594647020567,118.97804135969636,129.8022369737737,7758.43409501249
high_l10,high,10,gemma-2-9b-it,google--gemma-2-9b-it,DistServe,DistServe-2A100,distserve_2a100,realistic_pcie,1,short_extra_10,143.10233801370487,7602.15472697746,118.78366760902281,132.97729997429997,7745.257064991165
high_l10,high,10,gemma-2-9b-it,google--gemma-2-9b-it,DistServe,DistServe-2A100,distserve_2a100,realistic_pcie,1,short_extra_11,141.2820880068466,7910.824898979627,123.60663904655667,132.84567696973681,8052.106986986473
high_l10,high,10,gemma-2-9b-it,google--gemma-2-9b-it,DistServe,DistServe-2A100,distserve_2a100,realistic_pcie,1,short_extra_12,143.26017699204385,7619.145009026397,119.04914076603745,132.0578540326096,7762.405186018441
high_l10,high,10,gemma-2-9b-it,google--gemma-2-9b-it,DistServe,DistServe-2A100,distserve_2a100,realistic_pcie,1,short_extra_13,141.71135000651702,8410.314366978128,1.7848509596660733,143.4962009661831,8552.025716984645
high_l10,high,10,gemma-2-9b-it,google--gemma-2-9b-it,DistServe,DistServe-2A100,distserve_2a100,realistic_pcie,1,short_extra_14,143.34239397430792,7615.283764025662,118.98880881290097,131.97455403860658,7758.62615799997
high_l10,high,10,gemma-2-9b-it,google--gemma-2-9b-it,DistServe,DistServe-2A100,distserve_2a100,realistic_pcie,1,short_extra_15,142.48504402348772,7602.346235013101,118.7866599220797,129.51133400201797,7744.831279036589
high_l10,high,10,gemma-2-9b-it,google--gemma-2-9b-it,DistServe,DistServe-2A100,distserve_2a100,realistic_pcie,1,short_extra_16,141.70140598434955,8397.701803012751,2.316466998308897,144.01787298265845,8539.4032089971
high_l10,high,10,gemma-2-9b-it,google--gemma-2-9b-it,DistServe,DistServe-2A100,distserve_2a100,realistic_pcie,1,short_extra_17,143.88259901897982,8397.863190970384,0.7075209869071841,144.590120005887,8541.745789989363
high_l10,high,10,gemma-2-9b-it,google--gemma-2-9b-it,DistServe,DistServe-2A100,distserve_2a100,realistic_pcie,1,short_extra_18,141.77875296445563,7624.580420029815,119.13406906296586,131.06360100209713,7766.359172994271
high_l10,high,10,gemma-2-9b-it,google--gemma-2-9b-it,DistServe,DistServe-2A100,distserve_2a100,realistic_pcie,1,short_extra_19,141.9642249820754,7634.206402988639,119.28447504669748,133.19100998342037,7776.170627970714
high_l10,high,10,gemma-2-9b-it,google--gemma-2-9b-it,DistServe,DistServe-2A100,distserve_2a100,realistic_pcie,1,short_extra_20,141.44631300587207,7652.004682982806,119.56257317160635,131.89387100283056,7793.450995988678
high_l10,high,10,gemma-2-9b-it,google--gemma-2-9b-it,DistServe,DistServe-2A100,distserve_2a100,realistic_pcie,1,short_extra_21,142.44385005440563,7633.794602937996,119.2780406709062,131.46234001033008,7776.238452992402
high_l10,high,10,gemma-2-9b-it,google--gemma-2-9b-it,DistServe,DistServe-2A100,distserve_2a100,realistic_pcie,1,short_extra_22,142.16470997780561,7609.925788012333,118.9050904376927,131.1790689942427,7752.090497990139
high_l10,high,10,gemma-2-9b-it,google--gemma-2-9b-it,DistServe,DistServe-2A100,distserve_2a100,realistic_pcie,1,short_extra_23,147.92689599562436,7599.636116006877,118.74431431260746,132.1081150090322,7747.563012002502
high_l10,high,10,gemma-2-9b-it,google--gemma-2-9b-it,DistServe,DistServe-2A100,distserve_2a100,realistic_pcie,1,short_extra_24,142.89607398677617,7625.145522062667,119.14289878222917,131.65757805109024,7768.041596049443
high_l10,high,10,gemma-2-9b-it,google--gemma-2-9b-it,DistServe,DistServe-2A100,distserve_2a100,realistic_pcie,1,short_extra_25,140.88325900956988,7606.248236028478,118.84762868794496,131.78832503035665,7747.131495038047
high_l10,high,10,gemma-2-9b-it,google--gemma-2-9b-it,DistServe,DistServe-2A100,distserve_2a100,realistic_pcie,1,short_extra_26,141.63507497869432,7605.737693025731,118.83965145352704,134.7560950089246,7747.372768004425
high_l10,high,10,gemma-2-9b-it,google--gemma-2-9b-it,DistServe,DistServe-2A100,distserve_2a100,realistic_pcie,1,short_extra_27,142.2897870070301,8392.939141020179,2.6305619976483285,144.92034900467843,8535.228928027209
high_l10,high,10,gemma-2-9b-it,google--gemma-2-9b-it,DistServe,DistServe-2A100,distserve_2a100,realistic_pcie,1,short_extra_28,141.68451202567667,7617.205335991457,119.01883337486652,131.4794640056789,7758.889848017134
high_l10,high,10,gemma-2-9b-it,google--gemma-2-9b-it,DistServe,DistServe-2A100,distserve_2a100,realistic_pcie,1,short_extra_29,141.42609300324693,8425.975213001948,3.655008040368557,145.0811010436155,8567.401306005195
high_l10,high,10,gemma-2-9b-it,google--gemma-2-9b-it,DistServe,DistServe-2A100,distserve_2a100,realistic_pcie,1,short_extra_30,141.98410604149103,7622.878336987924,119.10747401543631,133.35303799249232,7764.862443029415
high_l10,high,10,gemma-2-9b-it,google--gemma-2-9b-it,DistServe,DistServe-2A100,distserve_2a100,realistic_pcie,1,short_extra_31,141.07440400402993,7612.265550997108,118.94164923432982,131.9408860290423,7753.339955001138
high_l10,high,10,gemma-2-9b-it,google--gemma-2-9b-it,DistServe,DistServe-2A100,distserve_2a100,realistic_pcie,1,short_extra_32,140.99060400621966,7633.461602963507,119.2728375463048,130.12738700490445,7774.452206969727
high_l10,high,10,gemma-2-9b-it,google--gemma-2-9b-it,DistServe,DistServe-2A100,distserve_2a100,realistic_pcie,1,short_extra_33,144.41720297327265,8400.744954997208,2.524983021430671,146.94218599470332,8545.16215797048
high_l10,high,10,gemma-7b-it,google--gemma-7b-it,DistServe,DistServe-2A100,distserve_2a100,realistic_pcie,0,long_a,299.0196159807965,4869.579855061602,8.910888049285859,307.9305040300824,5168.599471042398
high_l10,high,10,gemma-7b-it,google--gemma-7b-it,DistServe,DistServe-2A100,distserve_2a100,realistic_pcie,0,long_b,346.6673079528846,4882.215339050163,10.66052308306098,357.32783103594556,5228.882647003047
high_l10,high,10,gemma-7b-it,google--gemma-7b-it,DistServe,DistServe-2A100,distserve_2a100,realistic_pcie,0,long_extra_00,339.84608098398894,2033.4230700391345,9.023328020703048,348.869409004692,2373.2691510231234
high_l10,high,10,gemma-7b-it,google--gemma-7b-it,DistServe,DistServe-2A100,distserve_2a100,realistic_pcie,0,long_extra_01,354.36506097903475,4861.549446999561,7.005073013715446,361.3701339927502,5215.914507978596
high_l10,high,10,gemma-7b-it,google--gemma-7b-it,DistServe,DistServe-2A100,distserve_2a100,realistic_pcie,0,mid_b,81.54392999131233,4928.650447982363,1.1508389725349844,82.69476896384731,5010.194377973676
high_l10,high,10,gemma-7b-it,google--gemma-7b-it,DistServe,DistServe-2A100,distserve_2a100,realistic_pcie,0,short_a,80.43971302686259,4839.152926986571,2.0605389727279544,82.50025199959055,4919.592640013434
high_l10,high,10,gemma-7b-it,google--gemma-7b-it,DistServe,DistServe-2A100,distserve_2a100,realistic_pcie,0,short_extra_00,81.67358196806163,4878.511545015499,4.9831250216811895,86.65670698974282,4960.185126983561
high_l10,high,10,gemma-7b-it,google--gemma-7b-it,DistServe,DistServe-2A100,distserve_2a100,realistic_pcie,0,short_extra_01,80.57362702675164,4862.89955500979,2.989112981595099,83.56274000834674,4943.473182036541
high_l10,high,10,gemma-7b-it,google--gemma-7b-it,DistServe,DistServe-2A100,distserve_2a100,realistic_pcie,0,short_extra_02,80.7238289853558,4865.155345003586,5.44916104990989,86.17299003526568,4945.879173988942
high_l10,high,10,gemma-7b-it,google--gemma-7b-it,DistServe,DistServe-2A100,distserve_2a100,realistic_pcie,0,short_extra_03,81.05959696695209,4849.671367031988,3.515083051752299,84.57468001870438,4930.73096399894
high_l10,high,10,gemma-7b-it,google--gemma-7b-it,DistServe,DistServe-2A100,distserve_2a100,realistic_pcie,0,short_extra_04,80.96508699236438,4855.340267997235,0.8154860115610063,81.78057300392538,4936.305354989599
high_l10,high,10,gemma-7b-it,google--gemma-7b-it,DistServe,DistServe-2A100,distserve_2a100,realistic_pcie,0,short_extra_05,80.80816699657589,4856.505350966472,2.612384967505932,83.42055196408182,4937.313517963048
high_l10,high,10,gemma-7b-it,google--gemma-7b-it,DistServe,DistServe-2A100,distserve_2a100,realistic_pcie,0,short_extra_06,82.46040600351989,4870.318403991405,76.0987250623657,82.39371899981052,4952.778809994925
high_l10,high,10,gemma-7b-it,google--gemma-7b-it,DistServe,DistServe-2A100,distserve_2a100,realistic_pcie,0,short_extra_07,80.6317999958992,4858.833339007106,2.5163039681501687,83.14810396404937,4939.465139003005
high_l10,high,10,gemma-7b-it,google--gemma-7b-it,DistServe,DistServe-2A100,distserve_2a100,realistic_pcie,0,short_extra_08,80.49664599820971,4858.251833007671,2.314865996595472,82.81151199480519,4938.748479005881
high_l10,high,10,gemma-7b-it,google--gemma-7b-it,DistServe,DistServe-2A100,distserve_2a100,realistic_pcie,0,short_extra_09,80.56051703169942,4848.448360979091,2.329142007511109,82.88965903921053,4929.008878010791
high_l10,high,10,gemma-7b-it,google--gemma-7b-it,DistServe,DistServe-2A100,distserve_2a100,realistic_pcie,0,short_extra_10,80.39273699978366,4867.4186680000275,2.5638199876993895,82.95655698748305,4947.811404999811
high_l10,high,10,gemma-7b-it,google--gemma-7b-it,DistServe,DistServe-2A100,distserve_2a100,realistic_pcie,0,short_extra_11,81.83582895435393,4857.979510037694,0.7022470817901194,82.53807603614405,4939.815338992048
high_l10,high,10,gemma-7b-it,google--gemma-7b-it,DistServe,DistServe-2A100,distserve_2a100,realistic_pcie,0,short_extra_12,84.51755298301578,4860.164511017501,75.94007048464846,81.96152898017317,4944.682064000517
high_l10,high,10,gemma-7b-it,google--gemma-7b-it,DistServe,DistServe-2A100,distserve_2a100,realistic_pcie,0,short_extra_13,80.43633797205985,4867.069467029069,3.1968510011211038,83.63318897318095,4947.5058050011285
high_l10,high,10,gemma-7b-it,google--gemma-7b-it,DistServe,DistServe-2A100,distserve_2a100,realistic_pcie,0,short_extra_14,83.70523602934554,4320.765603973996,67.51196256209369,83.6714209872298,4404.470840003341
high_l10,high,10,gemma-7b-it,google--gemma-7b-it,DistServe,DistServe-2A100,distserve_2a100,realistic_pcie,0,short_extra_15,81.09715703176335,4858.404336962849,2.9090509633533657,84.00620799511671,4939.501493994612
high_l10,high,10,gemma-7b-it,google--gemma-7b-it,DistServe,DistServe-2A100,distserve_2a100,realistic_pcie,0,short_extra_16,80.07601602002978,4863.918229937553,2.1468179766088724,82.22283399663866,4943.994245957583
high_l10,high,10,gemma-7b-it,google--gemma-7b-it,DistServe,DistServe-2A100,distserve_2a100,realistic_pcie,0,short_extra_17,172.69850696902722,4872.867422003765,6.536988017614931,179.23549498664215,5045.565928972792
high_l10,high,10,gemma-7b-it,google--gemma-7b-it,DistServe,DistServe-2A100,distserve_2a100,realistic_pcie,0,short_extra_18,80.93155000824481,4853.425643988885,2.046357956714928,82.97790796495974,4934.35719399713
high_l10,high,10,gemma-7b-it,google--gemma-7b-it,DistServe,DistServe-2A100,distserve_2a100,realistic_pcie,0,short_extra_19,81.13527100067586,4877.797663968522,4.287032003048807,85.42230300372466,4958.932934969198
high_l10,high,10,gemma-7b-it,google--gemma-7b-it,DistServe,DistServe-2A100,distserve_2a100,realistic_pcie,0,short_extra_20,80.65367996459827,4862.811060040258,2.020730054937303,82.67441001953557,4943.464740004856
high_l10,high,10,gemma-7b-it,google--gemma-7b-it,DistServe,DistServe-2A100,distserve_2a100,realistic_pcie,0,short_extra_21,80.74005000526085,4859.684018010739,2.2379790316335857,82.97802903689444,4940.424068016
high_l10,high,10,gemma-7b-it,google--gemma-7b-it,DistServe,DistServe-2A100,distserve_2a100,realistic_pcie,0,short_extra_22,80.62369399704039,4875.716579030268,3.655150008853525,84.27884400589392,4956.340273027308
high_l10,high,10,gemma-7b-it,google--gemma-7b-it,DistServe,DistServe-2A100,distserve_2a100,realistic_pcie,0,short_extra_23,80.7984130224213,4859.88240595907,3.0701219802722335,83.86853500269353,4940.680818981491
high_l10,high,10,gemma-7b-it,google--gemma-7b-it,DistServe,DistServe-2A100,distserve_2a100,realistic_pcie,0,short_extra_24,85.75861802091822,3466.782725939993,54.16848009281239,82.84951600944623,3552.541343960911
high_l10,high,10,gemma-7b-it,google--gemma-7b-it,DistServe,DistServe-2A100,distserve_2a100,realistic_pcie,0,short_extra_25,80.7663970044814,4844.186735979747,1.269182946998626,82.03557995148003,4924.953132984228
high_l10,high,10,gemma-7b-it,google--gemma-7b-it,DistServe,DistServe-2A100,distserve_2a100,realistic_pcie,0,short_extra_26,80.42020600987598,4867.425101983827,2.9626699397340417,83.38287594961002,4947.845307993703
high_l10,high,10,gemma-7b-it,google--gemma-7b-it,DistServe,DistServe-2A100,distserve_2a100,realistic_pcie,0,short_extra_27,81.09872101340443,4861.828606983181,2.8287440072745085,83.92746502067894,4942.9273279965855
high_l10,high,10,gemma-7b-it,google--gemma-7b-it,DistServe,DistServe-2A100,distserve_2a100,realistic_pcie,0,short_extra_28,80.88976395083591,4851.894401013851,5.899877054616809,86.78964100545272,4932.784164964687
high_l10,high,10,gemma-7b-it,google--gemma-7b-it,DistServe,DistServe-2A100,distserve_2a100,realistic_pcie,0,short_extra_29,80.47592599177733,4856.291055039037,1.9957900512963533,82.47171604307368,4936.766981030814
high_l10,high,10,gemma-7b-it,google--gemma-7b-it,DistServe,DistServe-2A100,distserve_2a100,realistic_pcie,0,short_extra_30,80.95029997639358,4863.14744403353,1.9081790233030915,82.85847899969667,4944.097744009923
high_l10,high,10,gemma-7b-it,google--gemma-7b-it,DistServe,DistServe-2A100,distserve_2a100,realistic_pcie,0,short_extra_31,80.39430901408195,4876.8435449455865,1.9985429826192558,82.39285199670121,4957.237853959668
high_l10,high,10,gemma-7b-it,google--gemma-7b-it,DistServe,DistServe-2A100,distserve_2a100,realistic_pcie,0,short_extra_32,82.8443540376611,4845.088192960247,75.70450301500387,82.67660898854956,4927.9325469979085
high_l10,high,10,gemma-7b-it,google--gemma-7b-it,DistServe,DistServe-2A100,distserve_2a100,realistic_pcie,0,short_extra_33,80.7926170527935,4855.467974906787,3.259965917095542,84.05258296988904,4936.260591959581
high_l10,high,10,gemma-7b-it,google--gemma-7b-it,DistServe,DistServe-2A100,distserve_2a100,realistic_pcie,1,long_a,297.7540580322966,4794.23122497974,8.956031990237534,306.71009002253413,5091.985283012036
high_l10,high,10,gemma-7b-it,google--gemma-7b-it,DistServe,DistServe-2A100,distserve_2a100,realistic_pcie,1,long_b,347.37445903010666,4839.121641009115,11.049314984120429,358.4237740142271,5186.496100039221
high_l10,high,10,gemma-7b-it,google--gemma-7b-it,DistServe,DistServe-2A100,distserve_2a100,realistic_pcie,1,long_extra_00,337.07384997978806,4719.767788075842,12.443723040632904,349.51757302042097,5056.84163805563
high_l10,high,10,gemma-7b-it,google--gemma-7b-it,DistServe,DistServe-2A100,distserve_2a100,realistic_pcie,1,long_extra_01,352.5244279881008,4797.841806022916,7.115181011613458,359.63960899971426,5150.366234011017
high_l10,high,10,gemma-7b-it,google--gemma-7b-it,DistServe,DistServe-2A100,distserve_2a100,realistic_pcie,1,mid_b,80.12531098211184,4792.728068016004,1.4263580087572336,81.55166899086908,4872.853378998116
high_l10,high,10,gemma-7b-it,google--gemma-7b-it,DistServe,DistServe-2A100,distserve_2a100,realistic_pcie,1,short_a,80.07130998885259,4793.527166999411,3.819493984337896,83.89080397319049,4873.598476988263
high_l10,high,10,gemma-7b-it,google--gemma-7b-it,DistServe,DistServe-2A100,distserve_2a100,realistic_pcie,1,short_extra_00,80.31245501479134,4787.832764966879,1.6935349558480084,82.00598997063935,4868.14521998167
high_l10,high,10,gemma-7b-it,google--gemma-7b-it,DistServe,DistServe-2A100,distserve_2a100,realistic_pcie,1,short_extra_01,80.2082609734498,4781.204838014673,1.788719033356756,81.99698000680655,4861.413098988123
high_l10,high,10,gemma-7b-it,google--gemma-7b-it,DistServe,DistServe-2A100,distserve_2a100,realistic_pcie,1,short_extra_02,80.14935004757717,4782.239383959677,1.9769599311985075,82.12630997877568,4862.388734007254
high_l10,high,10,gemma-7b-it,google--gemma-7b-it,DistServe,DistServe-2A100,distserve_2a100,realistic_pcie,1,short_extra_03,80.10000200010836,4778.059775999282,1.5772529877722263,81.67725498788059,4858.15977799939
high_l10,high,10,gemma-7b-it,google--gemma-7b-it,DistServe,DistServe-2A100,distserve_2a100,realistic_pcie,1,short_extra_04,80.70793398655951,4768.065556010697,0.9072840330190957,81.6152180195786,4848.773489997257
high_l10,high,10,gemma-7b-it,google--gemma-7b-it,DistServe,DistServe-2A100,distserve_2a100,realistic_pcie,1,short_extra_05,81.24395902268589,4782.734973006882,1.2384860310703516,82.48244505375624,4863.978932029568
high_l10,high,10,gemma-7b-it,google--gemma-7b-it,DistServe,DistServe-2A100,distserve_2a100,realistic_pcie,1,short_extra_06,83.46697996603325,4782.740689057391,74.73032326652174,83.07932101888582,4866.207669023424
high_l10,high,10,gemma-7b-it,google--gemma-7b-it,DistServe,DistServe-2A100,distserve_2a100,realistic_pcie,1,short_extra_07,80.31505899270996,4782.6783009804785,1.613843021914363,81.92890201462433,4862.9933599731885
high_l10,high,10,gemma-7b-it,google--gemma-7b-it,DistServe,DistServe-2A100,distserve_2a100,realistic_pcie,1,short_extra_08,81.5563159994781,4778.476785984822,74.66369978101284,81.34560199687257,4860.0331019843
high_l10,high,10,gemma-7b-it,google--gemma-7b-it,DistServe,DistServe-2A100,distserve_2a100,realistic_pcie,1,short_extra_09,82.08744699368253,5097.045249014627,79.64133201585355,81.21679699979722,5179.13269600831
high_l10,high,10,gemma-7b-it,google--gemma-7b-it,DistServe,DistServe-2A100,distserve_2a100,realistic_pcie,1,short_extra_10,79.96110303793103,4781.298234942369,1.7075949581339955,81.66869799606502,4861.2593379803
high_l10,high,10,gemma-7b-it,google--gemma-7b-it,DistServe,DistServe-2A100,distserve_2a100,realistic_pcie,1,short_extra_11,80.81316901370883,4786.730898020323,0.5140569992363453,81.32722601294518,4867.544067034032
high_l10,high,10,gemma-7b-it,google--gemma-7b-it,DistServe,DistServe-2A100,distserve_2a100,realistic_pcie,1,short_extra_12,80.6431450182572,4773.709690955002,74.5892139211719,80.62665595207363,4854.352835973259
high_l10,high,10,gemma-7b-it,google--gemma-7b-it,DistServe,DistServe-2A100,distserve_2a100,realistic_pcie,1,short_extra_13,83.4584140102379,4770.857397990767,74.54464684360573,82.44161604670808,4854.315812001005
high_l10,high,10,gemma-7b-it,google--gemma-7b-it,DistServe,DistServe-2A100,distserve_2a100,realistic_pcie,1,short_extra_14,81.17959799710661,4774.897043011151,0.3620079951360822,81.5416059922427,4856.076641008258
high_l10,high,10,gemma-7b-it,google--gemma-7b-it,DistServe,DistServe-2A100,distserve_2a100,realistic_pcie,1,short_extra_15,84.25496896961704,4774.373490072321,74.59958578238002,82.90734002366662,4858.628459041938
high_l10,high,10,gemma-7b-it,google--gemma-7b-it,DistServe,DistServe-2A100,distserve_2a100,realistic_pcie,1,short_extra_16,80.42896300321445,4848.886763968039,3.3610480022616684,83.79001100547612,4929.315726971254
high_l10,high,10,gemma-7b-it,google--gemma-7b-it,DistServe,DistServe-2A100,distserve_2a100,realistic_pcie,1,short_extra_17,81.19403599994257,4791.245126980357,1.0297870030626655,82.22382300300524,4872.439162980299
high_l10,high,10,gemma-7b-it,google--gemma-7b-it,DistServe,DistServe-2A100,distserve_2a100,realistic_pcie,1,short_extra_18,80.4366449592635,4771.070444025099,1.184077060315758,81.62072201957926,4851.507088984363
high_l10,high,10,gemma-7b-it,google--gemma-7b-it,DistServe,DistServe-2A100,distserve_2a100,realistic_pcie,1,short_extra_19,80.62179404078051,4782.815439917613,1.984794915188104,82.60658895596862,4863.437233958393
high_l10,high,10,gemma-7b-it,google--gemma-7b-it,DistServe,DistServe-2A100,distserve_2a100,realistic_pcie,1,short_extra_20,80.94704698305577,4773.499630042352,0.38457399932667613,81.33162098238245,4854.446677025408
high_l10,high,10,gemma-7b-it,google--gemma-7b-it,DistServe,DistServe-2A100,distserve_2a100,realistic_pcie,1,short_extra_21,80.35930496407673,4782.470177044161,1.5928480424918234,81.95215300656855,4862.829482008237
high_l10,high,10,gemma-7b-it,google--gemma-7b-it,DistServe,DistServe-2A100,distserve_2a100,realistic_pcie,1,short_extra_22,80.11803199769929,4785.996579041239,3.4777960390783846,83.59582803677768,4866.114611038938
high_l10,high,10,gemma-7b-it,google--gemma-7b-it,DistServe,DistServe-2A100,distserve_2a100,realistic_pcie,1,short_extra_23,85.47353197354823,4769.395093026105,74.5217983285329,81.51879103388637,4854.868624999654
high_l10,high,10,gemma-7b-it,google--gemma-7b-it,DistServe,DistServe-2A100,distserve_2a100,realistic_pcie,1,short_extra_24,80.76475298730657,4770.341216993984,0.5218210280872881,81.28657401539385,4851.10596998129
high_l10,high,10,gemma-7b-it,google--gemma-7b-it,DistServe,DistServe-2A100,distserve_2a100,realistic_pcie,1,short_extra_25,80.5061170249246,4791.504758992232,1.4360949862748384,81.94221201119944,4872.010876017157
high_l10,high,10,gemma-7b-it,google--gemma-7b-it,DistServe,DistServe-2A100,distserve_2a100,realistic_pcie,1,short_extra_26,80.06372099043801,4787.569669017103,1.8347720033489168,81.89849299378693,4867.633390007541
high_l10,high,10,gemma-7b-it,google--gemma-7b-it,DistServe,DistServe-2A100,distserve_2a100,realistic_pcie,1,short_extra_27,80.75476496014744,4776.2072960613295,1.6088650445453823,82.36363000469282,4856.962061021477
high_l10,high,10,gemma-7b-it,google--gemma-7b-it,DistServe,DistServe-2A100,distserve_2a100,realistic_pcie,1,short_extra_28,79.91061900975183,4792.860943009146,1.8922460149042308,81.80286502465606,4872.771562018897
high_l10,high,10,gemma-7b-it,google--gemma-7b-it,DistServe,DistServe-2A100,distserve_2a100,realistic_pcie,1,short_extra_29,79.99381597619504,4883.49235500209,0.7042200304567814,80.69803600665182,4963.486170978285
high_l10,high,10,gemma-7b-it,google--gemma-7b-it,DistServe,DistServe-2A100,distserve_2a100,realistic_pcie,1,short_extra_30,82.04627496888861,4759.414430009201,0.1476420438848436,82.19391701277345,4841.46070497809
high_l10,high,10,gemma-7b-it,google--gemma-7b-it,DistServe,DistServe-2A100,distserve_2a100,realistic_pcie,1,short_extra_31,79.82336299028248,4814.8789769620635,1.8921350128948689,81.71549800317734,4894.702339952346
high_l10,high,10,gemma-7b-it,google--gemma-7b-it,DistServe,DistServe-2A100,distserve_2a100,realistic_pcie,1,short_extra_32,80.28418198227882,4806.237690034322,1.3067660620436072,81.59094804432243,4886.521872016601
high_l10,high,10,gemma-7b-it,google--gemma-7b-it,DistServe,DistServe-2A100,distserve_2a100,realistic_pcie,1,short_extra_33,80.5841670371592,4809.589207929093,1.947629963979125,82.53179700113833,4890.173374966253
high_l10,high,10,mistral-7b-instruct-v0.2,mistralai--Mistral-7B-Instruct-v0.2,DistServe,DistServe-2A100,distserve_2a100,realistic_pcie,0,long_a,217.76207099901512,4725.816487974953,8.741226978600025,226.50329797761515,4943.578558973968
high_l10,high,10,mistral-7b-instruct-v0.2,mistralai--Mistral-7B-Instruct-v0.2,DistServe,DistServe-2A100,distserve_2a100,realistic_pcie,0,long_b,297.0701580052264,4767.244138987735,10.240294970571995,307.3104529757984,5064.314296992961
high_l10,high,10,mistral-7b-instruct-v0.2,mistralai--Mistral-7B-Instruct-v0.2,DistServe,DistServe-2A100,distserve_2a100,realistic_pcie,0,long_extra_00,223.91131398035213,4723.780640983023,11.502886016387492,235.41419999673963,4947.691954963375
high_l10,high,10,mistral-7b-instruct-v0.2,mistralai--Mistral-7B-Instruct-v0.2,DistServe,DistServe-2A100,distserve_2a100,realistic_pcie,0,long_extra_01,236.20303597999737,4732.225591025781,3.8242830196395516,240.02731899963692,4968.428627005778
high_l10,high,10,mistral-7b-instruct-v0.2,mistralai--Mistral-7B-Instruct-v0.2,DistServe,DistServe-2A100,distserve_2a100,realistic_pcie,0,mid_b,76.89166103955358,4713.2170759141445,2.8573249583132565,79.74898599786684,4790.108736953698
high_l10,high,10,mistral-7b-instruct-v0.2,mistralai--Mistral-7B-Instruct-v0.2,DistServe,DistServe-2A100,distserve_2a100,realistic_pcie,0,short_a,77.47847697464749,4735.147115017753,3.6103610182181,81.08883799286559,4812.625591992401
high_l10,high,10,mistral-7b-instruct-v0.2,mistralai--Mistral-7B-Instruct-v0.2,DistServe,DistServe-2A100,distserve_2a100,realistic_pcie,0,short_extra_00,78.32335401326418,4716.840267996304,2.183831005822867,80.50718501908705,4795.163622009568
high_l10,high,10,mistral-7b-instruct-v0.2,mistralai--Mistral-7B-Instruct-v0.2,DistServe,DistServe-2A100,distserve_2a100,realistic_pcie,0,short_extra_01,76.77470496855676,4730.089900025632,4.022037028335035,80.7967419968918,4806.864604994189
high_l10,high,10,mistral-7b-instruct-v0.2,mistralai--Mistral-7B-Instruct-v0.2,DistServe,DistServe-2A100,distserve_2a100,realistic_pcie,0,short_extra_02,76.93632395239547,4962.7237900858745,3.7865060730837286,80.7228300254792,5039.66011403827
high_l10,high,10,mistral-7b-instruct-v0.2,mistralai--Mistral-7B-Instruct-v0.2,DistServe,DistServe-2A100,distserve_2a100,realistic_pcie,0,short_extra_03,76.58953103236854,4710.002713953145,3.3522049780003726,79.94173601036891,4786.592244985513
high_l10,high,10,mistral-7b-instruct-v0.2,mistralai--Mistral-7B-Instruct-v0.2,DistServe,DistServe-2A100,distserve_2a100,realistic_pcie,0,short_extra_04,76.89527398906648,4719.623125041835,2.0797860343009233,78.9750600233674,4796.5183990309015
high_l10,high,10,mistral-7b-instruct-v0.2,mistralai--Mistral-7B-Instruct-v0.2,DistServe,DistServe-2A100,distserve_2a100,realistic_pcie,0,short_extra_05,78.01895099692047,4719.30566400988,1.2014120002277195,79.22036299714819,4797.324615006801
high_l10,high,10,mistral-7b-instruct-v0.2,mistralai--Mistral-7B-Instruct-v0.2,DistServe,DistServe-2A100,distserve_2a100,realistic_pcie,0,short_extra_06,78.74346495373175,4739.5403170376085,0.6644120439887047,79.40787699772045,4818.28378199134
high_l10,high,10,mistral-7b-instruct-v0.2,mistralai--Mistral-7B-Instruct-v0.2,DistServe,DistServe-2A100,distserve_2a100,realistic_pcie,0,short_extra_07,76.69055601581931,4739.150051958859,2.8812609962187707,79.57181701203808,4815.840607974678
high_l10,high,10,mistral-7b-instruct-v0.2,mistralai--Mistral-7B-Instruct-v0.2,DistServe,DistServe-2A100,distserve_2a100,realistic_pcie,0,short_extra_08,77.1197639987804,4708.593930990901,1.7502040136605501,78.86996801244095,4785.713694989681
high_l10,high,10,mistral-7b-instruct-v0.2,mistralai--Mistral-7B-Instruct-v0.2,DistServe,DistServe-2A100,distserve_2a100,realistic_pcie,0,short_extra_09,77.21655303612351,4705.508463957813,3.4344219602644444,80.65097499638796,4782.725016993936
high_l10,high,10,mistral-7b-instruct-v0.2,mistralai--Mistral-7B-Instruct-v0.2,DistServe,DistServe-2A100,distserve_2a100,realistic_pcie,0,short_extra_10,76.23601099476218,4724.758067983203,2.349794958718121,78.5858059534803,4800.994078977965
high_l10,high,10,mistral-7b-instruct-v0.2,mistralai--Mistral-7B-Instruct-v0.2,DistServe,DistServe-2A100,distserve_2a100,realistic_pcie,0,short_extra_11,78.30085704335943,4700.492491945624,1.0844709468074143,79.38532799016684,4778.793348988984
high_l10,high,10,mistral-7b-instruct-v0.2,mistralai--Mistral-7B-Instruct-v0.2,DistServe,DistServe-2A100,distserve_2a100,realistic_pcie,0,short_extra_12,76.30092703038827,4708.653069974389,3.3258969779126346,79.6268240083009,4784.953997004777
high_l10,high,10,mistral-7b-instruct-v0.2,mistralai--Mistral-7B-Instruct-v0.2,DistServe,DistServe-2A100,distserve_2a100,realistic_pcie,0,short_extra_13,77.95849198009819,4693.5284090577625,2.31039006030187,80.26888204040006,4771.486901037861
high_l10,high,10,mistral-7b-instruct-v0.2,mistralai--Mistral-7B-Instruct-v0.2,DistServe,DistServe-2A100,distserve_2a100,realistic_pcie,0,short_extra_14,76.34774199686944,4713.8337579672225,2.6367409736849368,78.98448297055438,4790.181499964092
high_l10,high,10,mistral-7b-instruct-v0.2,mistralai--Mistral-7B-Instruct-v0.2,DistServe,DistServe-2A100,distserve_2a100,realistic_pcie,0,short_extra_15,77.07877299981192,4726.693702978082,1.9125210237689316,78.99129402358085,4803.772475977894
high_l10,high,10,mistral-7b-instruct-v0.2,mistralai--Mistral-7B-Instruct-v0.2,DistServe,DistServe-2A100,distserve_2a100,realistic_pcie,0,short_extra_16,76.79844403173774,4744.071114924736,0.14121696585789323,76.93966099759564,4820.869558956474
high_l10,high,10,mistral-7b-instruct-v0.2,mistralai--Mistral-7B-Instruct-v0.2,DistServe,DistServe-2A100,distserve_2a100,realistic_pcie,0,short_extra_17,180.1402599667199,4725.410068989731,3.924346005078405,184.0646059717983,4905.550328956451
high_l10,high,10,mistral-7b-instruct-v0.2,mistralai--Mistral-7B-Instruct-v0.2,DistServe,DistServe-2A100,distserve_2a100,realistic_pcie,0,short_extra_18,77.02241401420906,4702.0809189998545,1.9216870423406363,78.9441010565497,4779.1033330140635
high_l10,high,10,mistral-7b-instruct-v0.2,mistralai--Mistral-7B-Instruct-v0.2,DistServe,DistServe-2A100,distserve_2a100,realistic_pcie,0,short_extra_19,77.80731900129467,4722.729160974268,2.8542630025185645,80.66158200381324,4800.5364799755625
high_l10,high,10,mistral-7b-instruct-v0.2,mistralai--Mistral-7B-Instruct-v0.2,DistServe,DistServe-2A100,distserve_2a100,realistic_pcie,0,short_extra_20,76.19345904095098,4718.318656960037,3.0919649871066213,79.2854240280576,4794.512116000988
high_l10,high,10,mistral-7b-instruct-v0.2,mistralai--Mistral-7B-Instruct-v0.2,DistServe,DistServe-2A100,distserve_2a100,realistic_pcie,0,short_extra_21,77.30445096967742,4714.813847036567,3.4027600777335465,80.70721104741096,4792.118298006244
high_l10,high,10,mistral-7b-instruct-v0.2,mistralai--Mistral-7B-Instruct-v0.2,DistServe,DistServe-2A100,distserve_2a100,realistic_pcie,0,short_extra_22,77.4811019655317,4720.042067987379,2.839273016434163,80.32037498196587,4797.52316995291
high_l10,high,10,mistral-7b-instruct-v0.2,mistralai--Mistral-7B-Instruct-v0.2,DistServe,DistServe-2A100,distserve_2a100,realistic_pcie,0,short_extra_23,76.8712519784458,4744.658441981301,2.1781729883514345,79.04942496679723,4821.5296939597465
high_l10,high,10,mistral-7b-instruct-v0.2,mistralai--Mistral-7B-Instruct-v0.2,DistServe,DistServe-2A100,distserve_2a100,realistic_pcie,0,short_extra_24,77.58537598419935,4722.97039302066,4.06766205560416,81.6530380398035,4800.555769004859
high_l10,high,10,mistral-7b-instruct-v0.2,mistralai--Mistral-7B-Instruct-v0.2,DistServe,DistServe-2A100,distserve_2a100,realistic_pcie,0,short_extra_25,79.07531398814172,4711.586948018521,73.61854606278939,78.90331605449319,4790.662262006663
high_l10,high,10,mistral-7b-instruct-v0.2,mistralai--Mistral-7B-Instruct-v0.2,DistServe,DistServe-2A100,distserve_2a100,realistic_pcie,0,short_extra_26,76.69762696605176,4709.795913018752,2.930463058874011,79.62809002492577,4786.493539984804
high_l10,high,10,mistral-7b-instruct-v0.2,mistralai--Mistral-7B-Instruct-v0.2,DistServe,DistServe-2A100,distserve_2a100,realistic_pcie,0,short_extra_27,80.29998699203134,4700.654415006284,73.44772523447318,78.67014699149877,4780.954401998315
high_l10,high,10,mistral-7b-instruct-v0.2,mistralai--Mistral-7B-Instruct-v0.2,DistServe,DistServe-2A100,distserve_2a100,realistic_pcie,0,short_extra_28,76.85277197742835,4715.2377720340155,2.2400750312954187,79.09284700872377,4792.090544011444
high_l10,high,10,mistral-7b-instruct-v0.2,mistralai--Mistral-7B-Instruct-v0.2,DistServe,DistServe-2A100,distserve_2a100,realistic_pcie,0,short_extra_29,78.46871000947431,4708.447702985723,1.1134389787912369,79.58214898826554,4786.916412995197
high_l10,high,10,mistral-7b-instruct-v0.2,mistralai--Mistral-7B-Instruct-v0.2,DistServe,DistServe-2A100,distserve_2a100,realistic_pcie,0,short_extra_30,76.88907504780218,4703.547609911766,2.1243549417704344,79.01342998957261,4780.436684959568
high_l10,high,10,mistral-7b-instruct-v0.2,mistralai--Mistral-7B-Instruct-v0.2,DistServe,DistServe-2A100,distserve_2a100,realistic_pcie,0,short_extra_31,76.80378097575158,4707.129346032161,1.7864740220829844,78.59025499783456,4783.933127007913
high_l10,high,10,mistral-7b-instruct-v0.2,mistralai--Mistral-7B-Instruct-v0.2,DistServe,DistServe-2A100,distserve_2a100,realistic_pcie,0,short_extra_32,77.0374060375616,4732.879349961877,1.8590009422041476,78.89640697976574,4809.9167559994385
high_l10,high,10,mistral-7b-instruct-v0.2,mistralai--Mistral-7B-Instruct-v0.2,DistServe,DistServe-2A100,distserve_2a100,realistic_pcie,0,short_extra_33,105.00152304302901,4682.83431394957,73.16928615546203,80.31526900595054,4787.835836992599
high_l10,high,10,mistral-7b-instruct-v0.2,mistralai--Mistral-7B-Instruct-v0.2,DistServe,DistServe-2A100,distserve_2a100,realistic_pcie,1,long_a,219.43481999915093,4791.557112010196,11.146588018164039,230.58140801731497,5010.991932009347
high_l10,high,10,mistral-7b-instruct-v0.2,mistralai--Mistral-7B-Instruct-v0.2,DistServe,DistServe-2A100,distserve_2a100,realistic_pcie,1,long_b,299.92968204896897,5353.060538938735,10.399794962722808,310.3294770116918,5652.990220987704
high_l10,high,10,mistral-7b-instruct-v0.2,mistralai--Mistral-7B-Instruct-v0.2,DistServe,DistServe-2A100,distserve_2a100,realistic_pcie,1,long_extra_00,226.0198529693298,5349.66461698059,15.026457025669515,241.04630999499932,5575.68446994992
high_l10,high,10,mistral-7b-instruct-v0.2,mistralai--Mistral-7B-Instruct-v0.2,DistServe,DistServe-2A100,distserve_2a100,realistic_pcie,1,long_extra_01,232.34229203080758,4750.8375339675695,6.439807009883225,238.7820990406908,4983.179825998377
high_l10,high,10,mistral-7b-instruct-v0.2,mistralai--Mistral-7B-Instruct-v0.2,DistServe,DistServe-2A100,distserve_2a100,realistic_pcie,1,mid_b,78.7964349729009,4773.090279020835,2.323581022210419,81.12001599511132,4851.886713993736
high_l10,high,10,mistral-7b-instruct-v0.2,mistralai--Mistral-7B-Instruct-v0.2,DistServe,DistServe-2A100,distserve_2a100,realistic_pcie,1,short_a,80.73723601410165,4716.2698860047385,73.69171696882404,78.51759804179892,4797.00712201884
high_l10,high,10,mistral-7b-instruct-v0.2,mistralai--Mistral-7B-Instruct-v0.2,DistServe,DistServe-2A100,distserve_2a100,realistic_pcie,1,short_extra_00,78.11054697958753,4724.457277043257,3.155175014398992,81.26572199398652,4802.567824022844
high_l10,high,10,mistral-7b-instruct-v0.2,mistralai--Mistral-7B-Instruct-v0.2,DistServe,DistServe-2A100,distserve_2a100,realistic_pcie,1,short_extra_01,76.9644679967314,4784.690900007263,3.69670003419742,80.66116803092882,4861.655368003994
high_l10,high,10,mistral-7b-instruct-v0.2,mistralai--Mistral-7B-Instruct-v0.2,DistServe,DistServe-2A100,distserve_2a100,realistic_pcie,1,short_extra_02,76.58072002232075,4776.353481982369,4.509196965955198,81.08991698827595,4852.93420200469
high_l10,high,10,mistral-7b-instruct-v0.2,mistralai--Mistral-7B-Instruct-v0.2,DistServe,DistServe-2A100,distserve_2a100,realistic_pcie,1,short_extra_03,76.23810897348449,4836.8456740281545,4.6722800470888615,80.91038902057335,4913.083783001639
high_l10,high,10,mistral-7b-instruct-v0.2,mistralai--Mistral-7B-Instruct-v0.2,DistServe,DistServe-2A100,distserve_2a100,realistic_pcie,1,short_extra_04,78.17371701821685,4774.57767596934,1.7214510007761419,79.89516801899299,4852.751392987557
high_l10,high,10,mistral-7b-instruct-v0.2,mistralai--Mistral-7B-Instruct-v0.2,DistServe,DistServe-2A100,distserve_2a100,realistic_pcie,1,short_extra_05,80.2487070322968,5316.579226986505,8.374422963242978,88.62312999553978,5396.827934018802
high_l10,high,10,mistral-7b-instruct-v0.2,mistralai--Mistral-7B-Instruct-v0.2,DistServe,DistServe-2A100,distserve_2a100,realistic_pcie,1,short_extra_06,76.98477897793055,5332.825930032413,13.080016011372209,90.06479498930275,5409.810709010344
high_l10,high,10,mistral-7b-instruct-v0.2,mistralai--Mistral-7B-Instruct-v0.2,DistServe,DistServe-2A100,distserve_2a100,realistic_pcie,1,short_extra_07,76.29279600223526,4729.188425990287,2.6054419577121735,78.89823795994744,4805.4812219925225
high_l10,high,10,mistral-7b-instruct-v0.2,mistralai--Mistral-7B-Instruct-v0.2,DistServe,DistServe-2A100,distserve_2a100,realistic_pcie,1,short_extra_08,76.02983701508492,4709.041416994296,3.492488991469145,79.52232600655407,4785.071254009381
high_l10,high,10,mistral-7b-instruct-v0.2,mistralai--Mistral-7B-Instruct-v0.2,DistServe,DistServe-2A100,distserve_2a100,realistic_pcie,1,short_extra_09,76.29905903013423,4797.56992997136,3.8961799582466483,80.19523898838088,4873.868989001494
high_l10,high,10,mistral-7b-instruct-v0.2,mistralai--Mistral-7B-Instruct-v0.2,DistServe,DistServe-2A100,distserve_2a100,realistic_pcie,1,short_extra_10,78.15249502891675,4802.0952309598215,1.7844579997472465,79.93695302866399,4880.247725988738
high_l10,high,10,mistral-7b-instruct-v0.2,mistralai--Mistral-7B-Instruct-v0.2,DistServe,DistServe-2A100,distserve_2a100,realistic_pcie,1,short_extra_11,76.96394401136786,4805.643500993028,2.968868997413665,79.93281300878152,4882.607445004396
high_l10,high,10,mistral-7b-instruct-v0.2,mistralai--Mistral-7B-Instruct-v0.2,DistServe,DistServe-2A100,distserve_2a100,realistic_pcie,1,short_extra_12,76.82789798127487,4812.865466054063,3.518873010762036,80.34677099203691,4889.693364035338
high_l10,high,10,mistral-7b-instruct-v0.2,mistralai--Mistral-7B-Instruct-v0.2,DistServe,DistServe-2A100,distserve_2a100,realistic_pcie,1,short_extra_13,76.57908002147451,4709.134215954691,3.2498229411430657,79.82890296261758,4785.713295976166
high_l10,high,10,mistral-7b-instruct-v0.2,mistralai--Mistral-7B-Instruct-v0.2,DistServe,DistServe-2A100,distserve_2a100,realistic_pcie,1,short_extra_14,77.34850997803733,4784.711041022092,4.392335016746074,81.7408449947834,4862.059551000129
high_l10,high,10,mistral-7b-instruct-v0.2,mistralai--Mistral-7B-Instruct-v0.2,DistServe,DistServe-2A100,distserve_2a100,realistic_pcie,1,short_extra_15,76.99730101739988,4811.312694975641,4.4370939722284675,81.43439498962834,4888.3099959930405
high_l10,high,10,mistral-7b-instruct-v0.2,mistralai--Mistral-7B-Instruct-v0.2,DistServe,DistServe-2A100,distserve_2a100,realistic_pcie,1,short_extra_16,83.99779797764495,4725.900772027671,73.84219956293236,78.90989101724699,4809.898570005316
high_l10,high,10,mistral-7b-instruct-v0.2,mistralai--Mistral-7B-Instruct-v0.2,DistServe,DistServe-2A100,distserve_2a100,realistic_pcie,1,short_extra_17,77.04709301469848,4714.532145939302,3.014972957316786,80.06206597201526,4791.579238954
high_l10,high,10,mistral-7b-instruct-v0.2,mistralai--Mistral-7B-Instruct-v0.2,DistServe,DistServe-2A100,distserve_2a100,realistic_pcie,1,short_extra_18,78.12413101783022,4818.190987978596,3.0974430264905095,81.22157404432073,4896.3151189964265
high_l10,high,10,mistral-7b-instruct-v0.2,mistralai--Mistral-7B-Instruct-v0.2,DistServe,DistServe-2A100,distserve_2a100,realistic_pcie,1,short_extra_19,77.20246398821473,4800.817231007386,5.22014603484422,82.42261002305895,4878.019694995601
high_l10,high,10,mistral-7b-instruct-v0.2,mistralai--Mistral-7B-Instruct-v0.2,DistServe,DistServe-2A100,distserve_2a100,realistic_pcie,1,short_extra_20,76.86136598931625,4828.552294988185,3.2153690117411315,80.07673500105739,4905.413660977501
high_l10,high,10,mistral-7b-instruct-v0.2,mistralai--Mistral-7B-Instruct-v0.2,DistServe,DistServe-2A100,distserve_2a100,realistic_pcie,1,short_extra_21,76.21425105025992,4808.651181985624,5.170112941414118,81.38436399167404,4884.865433035884
high_l10,high,10,mistral-7b-instruct-v0.2,mistralai--Mistral-7B-Instruct-v0.2,DistServe,DistServe-2A100,distserve_2a100,realistic_pcie,1,short_extra_22,77.582984988112,4783.013460983057,3.0637410236522555,80.64672601176426,4860.596445971169
high_l10,high,10,mistral-7b-instruct-v0.2,mistralai--Mistral-7B-Instruct-v0.2,DistServe,DistServe-2A100,distserve_2a100,realistic_pcie,1,short_extra_23,76.7642330029048,4784.62806600146,2.9006809927523136,79.66491399565712,4861.392299004365
high_l10,high,10,mistral-7b-instruct-v0.2,mistralai--Mistral-7B-Instruct-v0.2,DistServe,DistServe-2A100,distserve_2a100,realistic_pcie,1,short_extra_24,77.52723601879552,5350.5191569565795,13.195056992117316,90.72229301091284,5428.046392975375
high_l10,high,10,mistral-7b-instruct-v0.2,mistralai--Mistral-7B-Instruct-v0.2,DistServe,DistServe-2A100,distserve_2a100,realistic_pcie,1,short_extra_25,77.18155899783596,4771.985594008584,3.4366080071777105,80.61816700501367,4849.1671530064195
high_l10,high,10,mistral-7b-instruct-v0.2,mistralai--Mistral-7B-Instruct-v0.2,DistServe,DistServe-2A100,distserve_2a100,realistic_pcie,1,short_extra_26,78.24541599256918,4794.919250009116,2.5013830163516104,80.74679900892079,4873.164666001685
high_l10,high,10,mistral-7b-instruct-v0.2,mistralai--Mistral-7B-Instruct-v0.2,DistServe,DistServe-2A100,distserve_2a100,realistic_pcie,1,short_extra_27,76.388394983951,4711.044534982648,2.590727002825588,78.97912198677659,4787.432929966599
high_l10,high,10,mistral-7b-instruct-v0.2,mistralai--Mistral-7B-Instruct-v0.2,DistServe,DistServe-2A100,distserve_2a100,realistic_pcie,1,short_extra_28,79.97522002551705,4804.643017996568,0.7503119995817542,80.7255320250988,4884.618238022085
high_l10,high,10,mistral-7b-instruct-v0.2,mistralai--Mistral-7B-Instruct-v0.2,DistServe,DistServe-2A100,distserve_2a100,realistic_pcie,1,short_extra_29,76.52757503092289,4718.235388980247,3.436379018239677,79.96395404916257,4794.76296401117
high_l10,high,10,mistral-7b-instruct-v0.2,mistralai--Mistral-7B-Instruct-v0.2,DistServe,DistServe-2A100,distserve_2a100,realistic_pcie,1,short_extra_30,76.38437004061416,4789.320841955487,4.365270957350731,80.74964099796489,4865.705211996101
high_l10,high,10,mistral-7b-instruct-v0.2,mistralai--Mistral-7B-Instruct-v0.2,DistServe,DistServe-2A100,distserve_2a100,realistic_pcie,1,short_extra_31,76.767971040681,4779.714389995206,2.943380968645215,79.71135200932622,4856.482361035887
high_l10,high,10,mistral-7b-instruct-v0.2,mistralai--Mistral-7B-Instruct-v0.2,DistServe,DistServe-2A100,distserve_2a100,realistic_pcie,1,short_extra_32,78.43120099278167,5324.917143036146,9.979016031138599,88.41021702392027,5403.348344028927
high_l10,high,10,mistral-7b-instruct-v0.2,mistralai--Mistral-7B-Instruct-v0.2,DistServe,DistServe-2A100,distserve_2a100,realistic_pcie,1,short_extra_33,78.01209896570072,4720.669109025039,2.9504390549845994,80.96253802068532,4798.6812079907395
high_l10,high,10,qwen2.5-7b-instruct,Qwen--Qwen2.5-7B-Instruct,DistServe,DistServe-2A100,distserve_2a100,realistic_pcie,0,long_a,221.4759800117463,4633.941737993155,7.687187986448407,229.1631679981947,4855.417718004901
high_l10,high,10,qwen2.5-7b-instruct,Qwen--Qwen2.5-7B-Instruct,DistServe,DistServe-2A100,distserve_2a100,realistic_pcie,0,long_b,272.6367700379342,4643.21825793013,11.672370950691402,284.3091409886256,4915.855027968064
high_l10,high,10,qwen2.5-7b-instruct,Qwen--Qwen2.5-7B-Instruct,DistServe,DistServe-2A100,distserve_2a100,realistic_pcie,0,long_extra_00,221.49157000239938,4662.104761984665,16.41415397170931,237.9057239741087,4883.596331987064
high_l10,high,10,qwen2.5-7b-instruct,Qwen--Qwen2.5-7B-Instruct,DistServe,DistServe-2A100,distserve_2a100,realistic_pcie,0,long_extra_01,229.51947996625677,4657.223940070253,6.154283066280186,235.67376303253695,4886.74342003651
high_l10,high,10,qwen2.5-7b-instruct,Qwen--Qwen2.5-7B-Instruct,DistServe,DistServe-2A100,distserve_2a100,realistic_pcie,0,mid_b,75.556232011877,4203.570108977146,65.68078295276791,70.63640700653195,4279.126340989023
high_l10,high,10,qwen2.5-7b-instruct,Qwen--Qwen2.5-7B-Instruct,DistServe,DistServe-2A100,distserve_2a100,realistic_pcie,0,short_a,76.65354997152463,4662.947185977828,1.4682540204375982,78.12180399196222,4739.600735949352
high_l10,high,10,qwen2.5-7b-instruct,Qwen--Qwen2.5-7B-Instruct,DistServe,DistServe-2A100,distserve_2a100,realistic_pcie,0,short_extra_00,84.00883595459163,4672.116844041739,73.00182568815217,77.8735940111801,4756.12567999633
high_l10,high,10,qwen2.5-7b-instruct,Qwen--Qwen2.5-7B-Instruct,DistServe,DistServe-2A100,distserve_2a100,realistic_pcie,0,short_extra_01,75.88162401225418,4190.655693935696,65.47899521774525,70.84955397294834,4266.53731794795
high_l10,high,10,qwen2.5-7b-instruct,Qwen--Qwen2.5-7B-Instruct,DistServe,DistServe-2A100,distserve_2a100,realistic_pcie,0,short_extra_02,76.2030910118483,4183.895703987218,65.37337037480029,72.35365500673652,4260.098794999067
high_l10,high,10,qwen2.5-7b-instruct,Qwen--Qwen2.5-7B-Instruct,DistServe,DistServe-2A100,distserve_2a100,realistic_pcie,0,short_extra_03,76.74580003367737,4684.54159895191,2.5218039518222213,79.26760398549959,4761.287398985587
high_l10,high,10,qwen2.5-7b-instruct,Qwen--Qwen2.5-7B-Instruct,DistServe,DistServe-2A100,distserve_2a100,realistic_pcie,0,short_extra_04,75.32978500239551,4192.676324979402,65.51056757780316,70.63545100390911,4268.006109981798
high_l10,high,10,qwen2.5-7b-instruct,Qwen--Qwen2.5-7B-Instruct,DistServe,DistServe-2A100,distserve_2a100,realistic_pcie,0,short_extra_05,77.45921000605449,4632.773340039421,72.38708343811595,77.34262401936576,4710.232550045475
high_l10,high,10,qwen2.5-7b-instruct,Qwen--Qwen2.5-7B-Instruct,DistServe,DistServe-2A100,distserve_2a100,realistic_pcie,0,short_extra_06,76.8998300191015,4653.135747008491,3.203915955964476,80.10374597506598,4730.035577027593
high_l10,high,10,qwen2.5-7b-instruct,Qwen--Qwen2.5-7B-Instruct,DistServe,DistServe-2A100,distserve_2a100,realistic_pcie,0,short_extra_07,79.04687302652746,4653.0869390117,72.70448342205782,78.71937000891194,4732.133812038228
high_l10,high,10,qwen2.5-7b-instruct,Qwen--Qwen2.5-7B-Instruct,DistServe,DistServe-2A100,distserve_2a100,realistic_pcie,0,short_extra_08,76.03223697515205,4641.736518067773,3.64591006655246,79.6781470417045,4717.7687550429255
high_l10,high,10,qwen2.5-7b-instruct,Qwen--Qwen2.5-7B-Instruct,DistServe,DistServe-2A100,distserve_2a100,realistic_pcie,0,short_extra_09,75.82246197853237,4200.996669067536,65.64057295418024,70.38409099914134,4276.819131046068
high_l10,high,10,qwen2.5-7b-instruct,Qwen--Qwen2.5-7B-Instruct,DistServe,DistServe-2A100,distserve_2a100,realistic_pcie,0,short_extra_10,76.53802999993786,4185.334946960211,65.3958585462533,71.70730998041108,4261.872976960149
high_l10,high,10,qwen2.5-7b-instruct,Qwen--Qwen2.5-7B-Instruct,DistServe,DistServe-2A100,distserve_2a100,realistic_pcie,0,short_extra_11,75.92450099764392,4631.480381998699,2.001271990593523,77.92577298823744,4707.404882996343
high_l10,high,10,qwen2.5-7b-instruct,Qwen--Qwen2.5-7B-Instruct,DistServe,DistServe-2A100,distserve_2a100,realistic_pcie,0,short_extra_12,75.75274497503415,4238.362207077444,66.22440948558506,73.39939702069387,4314.114952052478
high_l10,high,10,qwen2.5-7b-instruct,Qwen--Qwen2.5-7B-Instruct,DistServe,DistServe-2A100,distserve_2a100,realistic_pcie,0,short_extra_13,76.1982339899987,4658.129747956991,1.8132849945686758,78.01151898456737,4734.32798194699
high_l10,high,10,qwen2.5-7b-instruct,Qwen--Qwen2.5-7B-Instruct,DistServe,DistServe-2A100,distserve_2a100,realistic_pcie,0,short_extra_14,75.96086099511012,4191.829009039793,65.49732826624677,71.09051599400118,4267.789870034903
high_l10,high,10,qwen2.5-7b-instruct,Qwen--Qwen2.5-7B-Instruct,DistServe,DistServe-2A100,distserve_2a100,realistic_pcie,0,short_extra_15,77.5782439741306,4652.869841025677,0.7816780707798898,78.35992204491049,4730.448084999807
high_l10,high,10,qwen2.5-7b-instruct,Qwen--Qwen2.5-7B-Instruct,DistServe,DistServe-2A100,distserve_2a100,realistic_pcie,0,short_extra_16,77.5514540146105,4664.266039966606,72.87915687447821,76.55161200091243,4741.817493981216
high_l10,high,10,qwen2.5-7b-instruct,Qwen--Qwen2.5-7B-Instruct,DistServe,DistServe-2A100,distserve_2a100,realistic_pcie,0,short_extra_17,189.80137800099328,4642.381466983352,0.8836520137265325,190.6850300147198,4832.182844984345
high_l10,high,10,qwen2.5-7b-instruct,Qwen--Qwen2.5-7B-Instruct,DistServe,DistServe-2A100,distserve_2a100,realistic_pcie,0,short_extra_18,76.004347007256,4178.447210986633,65.28823767166614,71.12972799222916,4254.451557993889
high_l10,high,10,qwen2.5-7b-instruct,Qwen--Qwen2.5-7B-Instruct,DistServe,DistServe-2A100,distserve_2a100,realistic_pcie,0,short_extra_19,76.53249596478418,4633.339641033672,3.3414920326322317,79.8739879974164,4709.872136998456
high_l10,high,10,qwen2.5-7b-instruct,Qwen--Qwen2.5-7B-Instruct,DistServe,DistServe-2A100,distserve_2a100,realistic_pcie,0,short_extra_20,77.08760298555717,4186.151478032116,65.40861684425181,72.59176101069897,4263.239081017673
high_l10,high,10,qwen2.5-7b-instruct,Qwen--Qwen2.5-7B-Instruct,DistServe,DistServe-2A100,distserve_2a100,realistic_pcie,0,short_extra_21,77.17999099986628,4196.638649038505,65.57247889122664,72.14113202644512,4273.818640038371
high_l10,high,10,qwen2.5-7b-instruct,Qwen--Qwen2.5-7B-Instruct,DistServe,DistServe-2A100,distserve_2a100,realistic_pcie,0,short_extra_22,77.3415089934133,4188.627769006416,65.44730889072525,72.68228300381452,4265.9692779998295
high_l10,high,10,qwen2.5-7b-instruct,Qwen--Qwen2.5-7B-Instruct,DistServe,DistServe-2A100,distserve_2a100,realistic_pcie,0,short_extra_23,76.11408701632172,4165.518737980165,65.08623028094007,69.91123902844265,4241.632824996486
high_l10,high,10,qwen2.5-7b-instruct,Qwen--Qwen2.5-7B-Instruct,DistServe,DistServe-2A100,distserve_2a100,realistic_pcie,0,short_extra_24,76.22063002781942,4644.071691960562,4.140901961363852,80.36153198918328,4720.292321988381
high_l10,high,10,qwen2.5-7b-instruct,Qwen--Qwen2.5-7B-Instruct,DistServe,DistServe-2A100,distserve_2a100,realistic_pcie,0,short_extra_25,76.19793701451272,4182.329853007104,65.348903953236,70.27980400016531,4258.527790021617
high_l10,high,10,qwen2.5-7b-instruct,Qwen--Qwen2.5-7B-Instruct,DistServe,DistServe-2A100,distserve_2a100,realistic_pcie,0,short_extra_26,77.20434997463599,4220.65511404071,65.9477361568861,70.88152697542682,4297.859464015346
high_l10,high,10,qwen2.5-7b-instruct,Qwen--Qwen2.5-7B-Instruct,DistServe,DistServe-2A100,distserve_2a100,realistic_pcie,0,short_extra_27,77.37017999170348,4642.282317974605,0.7414539577439427,78.11163394944742,4719.652497966308
high_l10,high,10,qwen2.5-7b-instruct,Qwen--Qwen2.5-7B-Instruct,DistServe,DistServe-2A100,distserve_2a100,realistic_pcie,0,short_extra_28,76.85662497533485,4188.506098988,65.4454077966875,71.20756601216272,4265.362723963335
high_l10,high,10,qwen2.5-7b-instruct,Qwen--Qwen2.5-7B-Instruct,DistServe,DistServe-2A100,distserve_2a100,realistic_pcie,0,short_extra_29,76.69027999509126,4652.0885289646685,1.9677089876495302,78.65798898274079,4728.77880895976
high_l10,high,10,qwen2.5-7b-instruct,Qwen--Qwen2.5-7B-Instruct,DistServe,DistServe-2A100,distserve_2a100,realistic_pcie,0,short_extra_30,76.13574399147183,4627.987220999785,2.088512002956122,78.22425599442795,4704.122964991257
high_l10,high,10,qwen2.5-7b-instruct,Qwen--Qwen2.5-7B-Instruct,DistServe,DistServe-2A100,distserve_2a100,realistic_pcie,0,short_extra_31,75.4110369598493,4390.972973022144,2.0748660317622125,77.48590299161151,4466.384009981994
high_l10,high,10,qwen2.5-7b-instruct,Qwen--Qwen2.5-7B-Instruct,DistServe,DistServe-2A100,distserve_2a100,realistic_pcie,0,short_extra_32,75.64164395444095,4645.848302054219,2.105244027916342,77.7468879823573,4721.48994600866
high_l10,high,10,qwen2.5-7b-instruct,Qwen--Qwen2.5-7B-Instruct,DistServe,DistServe-2A100,distserve_2a100,realistic_pcie,0,short_extra_33,76.23842498287559,4669.3599299760535,4.004492016974837,80.24291699985042,4745.598354958929
high_l10,high,10,qwen2.5-7b-instruct,Qwen--Qwen2.5-7B-Instruct,DistServe,DistServe-2A100,distserve_2a100,realistic_pcie,1,long_a,216.50246204808354,4176.268512906972,3.236172895412892,219.73863494349644,4392.770974955056
high_l10,high,10,qwen2.5-7b-instruct,Qwen--Qwen2.5-7B-Instruct,DistServe,DistServe-2A100,distserve_2a100,realistic_pcie,1,long_b,269.8527090251446,4202.600292977877,9.629298991058022,279.4820080162026,4472.4530020030215
high_l10,high,10,qwen2.5-7b-instruct,Qwen--Qwen2.5-7B-Instruct,DistServe,DistServe-2A100,distserve_2a100,realistic_pcie,1,long_extra_00,220.89696500916034,4192.407309019472,6.235695036593825,227.13266004575416,4413.304274028633
high_l10,high,10,qwen2.5-7b-instruct,Qwen--Qwen2.5-7B-Instruct,DistServe,DistServe-2A100,distserve_2a100,realistic_pcie,1,long_extra_01,228.49696094635874,4176.355726027396,65.25555821917806,224.8374639893882,4404.852686973754
high_l10,high,10,qwen2.5-7b-instruct,Qwen--Qwen2.5-7B-Instruct,DistServe,DistServe-2A100,distserve_2a100,realistic_pcie,1,mid_b,75.38592396304011,4193.5284320497885,65.52388175077795,69.9937820318155,4268.914356012829
high_l10,high,10,qwen2.5-7b-instruct,Qwen--Qwen2.5-7B-Instruct,DistServe,DistServe-2A100,distserve_2a100,realistic_pcie,1,short_a,75.5989010212943,4171.5493890224025,65.18045920347504,71.2123760022223,4247.148290043697
high_l10,high,10,qwen2.5-7b-instruct,Qwen--Qwen2.5-7B-Instruct,DistServe,DistServe-2A100,distserve_2a100,realistic_pcie,1,short_extra_00,77.38731900462881,4190.144360996783,65.47100564057473,71.38353999471292,4267.531680001412
high_l10,high,10,qwen2.5-7b-instruct,Qwen--Qwen2.5-7B-Instruct,DistServe,DistServe-2A100,distserve_2a100,realistic_pcie,1,short_extra_01,75.66634600516409,4180.620204017032,65.32219068776612,70.41701802518219,4256.286550022196
high_l10,high,10,qwen2.5-7b-instruct,Qwen--Qwen2.5-7B-Instruct,DistServe,DistServe-2A100,distserve_2a100,realistic_pcie,1,short_extra_02,75.98510500974953,4175.307202967815,65.23917504637211,70.84803498582914,4251.292307977565
high_l10,high,10,qwen2.5-7b-instruct,Qwen--Qwen2.5-7B-Instruct,DistServe,DistServe-2A100,distserve_2a100,realistic_pcie,1,short_extra_03,76.29476196598262,4183.102131064516,65.36097079788306,70.67077001556754,4259.396893030498
high_l10,high,10,qwen2.5-7b-instruct,Qwen--Qwen2.5-7B-Instruct,DistServe,DistServe-2A100,distserve_2a100,realistic_pcie,1,short_extra_04,75.70760598173365,4203.079005004838,65.6731094532006,71.23763102572411,4278.786610986572
high_l10,high,10,qwen2.5-7b-instruct,Qwen--Qwen2.5-7B-Instruct,DistServe,DistServe-2A100,distserve_2a100,realistic_pcie,1,short_extra_05,76.20674296049401,4179.721843043808,65.3081537975595,70.46892802463844,4255.928586004302
high_l10,high,10,qwen2.5-7b-instruct,Qwen--Qwen2.5-7B-Instruct,DistServe,DistServe-2A100,distserve_2a100,realistic_pcie,1,short_extra_06,77.60764402337372,4180.421362980269,65.3190837965667,72.25132698658854,4258.029007003643
high_l10,high,10,qwen2.5-7b-instruct,Qwen--Qwen2.5-7B-Instruct,DistServe,DistServe-2A100,distserve_2a100,realistic_pcie,1,short_extra_07,75.95059101004153,4170.2717549633235,65.16049617130193,71.33573800092563,4246.222345973365
high_l10,high,10,qwen2.5-7b-instruct,Qwen--Qwen2.5-7B-Instruct,DistServe,DistServe-2A100,distserve_2a100,realistic_pcie,1,short_extra_08,77.3005560040474,4175.830296997447,65.2473483905851,71.32177799940109,4253.130853001494
high_l10,high,10,qwen2.5-7b-instruct,Qwen--Qwen2.5-7B-Instruct,DistServe,DistServe-2A100,distserve_2a100,realistic_pcie,1,short_extra_09,75.94942796276882,4167.779263050761,65.12155098516814,70.4760699882172,4243.72869101353
high_l10,high,10,qwen2.5-7b-instruct,Qwen--Qwen2.5-7B-Instruct,DistServe,DistServe-2A100,distserve_2a100,realistic_pcie,1,short_extra_10,75.95724199200049,4208.536608028226,65.75838450044103,70.95717603806406,4284.493850020226
high_l10,high,10,qwen2.5-7b-instruct,Qwen--Qwen2.5-7B-Instruct,DistServe,DistServe-2A100,distserve_2a100,realistic_pcie,1,short_extra_11,76.19937800336629,4181.895616988186,65.3421190154404,71.18623499991372,4258.094994991552
high_l10,high,10,qwen2.5-7b-instruct,Qwen--Qwen2.5-7B-Instruct,DistServe,DistServe-2A100,distserve_2a100,realistic_pcie,1,short_extra_12,76.79551001638174,4202.954200969543,65.67115939014911,70.69056300679222,4279.749710985925
high_l10,high,10,qwen2.5-7b-instruct,Qwen--Qwen2.5-7B-Instruct,DistServe,DistServe-2A100,distserve_2a100,realistic_pcie,1,short_extra_13,75.95392497023568,4171.506780025084,65.17979343789193,70.91605599271134,4247.460704995319
high_l10,high,10,qwen2.5-7b-instruct,Qwen--Qwen2.5-7B-Instruct,DistServe,DistServe-2A100,distserve_2a100,realistic_pcie,1,short_extra_14,77.37673999508843,4187.458593049087,65.42904051639198,73.5627050162293,4264.835333044175
high_l10,high,10,qwen2.5-7b-instruct,Qwen--Qwen2.5-7B-Instruct,DistServe,DistServe-2A100,distserve_2a100,realistic_pcie,1,short_extra_15,76.52774301823229,4174.093467008788,65.22021042201231,70.56335802190006,4250.62121002702
high_l10,high,10,qwen2.5-7b-instruct,Qwen--Qwen2.5-7B-Instruct,DistServe,DistServe-2A100,distserve_2a100,realistic_pcie,1,short_extra_16,76.7420349875465,4186.4071390009485,65.41261154688982,70.85052796173841,4263.149173988495
high_l10,high,10,qwen2.5-7b-instruct,Qwen--Qwen2.5-7B-Instruct,DistServe,DistServe-2A100,distserve_2a100,realistic_pcie,1,short_extra_17,76.44902897300199,4194.962980051059,65.5462965632978,70.6321070319973,4271.412009024061
high_l10,high,10,qwen2.5-7b-instruct,Qwen--Qwen2.5-7B-Instruct,DistServe,DistServe-2A100,distserve_2a100,realistic_pcie,1,short_extra_18,76.35600096546113,4213.445022061933,65.8350784697177,70.2160670189187,4289.801023027394
high_l10,high,10,qwen2.5-7b-instruct,Qwen--Qwen2.5-7B-Instruct,DistServe,DistServe-2A100,distserve_2a100,realistic_pcie,1,short_extra_19,76.92799705546349,4180.163205950521,65.31505009297689,71.57591101713479,4257.091203005984
high_l10,high,10,qwen2.5-7b-instruct,Qwen--Qwen2.5-7B-Instruct,DistServe,DistServe-2A100,distserve_2a100,realistic_pcie,1,short_extra_20,76.19086001068354,4175.486551015638,65.24197735961934,70.73013100307435,4251.677411026321
high_l10,high,10,qwen2.5-7b-instruct,Qwen--Qwen2.5-7B-Instruct,DistServe,DistServe-2A100,distserve_2a100,realistic_pcie,1,short_extra_21,77.31385005172342,4176.99508392252,65.26554818628938,71.16905297152698,4254.308933974244
high_l10,high,10,qwen2.5-7b-instruct,Qwen--Qwen2.5-7B-Instruct,DistServe,DistServe-2A100,distserve_2a100,realistic_pcie,1,short_extra_22,76.30377804161981,4165.7114420086145,65.0892412813846,71.1634400067851,4242.015220050234
high_l10,high,10,qwen2.5-7b-instruct,Qwen--Qwen2.5-7B-Instruct,DistServe,DistServe-2A100,distserve_2a100,realistic_pcie,1,short_extra_23,76.0114059667103,4156.185431056656,64.94039736026025,71.71479397220537,4232.196837023366
high_l10,high,10,qwen2.5-7b-instruct,Qwen--Qwen2.5-7B-Instruct,DistServe,DistServe-2A100,distserve_2a100,realistic_pcie,1,short_extra_24,77.54635502351448,4191.738389956299,65.49591234306718,71.51022495236248,4269.284744979814
high_l10,high,10,qwen2.5-7b-instruct,Qwen--Qwen2.5-7B-Instruct,DistServe,DistServe-2A100,distserve_2a100,realistic_pcie,1,short_extra_25,77.1720060147345,4169.354824000038,65.1461691250006,70.78786398051307,4246.526830014773
high_l10,high,10,qwen2.5-7b-instruct,Qwen--Qwen2.5-7B-Instruct,DistServe,DistServe-2A100,distserve_2a100,realistic_pcie,1,short_extra_26,75.92851098161191,4168.476496008225,65.13244525012851,71.49911700980738,4244.405006989837
high_l10,high,10,qwen2.5-7b-instruct,Qwen--Qwen2.5-7B-Instruct,DistServe,DistServe-2A100,distserve_2a100,realistic_pcie,1,short_extra_27,75.67739899968728,4191.557880025357,65.4930918753962,71.38639403274283,4267.235279025044
high_l10,high,10,qwen2.5-7b-instruct,Qwen--Qwen2.5-7B-Instruct,DistServe,DistServe-2A100,distserve_2a100,realistic_pcie,1,short_extra_28,76.16447302279994,4206.579197954852,65.72779996804456,71.1498640011996,4282.743670977652
high_l10,high,10,qwen2.5-7b-instruct,Qwen--Qwen2.5-7B-Instruct,DistServe,DistServe-2A100,distserve_2a100,realistic_pcie,1,short_extra_29,79.3139049783349,4168.175003025681,65.12773442227626,70.61613700352609,4247.488908004016
high_l10,high,10,qwen2.5-7b-instruct,Qwen--Qwen2.5-7B-Instruct,DistServe,DistServe-2A100,distserve_2a100,realistic_pcie,1,short_extra_30,76.67321502231061,4214.338916004635,65.84904556257243,70.95279300119728,4291.012131026946
high_l10,high,10,qwen2.5-7b-instruct,Qwen--Qwen2.5-7B-Instruct,DistServe,DistServe-2A100,distserve_2a100,realistic_pcie,1,short_extra_31,75.81738103181124,4181.9641149486415,65.34318929607252,70.43635001173243,4257.781495980453
high_l10,high,10,qwen2.5-7b-instruct,Qwen--Qwen2.5-7B-Instruct,DistServe,DistServe-2A100,distserve_2a100,realistic_pcie,1,short_extra_32,75.76358801452443,4182.556998974178,65.35245310897153,70.47418900765479,4258.320586988702
high_l10,high,10,qwen2.5-7b-instruct,Qwen--Qwen2.5-7B-Instruct,DistServe,DistServe-2A100,distserve_2a100,realistic_pcie,1,short_extra_33,76.19475200772285,4209.325929987244,65.77071765605069,71.54389598872513,4285.520681994967
high_l30,high,30,baichuan2-7b-chat,baichuan-inc--Baichuan2-7B-Chat,DistServe,DistServe-2A100,distserve_2a100,realistic_pcie,0,long_a,216.3573659490794,1015.7296400866471,5.924938071984798,222.2823040210642,1232.0870060357265
high_l30,high,30,baichuan2-7b-chat,baichuan-inc--Baichuan2-7B-Chat,DistServe,DistServe-2A100,distserve_2a100,realistic_pcie,0,long_b,269.4544409750961,4549.523202993441,3.2352699781768024,272.6897109532729,4818.977643968537
high_l30,high,30,baichuan2-7b-chat,baichuan-inc--Baichuan2-7B-Chat,DistServe,DistServe-2A100,distserve_2a100,realistic_pcie,0,long_extra_00,230.47571000643075,1312.1743900119327,20.50272484393645,228.48150500794873,1542.6501000183634
high_l30,high,30,baichuan2-7b-chat,baichuan-inc--Baichuan2-7B-Chat,DistServe,DistServe-2A100,distserve_2a100,realistic_pcie,0,long_extra_01,220.82411899464205,4618.518752045929,6.154819042421877,226.97893803706393,4839.3428710405715
high_l30,high,30,baichuan2-7b-chat,baichuan-inc--Baichuan2-7B-Chat,DistServe,DistServe-2A100,distserve_2a100,realistic_pcie,0,long_extra_02,266.04231499368325,6.729249027557671,6.729249027557671,272.7715640212409,272.7715640212409
high_l30,high,30,baichuan2-7b-chat,baichuan-inc--Baichuan2-7B-Chat,DistServe,DistServe-2A100,distserve_2a100,realistic_pcie,0,long_extra_03,256.90367695642635,4628.696614061482,3.931241051759571,260.8349180081859,4885.600291017909
high_l30,high,30,baichuan2-7b-chat,baichuan-inc--Baichuan2-7B-Chat,DistServe,DistServe-2A100,distserve_2a100,realistic_pcie,0,long_extra_04,275.81585000734776,7.827944005839527,7.827944005839527,283.6437940131873,283.6437940131873
high_l30,high,30,baichuan2-7b-chat,baichuan-inc--Baichuan2-7B-Chat,DistServe,DistServe-2A100,distserve_2a100,realistic_pcie,0,long_extra_05,211.45860699471086,4630.666216020472,7.816019002348185,219.27462599705905,4842.124823015183
high_l30,high,30,baichuan2-7b-chat,baichuan-inc--Baichuan2-7B-Chat,DistServe,DistServe-2A100,distserve_2a100,realistic_pcie,0,long_extra_06,224.17623503133655,812.5353389768861,4.792223975528032,228.96845900686458,1036.7115740082227
high_l30,high,30,baichuan2-7b-chat,baichuan-inc--Baichuan2-7B-Chat,DistServe,DistServe-2A100,distserve_2a100,realistic_pcie,0,long_extra_07,217.32042904477566,4645.598786941264,2.64696596423164,219.9673950090073,4862.9192159860395
high_l30,high,30,baichuan2-7b-chat,baichuan-inc--Baichuan2-7B-Chat,DistServe,DistServe-2A100,distserve_2a100,realistic_pcie,0,long_extra_08,242.03655699966475,741.7095979908481,12.581727001816034,254.6182840014808,983.7461549905129
high_l30,high,30,baichuan2-7b-chat,baichuan-inc--Baichuan2-7B-Chat,DistServe,DistServe-2A100,distserve_2a100,realistic_pcie,0,long_extra_09,219.54402700066566,4611.608348030131,2.778700029011816,222.32272702967748,4831.152375030797
high_l30,high,30,baichuan2-7b-chat,baichuan-inc--Baichuan2-7B-Chat,DistServe,DistServe-2A100,distserve_2a100,realistic_pcie,0,mid_b,79.36549303121865,4599.299194989726,71.86404992171447,77.96649902593344,4678.664688020945
high_l30,high,30,baichuan2-7b-chat,baichuan-inc--Baichuan2-7B-Chat,DistServe,DistServe-2A100,distserve_2a100,realistic_pcie,0,short_a,78.07519898051396,4530.203444010112,70.784428812658,76.68019697302952,4608.278642990626
high_l30,high,30,baichuan2-7b-chat,baichuan-inc--Baichuan2-7B-Chat,DistServe,DistServe-2A100,distserve_2a100,realistic_pcie,0,short_extra_00,77.84747902769595,4611.054433975369,72.04772553086514,77.75712799048051,4688.901913003065
high_l30,high,30,baichuan2-7b-chat,baichuan-inc--Baichuan2-7B-Chat,DistServe,DistServe-2A100,distserve_2a100,realistic_pcie,0,short_extra_01,77.04026997089386,4550.263129989617,71.09786140608776,76.99418399715796,4627.30339996051
high_l30,high,30,baichuan2-7b-chat,baichuan-inc--Baichuan2-7B-Chat,DistServe,DistServe-2A100,distserve_2a100,realistic_pcie,0,short_extra_02,76.87008997891098,4613.856771029532,1.8784570274874568,78.74854700639844,4690.726861008443
high_l30,high,30,baichuan2-7b-chat,baichuan-inc--Baichuan2-7B-Chat,DistServe,DistServe-2A100,distserve_2a100,realistic_pcie,0,short_extra_03,77.49994797632098,4652.63306099223,1.7870430019684136,79.2869909782894,4730.133008968551
high_l30,high,30,baichuan2-7b-chat,baichuan-inc--Baichuan2-7B-Chat,DistServe,DistServe-2A100,distserve_2a100,realistic_pcie,0,short_extra_04,79.71422199625522,4593.210188031662,71.76890918799472,77.8246260015294,4672.9244100279175
high_l30,high,30,baichuan2-7b-chat,baichuan-inc--Baichuan2-7B-Chat,DistServe,DistServe-2A100,distserve_2a100,realistic_pcie,0,short_extra_05,76.73602498834953,4644.857377978042,2.3180110147222877,79.05403600307181,4721.593402966391
high_l30,high,30,baichuan2-7b-chat,baichuan-inc--Baichuan2-7B-Chat,DistServe,DistServe-2A100,distserve_2a100,realistic_pcie,0,short_extra_06,77.68956501968205,3983.8792339432985,1.7920859390869737,79.48165095876902,4061.5687989629805
high_l30,high,30,baichuan2-7b-chat,baichuan-inc--Baichuan2-7B-Chat,DistServe,DistServe-2A100,distserve_2a100,realistic_pcie,0,short_extra_07,78.29737197607756,4614.981866034213,72.10909165678459,77.51467998605222,4693.279238010291
high_l30,high,30,baichuan2-7b-chat,baichuan-inc--Baichuan2-7B-Chat,DistServe,DistServe-2A100,distserve_2a100,realistic_pcie,0,short_extra_08,79.07065999461338,4546.154407958966,71.03366262435884,76.73337298911065,4625.225067953579
high_l30,high,30,baichuan2-7b-chat,baichuan-inc--Baichuan2-7B-Chat,DistServe,DistServe-2A100,distserve_2a100,realistic_pcie,0,short_extra_09,78.81960697704926,4544.675200013444,71.01055000021006,75.48223994672298,4623.494806990493
high_l30,high,30,baichuan2-7b-chat,baichuan-inc--Baichuan2-7B-Chat,DistServe,DistServe-2A100,distserve_2a100,realistic_pcie,0,short_extra_10,77.43131997995079,1947.3751640180126,0.4200570401735604,77.85137702012435,2024.8064839979634
high_l30,high,30,baichuan2-7b-chat,baichuan-inc--Baichuan2-7B-Chat,DistServe,DistServe-2A100,distserve_2a100,realistic_pcie,0,short_extra_11,81.56877802684903,4602.543445012998,71.91474132832809,76.67717000003904,4684.112223039847
high_l30,high,30,baichuan2-7b-chat,baichuan-inc--Baichuan2-7B-Chat,DistServe,DistServe-2A100,distserve_2a100,realistic_pcie,0,short_extra_12,77.09510199492797,4549.252564960625,0.012594973668456078,77.10769696859643,4626.347666955553
high_l30,high,30,baichuan2-7b-chat,baichuan-inc--Baichuan2-7B-Chat,DistServe,DistServe-2A100,distserve_2a100,realistic_pcie,0,short_extra_13,78.55194399598986,4547.74950700812,71.05858604700188,76.19643001817167,4626.30145100411
high_l30,high,30,baichuan2-7b-chat,baichuan-inc--Baichuan2-7B-Chat,DistServe,DistServe-2A100,distserve_2a100,realistic_pcie,0,short_extra_14,76.79787900997326,4539.204575994518,70.92507149991434,76.77398202940822,4616.002455004491
high_l30,high,30,baichuan2-7b-chat,baichuan-inc--Baichuan2-7B-Chat,DistServe,DistServe-2A100,distserve_2a100,realistic_pcie,0,short_extra_15,78.54981900891289,4583.798660954926,71.62185407742072,78.05886399000883,4662.348479963839
high_l30,high,30,baichuan2-7b-chat,baichuan-inc--Baichuan2-7B-Chat,DistServe,DistServe-2A100,distserve_2a100,realistic_pcie,0,short_extra_16,79.61308298399672,4524.977096996736,70.702767140574,75.52943099290133,4604.5901799807325
high_l30,high,30,baichuan2-7b-chat,baichuan-inc--Baichuan2-7B-Chat,DistServe,DistServe-2A100,distserve_2a100,realistic_pcie,0,short_extra_17,77.37805496435612,4604.502889036667,71.94535764119792,77.02597696334124,4681.880944001023
high_l30,high,30,baichuan2-7b-chat,baichuan-inc--Baichuan2-7B-Chat,DistServe,DistServe-2A100,distserve_2a100,realistic_pcie,0,short_extra_18,82.924610003829,4614.79393299669,72.10615520307329,77.94255198678002,4697.718543000519
high_l30,high,30,baichuan2-7b-chat,baichuan-inc--Baichuan2-7B-Chat,DistServe,DistServe-2A100,distserve_2a100,realistic_pcie,0,short_extra_19,79.3052000226453,4535.5060959700495,70.86728274953202,77.78278895420954,4614.811295992695
high_l30,high,30,baichuan2-7b-chat,baichuan-inc--Baichuan2-7B-Chat,DistServe,DistServe-2A100,distserve_2a100,realistic_pcie,0,short_extra_20,77.47126300819218,4537.533108959906,70.89895482749853,76.43581600859761,4615.004371968098
high_l30,high,30,baichuan2-7b-chat,baichuan-inc--Baichuan2-7B-Chat,DistServe,DistServe-2A100,distserve_2a100,realistic_pcie,0,short_extra_21,77.24989100825042,4636.59650500631,2.7595519786700606,80.00944298692048,4713.84639601456
high_l30,high,30,baichuan2-7b-chat,baichuan-inc--Baichuan2-7B-Chat,DistServe,DistServe-2A100,distserve_2a100,realistic_pcie,0,short_extra_22,76.86203700723127,4542.795734014362,0.5773190059699118,77.43935601320118,4619.657771021593
high_l30,high,30,baichuan2-7b-chat,baichuan-inc--Baichuan2-7B-Chat,DistServe,DistServe-2A100,distserve_2a100,realistic_pcie,0,short_extra_23,78.03731900639832,4543.10530598741,70.98602040605329,76.73953502671793,4621.142624993809
high_l30,high,30,baichuan2-7b-chat,baichuan-inc--Baichuan2-7B-Chat,DistServe,DistServe-2A100,distserve_2a100,realistic_pcie,0,short_extra_24,140.3561329934746,4632.370956998784,4.198984999675304,144.5551179931499,4772.727089992259
high_l30,high,30,baichuan2-7b-chat,baichuan-inc--Baichuan2-7B-Chat,DistServe,DistServe-2A100,distserve_2a100,realistic_pcie,0,short_extra_25,77.11728697177023,4612.92719404446,1.5776530490256846,78.69494002079591,4690.04448101623
high_l30,high,30,baichuan2-7b-chat,baichuan-inc--Baichuan2-7B-Chat,DistServe,DistServe-2A100,distserve_2a100,realistic_pcie,1,long_a,217.1644220361486,1163.3862119633704,15.917818993330002,233.0822410294786,1380.550633999519
high_l30,high,30,baichuan2-7b-chat,baichuan-inc--Baichuan2-7B-Chat,DistServe,DistServe-2A100,distserve_2a100,realistic_pcie,1,long_b,266.84234297135845,5164.774057047907,6.309681048151106,273.15202401950955,5431.616400019266
high_l30,high,30,baichuan2-7b-chat,baichuan-inc--Baichuan2-7B-Chat,DistServe,DistServe-2A100,distserve_2a100,realistic_pcie,1,long_extra_00,224.43378501338884,1303.8365299580619,3.895631991326809,228.32941700471565,1528.2703149714507
high_l30,high,30,baichuan2-7b-chat,baichuan-inc--Baichuan2-7B-Chat,DistServe,DistServe-2A100,distserve_2a100,realistic_pcie,1,long_extra_01,220.2370259910822,4581.995982967783,2.6811360148712993,222.9181620059535,4802.233008958865
high_l30,high,30,baichuan2-7b-chat,baichuan-inc--Baichuan2-7B-Chat,DistServe,DistServe-2A100,distserve_2a100,realistic_pcie,1,long_extra_02,264.1914749983698,6.3153019873425364,6.3153019873425364,270.50677698571235,270.50677698571235
high_l30,high,30,baichuan2-7b-chat,baichuan-inc--Baichuan2-7B-Chat,DistServe,DistServe-2A100,distserve_2a100,realistic_pcie,1,long_extra_03,257.4346520123072,4549.767214979511,3.9728429983370006,261.4074950106442,4807.201866991818
high_l30,high,30,baichuan2-7b-chat,baichuan-inc--Baichuan2-7B-Chat,DistServe,DistServe-2A100,distserve_2a100,realistic_pcie,1,long_extra_04,272.3478560219519,11.75152900395915,11.75152900395915,284.09938502591103,284.09938502591103
high_l30,high,30,baichuan2-7b-chat,baichuan-inc--Baichuan2-7B-Chat,DistServe,DistServe-2A100,distserve_2a100,realistic_pcie,1,long_extra_05,212.20854902639985,4583.712374966126,6.212822976522148,218.421372002922,4795.920923992526
high_l30,high,30,baichuan2-7b-chat,baichuan-inc--Baichuan2-7B-Chat,DistServe,DistServe-2A100,distserve_2a100,realistic_pcie,1,long_extra_06,224.33672798797488,804.6528589911759,4.0997270261868834,228.43645501416177,1028.9895869791508
high_l30,high,30,baichuan2-7b-chat,baichuan-inc--Baichuan2-7B-Chat,DistServe,DistServe-2A100,distserve_2a100,realistic_pcie,1,long_extra_07,212.93167799012735,4556.952380982693,9.119694004766643,222.051371994894,4769.884058972821
high_l30,high,30,baichuan2-7b-chat,baichuan-inc--Baichuan2-7B-Chat,DistServe,DistServe-2A100,distserve_2a100,realistic_pcie,1,long_extra_08,244.0201099961996,731.8696370348334,9.992369043175131,254.01247903937474,975.889747031033
high_l30,high,30,baichuan2-7b-chat,baichuan-inc--Baichuan2-7B-Chat,DistServe,DistServe-2A100,distserve_2a100,realistic_pcie,1,long_extra_09,214.6662839804776,4609.1706700390205,4.658561025280505,219.3248450057581,4823.836954019498
high_l30,high,30,baichuan2-7b-chat,baichuan-inc--Baichuan2-7B-Chat,DistServe,DistServe-2A100,distserve_2a100,realistic_pcie,1,mid_b,78.83803296135738,4553.528882039245,71.1488887818632,77.45853200322017,4632.366915000603
high_l30,high,30,baichuan2-7b-chat,baichuan-inc--Baichuan2-7B-Chat,DistServe,DistServe-2A100,distserve_2a100,realistic_pcie,1,short_a,76.00949599873275,4601.964776986279,1.4657200081273913,77.47521600686014,4677.974272985011
high_l30,high,30,baichuan2-7b-chat,baichuan-inc--Baichuan2-7B-Chat,DistServe,DistServe-2A100,distserve_2a100,realistic_pcie,1,short_extra_00,76.57542696688324,4555.681352037936,71.18252112559276,76.42192201456055,4632.25677900482
high_l30,high,30,baichuan2-7b-chat,baichuan-inc--Baichuan2-7B-Chat,DistServe,DistServe-2A100,distserve_2a100,realistic_pcie,1,short_extra_01,77.0848109968938,5153.834483004175,9.170764009468257,86.25557500636205,5230.919294001069
high_l30,high,30,baichuan2-7b-chat,baichuan-inc--Baichuan2-7B-Chat,DistServe,DistServe-2A100,distserve_2a100,realistic_pcie,1,short_extra_02,80.17781400121748,4549.618997960351,71.08779684313049,76.45234098890796,4629.796811961569
high_l30,high,30,baichuan2-7b-chat,baichuan-inc--Baichuan2-7B-Chat,DistServe,DistServe-2A100,distserve_2a100,realistic_pcie,1,short_extra_03,76.99379802215844,4560.05158595508,0.5820939550176263,77.57589197717607,4637.045383977238
high_l30,high,30,baichuan2-7b-chat,baichuan-inc--Baichuan2-7B-Chat,DistServe,DistServe-2A100,distserve_2a100,realistic_pcie,1,short_extra_04,79.13275598548353,4526.131058984902,70.72079779663909,76.81856100680307,4605.263814970385
high_l30,high,30,baichuan2-7b-chat,baichuan-inc--Baichuan2-7B-Chat,DistServe,DistServe-2A100,distserve_2a100,realistic_pcie,1,short_extra_05,80.96384798409417,4576.581811008509,71.50909079700796,77.02055701520294,4657.545658992603
high_l30,high,30,baichuan2-7b-chat,baichuan-inc--Baichuan2-7B-Chat,DistServe,DistServe-2A100,distserve_2a100,realistic_pcie,1,short_extra_06,77.78852595947683,3434.7198830218986,0.6612780271098018,78.44980398658663,3512.5084089813754
high_l30,high,30,baichuan2-7b-chat,baichuan-inc--Baichuan2-7B-Chat,DistServe,DistServe-2A100,distserve_2a100,realistic_pcie,1,short_extra_07,81.31593000143766,4544.956174970139,71.01494023390842,78.12797895167023,4626.2721049715765
high_l30,high,30,baichuan2-7b-chat,baichuan-inc--Baichuan2-7B-Chat,DistServe,DistServe-2A100,distserve_2a100,realistic_pcie,1,short_extra_08,76.79806899977848,5150.0562080182135,10.023078008089215,86.8211470078677,5226.854277017992
high_l30,high,30,baichuan2-7b-chat,baichuan-inc--Baichuan2-7B-Chat,DistServe,DistServe-2A100,distserve_2a100,realistic_pcie,1,short_extra_09,79.91710101487115,5147.056512010749,6.562786991707981,86.47988800657913,5226.973613025621
high_l30,high,30,baichuan2-7b-chat,baichuan-inc--Baichuan2-7B-Chat,DistServe,DistServe-2A100,distserve_2a100,realistic_pcie,1,short_extra_10,78.42256495496258,2203.089077025652,7.272254035342485,85.69481899030507,2281.5116419806145
high_l30,high,30,baichuan2-7b-chat,baichuan-inc--Baichuan2-7B-Chat,DistServe,DistServe-2A100,distserve_2a100,realistic_pcie,1,short_extra_11,78.91733100404963,4669.563168019522,72.96192450030503,78.0611340305768,4748.480499023572
high_l30,high,30,baichuan2-7b-chat,baichuan-inc--Baichuan2-7B-Chat,DistServe,DistServe-2A100,distserve_2a100,realistic_pcie,1,short_extra_12,80.77355398563668,5147.621596988756,5.236859025899321,86.010413011536,5228.395150974393
high_l30,high,30,baichuan2-7b-chat,baichuan-inc--Baichuan2-7B-Chat,DistServe,DistServe-2A100,distserve_2a100,realistic_pcie,1,short_extra_13,77.04692002153024,4958.535578974988,8.947599970269948,85.99451999180019,5035.582498996519
high_l30,high,30,baichuan2-7b-chat,baichuan-inc--Baichuan2-7B-Chat,DistServe,DistServe-2A100,distserve_2a100,realistic_pcie,1,short_extra_14,76.56492199748755,5130.226620996837,10.04681596532464,86.61173796281219,5206.791542994324
high_l30,high,30,baichuan2-7b-chat,baichuan-inc--Baichuan2-7B-Chat,DistServe,DistServe-2A100,distserve_2a100,realistic_pcie,1,short_extra_15,76.66611799504608,4547.258272010367,1.2170049594715238,77.8831229545176,4623.924390005413
high_l30,high,30,baichuan2-7b-chat,baichuan-inc--Baichuan2-7B-Chat,DistServe,DistServe-2A100,distserve_2a100,realistic_pcie,1,short_extra_16,78.47256399691105,4790.914356999565,74.8580368281182,75.59224596479908,4869.386920996476
high_l30,high,30,baichuan2-7b-chat,baichuan-inc--Baichuan2-7B-Chat,DistServe,DistServe-2A100,distserve_2a100,realistic_pcie,1,short_extra_17,79.14450496900827,4556.376452033874,71.19338206302928,77.16464396798983,4635.520957002882
high_l30,high,30,baichuan2-7b-chat,baichuan-inc--Baichuan2-7B-Chat,DistServe,DistServe-2A100,distserve_2a100,realistic_pcie,1,short_extra_18,77.85885001067072,4534.697140974458,70.85464282772591,77.5161079945974,4612.555990985129
high_l30,high,30,baichuan2-7b-chat,baichuan-inc--Baichuan2-7B-Chat,DistServe,DistServe-2A100,distserve_2a100,realistic_pcie,1,short_extra_19,79.48999397922307,4542.585663031787,70.97790098487167,77.41437602089718,4622.07565701101
high_l30,high,30,baichuan2-7b-chat,baichuan-inc--Baichuan2-7B-Chat,DistServe,DistServe-2A100,distserve_2a100,realistic_pcie,1,short_extra_20,77.26400101091713,5146.47530997172,7.418611960019916,84.68261297093704,5223.739310982637
high_l30,high,30,baichuan2-7b-chat,baichuan-inc--Baichuan2-7B-Chat,DistServe,DistServe-2A100,distserve_2a100,realistic_pcie,1,short_extra_21,80.05360700190067,4543.715838983189,70.99555998411233,76.62743597757071,4623.76944598509
high_l30,high,30,baichuan2-7b-chat,baichuan-inc--Baichuan2-7B-Chat,DistServe,DistServe-2A100,distserve_2a100,realistic_pcie,1,short_extra_22,77.33123999787495,4581.124379998073,71.58006843746989,76.77567901555449,4658.455619995948
high_l30,high,30,baichuan2-7b-chat,baichuan-inc--Baichuan2-7B-Chat,DistServe,DistServe-2A100,distserve_2a100,realistic_pcie,1,short_extra_23,76.4422609936446,4619.65206702007,1.3811339740641415,77.82339496770874,4696.094328013714
high_l30,high,30,baichuan2-7b-chat,baichuan-inc--Baichuan2-7B-Chat,DistServe,DistServe-2A100,distserve_2a100,realistic_pcie,1,short_extra_24,77.99846696434543,4541.860757046379,70.96657432884967,76.60575601039454,4619.859224010725
high_l30,high,30,baichuan2-7b-chat,baichuan-inc--Baichuan2-7B-Chat,DistServe,DistServe-2A100,distserve_2a100,realistic_pcie,1,short_extra_25,77.47820595977828,4517.381670011673,70.58408859393239,76.75649301381782,4594.859875971451
high_l30,high,30,gemma-2-9b-it,google--gemma-2-9b-it,DistServe,DistServe-2A100,distserve_2a100,realistic_pcie,0,long_a,325.3981280140579,2147.7522389614023,12.27428496349603,337.6724129775539,2473.15036697546
high_l30,high,30,gemma-2-9b-it,google--gemma-2-9b-it,DistServe,DistServe-2A100,distserve_2a100,realistic_pcie,0,long_b,359.7916529979557,8448.008383042179,12.22686399705708,372.01851699501276,8807.800036040135
high_l30,high,30,gemma-2-9b-it,google--gemma-2-9b-it,DistServe,DistServe-2A100,distserve_2a100,realistic_pcie,0,long_extra_00,329.33129800949246,1477.302665996831,12.632898986339569,341.964196995832,1806.6339640063234
high_l30,high,30,gemma-2-9b-it,google--gemma-2-9b-it,DistServe,DistServe-2A100,distserve_2a100,realistic_pcie,0,long_extra_01,340.00769001431763,8614.118611963931,6.778423965442926,346.78611397976056,8954.12630197825
high_l30,high,30,gemma-2-9b-it,google--gemma-2-9b-it,DistServe,DistServe-2A100,distserve_2a100,realistic_pcie,0,long_extra_02,334.89808102604,8439.592469949275,14.491181937046349,349.38926296308637,8774.490550975315
high_l30,high,30,gemma-2-9b-it,google--gemma-2-9b-it,DistServe,DistServe-2A100,distserve_2a100,realistic_pcie,0,long_extra_03,338.26991700334474,8423.011690960266,7.670828956179321,345.94074595952407,8761.28160796361
high_l30,high,30,gemma-2-9b-it,google--gemma-2-9b-it,DistServe,DistServe-2A100,distserve_2a100,realistic_pcie,0,long_extra_04,356.95829504402354,8388.340178935323,10.863851988688111,367.82214703271165,8745.298473979346
high_l30,high,30,gemma-2-9b-it,google--gemma-2-9b-it,DistServe,DistServe-2A100,distserve_2a100,realistic_pcie,0,long_extra_05,329.15744895581156,8401.934811030515,8.598775020800531,337.7562239766121,8731.092259986326
high_l30,high,30,gemma-2-9b-it,google--gemma-2-9b-it,DistServe,DistServe-2A100,distserve_2a100,realistic_pcie,0,long_extra_06,329.7459260211326,282.67963201506063,13.031232985667884,342.7771590068005,612.4255580361933
high_l30,high,30,gemma-2-9b-it,google--gemma-2-9b-it,DistServe,DistServe-2A100,distserve_2a100,realistic_pcie,0,long_extra_07,331.47180802188814,8463.661705958657,10.319312976207584,341.7911209980957,8795.133513980545
high_l30,high,30,gemma-2-9b-it,google--gemma-2-9b-it,DistServe,DistServe-2A100,distserve_2a100,realistic_pcie,0,long_extra_08,330.8725630049594,1204.253843985498,11.449407960753888,342.32197096571326,1535.1264069904573
high_l30,high,30,gemma-2-9b-it,google--gemma-2-9b-it,DistServe,DistServe-2A100,distserve_2a100,realistic_pcie,0,long_extra_09,331.3601759728044,8970.82860901719,11.017028009518981,342.3772039823234,9302.188784989994
high_l30,high,30,gemma-2-9b-it,google--gemma-2-9b-it,DistServe,DistServe-2A100,distserve_2a100,realistic_pcie,0,mid_b,143.9518720144406,8389.36377002392,131.08380890662374,143.20427301572636,8533.31564203836
high_l30,high,30,gemma-2-9b-it,google--gemma-2-9b-it,DistServe,DistServe-2A100,distserve_2a100,realistic_pcie,0,short_a,140.85600100224838,8396.5535890311,1.676068000961095,142.53206900320947,8537.409590033349
high_l30,high,30,gemma-2-9b-it,google--gemma-2-9b-it,DistServe,DistServe-2A100,distserve_2a100,realistic_pcie,0,short_extra_00,142.58779597003013,8407.200085057411,0.6249220459721982,143.21271801600233,8549.787881027441
high_l30,high,30,gemma-2-9b-it,google--gemma-2-9b-it,DistServe,DistServe-2A100,distserve_2a100,realistic_pcie,0,short_extra_01,143.350186990574,8414.998567022849,2.163220022339374,145.51340701291338,8558.348754013423
high_l30,high,30,gemma-2-9b-it,google--gemma-2-9b-it,DistServe,DistServe-2A100,distserve_2a100,realistic_pcie,0,short_extra_02,143.05437600705773,8378.882555000018,0.46686403220519423,143.52124003926292,8521.936931007076
high_l30,high,30,gemma-2-9b-it,google--gemma-2-9b-it,DistServe,DistServe-2A100,distserve_2a100,realistic_pcie,0,short_extra_03,143.06683401810005,8380.11970097432,1.5903139719739556,144.657147990074,8523.18653499242
high_l30,high,30,gemma-2-9b-it,google--gemma-2-9b-it,DistServe,DistServe-2A100,distserve_2a100,realistic_pcie,0,short_extra_04,140.79903799574822,8405.91084503103,1.4673520345240831,142.2663900302723,8546.709883026779
high_l30,high,30,gemma-2-9b-it,google--gemma-2-9b-it,DistServe,DistServe-2A100,distserve_2a100,realistic_pcie,0,short_extra_05,144.25351499812678,8421.777132025454,131.59026768789772,143.946563010104,8566.030647023581
high_l30,high,30,gemma-2-9b-it,google--gemma-2-9b-it,DistServe,DistServe-2A100,distserve_2a100,realistic_pcie,0,short_extra_06,148.32608902361244,8402.187137980945,131.28417403095227,147.11631002137437,8550.513227004558
high_l30,high,30,gemma-2-9b-it,google--gemma-2-9b-it,DistServe,DistServe-2A100,distserve_2a100,realistic_pcie,0,short_extra_07,146.42301702406257,8356.965983984992,130.5775934997655,143.51023599738255,8503.389001009054
high_l30,high,30,gemma-2-9b-it,google--gemma-2-9b-it,DistServe,DistServe-2A100,distserve_2a100,realistic_pcie,0,short_extra_08,141.72873500501737,8385.759510973003,3.749797004275024,145.4785320092924,8527.48824597802
high_l30,high,30,gemma-2-9b-it,google--gemma-2-9b-it,DistServe,DistServe-2A100,distserve_2a100,realistic_pcie,0,short_extra_09,141.29308698466048,8390.896486060228,0.4336740239523351,141.7267610086128,8532.189573044889
high_l30,high,30,gemma-2-9b-it,google--gemma-2-9b-it,DistServe,DistServe-2A100,distserve_2a100,realistic_pcie,0,short_extra_10,141.09864801866934,8397.289106971584,2.1155569702386856,143.21420498890802,8538.387754990254
high_l30,high,30,gemma-2-9b-it,google--gemma-2-9b-it,DistServe,DistServe-2A100,distserve_2a100,realistic_pcie,0,short_extra_11,142.33435300411656,8420.901434961706,2.0232379902154207,144.35759099433199,8563.235787965823
high_l30,high,30,gemma-2-9b-it,google--gemma-2-9b-it,DistServe,DistServe-2A100,distserve_2a100,realistic_pcie,0,short_extra_12,142.53582002129406,8378.223311970942,0.5947419558651745,143.13056197715923,8520.759131992236
high_l30,high,30,gemma-2-9b-it,google--gemma-2-9b-it,DistServe,DistServe-2A100,distserve_2a100,realistic_pcie,0,short_extra_13,141.45593799185008,8384.108284022659,1.8832400091923773,143.33917800104246,8525.56422201451
high_l30,high,30,gemma-2-9b-it,google--gemma-2-9b-it,DistServe,DistServe-2A100,distserve_2a100,realistic_pcie,0,short_extra_14,141.86428801622242,8421.757167961914,2.346167981158942,144.21045599738136,8563.621455978137
high_l30,high,30,gemma-2-9b-it,google--gemma-2-9b-it,DistServe,DistServe-2A100,distserve_2a100,realistic_pcie,0,short_extra_15,145.54372802376747,8425.002145988401,131.64065853106877,143.23821500875056,8570.545874012168
high_l30,high,30,gemma-2-9b-it,google--gemma-2-9b-it,DistServe,DistServe-2A100,distserve_2a100,realistic_pcie,0,short_extra_16,146.1072569945827,8383.720288984478,130.99562951538246,142.6075749914162,8529.82754597906
high_l30,high,30,gemma-2-9b-it,google--gemma-2-9b-it,DistServe,DistServe-2A100,distserve_2a100,realistic_pcie,0,short_extra_17,143.2853100122884,8439.70615399303,131.87040865614108,142.24540605209768,8582.991464005318
high_l30,high,30,gemma-2-9b-it,google--gemma-2-9b-it,DistServe,DistServe-2A100,distserve_2a100,realistic_pcie,0,short_extra_18,143.85810302337632,8403.957602975424,1.2891090009361506,145.14721202431247,8547.8157059988
high_l30,high,30,gemma-2-9b-it,google--gemma-2-9b-it,DistServe,DistServe-2A100,distserve_2a100,realistic_pcie,0,short_extra_19,159.57860299386084,8389.739223988727,131.08967537482386,145.223970990628,8549.317826982588
high_l30,high,30,gemma-2-9b-it,google--gemma-2-9b-it,DistServe,DistServe-2A100,distserve_2a100,realistic_pcie,0,short_extra_20,141.29999600118026,8417.729551962111,0.9173099533654749,142.21730595454574,8559.029547963291
high_l30,high,30,gemma-2-9b-it,google--gemma-2-9b-it,DistServe,DistServe-2A100,distserve_2a100,realistic_pcie,0,short_extra_21,140.13473800150678,8401.076362992171,3.0788059812039137,143.2135439827107,8541.211100993678
high_l30,high,30,gemma-2-9b-it,google--gemma-2-9b-it,DistServe,DistServe-2A100,distserve_2a100,realistic_pcie,0,short_extra_22,143.43331794952974,8468.185997044202,0.9507080540060997,144.38402600353584,8611.619314993732
high_l30,high,30,gemma-2-9b-it,google--gemma-2-9b-it,DistServe,DistServe-2A100,distserve_2a100,realistic_pcie,0,short_extra_23,141.7346490197815,8384.140983980615,4.236957000102848,145.97160601988435,8525.875633000396
high_l30,high,30,gemma-2-9b-it,google--gemma-2-9b-it,DistServe,DistServe-2A100,distserve_2a100,realistic_pcie,0,short_extra_24,275.57832398451865,8389.813614019658,5.562603008002043,281.1409269925207,8665.391938004177
high_l30,high,30,gemma-2-9b-it,google--gemma-2-9b-it,DistServe,DistServe-2A100,distserve_2a100,realistic_pcie,0,short_extra_25,141.73967204988003,8392.676819988992,2.662990998942405,144.40266304882243,8534.416492038872
high_l30,high,30,gemma-2-9b-it,google--gemma-2-9b-it,DistServe,DistServe-2A100,distserve_2a100,realistic_pcie,1,long_a,327.69700000062585,2159.4000490149483,10.43672300875187,338.1337230093777,2487.097049015574
high_l30,high,30,gemma-2-9b-it,google--gemma-2-9b-it,DistServe,DistServe-2A100,distserve_2a100,realistic_pcie,1,long_b,362.4448539922014,8485.536036954727,9.150907979346812,371.5957619715482,8847.980890946928
high_l30,high,30,gemma-2-9b-it,google--gemma-2-9b-it,DistServe,DistServe-2A100,distserve_2a100,realistic_pcie,1,long_extra_00,329.42212000489235,1482.5775619829074,13.492130965460092,342.91425097035244,1811.9996819877997
high_l30,high,30,gemma-2-9b-it,google--gemma-2-9b-it,DistServe,DistServe-2A100,distserve_2a100,realistic_pcie,1,long_extra_01,339.8884090129286,8450.57614799589,3.183824010193348,343.07223302312195,8790.464557008818
high_l30,high,30,gemma-2-9b-it,google--gemma-2-9b-it,DistServe,DistServe-2A100,distserve_2a100,realistic_pcie,1,long_extra_02,336.8158689700067,8424.832638062071,9.523747023195028,346.33961599320173,8761.648507032078
high_l30,high,30,gemma-2-9b-it,google--gemma-2-9b-it,DistServe,DistServe-2A100,distserve_2a100,realistic_pcie,1,long_extra_03,340.7123989891261,8406.118264014367,9.649563988205045,350.36196297733113,8746.830663003493
high_l30,high,30,gemma-2-9b-it,google--gemma-2-9b-it,DistServe,DistServe-2A100,distserve_2a100,realistic_pcie,1,long_extra_04,356.96094104787335,8406.836652953643,10.958697937894613,367.91963898576796,8763.797594001517
high_l30,high,30,gemma-2-9b-it,google--gemma-2-9b-it,DistServe,DistServe-2A100,distserve_2a100,realistic_pcie,1,long_extra_05,328.9633219828829,8424.021022045054,9.662305063102394,338.6256270459853,8752.984344027936
high_l30,high,30,gemma-2-9b-it,google--gemma-2-9b-it,DistServe,DistServe-2A100,distserve_2a100,realistic_pcie,1,long_extra_06,326.7759780283086,1481.107470986899,9.383175987750292,336.1591540160589,1807.8834490152076
high_l30,high,30,gemma-2-9b-it,google--gemma-2-9b-it,DistServe,DistServe-2A100,distserve_2a100,realistic_pcie,1,long_extra_07,328.1151179689914,8407.709031074774,13.672211032826453,341.78732900181785,8735.824149043765
high_l30,high,30,gemma-2-9b-it,google--gemma-2-9b-it,DistServe,DistServe-2A100,distserve_2a100,realistic_pcie,1,long_extra_08,330.1553319906816,948.1255209539086,15.335165953729302,345.4904979444109,1278.2808529445902
high_l30,high,30,gemma-2-9b-it,google--gemma-2-9b-it,DistServe,DistServe-2A100,distserve_2a100,realistic_pcie,1,long_extra_09,331.48242096649483,8427.561093994882,9.61212202673778,341.0945429932326,8759.043514961377
high_l30,high,30,gemma-2-9b-it,google--gemma-2-9b-it,DistServe,DistServe-2A100,distserve_2a100,realistic_pcie,1,mid_b,143.14718102104962,8415.753833018243,0.04476902540773153,143.19195004645735,8558.901014039293
high_l30,high,30,gemma-2-9b-it,google--gemma-2-9b-it,DistServe,DistServe-2A100,distserve_2a100,realistic_pcie,1,short_a,141.1557329702191,8375.347524997778,1.926707976963371,143.08244094718248,8516.503257967997
high_l30,high,30,gemma-2-9b-it,google--gemma-2-9b-it,DistServe,DistServe-2A100,distserve_2a100,realistic_pcie,1,short_extra_00,141.34189899777994,8399.135861021932,1.7258109874092042,143.06770998518914,8540.477760019712
high_l30,high,30,gemma-2-9b-it,google--gemma-2-9b-it,DistServe,DistServe-2A100,distserve_2a100,realistic_pcie,1,short_extra_01,146.20657899649814,8557.945739012212,133.7179021720658,144.52263503335416,8704.15231800871
high_l30,high,30,gemma-2-9b-it,google--gemma-2-9b-it,DistServe,DistServe-2A100,distserve_2a100,realistic_pcie,1,short_extra_02,145.41349897626787,8404.941128042992,131.32720512567175,144.09647102002054,8550.35462701926
high_l30,high,30,gemma-2-9b-it,google--gemma-2-9b-it,DistServe,DistServe-2A100,distserve_2a100,realistic_pcie,1,short_extra_03,142.12091796798632,8397.25498604821,1.6732970252633095,143.79421499324962,8539.375904016197
high_l30,high,30,gemma-2-9b-it,google--gemma-2-9b-it,DistServe,DistServe-2A100,distserve_2a100,realistic_pcie,1,short_extra_04,141.68024295940995,8389.609179052059,131.08764342268842,140.68407099694014,8531.289422011469
high_l30,high,30,gemma-2-9b-it,google--gemma-2-9b-it,DistServe,DistServe-2A100,distserve_2a100,realistic_pcie,1,short_extra_05,144.87722498597577,8394.849153002724,131.16951801566756,144.25811701221392,8539.7263779887
high_l30,high,30,gemma-2-9b-it,google--gemma-2-9b-it,DistServe,DistServe-2A100,distserve_2a100,realistic_pcie,1,short_extra_06,143.3072299696505,8444.276785012335,2.130352018866688,145.4375819885172,8587.584014981985
high_l30,high,30,gemma-2-9b-it,google--gemma-2-9b-it,DistServe,DistServe-2A100,distserve_2a100,realistic_pcie,1,short_extra_07,141.3181890384294,8384.449424920604,3.5037409397773445,144.82192997820675,8525.767613959033
high_l30,high,30,gemma-2-9b-it,google--gemma-2-9b-it,DistServe,DistServe-2A100,distserve_2a100,realistic_pcie,1,short_extra_08,143.01610499387607,8407.25955896778,1.361667993478477,144.37777298735455,8550.275663961656
high_l30,high,30,gemma-2-9b-it,google--gemma-2-9b-it,DistServe,DistServe-2A100,distserve_2a100,realistic_pcie,1,short_extra_09,143.06195202516392,8419.941972999368,131.56159332811512,141.7797810281627,8563.003925024532
high_l30,high,30,gemma-2-9b-it,google--gemma-2-9b-it,DistServe,DistServe-2A100,distserve_2a100,realistic_pcie,1,short_extra_10,141.62823400693014,8381.606736977119,2.8519309707917273,144.48016497772187,8523.23497098405
high_l30,high,30,gemma-2-9b-it,google--gemma-2-9b-it,DistServe,DistServe-2A100,distserve_2a100,realistic_pcie,1,short_extra_11,141.60584699129686,8422.541995998472,2.9922110261395574,144.59805801743641,8564.147842989769
high_l30,high,30,gemma-2-9b-it,google--gemma-2-9b-it,DistServe,DistServe-2A100,distserve_2a100,realistic_pcie,1,short_extra_12,141.97340596001595,8422.061987046618,4.1305620688945055,146.10396802891046,8564.035393006634
high_l30,high,30,gemma-2-9b-it,google--gemma-2-9b-it,DistServe,DistServe-2A100,distserve_2a100,realistic_pcie,1,short_extra_13,141.74290897790343,8395.714687008876,2.772360050585121,144.51526902848855,8537.45759598678
high_l30,high,30,gemma-2-9b-it,google--gemma-2-9b-it,DistServe,DistServe-2A100,distserve_2a100,realistic_pcie,1,short_extra_14,143.4323780122213,8399.713071936276,131.2455167490043,142.51719595631585,8543.145449948497
high_l30,high,30,gemma-2-9b-it,google--gemma-2-9b-it,DistServe,DistServe-2A100,distserve_2a100,realistic_pcie,1,short_extra_15,142.32713903766125,8374.144156987313,1.1839299695566297,143.51106900721788,8516.471296024974
high_l30,high,30,gemma-2-9b-it,google--gemma-2-9b-it,DistServe,DistServe-2A100,distserve_2a100,realistic_pcie,1,short_extra_16,142.93438399909064,8395.121434994508,0.2466500154696405,143.18103401456028,8538.055818993598
high_l30,high,30,gemma-2-9b-it,google--gemma-2-9b-it,DistServe,DistServe-2A100,distserve_2a100,realistic_pcie,1,short_extra_17,143.10198900057003,8550.338934001047,133.59904584376636,142.44195097126067,8693.440923001617
high_l30,high,30,gemma-2-9b-it,google--gemma-2-9b-it,DistServe,DistServe-2A100,distserve_2a100,realistic_pcie,1,short_extra_18,142.04341499134898,8384.975961002056,0.7243879954330623,142.76780298678204,8527.019375993405
high_l30,high,30,gemma-2-9b-it,google--gemma-2-9b-it,DistServe,DistServe-2A100,distserve_2a100,realistic_pcie,1,short_extra_19,144.29902599658817,8434.197026013862,131.7843285314666,143.8721140148118,8578.49605201045
high_l30,high,30,gemma-2-9b-it,google--gemma-2-9b-it,DistServe,DistServe-2A100,distserve_2a100,realistic_pcie,1,short_extra_20,141.47615298861638,8410.081486043055,1.825861050747335,143.3020140393637,8551.557639031671
high_l30,high,30,gemma-2-9b-it,google--gemma-2-9b-it,DistServe,DistServe-2A100,distserve_2a100,realistic_pcie,1,short_extra_21,143.67728697834536,8386.263984022662,1.2531730462796986,144.93046002462506,8529.941271001007
high_l30,high,30,gemma-2-9b-it,google--gemma-2-9b-it,DistServe,DistServe-2A100,distserve_2a100,realistic_pcie,1,short_extra_22,143.12784204958007,8427.435937977862,0.7701089489273727,143.89795099850744,8570.563780027442
high_l30,high,30,gemma-2-9b-it,google--gemma-2-9b-it,DistServe,DistServe-2A100,distserve_2a100,realistic_pcie,1,short_extra_23,141.78980101132765,8382.064416015055,1.0159430094063282,142.80574402073398,8523.854217026383
high_l30,high,30,gemma-2-9b-it,google--gemma-2-9b-it,DistServe,DistServe-2A100,distserve_2a100,realistic_pcie,1,short_extra_24,143.17852997919545,8396.370154048782,1.2622010544873774,144.44073103368282,8539.548684027977
high_l30,high,30,gemma-2-9b-it,google--gemma-2-9b-it,DistServe,DistServe-2A100,distserve_2a100,realistic_pcie,1,short_extra_25,142.68405601615086,8385.65649301745,1.7584600136615336,144.4425160298124,8528.3405490336
high_l30,high,30,gemma-7b-it,google--gemma-7b-it,DistServe,DistServe-2A100,distserve_2a100,realistic_pcie,0,long_a,297.67136595910415,4781.337156076916,12.317488028202206,309.98885398730636,5079.00852203602
high_l30,high,30,gemma-7b-it,google--gemma-7b-it,DistServe,DistServe-2A100,distserve_2a100,realistic_pcie,0,long_b,346.1281160125509,4833.6858180118725,9.204567002598196,355.3326830151491,5179.813934024423
high_l30,high,30,gemma-7b-it,google--gemma-7b-it,DistServe,DistServe-2A100,distserve_2a100,realistic_pcie,0,long_extra_00,335.17670998116955,1768.5586779844016,14.32477601338178,349.50148599455133,2103.735387965571
high_l30,high,30,gemma-7b-it,google--gemma-7b-it,DistServe,DistServe-2A100,distserve_2a100,realistic_pcie,0,long_extra_01,354.269667994231,4793.778471997939,4.211235034745187,358.4809030289762,5148.04813999217
high_l30,high,30,gemma-7b-it,google--gemma-7b-it,DistServe,DistServe-2A100,distserve_2a100,realistic_pcie,0,long_extra_02,335.3774839779362,4803.234470018651,16.97189500555396,352.34937898349017,5138.6119539965875
high_l30,high,30,gemma-7b-it,google--gemma-7b-it,DistServe,DistServe-2A100,distserve_2a100,realistic_pcie,0,long_extra_03,349.7788849635981,4804.171082039829,0.8551350329071283,350.63401999650523,5153.949967003427
high_l30,high,30,gemma-7b-it,google--gemma-7b-it,DistServe,DistServe-2A100,distserve_2a100,realistic_pcie,0,long_extra_04,339.112802001182,4824.702814978082,10.765056009404361,349.87785801058635,5163.815616979264
high_l30,high,30,gemma-7b-it,google--gemma-7b-it,DistServe,DistServe-2A100,distserve_2a100,realistic_pcie,0,long_extra_05,305.7650080299936,4798.606440948788,4.4914589379914105,310.25646696798503,5104.371448978782
high_l30,high,30,gemma-7b-it,google--gemma-7b-it,DistServe,DistServe-2A100,distserve_2a100,realistic_pcie,0,long_extra_06,324.10197000717744,4810.81803800771,11.388851038645953,335.4908210458234,5134.920008014888
high_l30,high,30,gemma-7b-it,google--gemma-7b-it,DistServe,DistServe-2A100,distserve_2a100,realistic_pcie,0,long_extra_07,307.40119103575125,4801.181587914471,11.28331694053486,318.6845079762861,5108.582778950222
high_l30,high,30,gemma-7b-it,google--gemma-7b-it,DistServe,DistServe-2A100,distserve_2a100,realistic_pcie,0,long_extra_08,339.05276301084086,4809.034801030066,14.497624011710286,353.55038702255115,5148.087564040907
high_l30,high,30,gemma-7b-it,google--gemma-7b-it,DistServe,DistServe-2A100,distserve_2a100,realistic_pcie,0,long_extra_09,329.81855800608173,4798.228950996418,11.821218009572476,341.6397760156542,5128.047509002499
high_l30,high,30,gemma-7b-it,google--gemma-7b-it,DistServe,DistServe-2A100,distserve_2a100,realistic_pcie,0,mid_b,80.20779100479558,4781.096932012588,1.3321380247361958,81.53992902953178,4861.304723017383
high_l30,high,30,gemma-7b-it,google--gemma-7b-it,DistServe,DistServe-2A100,distserve_2a100,realistic_pcie,0,short_a,84.29975598119199,4771.391674003098,74.55299490629841,80.58713999344036,4855.69142998429
high_l30,high,30,gemma-7b-it,google--gemma-7b-it,DistServe,DistServe-2A100,distserve_2a100,realistic_pcie,0,short_extra_00,81.86278096400201,4781.540283060167,74.71156692281511,80.04554000217468,4863.403064024169
high_l30,high,30,gemma-7b-it,google--gemma-7b-it,DistServe,DistServe-2A100,distserve_2a100,realistic_pcie,0,short_extra_01,79.75943002384156,4788.373110000975,3.2910239533521235,83.05045397719368,4868.132540024817
high_l30,high,30,gemma-7b-it,google--gemma-7b-it,DistServe,DistServe-2A100,distserve_2a100,realistic_pcie,0,short_extra_02,79.94907099055126,4795.029543049168,1.517870055977255,81.46694104652852,4874.978614039719
high_l30,high,30,gemma-7b-it,google--gemma-7b-it,DistServe,DistServe-2A100,distserve_2a100,realistic_pcie,0,short_extra_03,80.32289100810885,4795.366409991402,1.1355759925208986,81.45846700062975,4875.689300999511
high_l30,high,30,gemma-7b-it,google--gemma-7b-it,DistServe,DistServe-2A100,distserve_2a100,realistic_pcie,0,short_extra_04,79.62517201667652,2282.848577015102,35.66950901586097,79.47648700792342,2362.4737490317784
high_l30,high,30,gemma-7b-it,google--gemma-7b-it,DistServe,DistServe-2A100,distserve_2a100,realistic_pcie,0,short_extra_05,79.99406900489703,4813.9263499761,2.80108698643744,82.79515599133447,4893.920418980997
high_l30,high,30,gemma-7b-it,google--gemma-7b-it,DistServe,DistServe-2A100,distserve_2a100,realistic_pcie,0,short_extra_06,80.82163601648062,4800.760772021022,1.0682070278562605,81.88984304433689,4881.582408037502
high_l30,high,30,gemma-7b-it,google--gemma-7b-it,DistServe,DistServe-2A100,distserve_2a100,realistic_pcie,0,short_extra_07,79.93807701859623,4783.321271999739,1.6758639831095934,81.61394100170583,4863.259349018335
high_l30,high,30,gemma-7b-it,google--gemma-7b-it,DistServe,DistServe-2A100,distserve_2a100,realistic_pcie,0,short_extra_08,79.20680003007874,4783.944134018384,3.210524970199913,82.41732500027865,4863.150934048463
high_l30,high,30,gemma-7b-it,google--gemma-7b-it,DistServe,DistServe-2A100,distserve_2a100,realistic_pcie,0,short_extra_09,81.66813803836703,4780.968928942457,74.70263951472589,80.54551796521991,4862.637066980824
high_l30,high,30,gemma-7b-it,google--gemma-7b-it,DistServe,DistServe-2A100,distserve_2a100,realistic_pcie,0,short_extra_10,78.9932319894433,4960.641699028201,3.6287500406615436,82.62198203010485,5039.634931017645
high_l30,high,30,gemma-7b-it,google--gemma-7b-it,DistServe,DistServe-2A100,distserve_2a100,realistic_pcie,0,short_extra_11,83.65147496806458,4791.638555994723,74.86935243741755,81.62428200012073,4875.290030962788
high_l30,high,30,gemma-7b-it,google--gemma-7b-it,DistServe,DistServe-2A100,distserve_2a100,realistic_pcie,0,short_extra_12,80.39766695583239,4773.512532003224,0.8255839929915965,81.22325094882399,4853.910198959056
high_l30,high,30,gemma-7b-it,google--gemma-7b-it,DistServe,DistServe-2A100,distserve_2a100,realistic_pcie,0,short_extra_13,79.34151502558962,4799.424111959524,2.3284549242816865,81.6699699498713,4878.765626985114
high_l30,high,30,gemma-7b-it,google--gemma-7b-it,DistServe,DistServe-2A100,distserve_2a100,realistic_pcie,0,short_extra_14,79.57639603409916,4806.143746012822,2.6084730052389205,82.18486903933808,4885.720142046921
high_l30,high,30,gemma-7b-it,google--gemma-7b-it,DistServe,DistServe-2A100,distserve_2a100,realistic_pcie,0,short_extra_15,79.82952700695023,4891.047878016252,1.6438760212622583,81.47340302821249,4970.877405023202
high_l30,high,30,gemma-7b-it,google--gemma-7b-it,DistServe,DistServe-2A100,distserve_2a100,realistic_pcie,0,short_extra_16,80.51149098901078,4795.094350993168,1.0323390015400946,81.54382999055088,4875.605841982178
high_l30,high,30,gemma-7b-it,google--gemma-7b-it,DistServe,DistServe-2A100,distserve_2a100,realistic_pcie,0,short_extra_17,79.49060801183805,4812.063080025837,2.6953580090776086,82.18596602091566,4891.553688037675
high_l30,high,30,gemma-7b-it,google--gemma-7b-it,DistServe,DistServe-2A100,distserve_2a100,realistic_pcie,0,short_extra_18,80.70898201549426,4804.27291902015,1.2858600239269435,81.9948420394212,4884.981901035644
high_l30,high,30,gemma-7b-it,google--gemma-7b-it,DistServe,DistServe-2A100,distserve_2a100,realistic_pcie,0,short_extra_19,79.58088698796928,4798.125542991329,2.6188420015387237,82.199728989508,4877.706429979298
high_l30,high,30,gemma-7b-it,google--gemma-7b-it,DistServe,DistServe-2A100,distserve_2a100,realistic_pcie,0,short_extra_20,81.26155700301751,4779.038231004961,3.2013320014812052,84.46288900449872,4860.299788007978
high_l30,high,30,gemma-7b-it,google--gemma-7b-it,DistServe,DistServe-2A100,distserve_2a100,realistic_pcie,0,short_extra_21,79.03350802371278,4800.949390977621,2.027735987212509,81.0612440109253,4879.982899001334
high_l30,high,30,gemma-7b-it,google--gemma-7b-it,DistServe,DistServe-2A100,distserve_2a100,realistic_pcie,0,short_extra_22,79.88377596484497,4798.180604993831,3.2585100270807743,83.14228599192575,4878.064380958676
high_l30,high,30,gemma-7b-it,google--gemma-7b-it,DistServe,DistServe-2A100,distserve_2a100,realistic_pcie,0,short_extra_23,79.92686296347529,4795.4968140111305,4.666426044423133,84.59328900789842,4875.423676974606
high_l30,high,30,gemma-7b-it,google--gemma-7b-it,DistServe,DistServe-2A100,distserve_2a100,realistic_pcie,0,short_extra_24,156.12021798733622,3731.070896028541,5.677796027157456,161.79801401449367,3887.1911140158772
high_l30,high,30,gemma-7b-it,google--gemma-7b-it,DistServe,DistServe-2A100,distserve_2a100,realistic_pcie,0,short_extra_25,79.70711402595043,4801.731050945818,2.3400719510391355,82.04718597698957,4881.438164971769
high_l30,high,30,gemma-7b-it,google--gemma-7b-it,DistServe,DistServe-2A100,distserve_2a100,realistic_pcie,1,long_a,300.57485395809636,4783.912153041456,5.014619033318013,305.58947299141437,5084.487006999552
high_l30,high,30,gemma-7b-it,google--gemma-7b-it,DistServe,DistServe-2A100,distserve_2a100,realistic_pcie,1,long_b,345.0640239752829,4796.88163404353,5.414702056441456,350.47872603172436,5141.9456580188125
high_l30,high,30,gemma-7b-it,google--gemma-7b-it,DistServe,DistServe-2A100,distserve_2a100,realistic_pcie,1,long_extra_00,335.96067398320884,4490.800315979868,10.340125998482108,346.30079998169094,4826.760989963077
high_l30,high,30,gemma-7b-it,google--gemma-7b-it,DistServe,DistServe-2A100,distserve_2a100,realistic_pcie,1,long_extra_01,344.895615009591,4800.5400620168075,12.26438203593716,357.15999704552814,5145.4356770263985
high_l30,high,30,gemma-7b-it,google--gemma-7b-it,DistServe,DistServe-2A100,distserve_2a100,realistic_pcie,1,long_extra_02,340.21089400630444,4794.444674975239,9.122009971179068,349.3329039774835,5134.655568981543
high_l30,high,30,gemma-7b-it,google--gemma-7b-it,DistServe,DistServe-2A100,distserve_2a100,realistic_pcie,1,long_extra_03,347.74575801566243,4800.241909979377,5.114910949487239,352.86066896514967,5147.987667995039
high_l30,high,30,gemma-7b-it,google--gemma-7b-it,DistServe,DistServe-2A100,distserve_2a100,realistic_pcie,1,long_extra_04,340.3439130051993,2971.308488980867,7.015910989139229,347.3598239943385,3311.6524019860663
high_l30,high,30,gemma-7b-it,google--gemma-7b-it,DistServe,DistServe-2A100,distserve_2a100,realistic_pcie,1,long_extra_05,301.5880119637586,4791.601397038903,10.648810013663024,312.23682197742164,5093.189409002662
high_l30,high,30,gemma-7b-it,google--gemma-7b-it,DistServe,DistServe-2A100,distserve_2a100,realistic_pcie,1,long_extra_06,325.5740739987232,4791.300167969894,11.01065200055018,336.58472599927336,5116.874241968617
high_l30,high,30,gemma-7b-it,google--gemma-7b-it,DistServe,DistServe-2A100,distserve_2a100,realistic_pcie,1,long_extra_07,305.8978770277463,4785.961288958788,6.8748839548788965,312.7727609826252,5091.859165986534
high_l30,high,30,gemma-7b-it,google--gemma-7b-it,DistServe,DistServe-2A100,distserve_2a100,realistic_pcie,1,long_extra_08,340.8411369891837,4792.064631008543,12.955476006027311,353.79661299521104,5132.905767997727
high_l30,high,30,gemma-7b-it,google--gemma-7b-it,DistServe,DistServe-2A100,distserve_2a100,realistic_pcie,1,long_extra_09,332.11245003622025,4811.40125595266,8.572988968808204,340.68543900502846,5143.51370598888
high_l30,high,30,gemma-7b-it,google--gemma-7b-it,DistServe,DistServe-2A100,distserve_2a100,realistic_pcie,1,mid_b,81.0688339988701,4769.058908044826,74.51654543820041,80.96599898999557,4850.127742043696
high_l30,high,30,gemma-7b-it,google--gemma-7b-it,DistServe,DistServe-2A100,distserve_2a100,realistic_pcie,1,short_a,79.39328800421208,4775.504467019346,0.7816940196789801,80.17498202389106,4854.897755023558
high_l30,high,30,gemma-7b-it,google--gemma-7b-it,DistServe,DistServe-2A100,distserve_2a100,realistic_pcie,1,short_extra_00,79.81535396538675,4791.938251059037,2.527365053538233,82.34271901892498,4871.753605024423
high_l30,high,30,gemma-7b-it,google--gemma-7b-it,DistServe,DistServe-2A100,distserve_2a100,realistic_pcie,1,short_extra_01,80.23992500966415,4813.488850952126,1.3488759868778288,81.58880099654198,4893.72877596179
high_l30,high,30,gemma-7b-it,google--gemma-7b-it,DistServe,DistServe-2A100,distserve_2a100,realistic_pcie,1,short_extra_02,80.57476195972413,4765.011999057606,2.244503062684089,82.81926502240822,4845.58676101733
high_l30,high,30,gemma-7b-it,google--gemma-7b-it,DistServe,DistServe-2A100,distserve_2a100,realistic_pcie,1,short_extra_03,78.74369196360931,4785.007338039577,1.1019270750693977,79.8456190386787,4863.751030003186
high_l30,high,30,gemma-7b-it,google--gemma-7b-it,DistServe,DistServe-2A100,distserve_2a100,realistic_pcie,1,short_extra_04,80.15176799381152,4806.389483972453,75.09983568706957,79.40468995366246,4886.541251966264
high_l30,high,30,gemma-7b-it,google--gemma-7b-it,DistServe,DistServe-2A100,distserve_2a100,realistic_pcie,1,short_extra_05,79.94521601358429,4792.497461952735,2.9801889904774725,82.92540500406176,4872.442677966319
high_l30,high,30,gemma-7b-it,google--gemma-7b-it,DistServe,DistServe-2A100,distserve_2a100,realistic_pcie,1,short_extra_06,79.97158699436113,4795.944360026624,2.506566059309989,82.47815305367112,4875.915947020985
high_l30,high,30,gemma-7b-it,google--gemma-7b-it,DistServe,DistServe-2A100,distserve_2a100,realistic_pcie,1,short_extra_07,79.53451399225742,4785.453970020171,3.593703033402562,83.12821702565998,4864.988484012429
high_l30,high,30,gemma-7b-it,google--gemma-7b-it,DistServe,DistServe-2A100,distserve_2a100,realistic_pcie,1,short_extra_08,79.99298797221854,4790.725652012043,1.0513730230741203,81.04436099529266,4870.718639984261
high_l30,high,30,gemma-7b-it,google--gemma-7b-it,DistServe,DistServe-2A100,distserve_2a100,realistic_pcie,1,short_extra_09,81.18809998268262,4811.359204992186,75.17748757800291,80.90817200718448,4892.547304974869
high_l30,high,30,gemma-7b-it,google--gemma-7b-it,DistServe,DistServe-2A100,distserve_2a100,realistic_pcie,1,short_extra_10,80.95781301381066,4778.833501972258,2.5886939838528633,83.54650699766353,4859.791314986069
high_l30,high,30,gemma-7b-it,google--gemma-7b-it,DistServe,DistServe-2A100,distserve_2a100,realistic_pcie,1,short_extra_11,81.02624502498657,4787.707381939981,0.23851398145779967,81.26475900644436,4868.733626964968
high_l30,high,30,gemma-7b-it,google--gemma-7b-it,DistServe,DistServe-2A100,distserve_2a100,realistic_pcie,1,short_extra_12,80.81581996520981,4811.120261030737,75.17375407860527,80.70958696771413,4891.936080995947
high_l30,high,30,gemma-7b-it,google--gemma-7b-it,DistServe,DistServe-2A100,distserve_2a100,realistic_pcie,1,short_extra_13,81.19514305144548,4872.614747902844,0.6592009449377656,81.85434399638325,4953.80989095429
high_l30,high,30,gemma-7b-it,google--gemma-7b-it,DistServe,DistServe-2A100,distserve_2a100,realistic_pcie,1,short_extra_14,79.557849036064,4790.582747955341,1.9854200072586536,81.54326904332265,4870.140596991405
high_l30,high,30,gemma-7b-it,google--gemma-7b-it,DistServe,DistServe-2A100,distserve_2a100,realistic_pcie,1,short_extra_15,80.62697702553123,4791.506240959279,2.577408973593265,83.2043859991245,4872.1332179848105
high_l30,high,30,gemma-7b-it,google--gemma-7b-it,DistServe,DistServe-2A100,distserve_2a100,realistic_pcie,1,short_extra_16,80.64930100226775,4780.463319970295,0.16766699263826013,80.81696799490601,4861.112620972563
high_l30,high,30,gemma-7b-it,google--gemma-7b-it,DistServe,DistServe-2A100,distserve_2a100,realistic_pcie,1,short_extra_17,80.44386800611392,4840.394909027964,2.888547023758292,83.33241502987221,4920.838777034078
high_l30,high,30,gemma-7b-it,google--gemma-7b-it,DistServe,DistServe-2A100,distserve_2a100,realistic_pcie,1,short_extra_18,80.27684199623764,4774.021403049119,1.180557010229677,81.45739900646731,4854.298245045356
high_l30,high,30,gemma-7b-it,google--gemma-7b-it,DistServe,DistServe-2A100,distserve_2a100,realistic_pcie,1,short_extra_19,80.35823103273287,4793.531510978937,2.0020249648950994,82.36025599762797,4873.88974201167
high_l30,high,30,gemma-7b-it,google--gemma-7b-it,DistServe,DistServe-2A100,distserve_2a100,realistic_pcie,1,short_extra_20,80.29794500907883,4779.544832010288,1.6746880137361586,81.97263302281499,4859.842777019367
high_l30,high,30,gemma-7b-it,google--gemma-7b-it,DistServe,DistServe-2A100,distserve_2a100,realistic_pcie,1,short_extra_21,78.98632396245375,4780.622283054981,2.4213570286519825,81.40768099110574,4859.608607017435
high_l30,high,30,gemma-7b-it,google--gemma-7b-it,DistServe,DistServe-2A100,distserve_2a100,realistic_pcie,1,short_extra_22,79.51205997960642,4780.2549410262145,2.582425018772483,82.0944849983789,4859.767001005821
high_l30,high,30,gemma-7b-it,google--gemma-7b-it,DistServe,DistServe-2A100,distserve_2a100,realistic_pcie,1,short_extra_23,79.76871501887217,4837.568374990951,1.830495020840317,81.59921003971249,4917.337090009823
high_l30,high,30,gemma-7b-it,google--gemma-7b-it,DistServe,DistServe-2A100,distserve_2a100,realistic_pcie,1,short_extra_24,78.55429803021252,4023.788572929334,2.4897849652916193,81.04408299550414,4102.342870959546
high_l30,high,30,gemma-7b-it,google--gemma-7b-it,DistServe,DistServe-2A100,distserve_2a100,realistic_pcie,1,short_extra_25,81.75900700734928,4794.393778021913,74.91240278159239,80.70946502266452,4876.152785029262
high_l30,high,30,mistral-7b-instruct-v0.2,mistralai--Mistral-7B-Instruct-v0.2,DistServe,DistServe-2A100,distserve_2a100,realistic_pcie,0,long_a,220.26467201067135,4783.303819014691,7.339844014495611,227.60451602516696,5003.568491025362
high_l30,high,30,mistral-7b-instruct-v0.2,mistralai--Mistral-7B-Instruct-v0.2,DistServe,DistServe-2A100,distserve_2a100,realistic_pcie,0,long_b,296.8568639480509,4798.449656052981,10.759283090010285,307.6161470380612,5095.3065200010315
high_l30,high,30,mistral-7b-instruct-v0.2,mistralai--Mistral-7B-Instruct-v0.2,DistServe,DistServe-2A100,distserve_2a100,realistic_pcie,0,long_extra_00,227.73817903362215,4798.355576989707,9.051825967617333,236.79000500123948,5026.093756023329
high_l30,high,30,mistral-7b-instruct-v0.2,mistralai--Mistral-7B-Instruct-v0.2,DistServe,DistServe-2A100,distserve_2a100,realistic_pcie,0,long_extra_01,234.04072801349685,4789.531711023301,7.200034975539893,241.24076298903674,5023.572439036798
high_l30,high,30,mistral-7b-instruct-v0.2,mistralai--Mistral-7B-Instruct-v0.2,DistServe,DistServe-2A100,distserve_2a100,realistic_pcie,0,long_extra_02,273.7792060361244,4798.277025925927,10.437089949846268,284.21629598597065,5072.056231962051
high_l30,high,30,mistral-7b-instruct-v0.2,mistralai--Mistral-7B-Instruct-v0.2,DistServe,DistServe-2A100,distserve_2a100,realistic_pcie,0,long_extra_03,276.5112860361114,4797.267239948269,8.216129965148866,284.7274160012603,5073.77852598438
high_l30,high,30,mistral-7b-instruct-v0.2,mistralai--Mistral-7B-Instruct-v0.2,DistServe,DistServe-2A100,distserve_2a100,realistic_pcie,0,long_extra_04,291.45544598577544,4807.119322009385,14.064788003452122,305.52023398922756,5098.57476799516
high_l30,high,30,mistral-7b-instruct-v0.2,mistralai--Mistral-7B-Instruct-v0.2,DistServe,DistServe-2A100,distserve_2a100,realistic_pcie,0,long_extra_05,219.13321799365804,4782.389698957559,10.431764996610582,229.56498299026862,5001.522916951217
high_l30,high,30,mistral-7b-instruct-v0.2,mistralai--Mistral-7B-Instruct-v0.2,DistServe,DistServe-2A100,distserve_2a100,realistic_pcie,0,long_extra_06,223.17891201237217,4794.139923003968,10.982742009218782,234.16165402159095,5017.31883501634
high_l30,high,30,mistral-7b-instruct-v0.2,mistralai--Mistral-7B-Instruct-v0.2,DistServe,DistServe-2A100,distserve_2a100,realistic_pcie,0,long_extra_07,222.25867700763047,4807.731275970582,12.996739998925477,235.25541700655594,5029.989952978212
high_l30,high,30,mistral-7b-instruct-v0.2,mistralai--Mistral-7B-Instruct-v0.2,DistServe,DistServe-2A100,distserve_2a100,realistic_pcie,0,long_extra_08,247.05422401893884,4787.151974975131,11.85452297795564,258.9087469968945,5034.20619899407
high_l30,high,30,mistral-7b-instruct-v0.2,mistralai--Mistral-7B-Instruct-v0.2,DistServe,DistServe-2A100,distserve_2a100,realistic_pcie,0,long_extra_09,226.84569499688223,4803.461661969777,4.685405001509935,231.53109999839216,5030.307356966659
high_l30,high,30,mistral-7b-instruct-v0.2,mistralai--Mistral-7B-Instruct-v0.2,DistServe,DistServe-2A100,distserve_2a100,realistic_pcie,0,mid_b,80.33307001460344,4759.876489988528,74.37307015607075,80.29130898648873,4840.209560003132
high_l30,high,30,mistral-7b-instruct-v0.2,mistralai--Mistral-7B-Instruct-v0.2,DistServe,DistServe-2A100,distserve_2a100,realistic_pcie,0,short_a,78.60976899974048,4759.496858983766,1.4949460164643824,80.10471501620486,4838.106627983507
high_l30,high,30,mistral-7b-instruct-v0.2,mistralai--Mistral-7B-Instruct-v0.2,DistServe,DistServe-2A100,distserve_2a100,realistic_pcie,0,short_extra_00,78.2857839949429,4800.319478963502,1.6274289810098708,79.91321297595277,4878.605262958445
high_l30,high,30,mistral-7b-instruct-v0.2,mistralai--Mistral-7B-Instruct-v0.2,DistServe,DistServe-2A100,distserve_2a100,realistic_pcie,0,short_extra_01,78.29540397506207,4775.661253021099,1.6919290064834058,79.98733298154548,4853.956656996161
high_l30,high,30,mistral-7b-instruct-v0.2,mistralai--Mistral-7B-Instruct-v0.2,DistServe,DistServe-2A100,distserve_2a100,realistic_pcie,0,short_extra_02,79.36107000568882,4768.167789967265,2.784573007375002,82.14564301306382,4847.528859972954
high_l30,high,30,mistral-7b-instruct-v0.2,mistralai--Mistral-7B-Instruct-v0.2,DistServe,DistServe-2A100,distserve_2a100,realistic_pcie,0,short_extra_03,79.19617701554671,4749.325804994442,0.1993729965761304,79.39555001212284,4828.521982009988
high_l30,high,30,mistral-7b-instruct-v0.2,mistralai--Mistral-7B-Instruct-v0.2,DistServe,DistServe-2A100,distserve_2a100,realistic_pcie,0,short_extra_04,79.28215997526422,4748.02564305719,0.7836950244382024,80.06585499970242,4827.307803032454
high_l30,high,30,mistral-7b-instruct-v0.2,mistralai--Mistral-7B-Instruct-v0.2,DistServe,DistServe-2A100,distserve_2a100,realistic_pcie,0,short_extra_05,78.55416799429804,4781.408481008839,1.646474003791809,80.20064199808985,4859.962649003137
high_l30,high,30,mistral-7b-instruct-v0.2,mistralai--Mistral-7B-Instruct-v0.2,DistServe,DistServe-2A100,distserve_2a100,realistic_pcie,0,short_extra_06,79.08098702318966,4767.632215982303,2.3694749688729644,81.45046199206263,4846.713203005493
high_l30,high,30,mistral-7b-instruct-v0.2,mistralai--Mistral-7B-Instruct-v0.2,DistServe,DistServe-2A100,distserve_2a100,realistic_pcie,0,short_extra_07,79.10756202181801,4778.262301988434,3.0768450233154,82.18440704513341,4857.369864010252
high_l30,high,30,mistral-7b-instruct-v0.2,mistralai--Mistral-7B-Instruct-v0.2,DistServe,DistServe-2A100,distserve_2a100,realistic_pcie,0,short_extra_08,77.42736197542399,4774.623217061162,1.993440033402294,79.42080200882629,4852.050579036586
high_l30,high,30,mistral-7b-instruct-v0.2,mistralai--Mistral-7B-Instruct-v0.2,DistServe,DistServe-2A100,distserve_2a100,realistic_pcie,0,short_extra_09,80.60295705217868,4752.90124793537,74.26408199899015,80.1480719819665,4833.504204987548
high_l30,high,30,mistral-7b-instruct-v0.2,mistralai--Mistral-7B-Instruct-v0.2,DistServe,DistServe-2A100,distserve_2a100,realistic_pcie,0,short_extra_10,77.9429689864628,4780.707661004271,2.1591350086964667,80.10210399515927,4858.650629990734
high_l30,high,30,mistral-7b-instruct-v0.2,mistralai--Mistral-7B-Instruct-v0.2,DistServe,DistServe-2A100,distserve_2a100,realistic_pcie,0,short_extra_11,79.72396002151072,4755.078792979475,0.6083339685574174,80.33229399006814,4834.802753000986
high_l30,high,30,mistral-7b-instruct-v0.2,mistralai--Mistral-7B-Instruct-v0.2,DistServe,DistServe-2A100,distserve_2a100,realistic_pcie,0,short_extra_12,77.91771402116865,4783.963970956393,22.36438897671178,100.28210299788043,4861.881684977561
high_l30,high,30,mistral-7b-instruct-v0.2,mistralai--Mistral-7B-Instruct-v0.2,DistServe,DistServe-2A100,distserve_2a100,realistic_pcie,0,short_extra_13,78.43597698956728,4766.834454028867,2.7313620084896684,81.16733899805695,4845.2704310184345
high_l30,high,30,mistral-7b-instruct-v0.2,mistralai--Mistral-7B-Instruct-v0.2,DistServe,DistServe-2A100,distserve_2a100,realistic_pcie,0,short_extra_14,78.46843398874626,4786.973860056605,1.8185750232078135,80.28700901195407,4865.442294045351
high_l30,high,30,mistral-7b-instruct-v0.2,mistralai--Mistral-7B-Instruct-v0.2,DistServe,DistServe-2A100,distserve_2a100,realistic_pcie,0,short_extra_15,79.25602199975401,4765.147208003327,0.5763359949924052,79.83235799474642,4844.403230003081
high_l30,high,30,mistral-7b-instruct-v0.2,mistralai--Mistral-7B-Instruct-v0.2,DistServe,DistServe-2A100,distserve_2a100,realistic_pcie,0,short_extra_16,78.04719300474972,4771.637391997501,1.0366999777033925,79.08389298245311,4849.684585002251
high_l30,high,30,mistral-7b-instruct-v0.2,mistralai--Mistral-7B-Instruct-v0.2,DistServe,DistServe-2A100,distserve_2a100,realistic_pcie,0,short_extra_17,78.45795102184638,4765.980108990334,2.608078997582197,81.06603001942858,4844.43806001218
high_l30,high,30,mistral-7b-instruct-v0.2,mistralai--Mistral-7B-Instruct-v0.2,DistServe,DistServe-2A100,distserve_2a100,realistic_pcie,0,short_extra_18,79.79046797845513,4760.338758991566,0.6759940297342837,80.46646200818941,4840.129226970021
high_l30,high,30,mistral-7b-instruct-v0.2,mistralai--Mistral-7B-Instruct-v0.2,DistServe,DistServe-2A100,distserve_2a100,realistic_pcie,0,short_extra_19,78.55306495912373,4780.822041037027,1.8920500297099352,80.44511498883367,4859.3751059961505
high_l30,high,30,mistral-7b-instruct-v0.2,mistralai--Mistral-7B-Instruct-v0.2,DistServe,DistServe-2A100,distserve_2a100,realistic_pcie,0,short_extra_20,78.42557498952374,4770.375970983878,1.0279309935867786,79.45350598311052,4848.8015459734015
high_l30,high,30,mistral-7b-instruct-v0.2,mistralai--Mistral-7B-Instruct-v0.2,DistServe,DistServe-2A100,distserve_2a100,realistic_pcie,0,short_extra_21,77.57524400949478,4763.118406001013,1.1225889902561903,78.69783299975097,4840.693650010508
high_l30,high,30,mistral-7b-instruct-v0.2,mistralai--Mistral-7B-Instruct-v0.2,DistServe,DistServe-2A100,distserve_2a100,realistic_pcie,0,short_extra_22,78.25770002091303,4769.998708972707,2.0701299654319882,80.32782998634502,4848.25640899362
high_l30,high,30,mistral-7b-instruct-v0.2,mistralai--Mistral-7B-Instruct-v0.2,DistServe,DistServe-2A100,distserve_2a100,realistic_pcie,0,short_extra_23,78.26618402032182,4779.902525944635,29.175403993576765,107.44158801389858,4858.168709964957
high_l30,high,30,mistral-7b-instruct-v0.2,mistralai--Mistral-7B-Instruct-v0.2,DistServe,DistServe-2A100,distserve_2a100,realistic_pcie,0,short_extra_24,168.64754998823628,4783.754068019334,4.327313043177128,172.9748630314134,4952.4016180075705
high_l30,high,30,mistral-7b-instruct-v0.2,mistralai--Mistral-7B-Instruct-v0.2,DistServe,DistServe-2A100,distserve_2a100,realistic_pcie,0,short_extra_25,79.0515510016121,4766.080499975942,2.0646339980885386,81.11618499970064,4845.132050977554
high_l30,high,30,mistral-7b-instruct-v0.2,mistralai--Mistral-7B-Instruct-v0.2,DistServe,DistServe-2A100,distserve_2a100,realistic_pcie,1,long_a,220.79572099028155,5298.9624589681625,15.651597990654409,236.44731898093596,5519.758179958444
high_l30,high,30,mistral-7b-instruct-v0.2,mistralai--Mistral-7B-Instruct-v0.2,DistServe,DistServe-2A100,distserve_2a100,realistic_pcie,1,long_b,297.9630440240726,5326.628369977698,11.807051952928305,309.7700959770009,5624.59141400177
high_l30,high,30,mistral-7b-instruct-v0.2,mistralai--Mistral-7B-Instruct-v0.2,DistServe,DistServe-2A100,distserve_2a100,realistic_pcie,1,long_extra_00,226.9033810007386,5313.758641015738,14.13575402693823,241.03913502767682,5540.662022016477
high_l30,high,30,mistral-7b-instruct-v0.2,mistralai--Mistral-7B-Instruct-v0.2,DistServe,DistServe-2A100,distserve_2a100,realistic_pcie,1,long_extra_01,227.41284396033734,4794.238226022571,12.18730304390192,239.60014700423926,5021.651069982909
high_l30,high,30,mistral-7b-instruct-v0.2,mistralai--Mistral-7B-Instruct-v0.2,DistServe,DistServe-2A100,distserve_2a100,realistic_pcie,1,long_extra_02,272.1607399871573,4802.475427975878,14.783859020099044,286.94459900725633,5074.636167963035
high_l30,high,30,mistral-7b-instruct-v0.2,mistralai--Mistral-7B-Instruct-v0.2,DistServe,DistServe-2A100,distserve_2a100,realistic_pcie,1,long_extra_03,275.68294398952276,5325.649246049579,14.434566022828221,290.117510012351,5601.332190039102
high_l30,high,30,mistral-7b-instruct-v0.2,mistralai--Mistral-7B-Instruct-v0.2,DistServe,DistServe-2A100,distserve_2a100,realistic_pcie,1,long_extra_04,294.72262400668114,4804.416729952209,10.882918955758214,305.60554296243936,5099.13935395889
high_l30,high,30,mistral-7b-instruct-v0.2,mistralai--Mistral-7B-Instruct-v0.2,DistServe,DistServe-2A100,distserve_2a100,realistic_pcie,1,long_extra_05,218.4514930122532,5326.959491998423,22.627889993600547,241.07938300585374,5545.410985010676
high_l30,high,30,mistral-7b-instruct-v0.2,mistralai--Mistral-7B-Instruct-v0.2,DistServe,DistServe-2A100,distserve_2a100,realistic_pcie,1,long_extra_06,225.66825995454565,4825.246981054079,10.717542085330933,236.38580203987658,5050.915241008624
high_l30,high,30,mistral-7b-instruct-v0.2,mistralai--Mistral-7B-Instruct-v0.2,DistServe,DistServe-2A100,distserve_2a100,realistic_pcie,1,long_extra_07,220.166134997271,5332.829670980573,22.70008798222989,242.8662229795009,5552.995805977844
high_l30,high,30,mistral-7b-instruct-v0.2,mistralai--Mistral-7B-Instruct-v0.2,DistServe,DistServe-2A100,distserve_2a100,realistic_pcie,1,long_extra_08,248.65157797466964,5312.8261000383645,11.456198059022427,260.10777603369206,5561.477678013034
high_l30,high,30,mistral-7b-instruct-v0.2,mistralai--Mistral-7B-Instruct-v0.2,DistServe,DistServe-2A100,distserve_2a100,realistic_pcie,1,long_extra_09,221.88538603950292,4821.132095938083,12.82977795926854,234.71516399877146,5043.017481977586
high_l30,high,30,mistral-7b-instruct-v0.2,mistralai--Mistral-7B-Instruct-v0.2,DistServe,DistServe-2A100,distserve_2a100,realistic_pcie,1,mid_b,78.83697701618075,5168.431127967779,1.1216789716854692,79.95865598786622,5247.268104983959
high_l30,high,30,mistral-7b-instruct-v0.2,mistralai--Mistral-7B-Instruct-v0.2,DistServe,DistServe-2A100,distserve_2a100,realistic_pcie,1,short_a,78.12461099820212,5281.062143971212,10.379050974734128,88.50366197293624,5359.186754969414
high_l30,high,30,mistral-7b-instruct-v0.2,mistralai--Mistral-7B-Instruct-v0.2,DistServe,DistServe-2A100,distserve_2a100,realistic_pcie,1,short_extra_00,78.03536503342912,5304.828727967106,10.996445955242962,89.03181098867208,5382.864093000535
high_l30,high,30,mistral-7b-instruct-v0.2,mistralai--Mistral-7B-Instruct-v0.2,DistServe,DistServe-2A100,distserve_2a100,realistic_pcie,1,short_extra_01,77.89667200995609,5283.065618015826,10.839511989615858,88.73618399957195,5360.962290025782
high_l30,high,30,mistral-7b-instruct-v0.2,mistralai--Mistral-7B-Instruct-v0.2,DistServe,DistServe-2A100,distserve_2a100,realistic_pcie,1,short_extra_02,78.54754501022398,4767.546888964716,1.4242959441617131,79.9718409543857,4846.09443397494
high_l30,high,30,mistral-7b-instruct-v0.2,mistralai--Mistral-7B-Instruct-v0.2,DistServe,DistServe-2A100,distserve_2a100,realistic_pcie,1,short_extra_03,80.164909013547,4775.702000013553,0.008938019163906574,80.17384703271091,4855.8669090271
high_l30,high,30,mistral-7b-instruct-v0.2,mistralai--Mistral-7B-Instruct-v0.2,DistServe,DistServe-2A100,distserve_2a100,realistic_pcie,1,short_extra_04,79.45641299011186,5294.11442601122,9.229713003151119,88.68612599326298,5373.5708390013315
high_l30,high,30,mistral-7b-instruct-v0.2,mistralai--Mistral-7B-Instruct-v0.2,DistServe,DistServe-2A100,distserve_2a100,realistic_pcie,1,short_extra_05,78.98473198292777,4764.336457010359,2.3754810099489987,81.36021299287677,4843.321188993286
high_l30,high,30,mistral-7b-instruct-v0.2,mistralai--Mistral-7B-Instruct-v0.2,DistServe,DistServe-2A100,distserve_2a100,realistic_pcie,1,short_extra_06,79.43681196775287,4754.800808033906,1.2239780626259744,80.66079003037885,4834.237620001659
high_l30,high,30,mistral-7b-instruct-v0.2,mistralai--Mistral-7B-Instruct-v0.2,DistServe,DistServe-2A100,distserve_2a100,realistic_pcie,1,short_extra_07,78.40758399106562,4767.680562043097,3.910280007403344,82.31786399846897,4846.0881460341625
high_l30,high,30,mistral-7b-instruct-v0.2,mistralai--Mistral-7B-Instruct-v0.2,DistServe,DistServe-2A100,distserve_2a100,realistic_pcie,1,short_extra_08,77.44487002491951,5288.994664966594,12.844614975620061,90.28948500053957,5366.439534991514
high_l30,high,30,mistral-7b-instruct-v0.2,mistralai--Mistral-7B-Instruct-v0.2,DistServe,DistServe-2A100,distserve_2a100,realistic_pcie,1,short_extra_09,79.5123649877496,5297.7815449703485,8.724417013581842,88.23678200133145,5377.293909958098
high_l30,high,30,mistral-7b-instruct-v0.2,mistralai--Mistral-7B-Instruct-v0.2,DistServe,DistServe-2A100,distserve_2a100,realistic_pcie,1,short_extra_10,77.47418998042122,5309.307985007763,11.003847990650684,88.4780379710719,5386.782174988184
high_l30,high,30,mistral-7b-instruct-v0.2,mistralai--Mistral-7B-Instruct-v0.2,DistServe,DistServe-2A100,distserve_2a100,realistic_pcie,1,short_extra_11,78.77741398988292,4752.607934991829,1.571966044139117,80.34938003402203,4831.385348981712
high_l30,high,30,mistral-7b-instruct-v0.2,mistralai--Mistral-7B-Instruct-v0.2,DistServe,DistServe-2A100,distserve_2a100,realistic_pcie,1,short_extra_12,77.81207497464493,5287.198984995484,9.924157988280058,87.73623296292499,5365.011059970129
high_l30,high,30,mistral-7b-instruct-v0.2,mistralai--Mistral-7B-Instruct-v0.2,DistServe,DistServe-2A100,distserve_2a100,realistic_pcie,1,short_extra_13,78.6761129857041,5300.4319200408645,9.937333059497178,88.61344604520127,5379.108033026569
high_l30,high,30,mistral-7b-instruct-v0.2,mistralai--Mistral-7B-Instruct-v0.2,DistServe,DistServe-2A100,distserve_2a100,realistic_pcie,1,short_extra_14,77.60789198800921,5326.677417033352,11.668392980936915,89.27628496894613,5404.285309021361
high_l30,high,30,mistral-7b-instruct-v0.2,mistralai--Mistral-7B-Instruct-v0.2,DistServe,DistServe-2A100,distserve_2a100,realistic_pcie,1,short_extra_15,79.34400596423075,5295.2711510588415,10.178202064707875,89.52220802893862,5374.615157023072
high_l30,high,30,mistral-7b-instruct-v0.2,mistralai--Mistral-7B-Instruct-v0.2,DistServe,DistServe-2A100,distserve_2a100,realistic_pcie,1,short_extra_16,78.35727703059092,5295.662993972655,9.886261948850006,88.24353897944093,5374.020271003246
high_l30,high,30,mistral-7b-instruct-v0.2,mistralai--Mistral-7B-Instruct-v0.2,DistServe,DistServe-2A100,distserve_2a100,realistic_pcie,1,short_extra_17,78.91571300569922,4758.214140019845,1.621516013983637,80.53722901968285,4837.129853025544
high_l30,high,30,mistral-7b-instruct-v0.2,mistralai--Mistral-7B-Instruct-v0.2,DistServe,DistServe-2A100,distserve_2a100,realistic_pcie,1,short_extra_18,78.68682604748756,5289.423526963219,9.15505993179977,87.84188597928733,5368.110353010707
high_l30,high,30,mistral-7b-instruct-v0.2,mistralai--Mistral-7B-Instruct-v0.2,DistServe,DistServe-2A100,distserve_2a100,realistic_pcie,1,short_extra_19,79.18408600380644,5305.921672959812,10.588772944174707,89.77285894798115,5385.105758963618
high_l30,high,30,mistral-7b-instruct-v0.2,mistralai--Mistral-7B-Instruct-v0.2,DistServe,DistServe-2A100,distserve_2a100,realistic_pcie,1,short_extra_20,78.46636103931814,5355.025470955297,12.423091917298734,90.88945295661688,5433.4918319946155
high_l30,high,30,mistral-7b-instruct-v0.2,mistralai--Mistral-7B-Instruct-v0.2,DistServe,DistServe-2A100,distserve_2a100,realistic_pcie,1,short_extra_21,78.50830699317157,4771.163338969927,1.2176759773865342,79.7259829705581,4849.671645963099
high_l30,high,30,mistral-7b-instruct-v0.2,mistralai--Mistral-7B-Instruct-v0.2,DistServe,DistServe-2A100,distserve_2a100,realistic_pcie,1,short_extra_22,78.52626201929525,5317.149753973354,10.84237894974649,89.36864096904173,5395.676015992649
high_l30,high,30,mistral-7b-instruct-v0.2,mistralai--Mistral-7B-Instruct-v0.2,DistServe,DistServe-2A100,distserve_2a100,realistic_pcie,1,short_extra_23,77.8991740080528,5296.488337975461,13.284892949741334,91.18406695779413,5374.387511983514
high_l30,high,30,mistral-7b-instruct-v0.2,mistralai--Mistral-7B-Instruct-v0.2,DistServe,DistServe-2A100,distserve_2a100,realistic_pcie,1,short_extra_24,79.56701098009944,4754.38416202087,0.8822540403343737,80.44926502043381,4833.951173000969
high_l30,high,30,mistral-7b-instruct-v0.2,mistralai--Mistral-7B-Instruct-v0.2,DistServe,DistServe-2A100,distserve_2a100,realistic_pcie,1,short_extra_25,78.31278000958264,4757.1910309488885,2.9239009600132704,81.23668096959591,4835.503810958471
high_l30,high,30,qwen2.5-7b-instruct,Qwen--Qwen2.5-7B-Instruct,DistServe,DistServe-2A100,distserve_2a100,realistic_pcie,0,long_a,210.40990902110934,4652.724805986509,19.860433996655047,230.2703430177644,4863.134715007618
high_l30,high,30,qwen2.5-7b-instruct,Qwen--Qwen2.5-7B-Instruct,DistServe,DistServe-2A100,distserve_2a100,realistic_pcie,0,long_b,266.1425010301173,4660.538062977139,14.886618009768426,281.0291190398857,4926.680564007256
high_l30,high,30,qwen2.5-7b-instruct,Qwen--Qwen2.5-7B-Instruct,DistServe,DistServe-2A100,distserve_2a100,realistic_pcie,0,long_extra_00,213.83497898932546,4652.06994098844,19.580008985940367,233.41498797526583,4865.9049199777655
high_l30,high,30,qwen2.5-7b-instruct,Qwen--Qwen2.5-7B-Instruct,DistServe,DistServe-2A100,distserve_2a100,realistic_pcie,0,long_extra_01,221.61642700666562,4686.319635016844,14.66461701784283,236.28104402450845,4907.936062023509
high_l30,high,30,qwen2.5-7b-instruct,Qwen--Qwen2.5-7B-Instruct,DistServe,DistServe-2A100,distserve_2a100,realistic_pcie,0,long_extra_02,259.5719969831407,4690.414495009463,14.311562990769744,273.88355997391045,4949.986491992604
high_l30,high,30,qwen2.5-7b-instruct,Qwen--Qwen2.5-7B-Instruct,DistServe,DistServe-2A100,distserve_2a100,realistic_pcie,0,long_extra_03,256.2335529946722,4652.687612047885,15.7665130100213,272.0000660046935,4908.921165042557
high_l30,high,30,qwen2.5-7b-instruct,Qwen--Qwen2.5-7B-Instruct,DistServe,DistServe-2A100,distserve_2a100,realistic_pcie,0,long_extra_04,266.7213449603878,4656.2885460443795,13.71516304789111,280.4365080082789,4923.009891004767
high_l30,high,30,qwen2.5-7b-instruct,Qwen--Qwen2.5-7B-Instruct,DistServe,DistServe-2A100,distserve_2a100,realistic_pcie,0,long_extra_05,208.1760970177129,4658.975617960095,21.41498593846336,229.59108295617625,4867.151714977808
high_l30,high,30,qwen2.5-7b-instruct,Qwen--Qwen2.5-7B-Instruct,DistServe,DistServe-2A100,distserve_2a100,realistic_pcie,0,long_extra_06,210.63443401362747,4667.354137985967,18.281300959642977,228.91573497327045,4877.988571999595
high_l30,high,30,qwen2.5-7b-instruct,Qwen--Qwen2.5-7B-Instruct,DistServe,DistServe-2A100,distserve_2a100,realistic_pcie,0,long_extra_07,216.47355396999046,4662.95796900522,17.357914010062814,233.83146798005328,4879.43152297521
high_l30,high,30,qwen2.5-7b-instruct,Qwen--Qwen2.5-7B-Instruct,DistServe,DistServe-2A100,distserve_2a100,realistic_pcie,0,long_extra_08,221.2012349627912,4643.867168051656,13.849250040948391,235.0504850037396,4865.0684030144475
high_l30,high,30,qwen2.5-7b-instruct,Qwen--Qwen2.5-7B-Instruct,DistServe,DistServe-2A100,distserve_2a100,realistic_pcie,0,long_extra_09,210.32067900523543,4651.211564952973,20.921076997183263,231.2417560024187,4861.532243958209
high_l30,high,30,qwen2.5-7b-instruct,Qwen--Qwen2.5-7B-Instruct,DistServe,DistServe-2A100,distserve_2a100,realistic_pcie,0,mid_b,70.08867303375155,4622.2225549281575,8.01682093879208,78.10549397254363,4692.311227961909
high_l30,high,30,qwen2.5-7b-instruct,Qwen--Qwen2.5-7B-Instruct,DistServe,DistServe-2A100,distserve_2a100,realistic_pcie,0,short_a,68.62385297426954,4624.202873033937,9.104458033107221,77.72831100737676,4692.826726008207
high_l30,high,30,qwen2.5-7b-instruct,Qwen--Qwen2.5-7B-Instruct,DistServe,DistServe-2A100,distserve_2a100,realistic_pcie,0,short_extra_00,69.34850802645087,4641.294784960337,9.09239292377606,78.44090095022693,4710.643292986788
high_l30,high,30,qwen2.5-7b-instruct,Qwen--Qwen2.5-7B-Instruct,DistServe,DistServe-2A100,distserve_2a100,realistic_pcie,0,short_extra_01,69.92943398654461,4641.60081197042,8.129604975692928,78.05903896223754,4711.530245956965
high_l30,high,30,qwen2.5-7b-instruct,Qwen--Qwen2.5-7B-Instruct,DistServe,DistServe-2A100,distserve_2a100,realistic_pcie,0,short_extra_02,69.40770399523899,4726.162820006721,12.706095993053168,82.11379998829216,4795.57052400196
high_l30,high,30,qwen2.5-7b-instruct,Qwen--Qwen2.5-7B-Instruct,DistServe,DistServe-2A100,distserve_2a100,realistic_pcie,0,short_extra_03,70.59650600422174,4713.787804997992,9.870263980701566,80.4667699849233,4784.3843110022135
high_l30,high,30,qwen2.5-7b-instruct,Qwen--Qwen2.5-7B-Instruct,DistServe,DistServe-2A100,distserve_2a100,realistic_pcie,0,short_extra_04,69.13194397930056,4635.603588016238,9.107152000069618,78.23909597937018,4704.735531995539
high_l30,high,30,qwen2.5-7b-instruct,Qwen--Qwen2.5-7B-Instruct,DistServe,DistServe-2A100,distserve_2a100,realistic_pcie,0,short_extra_05,69.21180099016055,4693.651328037959,11.219936015550047,80.4317370057106,4762.863129028119
high_l30,high,30,qwen2.5-7b-instruct,Qwen--Qwen2.5-7B-Instruct,DistServe,DistServe-2A100,distserve_2a100,realistic_pcie,0,short_extra_06,70.11829898692667,4681.971805053763,12.122561049181968,82.24086003610864,4752.09010404069
high_l30,high,30,qwen2.5-7b-instruct,Qwen--Qwen2.5-7B-Instruct,DistServe,DistServe-2A100,distserve_2a100,realistic_pcie,0,short_extra_07,70.32290002098307,4655.558536003809,8.205270976759493,78.52817099774256,4725.8814360247925
high_l30,high,30,qwen2.5-7b-instruct,Qwen--Qwen2.5-7B-Instruct,DistServe,DistServe-2A100,distserve_2a100,realistic_pcie,0,short_extra_08,69.52060799812898,4631.669363006949,9.813821001444012,79.33442899957299,4701.189971005078
high_l30,high,30,qwen2.5-7b-instruct,Qwen--Qwen2.5-7B-Instruct,DistServe,DistServe-2A100,distserve_2a100,realistic_pcie,0,short_extra_09,68.576066987589,4618.588840996381,8.186304999981076,76.76237198757008,4687.16490798397
high_l30,high,30,qwen2.5-7b-instruct,Qwen--Qwen2.5-7B-Instruct,DistServe,DistServe-2A100,distserve_2a100,realistic_pcie,0,short_extra_10,70.89777203509584,4648.525331926066,7.840912963729352,78.73868499882519,4719.423103961162
high_l30,high,30,qwen2.5-7b-instruct,Qwen--Qwen2.5-7B-Instruct,DistServe,DistServe-2A100,distserve_2a100,realistic_pcie,0,short_extra_11,69.35968197649345,4618.54801105801,10.189373046159744,79.54905502265319,4687.907693034504
high_l30,high,30,qwen2.5-7b-instruct,Qwen--Qwen2.5-7B-Instruct,DistServe,DistServe-2A100,distserve_2a100,realistic_pcie,0,short_extra_12,70.40546799544245,4631.844142044429,8.318973006680608,78.72444100212306,4702.249610039871
high_l30,high,30,qwen2.5-7b-instruct,Qwen--Qwen2.5-7B-Instruct,DistServe,DistServe-2A100,distserve_2a100,realistic_pcie,0,short_extra_13,69.96893195901066,4638.8500480679795,8.082107058726251,78.05103901773691,4708.81898002699
high_l30,high,30,qwen2.5-7b-instruct,Qwen--Qwen2.5-7B-Instruct,DistServe,DistServe-2A100,distserve_2a100,realistic_pcie,0,short_extra_14,69.46941302157938,4630.77384699136,9.444360970519483,78.91377399209887,4700.24326001294
high_l30,high,30,qwen2.5-7b-instruct,Qwen--Qwen2.5-7B-Instruct,DistServe,DistServe-2A100,distserve_2a100,realistic_pcie,0,short_extra_15,70.35469799302518,4672.40005696658,8.217052964027971,78.57175095705315,4742.754754959606
high_l30,high,30,qwen2.5-7b-instruct,Qwen--Qwen2.5-7B-Instruct,DistServe,DistServe-2A100,distserve_2a100,realistic_pcie,0,short_extra_16,68.77800798974931,4646.038071019575,10.665413981769234,79.44342197151855,4714.816079009324
high_l30,high,30,qwen2.5-7b-instruct,Qwen--Qwen2.5-7B-Instruct,DistServe,DistServe-2A100,distserve_2a100,realistic_pcie,0,short_extra_17,69.52759099658579,4659.471196995582,10.00538800144568,79.53297899803147,4728.998787992168
high_l30,high,30,qwen2.5-7b-instruct,Qwen--Qwen2.5-7B-Instruct,DistServe,DistServe-2A100,distserve_2a100,realistic_pcie,0,short_extra_18,69.05271398136392,4655.302292027045,9.405438031535596,78.45815201289952,4724.355006008409
high_l30,high,30,qwen2.5-7b-instruct,Qwen--Qwen2.5-7B-Instruct,DistServe,DistServe-2A100,distserve_2a100,realistic_pcie,0,short_extra_19,70.04293898353353,4646.045778004918,9.738473978359252,79.78141296189278,4716.088716988452
high_l30,high,30,qwen2.5-7b-instruct,Qwen--Qwen2.5-7B-Instruct,DistServe,DistServe-2A100,distserve_2a100,realistic_pcie,0,short_extra_20,70.41245198342949,4650.434381037485,8.052663004491478,78.46511498792097,4720.846833020914
high_l30,high,30,qwen2.5-7b-instruct,Qwen--Qwen2.5-7B-Instruct,DistServe,DistServe-2A100,distserve_2a100,realistic_pcie,0,short_extra_21,70.34296495839953,4737.162463017739,8.361387997865677,78.70435295626521,4807.505427976139
high_l30,high,30,qwen2.5-7b-instruct,Qwen--Qwen2.5-7B-Instruct,DistServe,DistServe-2A100,distserve_2a100,realistic_pcie,0,short_extra_22,69.3495599552989,4653.174917097203,10.37252409150824,79.72208404680714,4722.524477052502
high_l30,high,30,qwen2.5-7b-instruct,Qwen--Qwen2.5-7B-Instruct,DistServe,DistServe-2A100,distserve_2a100,realistic_pcie,0,short_extra_23,68.94376699347049,4642.677768017165,8.70326696895063,77.64703396242112,4711.621535010636
high_l30,high,30,qwen2.5-7b-instruct,Qwen--Qwen2.5-7B-Instruct,DistServe,DistServe-2A100,distserve_2a100,realistic_pcie,0,short_extra_24,145.57298697764054,4753.7107150419615,39.029309002216905,184.60229597985744,4899.283702019602
high_l30,high,30,qwen2.5-7b-instruct,Qwen--Qwen2.5-7B-Instruct,DistServe,DistServe-2A100,distserve_2a100,realistic_pcie,0,short_extra_25,70.6560350372456,4649.6661809505895,7.761587912682444,78.41762294992805,4720.322215987835
high_l30,high,30,qwen2.5-7b-instruct,Qwen--Qwen2.5-7B-Instruct,DistServe,DistServe-2A100,distserve_2a100,realistic_pcie,1,long_a,207.72484398912638,4673.929786018562,16.638903005514294,224.36374699464068,4881.654630007688
high_l30,high,30,qwen2.5-7b-instruct,Qwen--Qwen2.5-7B-Instruct,DistServe,DistServe-2A100,distserve_2a100,realistic_pcie,1,long_b,267.55591901019216,4671.87397798989,14.38013999722898,281.93605900742114,4939.429897000082
high_l30,high,30,qwen2.5-7b-instruct,Qwen--Qwen2.5-7B-Instruct,DistServe,DistServe-2A100,distserve_2a100,realistic_pcie,1,long_extra_00,211.55508299125358,4688.385132001713,19.181189010851085,230.73627200210467,4899.9402149929665
high_l30,high,30,qwen2.5-7b-instruct,Qwen--Qwen2.5-7B-Instruct,DistServe,DistServe-2A100,distserve_2a100,realistic_pcie,1,long_extra_01,213.33966503152624,4642.718116985634,16.72155997948721,230.06122501101345,4856.05778201716
high_l30,high,30,qwen2.5-7b-instruct,Qwen--Qwen2.5-7B-Instruct,DistServe,DistServe-2A100,distserve_2a100,realistic_pcie,1,long_extra_02,257.0033579831943,4637.953318015207,12.631896999664605,269.6352549828589,4894.956675998401
high_l30,high,30,qwen2.5-7b-instruct,Qwen--Qwen2.5-7B-Instruct,DistServe,DistServe-2A100,distserve_2a100,realistic_pcie,1,long_extra_03,260.8581489766948,4635.6982690049335,9.197146049700677,270.05529502639547,4896.556417981628
high_l30,high,30,qwen2.5-7b-instruct,Qwen--Qwen2.5-7B-Instruct,DistServe,DistServe-2A100,distserve_2a100,realistic_pcie,1,long_extra_04,266.89783501205966,4653.310414985754,12.378730985801667,279.2765659978613,4920.208249997813
high_l30,high,30,qwen2.5-7b-instruct,Qwen--Qwen2.5-7B-Instruct,DistServe,DistServe-2A100,distserve_2a100,realistic_pcie,1,long_extra_05,214.13346502231434,4640.307274996303,11.94266596576199,226.07613098807633,4854.440740018617
high_l30,high,30,qwen2.5-7b-instruct,Qwen--Qwen2.5-7B-Instruct,DistServe,DistServe-2A100,distserve_2a100,realistic_pcie,1,long_extra_06,211.45803603576496,4660.749656963162,17.489917925558984,228.94795396132395,4872.207692998927
high_l30,high,30,qwen2.5-7b-instruct,Qwen--Qwen2.5-7B-Instruct,DistServe,DistServe-2A100,distserve_2a100,realistic_pcie,1,long_extra_07,210.76153998728842,4649.787848989945,18.474080017767847,229.23562000505626,4860.549388977233
high_l30,high,30,qwen2.5-7b-instruct,Qwen--Qwen2.5-7B-Instruct,DistServe,DistServe-2A100,distserve_2a100,realistic_pcie,1,long_extra_08,222.72403904935345,4659.949699940626,11.154167994391173,233.87820704374462,4882.673738989979
high_l30,high,30,qwen2.5-7b-instruct,Qwen--Qwen2.5-7B-Instruct,DistServe,DistServe-2A100,distserve_2a100,realistic_pcie,1,long_extra_09,208.71059101773426,4658.280742994975,19.864452013280243,228.5750430310145,4866.99133401271
high_l30,high,30,qwen2.5-7b-instruct,Qwen--Qwen2.5-7B-Instruct,DistServe,DistServe-2A100,distserve_2a100,realistic_pcie,1,mid_b,68.62372200703248,4641.318425012287,9.865785017609596,78.48950702464208,4709.942147019319
high_l30,high,30,qwen2.5-7b-instruct,Qwen--Qwen2.5-7B-Instruct,DistServe,DistServe-2A100,distserve_2a100,realistic_pcie,1,short_a,69.18575399322435,4662.426276016049,8.598258020356297,77.78401201358065,4731.612030009273
high_l30,high,30,qwen2.5-7b-instruct,Qwen--Qwen2.5-7B-Instruct,DistServe,DistServe-2A100,distserve_2a100,realistic_pcie,1,short_extra_00,71.76856504520401,4650.719617959112,6.198052957188338,77.96661800239235,4722.488183004316
high_l30,high,30,qwen2.5-7b-instruct,Qwen--Qwen2.5-7B-Instruct,DistServe,DistServe-2A100,distserve_2a100,realistic_pcie,1,short_extra_01,68.59925796743482,4620.23197900271,9.06257500173524,77.66183296917006,4688.831236970145
high_l30,high,30,qwen2.5-7b-instruct,Qwen--Qwen2.5-7B-Instruct,DistServe,DistServe-2A100,distserve_2a100,realistic_pcie,1,short_extra_02,72.24460400175303,4631.6596289980225,6.493774009868503,78.73837801162153,4703.904232999776
high_l30,high,30,qwen2.5-7b-instruct,Qwen--Qwen2.5-7B-Instruct,DistServe,DistServe-2A100,distserve_2a100,realistic_pcie,1,short_extra_03,68.75115598086268,4644.4442080101,9.5176050090231,78.26876098988578,4713.1953639909625
high_l30,high,30,qwen2.5-7b-instruct,Qwen--Qwen2.5-7B-Instruct,DistServe,DistServe-2A100,distserve_2a100,realistic_pcie,1,short_extra_04,68.62394296331331,4641.994328005239,9.41593898460269,78.039881947916,4710.618270968553
high_l30,high,30,qwen2.5-7b-instruct,Qwen--Qwen2.5-7B-Instruct,DistServe,DistServe-2A100,distserve_2a100,realistic_pcie,1,short_extra_05,69.75186202907935,4647.651509963907,9.647394937928766,79.39925696700811,4717.403371992987
high_l30,high,30,qwen2.5-7b-instruct,Qwen--Qwen2.5-7B-Instruct,DistServe,DistServe-2A100,distserve_2a100,realistic_pcie,1,short_extra_06,74.05727298464626,4661.170641018543,4.503626027144492,78.56089901179075,4735.22791400319
high_l30,high,30,qwen2.5-7b-instruct,Qwen--Qwen2.5-7B-Instruct,DistServe,DistServe-2A100,distserve_2a100,realistic_pcie,1,short_extra_07,69.96226101182401,4657.906297012232,9.200486005283892,79.1627470171079,4727.868558024056
high_l30,high,30,qwen2.5-7b-instruct,Qwen--Qwen2.5-7B-Instruct,DistServe,DistServe-2A100,distserve_2a100,realistic_pcie,1,short_extra_08,68.72478901641443,4631.263656949159,9.007016953546554,77.73180596996099,4699.988445965573
high_l30,high,30,qwen2.5-7b-instruct,Qwen--Qwen2.5-7B-Instruct,DistServe,DistServe-2A100,distserve_2a100,realistic_pcie,1,short_extra_09,68.72640998335555,4620.482802041806,9.131660044658929,77.85807002801448,4689.209212025162
high_l30,high,30,qwen2.5-7b-instruct,Qwen--Qwen2.5-7B-Instruct,DistServe,DistServe-2A100,distserve_2a100,realistic_pcie,1,short_extra_10,69.87146497704089,4641.18383807363,9.039368072990328,78.91083305003121,4711.055303050671
high_l30,high,30,qwen2.5-7b-instruct,Qwen--Qwen2.5-7B-Instruct,DistServe,DistServe-2A100,distserve_2a100,realistic_pcie,1,short_extra_11,68.77831800375134,4621.751337952446,9.48413898004219,78.26245698379353,4690.5296559561975
high_l30,high,30,qwen2.5-7b-instruct,Qwen--Qwen2.5-7B-Instruct,DistServe,DistServe-2A100,distserve_2a100,realistic_pcie,1,short_extra_12,69.01550199836493,4657.671624969225,8.807564969174564,77.82306696753949,4726.68712696759
high_l30,high,30,qwen2.5-7b-instruct,Qwen--Qwen2.5-7B-Instruct,DistServe,DistServe-2A100,distserve_2a100,realistic_pcie,1,short_extra_13,69.96234395774081,4624.8958430369385,8.17288999678567,78.13523395452648,4694.858186994679
high_l30,high,30,qwen2.5-7b-instruct,Qwen--Qwen2.5-7B-Instruct,DistServe,DistServe-2A100,distserve_2a100,realistic_pcie,1,short_extra_14,69.34879097389057,4655.122633033898,8.711162023246288,78.05995299713686,4724.471424007788
high_l30,high,30,qwen2.5-7b-instruct,Qwen--Qwen2.5-7B-Instruct,DistServe,DistServe-2A100,distserve_2a100,realistic_pcie,1,short_extra_15,68.91175196506083,4646.045385044999,9.471047029364854,78.38279899442568,4714.95713701006
high_l30,high,30,qwen2.5-7b-instruct,Qwen--Qwen2.5-7B-Instruct,DistServe,DistServe-2A100,distserve_2a100,realistic_pcie,1,short_extra_16,69.86668199533597,4630.829241999891,7.87974102422595,77.74642301956192,4700.695923995227
high_l30,high,30,qwen2.5-7b-instruct,Qwen--Qwen2.5-7B-Instruct,DistServe,DistServe-2A100,distserve_2a100,realistic_pcie,1,short_extra_17,69.83180798124522,4659.471454971936,9.83899098355323,79.67079896479845,4729.303262953181
high_l30,high,30,qwen2.5-7b-instruct,Qwen--Qwen2.5-7B-Instruct,DistServe,DistServe-2A100,distserve_2a100,realistic_pcie,1,short_extra_18,69.29703598143533,4645.841894031037,9.516807040199637,78.81384302163497,4715.138930012472
high_l30,high,30,qwen2.5-7b-instruct,Qwen--Qwen2.5-7B-Instruct,DistServe,DistServe-2A100,distserve_2a100,realistic_pcie,1,short_extra_19,69.0680060070008,4640.903116029222,9.831146046053618,78.89915205305442,4709.971122036222
high_l30,high,30,qwen2.5-7b-instruct,Qwen--Qwen2.5-7B-Instruct,DistServe,DistServe-2A100,distserve_2a100,realistic_pcie,1,short_extra_20,68.57817701529711,4639.040614012629,9.201203007251024,77.77938002254814,4707.618791027926
high_l30,high,30,qwen2.5-7b-instruct,Qwen--Qwen2.5-7B-Instruct,DistServe,DistServe-2A100,distserve_2a100,realistic_pcie,1,short_extra_21,70.15132199740037,4637.715571967419,9.580351994372904,79.73167399177328,4707.86689396482
high_l30,high,30,qwen2.5-7b-instruct,Qwen--Qwen2.5-7B-Instruct,DistServe,DistServe-2A100,distserve_2a100,realistic_pcie,1,short_extra_22,69.13302495377138,4653.184217051603,9.84436908038333,78.97739403415471,4722.317242005374
high_l30,high,30,qwen2.5-7b-instruct,Qwen--Qwen2.5-7B-Instruct,DistServe,DistServe-2A100,distserve_2a100,realistic_pcie,1,short_extra_23,68.45586700364947,4618.290189944673,9.470865945331752,77.92673294898123,4686.746056948323
high_l30,high,30,qwen2.5-7b-instruct,Qwen--Qwen2.5-7B-Instruct,DistServe,DistServe-2A100,distserve_2a100,realistic_pcie,1,short_extra_24,69.01708501391113,4649.988623976242,9.057754941750318,78.07483995566145,4719.005708990153
high_l30,high,30,qwen2.5-7b-instruct,Qwen--Qwen2.5-7B-Instruct,DistServe,DistServe-2A100,distserve_2a100,realistic_pcie,1,short_extra_25,68.54159402428195,4638.004893960897,9.188671945594251,77.7302659698762,4706.546487985179
high_l50,high,50,baichuan2-7b-chat,baichuan-inc--Baichuan2-7B-Chat,DistServe,DistServe-2A100,distserve_2a100,realistic_pcie,0,long_a,216.56733501004055,1034.7317190025933,5.808502959553152,222.3758379695937,1251.2990540126339
high_l50,high,50,baichuan2-7b-chat,baichuan-inc--Baichuan2-7B-Chat,DistServe,DistServe-2A100,distserve_2a100,realistic_pcie,0,long_b,265.8256549621001,4634.101649047807,0.5172080127522349,266.3428629748523,4899.927304009907
high_l50,high,50,baichuan2-7b-chat,baichuan-inc--Baichuan2-7B-Chat,DistServe,DistServe-2A100,distserve_2a100,realistic_pcie,0,long_extra_00,224.23846501624212,1315.197444986552,20.549960077914875,221.10031603369862,1539.4359100027941
high_l50,high,50,baichuan2-7b-chat,baichuan-inc--Baichuan2-7B-Chat,DistServe,DistServe-2A100,distserve_2a100,realistic_pcie,0,long_extra_01,216.0804329905659,4624.33741602581,7.326185004785657,223.40661799535155,4840.417849016376
high_l50,high,50,baichuan2-7b-chat,baichuan-inc--Baichuan2-7B-Chat,DistServe,DistServe-2A100,distserve_2a100,realistic_pcie,0,long_extra_02,262.4112779740244,9.27912606857717,9.27912606857717,271.6904040426016,271.6904040426016
high_l50,high,50,baichuan2-7b-chat,baichuan-inc--Baichuan2-7B-Chat,DistServe,DistServe-2A100,distserve_2a100,realistic_pcie,0,long_extra_03,252.50632298411801,4636.69611804653,8.565962023567408,261.0722850076854,4889.202441030648
high_l50,high,50,baichuan2-7b-chat,baichuan-inc--Baichuan2-7B-Chat,DistServe,DistServe-2A100,distserve_2a100,realistic_pcie,0,long_extra_04,271.07324497774243,14.3596280249767,14.3596280249767,285.43287300271913,285.43287300271913
high_l50,high,50,baichuan2-7b-chat,baichuan-inc--Baichuan2-7B-Chat,DistServe,DistServe-2A100,distserve_2a100,realistic_pcie,0,long_extra_05,209.99585604295135,4633.472578949295,7.937982969451696,217.93383901240304,4843.468434992246
high_l50,high,50,baichuan2-7b-chat,baichuan-inc--Baichuan2-7B-Chat,DistServe,DistServe-2A100,distserve_2a100,realistic_pcie,0,long_extra_06,224.92912702728063,812.0845530065708,6.311596953310072,231.2407239805907,1037.0136800338514
high_l50,high,50,baichuan2-7b-chat,baichuan-inc--Baichuan2-7B-Chat,DistServe,DistServe-2A100,distserve_2a100,realistic_pcie,0,long_extra_07,213.76518800389022,4641.669709992129,7.6682729995809495,221.43346100347117,4855.43489799602
high_l50,high,50,baichuan2-7b-chat,baichuan-inc--Baichuan2-7B-Chat,DistServe,DistServe-2A100,distserve_2a100,realistic_pcie,0,long_extra_08,242.49859602423385,11.421238945331424,11.421238945331424,253.91983496956527,253.91983496956527
high_l50,high,50,baichuan2-7b-chat,baichuan-inc--Baichuan2-7B-Chat,DistServe,DistServe-2A100,distserve_2a100,realistic_pcie,0,long_extra_09,218.30773097462952,4633.905294002034,72.40477021878178,216.77549497690052,4852.213024976663
high_l50,high,50,baichuan2-7b-chat,baichuan-inc--Baichuan2-7B-Chat,DistServe,DistServe-2A100,distserve_2a100,realistic_pcie,0,long_extra_10,214.5922490162775,1185.2845560060814,6.298137013800442,220.89038603007793,1399.876805022359
high_l50,high,50,baichuan2-7b-chat,baichuan-inc--Baichuan2-7B-Chat,DistServe,DistServe-2A100,distserve_2a100,realistic_pcie,0,long_extra_11,213.8764659757726,4621.323428058531,2.117615018505603,215.9940809942782,4835.199894034304
high_l50,high,50,baichuan2-7b-chat,baichuan-inc--Baichuan2-7B-Chat,DistServe,DistServe-2A100,distserve_2a100,realistic_pcie,0,long_extra_12,219.9818980298005,3.8308289949782193,3.8308289949782193,223.81272702477872,223.81272702477872
high_l50,high,50,baichuan2-7b-chat,baichuan-inc--Baichuan2-7B-Chat,DistServe,DistServe-2A100,distserve_2a100,realistic_pcie,0,long_extra_13,216.4358490263112,4628.122435940895,72.31441306157649,215.6398089719005,4844.558284967206
high_l50,high,50,baichuan2-7b-chat,baichuan-inc--Baichuan2-7B-Chat,DistServe,DistServe-2A100,distserve_2a100,realistic_pcie,0,long_extra_14,263.33218498621136,9.192741999868304,9.192741999868304,272.52492698607966,272.52492698607966
high_l50,high,50,baichuan2-7b-chat,baichuan-inc--Baichuan2-7B-Chat,DistServe,DistServe-2A100,distserve_2a100,realistic_pcie,0,long_extra_15,215.9783440292813,4618.069774995092,8.186966006178409,224.1653100354597,4834.048119024374
high_l50,high,50,baichuan2-7b-chat,baichuan-inc--Baichuan2-7B-Chat,DistServe,DistServe-2A100,distserve_2a100,realistic_pcie,0,long_extra_16,273.10511202085763,9.904376929625869,9.904376929625869,283.0094889504835,283.0094889504835
high_l50,high,50,baichuan2-7b-chat,baichuan-inc--Baichuan2-7B-Chat,DistServe,DistServe-2A100,distserve_2a100,realistic_pcie,0,long_extra_17,215.00166499754414,4632.010684988927,72.37516695295199,213.49237399408594,4847.012349986471
high_l50,high,50,baichuan2-7b-chat,baichuan-inc--Baichuan2-7B-Chat,DistServe,DistServe-2A100,distserve_2a100,realistic_pcie,0,mid_b,78.53777997661382,4622.882966999896,72.23254635937337,76.86516101239249,4701.42074697651
high_l50,high,50,baichuan2-7b-chat,baichuan-inc--Baichuan2-7B-Chat,DistServe,DistServe-2A100,distserve_2a100,realistic_pcie,0,short_a,75.9866230073385,4615.8548120292835,1.643663039430976,77.63028604676947,4691.841435036622
high_l50,high,50,baichuan2-7b-chat,baichuan-inc--Baichuan2-7B-Chat,DistServe,DistServe-2A100,distserve_2a100,realistic_pcie,0,short_extra_00,77.16938998783007,4648.837777029257,72.63809026608214,77.13088602758944,4726.007167017087
high_l50,high,50,baichuan2-7b-chat,baichuan-inc--Baichuan2-7B-Chat,DistServe,DistServe-2A100,distserve_2a100,realistic_pcie,0,short_extra_01,76.65462099248543,4612.683368031867,1.0627140291035175,77.71733502158895,4689.337989024352
high_l50,high,50,baichuan2-7b-chat,baichuan-inc--Baichuan2-7B-Chat,DistServe,DistServe-2A100,distserve_2a100,realistic_pcie,0,short_extra_02,78.25383497402072,4615.63803604804,72.11934431325062,78.05676001589745,4693.8918710220605
high_l50,high,50,baichuan2-7b-chat,baichuan-inc--Baichuan2-7B-Chat,DistServe,DistServe-2A100,distserve_2a100,realistic_pcie,0,short_extra_03,77.78790302108973,4625.167883001268,0.060699996538460255,77.8486030176282,4702.955786022358
high_l50,high,50,baichuan2-7b-chat,baichuan-inc--Baichuan2-7B-Chat,DistServe,DistServe-2A100,distserve_2a100,realistic_pcie,0,short_extra_04,77.4150820216164,4617.6755269407295,72.1511801084489,77.3891779826954,4695.090608962346
high_l50,high,50,baichuan2-7b-chat,baichuan-inc--Baichuan2-7B-Chat,DistServe,DistServe-2A100,distserve_2a100,realistic_pcie,0,short_extra_05,76.94952702149749,4628.333444008604,1.6851939726620913,78.63472099415958,4705.282971030101
high_l50,high,50,baichuan2-7b-chat,baichuan-inc--Baichuan2-7B-Chat,DistServe,DistServe-2A100,distserve_2a100,realistic_pcie,0,short_extra_06,79.00230499217287,3471.868265012745,1.1976970126852393,80.2000020048581,3550.8705700049177
high_l50,high,50,baichuan2-7b-chat,baichuan-inc--Baichuan2-7B-Chat,DistServe,DistServe-2A100,distserve_2a100,realistic_pcie,0,short_extra_07,76.52874902123585,4646.796928951517,1.3210439356043935,77.84979295684025,4723.325677972753
high_l50,high,50,baichuan2-7b-chat,baichuan-inc--Baichuan2-7B-Chat,DistServe,DistServe-2A100,distserve_2a100,realistic_pcie,0,short_extra_08,77.43265497265384,4627.022689033765,0.3612180007621646,77.793872973416,4704.455344006419
high_l50,high,50,baichuan2-7b-chat,baichuan-inc--Baichuan2-7B-Chat,DistServe,DistServe-2A100,distserve_2a100,realistic_pcie,0,short_extra_09,78.26486404519528,4629.689394962043,72.33889679628192,77.5362909771502,4707.954259007238
high_l50,high,50,baichuan2-7b-chat,baichuan-inc--Baichuan2-7B-Chat,DistServe,DistServe-2A100,distserve_2a100,realistic_pcie,0,short_extra_10,76.38288103044033,1984.038686961867,1.358595967758447,77.74147699819878,2060.4215679923072
high_l50,high,50,baichuan2-7b-chat,baichuan-inc--Baichuan2-7B-Chat,DistServe,DistServe-2A100,distserve_2a100,realistic_pcie,0,short_extra_11,153.4518450498581,4628.174761950504,1.4387039700523019,154.8905490199104,4781.626607000362
high_l50,high,50,baichuan2-7b-chat,baichuan-inc--Baichuan2-7B-Chat,DistServe,DistServe-2A100,distserve_2a100,realistic_pcie,0,short_extra_12,76.21355098672211,4635.490263986867,0.6705690175294876,76.8841200042516,4711.703814973589
high_l50,high,50,baichuan2-7b-chat,baichuan-inc--Baichuan2-7B-Chat,DistServe,DistServe-2A100,distserve_2a100,realistic_pcie,0,short_extra_13,76.47917402209714,4643.162061984185,1.515056996140629,77.99423101823777,4719.641236006282
high_l50,high,50,baichuan2-7b-chat,baichuan-inc--Baichuan2-7B-Chat,DistServe,DistServe-2A100,distserve_2a100,realistic_pcie,0,short_extra_14,76.70913101173937,4621.069810993504,1.0344390175305307,77.7435700292699,4697.778942005243
high_l50,high,50,baichuan2-7b-chat,baichuan-inc--Baichuan2-7B-Chat,DistServe,DistServe-2A100,distserve_2a100,realistic_pcie,0,short_extra_15,77.24329398479313,4632.828833011445,1.2584770447574556,78.50177102955058,4710.072126996238
high_l50,high,50,baichuan2-7b-chat,baichuan-inc--Baichuan2-7B-Chat,DistServe,DistServe-2A100,distserve_2a100,realistic_pcie,0,short_extra_16,78.17469298606738,4637.908928969409,72.46732701514702,77.81844498822466,4716.083621955477
high_l50,high,50,baichuan2-7b-chat,baichuan-inc--Baichuan2-7B-Chat,DistServe,DistServe-2A100,distserve_2a100,realistic_pcie,0,short_extra_17,77.1680289763026,4618.732160073705,0.030990049708634615,77.19901902601123,4695.900189050008
high_l50,high,50,baichuan2-7b-chat,baichuan-inc--Baichuan2-7B-Chat,DistServe,DistServe-2A100,distserve_2a100,realistic_pcie,1,long_a,218.24923803796992,1013.9101589447819,2.188960963394493,220.4381990013644,1232.1593969827518
high_l50,high,50,baichuan2-7b-chat,baichuan-inc--Baichuan2-7B-Chat,DistServe,DistServe-2A100,distserve_2a100,realistic_pcie,1,long_b,268.4992310241796,4561.526881996542,71.27385753119597,266.1110890330747,4830.026113020722
high_l50,high,50,baichuan2-7b-chat,baichuan-inc--Baichuan2-7B-Chat,DistServe,DistServe-2A100,distserve_2a100,realistic_pcie,1,long_extra_00,222.19620895339176,1295.2627580380067,20.238480594343855,222.15714497724548,1517.4589669913985
high_l50,high,50,baichuan2-7b-chat,baichuan-inc--Baichuan2-7B-Chat,DistServe,DistServe-2A100,distserve_2a100,realistic_pcie,1,long_extra_01,216.7186419828795,4636.317108990625,7.318124989978969,224.03676697285846,4853.035750973504
high_l50,high,50,baichuan2-7b-chat,baichuan-inc--Baichuan2-7B-Chat,DistServe,DistServe-2A100,distserve_2a100,realistic_pcie,1,long_extra_02,263.2079070317559,8.70433496311307,8.70433496311307,271.91224199486896,271.91224199486896
high_l50,high,50,baichuan2-7b-chat,baichuan-inc--Baichuan2-7B-Chat,DistServe,DistServe-2A100,distserve_2a100,realistic_pcie,1,long_extra_03,254.6479199663736,4564.365098020062,9.113899024669081,263.7618189910427,4819.013017986435
high_l50,high,50,baichuan2-7b-chat,baichuan-inc--Baichuan2-7B-Chat,DistServe,DistServe-2A100,distserve_2a100,realistic_pcie,1,long_extra_04,276.9217619788833,10.49738604342565,10.49738604342565,287.41914802230895,287.41914802230895
high_l50,high,50,baichuan2-7b-chat,baichuan-inc--Baichuan2-7B-Chat,DistServe,DistServe-2A100,distserve_2a100,realistic_pcie,1,long_extra_05,213.25372497085482,4632.156314037275,5.307054030708969,218.5607790015638,4845.410039008129
high_l50,high,50,baichuan2-7b-chat,baichuan-inc--Baichuan2-7B-Chat,DistServe,DistServe-2A100,distserve_2a100,realistic_pcie,1,long_extra_06,222.23232599208131,818.1473219883628,10.097539983689785,232.3298659757711,1040.3796479804441
high_l50,high,50,baichuan2-7b-chat,baichuan-inc--Baichuan2-7B-Chat,DistServe,DistServe-2A100,distserve_2a100,realistic_pcie,1,long_extra_07,213.14577804878354,4560.973746934906,6.619082938414067,219.7648609871976,4774.119524983689
high_l50,high,50,baichuan2-7b-chat,baichuan-inc--Baichuan2-7B-Chat,DistServe,DistServe-2A100,distserve_2a100,realistic_pcie,1,long_extra_08,243.27469401760027,735.9156329766847,11.368355946615338,254.6430499642156,979.190326994285
high_l50,high,50,baichuan2-7b-chat,baichuan-inc--Baichuan2-7B-Chat,DistServe,DistServe-2A100,distserve_2a100,realistic_pcie,1,long_extra_09,215.32613300951198,4543.774770980235,70.99648079656617,213.93689198885113,4759.100903989747
high_l50,high,50,baichuan2-7b-chat,baichuan-inc--Baichuan2-7B-Chat,DistServe,DistServe-2A100,distserve_2a100,realistic_pcie,1,long_extra_10,219.55330402124673,1189.78367903037,6.099704012740403,225.65300803398713,1409.3369830516167
high_l50,high,50,baichuan2-7b-chat,baichuan-inc--Baichuan2-7B-Chat,DistServe,DistServe-2A100,distserve_2a100,realistic_pcie,1,long_extra_11,212.31176401488483,4543.608379957732,2.7808909653685987,215.09265498025343,4755.920143972617
high_l50,high,50,baichuan2-7b-chat,baichuan-inc--Baichuan2-7B-Chat,DistServe,DistServe-2A100,distserve_2a100,realistic_pcie,1,long_extra_12,222.49232098693028,0.01,0.00015625,219.3694300367497,219.3694300367497
high_l50,high,50,baichuan2-7b-chat,baichuan-inc--Baichuan2-7B-Chat,DistServe,DistServe-2A100,distserve_2a100,realistic_pcie,1,long_extra_13,217.44411397958174,4556.014280009549,71.1877231251492,213.51849898928776,4773.458393989131
high_l50,high,50,baichuan2-7b-chat,baichuan-inc--Baichuan2-7B-Chat,DistServe,DistServe-2A100,distserve_2a100,realistic_pcie,1,long_extra_14,263.9686519978568,8.824424992781132,8.824424992781132,272.7930769906379,272.7930769906379
high_l50,high,50,baichuan2-7b-chat,baichuan-inc--Baichuan2-7B-Chat,DistServe,DistServe-2A100,distserve_2a100,realistic_pcie,1,long_extra_15,216.1167089943774,4549.436894012615,7.408445992041379,223.52515498641878,4765.5536030069925
high_l50,high,50,baichuan2-7b-chat,baichuan-inc--Baichuan2-7B-Chat,DistServe,DistServe-2A100,distserve_2a100,realistic_pcie,1,long_extra_16,275.09166300296783,9.43580101011321,9.43580101011321,284.52746401308104,284.52746401308104
high_l50,high,50,baichuan2-7b-chat,baichuan-inc--Baichuan2-7B-Chat,DistServe,DistServe-2A100,distserve_2a100,realistic_pcie,1,long_extra_17,215.10637097526342,4552.072301041335,71.12612970377086,212.88183802971616,4767.178672016598
high_l50,high,50,baichuan2-7b-chat,baichuan-inc--Baichuan2-7B-Chat,DistServe,DistServe-2A100,distserve_2a100,realistic_pcie,1,mid_b,77.74379599140957,4601.051414036192,71.8914283443155,76.8323740339838,4678.795210027602
high_l50,high,50,baichuan2-7b-chat,baichuan-inc--Baichuan2-7B-Chat,DistServe,DistServe-2A100,distserve_2a100,realistic_pcie,1,short_a,77.495765988715,4544.043744041119,71.00068350064248,76.3831110089086,4621.539510029834
high_l50,high,50,baichuan2-7b-chat,baichuan-inc--Baichuan2-7B-Chat,DistServe,DistServe-2A100,distserve_2a100,realistic_pcie,1,short_extra_00,76.82056800695136,4623.79276700085,0.12879498535767198,76.94936299230903,4700.613335007802
high_l50,high,50,baichuan2-7b-chat,baichuan-inc--Baichuan2-7B-Chat,DistServe,DistServe-2A100,distserve_2a100,realistic_pcie,1,short_extra_01,76.93095499416813,4561.754995957017,1.8058649729937315,78.73681996716186,4638.685950951185
high_l50,high,50,baichuan2-7b-chat,baichuan-inc--Baichuan2-7B-Chat,DistServe,DistServe-2A100,distserve_2a100,realistic_pcie,1,short_extra_02,76.70382101787254,4663.0350789637305,1.4498189557343721,78.15363997360691,4739.738899981603
high_l50,high,50,baichuan2-7b-chat,baichuan-inc--Baichuan2-7B-Chat,DistServe,DistServe-2A100,distserve_2a100,realistic_pcie,1,short_extra_03,76.54794998234138,4562.739543034695,71.29280535991711,76.48652902571484,4639.2874930170365
high_l50,high,50,baichuan2-7b-chat,baichuan-inc--Baichuan2-7B-Chat,DistServe,DistServe-2A100,distserve_2a100,realistic_pcie,1,short_extra_04,76.89654501155019,4544.3632079986855,71.00567512497946,76.64404599927366,4621.259753010236
high_l50,high,50,baichuan2-7b-chat,baichuan-inc--Baichuan2-7B-Chat,DistServe,DistServe-2A100,distserve_2a100,realistic_pcie,1,short_extra_05,76.85036503244191,4629.747586965095,0.5594419781118631,77.40980701055378,4706.597951997537
high_l50,high,50,baichuan2-7b-chat,baichuan-inc--Baichuan2-7B-Chat,DistServe,DistServe-2A100,distserve_2a100,realistic_pcie,1,short_extra_06,78.02424003602937,3416.165384987835,53.37758414043492,77.02397904358804,3494.189625023864
high_l50,high,50,baichuan2-7b-chat,baichuan-inc--Baichuan2-7B-Chat,DistServe,DistServe-2A100,distserve_2a100,realistic_pcie,1,short_extra_07,77.2998679894954,4647.984106035437,0.5798080237582326,77.87967601325363,4725.283974024933
high_l50,high,50,baichuan2-7b-chat,baichuan-inc--Baichuan2-7B-Chat,DistServe,DistServe-2A100,distserve_2a100,realistic_pcie,1,short_extra_08,77.97197601757944,4563.0443769623525,71.29756839003676,77.38686696393415,4641.016352979932
high_l50,high,50,baichuan2-7b-chat,baichuan-inc--Baichuan2-7B-Chat,DistServe,DistServe-2A100,distserve_2a100,realistic_pcie,1,short_extra_09,76.37401000829414,4588.315703033004,71.69243285989069,76.33970899041742,4664.689713041298
high_l50,high,50,baichuan2-7b-chat,baichuan-inc--Baichuan2-7B-Chat,DistServe,DistServe-2A100,distserve_2a100,realistic_pcie,1,short_extra_10,76.24556496739388,1954.595013987273,0.942351995036006,77.18791696242988,2030.8405789546669
high_l50,high,50,baichuan2-7b-chat,baichuan-inc--Baichuan2-7B-Chat,DistServe,DistServe-2A100,distserve_2a100,realistic_pcie,1,short_extra_11,76.57488202676177,4639.687957998831,2.223745977971703,78.79862800473347,4716.262840025593
high_l50,high,50,baichuan2-7b-chat,baichuan-inc--Baichuan2-7B-Chat,DistServe,DistServe-2A100,distserve_2a100,realistic_pcie,1,short_extra_12,76.04857499245554,4626.1781340581365,2.6303730555810034,78.67894804803655,4702.226709050592
high_l50,high,50,baichuan2-7b-chat,baichuan-inc--Baichuan2-7B-Chat,DistServe,DistServe-2A100,distserve_2a100,realistic_pcie,1,short_extra_13,76.57294999808073,4550.027272955049,71.09417613992264,76.24352700076997,4626.60022295313
high_l50,high,50,baichuan2-7b-chat,baichuan-inc--Baichuan2-7B-Chat,DistServe,DistServe-2A100,distserve_2a100,realistic_pcie,1,short_extra_14,76.29494596039876,4641.6900820913725,1.2137790909036994,77.50872505130246,4717.985028051771
high_l50,high,50,baichuan2-7b-chat,baichuan-inc--Baichuan2-7B-Chat,DistServe,DistServe-2A100,distserve_2a100,realistic_pcie,1,short_extra_15,76.43723901128396,4566.905417013913,0.9916169801726937,77.42885599145666,4643.342656025197
high_l50,high,50,baichuan2-7b-chat,baichuan-inc--Baichuan2-7B-Chat,DistServe,DistServe-2A100,distserve_2a100,realistic_pcie,1,short_extra_16,77.84996699774638,4620.415202982258,1.1032219626940787,78.95318896044046,4698.265169980004
high_l50,high,50,baichuan2-7b-chat,baichuan-inc--Baichuan2-7B-Chat,DistServe,DistServe-2A100,distserve_2a100,realistic_pcie,1,short_extra_17,77.34906498808414,4649.565242056269,72.6494569071292,76.98762702057138,4726.914307044353
high_l50,high,50,gemma-2-9b-it,google--gemma-2-9b-it,DistServe,DistServe-2A100,distserve_2a100,realistic_pcie,0,long_a,332.3467680020258,2136.4767079940066,1.657743996474892,334.0045119985007,2468.8234759960324
high_l50,high,50,gemma-2-9b-it,google--gemma-2-9b-it,DistServe,DistServe-2A100,distserve_2a100,realistic_pcie,0,long_b,363.5284229530953,8382.56670901319,1.4322650386020541,364.96068799169734,8746.095131966285
high_l50,high,50,gemma-2-9b-it,google--gemma-2-9b-it,DistServe,DistServe-2A100,distserve_2a100,realistic_pcie,0,long_extra_00,331.4415829954669,1479.4651370029896,5.021850985940546,336.46343398140743,1810.9067199984565
high_l50,high,50,gemma-2-9b-it,google--gemma-2-9b-it,DistServe,DistServe-2A100,distserve_2a100,realistic_pcie,0,long_extra_01,334.6599229844287,8385.599868022837,8.321862027514726,342.98178501194343,8720.259791007265
high_l50,high,50,gemma-2-9b-it,google--gemma-2-9b-it,DistServe,DistServe-2A100,distserve_2a100,realistic_pcie,0,long_extra_02,337.1880720369518,8420.795781945344,11.14568894263357,348.33376097958535,8757.983853982296
high_l50,high,50,gemma-2-9b-it,google--gemma-2-9b-it,DistServe,DistServe-2A100,distserve_2a100,realistic_pcie,0,long_extra_03,334.16017703711987,8443.01494793035,11.793022917117923,345.9531999542378,8777.17512496747
high_l50,high,50,gemma-2-9b-it,google--gemma-2-9b-it,DistServe,DistServe-2A100,distserve_2a100,realistic_pcie,0,long_extra_04,354.71053601941094,8430.972662987188,17.07396993879229,371.7845059582032,8785.683199006598
high_l50,high,50,gemma-2-9b-it,google--gemma-2-9b-it,DistServe,DistServe-2A100,distserve_2a100,realistic_pcie,0,long_extra_05,327.7531479834579,8396.151235967409,10.396678990218788,338.1498269736767,8723.904383950867
high_l50,high,50,gemma-2-9b-it,google--gemma-2-9b-it,DistServe,DistServe-2A100,distserve_2a100,realistic_pcie,0,long_extra_06,336.05038799578324,1471.5894419932738,4.726699960883707,340.77708795666695,1807.639829989057
high_l50,high,50,gemma-2-9b-it,google--gemma-2-9b-it,DistServe,DistServe-2A100,distserve_2a100,realistic_pcie,0,long_extra_07,330.6593630113639,8421.427755034529,9.361923031974584,340.0212860433385,8752.087118045893
high_l50,high,50,gemma-2-9b-it,google--gemma-2-9b-it,DistServe,DistServe-2A100,distserve_2a100,realistic_pcie,0,long_extra_08,329.42976895719767,1210.7860870310105,12.279141054023057,341.7089100112207,1540.2158559882082
high_l50,high,50,gemma-2-9b-it,google--gemma-2-9b-it,DistServe,DistServe-2A100,distserve_2a100,realistic_pcie,0,long_extra_09,331.8667379789986,8375.882224063389,130.87315975099045,330.8233270072378,8707.748962042388
high_l50,high,50,gemma-2-9b-it,google--gemma-2-9b-it,DistServe,DistServe-2A100,distserve_2a100,realistic_pcie,0,long_extra_10,330.8492079959251,8426.345866988413,10.951533971820027,341.8007419677451,8757.195074984338
high_l50,high,50,gemma-2-9b-it,google--gemma-2-9b-it,DistServe,DistServe-2A100,distserve_2a100,realistic_pcie,0,long_extra_11,326.6202549566515,8418.831454997417,12.523934012278914,339.1441889689304,8745.451709954068
high_l50,high,50,gemma-2-9b-it,google--gemma-2-9b-it,DistServe,DistServe-2A100,distserve_2a100,realistic_pcie,0,long_extra_12,332.7344190329313,3589.219699962996,6.765940925106406,339.50035995803773,3921.9541189959273
high_l50,high,50,gemma-2-9b-it,google--gemma-2-9b-it,DistServe,DistServe-2A100,distserve_2a100,realistic_pcie,0,long_extra_13,331.64655696600676,8511.811843025498,3.36870999308303,335.0152669590898,8843.458399991505
high_l50,high,50,gemma-2-9b-it,google--gemma-2-9b-it,DistServe,DistServe-2A100,distserve_2a100,realistic_pcie,0,long_extra_14,339.7154230042361,8429.71509398194,6.220529961865395,345.93595296610147,8769.430516986176
high_l50,high,50,gemma-2-9b-it,google--gemma-2-9b-it,DistServe,DistServe-2A100,distserve_2a100,realistic_pcie,0,long_extra_15,330.3770250058733,8396.407449967228,13.842398941051215,344.2194239469245,8726.784474973101
high_l50,high,50,gemma-2-9b-it,google--gemma-2-9b-it,DistServe,DistServe-2A100,distserve_2a100,realistic_pcie,0,long_extra_16,357.34302701894194,8423.272553016432,14.637468964792788,371.9804959837347,8780.615580035374
high_l50,high,50,gemma-2-9b-it,google--gemma-2-9b-it,DistServe,DistServe-2A100,distserve_2a100,realistic_pcie,0,long_extra_17,332.93787704315037,8403.887406981084,3.0958649585954845,336.03374200174585,8736.825284024235
high_l50,high,50,gemma-2-9b-it,google--gemma-2-9b-it,DistServe,DistServe-2A100,distserve_2a100,realistic_pcie,0,mid_b,141.3377290009521,8407.685453013983,1.979466003831476,143.31719500478357,8549.023182014935
high_l50,high,50,gemma-2-9b-it,google--gemma-2-9b-it,DistServe,DistServe-2A100,distserve_2a100,realistic_pcie,0,short_a,160.45473603298888,8350.011925969739,130.46893634327716,144.91471595829353,8510.466662002727
high_l50,high,50,gemma-2-9b-it,google--gemma-2-9b-it,DistServe,DistServe-2A100,distserve_2a100,realistic_pcie,0,short_extra_00,146.4724539546296,8403.293869050685,131.30146670391696,143.34708102978766,8549.766323005315
high_l50,high,50,gemma-2-9b-it,google--gemma-2-9b-it,DistServe,DistServe-2A100,distserve_2a100,realistic_pcie,0,short_extra_01,141.65824902011082,8414.694912964478,2.60074099060148,144.2589900107123,8556.353161984589
high_l50,high,50,gemma-2-9b-it,google--gemma-2-9b-it,DistServe,DistServe-2A100,distserve_2a100,realistic_pcie,0,short_extra_02,147.75754301808774,8398.566350981127,131.22759923408012,143.1562249781564,8546.323893999215
high_l50,high,50,gemma-2-9b-it,google--gemma-2-9b-it,DistServe,DistServe-2A100,distserve_2a100,realistic_pcie,0,short_extra_03,144.5862430264242,8406.607706972864,131.353245421451,144.4296590052545,8551.193949999288
high_l50,high,50,gemma-2-9b-it,google--gemma-2-9b-it,DistServe,DistServe-2A100,distserve_2a100,realistic_pcie,0,short_extra_04,141.7432430316694,8413.105486950371,7.215993944555521,148.95923697622493,8554.84872998204
high_l50,high,50,gemma-2-9b-it,google--gemma-2-9b-it,DistServe,DistServe-2A100,distserve_2a100,realistic_pcie,0,short_extra_05,143.1974239530973,8396.255114057567,2.2490810370072722,145.4465049901046,8539.452538010664
high_l50,high,50,gemma-2-9b-it,google--gemma-2-9b-it,DistServe,DistServe-2A100,distserve_2a100,realistic_pcie,0,short_extra_06,143.71593797113746,8410.300459014252,2.759210008662194,146.47514797979966,8554.01639698539
high_l50,high,50,gemma-2-9b-it,google--gemma-2-9b-it,DistServe,DistServe-2A100,distserve_2a100,realistic_pcie,0,short_extra_07,141.37645700247958,8396.525132004172,2.263376023620367,143.63983302609995,8537.901589006651
high_l50,high,50,gemma-2-9b-it,google--gemma-2-9b-it,DistServe,DistServe-2A100,distserve_2a100,realistic_pcie,0,short_extra_08,147.26472098845989,8392.415446985979,131.13149135915592,145.0372909894213,8539.680167974439
high_l50,high,50,gemma-2-9b-it,google--gemma-2-9b-it,DistServe,DistServe-2A100,distserve_2a100,realistic_pcie,0,short_extra_09,143.8522589742206,8370.442272047512,130.78816050074238,141.9630370219238,8514.294531021733
high_l50,high,50,gemma-2-9b-it,google--gemma-2-9b-it,DistServe,DistServe-2A100,distserve_2a100,realistic_pcie,0,short_extra_10,146.08988800318912,8394.038600032218,131.1568531255034,142.86840200657025,8540.128488035407
high_l50,high,50,gemma-2-9b-it,google--gemma-2-9b-it,DistServe,DistServe-2A100,distserve_2a100,realistic_pcie,0,short_extra_11,297.6922710076906,8403.69395702146,2.6777730090543628,300.37004401674494,8701.38622802915
high_l50,high,50,gemma-2-9b-it,google--gemma-2-9b-it,DistServe,DistServe-2A100,distserve_2a100,realistic_pcie,0,short_extra_12,140.66131401341408,8384.485504007898,1.9991439767181873,142.66045799013227,8525.146818021312
high_l50,high,50,gemma-2-9b-it,google--gemma-2-9b-it,DistServe,DistServe-2A100,distserve_2a100,realistic_pcie,0,short_extra_13,142.36397604690865,8412.41440695012,1.4028169680386782,143.76679301494732,8554.778382997029
high_l50,high,50,gemma-2-9b-it,google--gemma-2-9b-it,DistServe,DistServe-2A100,distserve_2a100,realistic_pcie,0,short_extra_14,145.34546301001683,8438.24244098505,131.8475381403914,145.17087797867134,8583.587903995067
high_l50,high,50,gemma-2-9b-it,google--gemma-2-9b-it,DistServe,DistServe-2A100,distserve_2a100,realistic_pcie,0,short_extra_15,142.6515569910407,8392.873084056191,1.6604610136710107,144.31201800471172,8535.524641047232
high_l50,high,50,gemma-2-9b-it,google--gemma-2-9b-it,DistServe,DistServe-2A100,distserve_2a100,realistic_pcie,0,short_extra_16,142.17363100033253,8439.51003899565,2.3179990239441395,144.49163002427667,8581.683669995982
high_l50,high,50,gemma-2-9b-it,google--gemma-2-9b-it,DistServe,DistServe-2A100,distserve_2a100,realistic_pcie,0,short_extra_17,143.03216896951199,8376.48604606511,0.5499490653164685,143.58211803482845,8519.518215034623
high_l50,high,50,gemma-2-9b-it,google--gemma-2-9b-it,DistServe,DistServe-2A100,distserve_2a100,realistic_pcie,1,long_a,330.7004799717106,1904.23881507013,29.75373148547078,318.03792202845216,2234.9392950418405
high_l50,high,50,gemma-2-9b-it,google--gemma-2-9b-it,DistServe,DistServe-2A100,distserve_2a100,realistic_pcie,1,long_b,361.6400220198557,7509.943224024028,117.34286287537543,360.42633204488084,7871.583246043883
high_l50,high,50,gemma-2-9b-it,google--gemma-2-9b-it,DistServe,DistServe-2A100,distserve_2a100,realistic_pcie,1,long_extra_00,331.0242209699936,1314.934799040202,20.545856235003157,322.9656259645708,1645.9590200101957
high_l50,high,50,gemma-2-9b-it,google--gemma-2-9b-it,DistServe,DistServe-2A100,distserve_2a100,realistic_pcie,1,long_extra_01,332.5500040082261,8408.110017015133,9.140390029642731,341.6903940378688,8740.66002102336
high_l50,high,50,gemma-2-9b-it,google--gemma-2-9b-it,DistServe,DistServe-2A100,distserve_2a100,realistic_pcie,1,long_extra_02,336.20956499362364,8420.556983968709,9.444661962334067,345.6542269559577,8756.766548962332
high_l50,high,50,gemma-2-9b-it,google--gemma-2-9b-it,DistServe,DistServe-2A100,distserve_2a100,realistic_pcie,1,long_extra_03,339.45650700479746,7538.749353028834,9.869247034657747,349.3257540394552,7878.205860033631
high_l50,high,50,gemma-2-9b-it,google--gemma-2-9b-it,DistServe,DistServe-2A100,distserve_2a100,realistic_pcie,1,long_extra_04,361.2716839998029,7535.04161600722,6.148817017674446,367.42050101747736,7896.313300007023
high_l50,high,50,gemma-2-9b-it,google--gemma-2-9b-it,DistServe,DistServe-2A100,distserve_2a100,realistic_pcie,1,long_extra_05,327.431280980818,8413.955988013186,10.865445015951991,338.29672599676996,8741.387268994004
high_l50,high,50,gemma-2-9b-it,google--gemma-2-9b-it,DistServe,DistServe-2A100,distserve_2a100,realistic_pcie,1,long_extra_06,331.11069101141766,1476.3028809684329,4.244762996677309,335.35545400809497,1807.4135719798505
high_l50,high,50,gemma-2-9b-it,google--gemma-2-9b-it,DistServe,DistServe-2A100,distserve_2a100,realistic_pcie,1,long_extra_07,329.32463398901746,7528.912217007019,117.63925339073467,325.0502679729834,7858.236850996036
high_l50,high,50,gemma-2-9b-it,google--gemma-2-9b-it,DistServe,DistServe-2A100,distserve_2a100,realistic_pcie,1,long_extra_08,329.98846599366516,1069.9145949911326,16.717415546736447,326.0098049649969,1399.9030609847978
high_l50,high,50,gemma-2-9b-it,google--gemma-2-9b-it,DistServe,DistServe-2A100,distserve_2a100,realistic_pcie,1,long_extra_09,332.3319669580087,7651.405991055071,119.55321861023549,318.8624370377511,7983.73795801308
high_l50,high,50,gemma-2-9b-it,google--gemma-2-9b-it,DistServe,DistServe-2A100,distserve_2a100,realistic_pcie,1,long_extra_10,332.8477570321411,8400.619659980293,11.69051497709006,344.53827200923115,8733.467417012434
high_l50,high,50,gemma-2-9b-it,google--gemma-2-9b-it,DistServe,DistServe-2A100,distserve_2a100,realistic_pcie,1,long_extra_11,329.71632498083636,7536.593597964384,117.7592749681935,324.0656440029852,7866.30992294522
high_l50,high,50,gemma-2-9b-it,google--gemma-2-9b-it,DistServe,DistServe-2A100,distserve_2a100,realistic_pcie,1,long_extra_12,330.78124199528247,3208.589963032864,50.1342181723885,323.7045660498552,3539.3712050281465
high_l50,high,50,gemma-2-9b-it,google--gemma-2-9b-it,DistServe,DistServe-2A100,distserve_2a100,realistic_pcie,1,long_extra_13,331.1816320056096,7530.570840986911,117.66516939042049,322.08312198054045,7861.752472992521
high_l50,high,50,gemma-2-9b-it,google--gemma-2-9b-it,DistServe,DistServe-2A100,distserve_2a100,realistic_pcie,1,long_extra_14,337.34252501744777,7583.607522945385,3.4636419732123613,340.80616699066013,7920.950047962833
high_l50,high,50,gemma-2-9b-it,google--gemma-2-9b-it,DistServe,DistServe-2A100,distserve_2a100,realistic_pcie,1,long_extra_15,332.0563919842243,7519.089105015155,117.4857672658618,326.1469299905002,7851.145496999379
high_l50,high,50,gemma-2-9b-it,google--gemma-2-9b-it,DistServe,DistServe-2A100,distserve_2a100,realistic_pcie,1,long_extra_16,359.6818409860134,7557.7787950169295,9.065631020348519,368.74747200636193,7917.460636002943
high_l50,high,50,gemma-2-9b-it,google--gemma-2-9b-it,DistServe,DistServe-2A100,distserve_2a100,realistic_pcie,1,long_extra_17,335.4294060263783,7498.909476969857,117.17046057765401,322.8313099825755,7834.338882996235
high_l50,high,50,gemma-2-9b-it,google--gemma-2-9b-it,DistServe,DistServe-2A100,distserve_2a100,realistic_pcie,1,mid_b,142.54693099064752,8418.39341702871,131.5373971410736,142.34050101367757,8560.940348019358
high_l50,high,50,gemma-2-9b-it,google--gemma-2-9b-it,DistServe,DistServe-2A100,distserve_2a100,realistic_pcie,1,short_a,145.61824296833947,7485.286478011403,116.95760121892818,128.82096495013684,7630.904720979743
high_l50,high,50,gemma-2-9b-it,google--gemma-2-9b-it,DistServe,DistServe-2A100,distserve_2a100,realistic_pcie,1,short_extra_00,141.74014097079635,8409.485376032535,1.665645046159625,143.40578601695597,8551.225517003331
high_l50,high,50,gemma-2-9b-it,google--gemma-2-9b-it,DistServe,DistServe-2A100,distserve_2a100,realistic_pcie,1,short_extra_01,142.24992698291317,7505.385965050664,117.27165570391662,130.39725203998387,7647.635892033577
high_l50,high,50,gemma-2-9b-it,google--gemma-2-9b-it,DistServe,DistServe-2A100,distserve_2a100,realistic_pcie,1,short_extra_02,141.82098500896245,8399.853497976437,5.718108965083957,147.5390939740464,8541.6744829854
high_l50,high,50,gemma-2-9b-it,google--gemma-2-9b-it,DistServe,DistServe-2A100,distserve_2a100,realistic_pcie,1,short_extra_03,142.2763310256414,7513.942317978945,117.40534871842101,130.36846299655735,7656.218649004586
high_l50,high,50,gemma-2-9b-it,google--gemma-2-9b-it,DistServe,DistServe-2A100,distserve_2a100,realistic_pcie,1,short_extra_04,142.94353598961607,7816.371872031596,3.235369047615677,146.17890503723174,7959.315408021212
high_l50,high,50,gemma-2-9b-it,google--gemma-2-9b-it,DistServe,DistServe-2A100,distserve_2a100,realistic_pcie,1,short_extra_05,143.1501320330426,7509.057811985258,117.32902831226966,129.1240049758926,7652.207944018301
high_l50,high,50,gemma-2-9b-it,google--gemma-2-9b-it,DistServe,DistServe-2A100,distserve_2a100,realistic_pcie,1,short_extra_06,142.79890997568145,7532.3147239978425,117.69241756246629,130.87879301747307,7675.113633973524
high_l50,high,50,gemma-2-9b-it,google--gemma-2-9b-it,DistServe,DistServe-2A100,distserve_2a100,realistic_pcie,1,short_extra_07,141.4380230125971,8374.478806974366,2.8681779513135552,144.30620096391067,8515.916829986963
high_l50,high,50,gemma-2-9b-it,google--gemma-2-9b-it,DistServe,DistServe-2A100,distserve_2a100,realistic_pcie,1,short_extra_08,142.75578904198483,7519.2974039237015,117.48902193630784,128.75581899425015,7662.053192965686
high_l50,high,50,gemma-2-9b-it,google--gemma-2-9b-it,DistServe,DistServe-2A100,distserve_2a100,realistic_pcie,1,short_extra_09,142.98979099839926,7491.139947960619,117.04906168688467,128.18417296512052,7634.129738959018
high_l50,high,50,gemma-2-9b-it,google--gemma-2-9b-it,DistServe,DistServe-2A100,distserve_2a100,realistic_pcie,1,short_extra_10,141.80774794658646,7521.096221054904,117.51712845398288,129.6141940401867,7662.903969001491
high_l50,high,50,gemma-2-9b-it,google--gemma-2-9b-it,DistServe,DistServe-2A100,distserve_2a100,realistic_pcie,1,short_extra_11,141.6122320224531,8372.828913968988,2.78176594292745,144.39399796538055,8514.44114599144
high_l50,high,50,gemma-2-9b-it,google--gemma-2-9b-it,DistServe,DistServe-2A100,distserve_2a100,realistic_pcie,1,short_extra_12,143.21554196067154,8391.00651704939,131.10947682889673,142.87009602412581,8534.222059010062
high_l50,high,50,gemma-2-9b-it,google--gemma-2-9b-it,DistServe,DistServe-2A100,distserve_2a100,realistic_pcie,1,short_extra_13,142.4574800184928,7492.138714995235,117.06466742180055,130.905143043492,7634.596195013728
high_l50,high,50,gemma-2-9b-it,google--gemma-2-9b-it,DistServe,DistServe-2A100,distserve_2a100,realistic_pcie,1,short_extra_14,141.52996899792925,8374.450478004292,2.2160770022310317,143.74604600016028,8515.98044700222
high_l50,high,50,gemma-2-9b-it,google--gemma-2-9b-it,DistServe,DistServe-2A100,distserve_2a100,realistic_pcie,1,short_extra_15,143.3555950061418,7518.366658012383,117.47447903144348,128.81325703347102,7661.7222530185245
high_l50,high,50,gemma-2-9b-it,google--gemma-2-9b-it,DistServe,DistServe-2A100,distserve_2a100,realistic_pcie,1,short_extra_16,142.49201299389824,8391.687308030669,2.2561040241271257,144.74811701802537,8534.179321024567
high_l50,high,50,gemma-2-9b-it,google--gemma-2-9b-it,DistServe,DistServe-2A100,distserve_2a100,realistic_pcie,1,short_extra_17,146.16509602637962,8400.754457979929,131.2617884059364,143.678831984289,8546.919554006308
high_l50,high,50,gemma-7b-it,google--gemma-7b-it,DistServe,DistServe-2A100,distserve_2a100,realistic_pcie,0,long_a,306.02399696363136,4801.749259058852,0.006925023626536131,306.0309219872579,5107.773256022483
high_l50,high,50,gemma-7b-it,google--gemma-7b-it,DistServe,DistServe-2A100,distserve_2a100,realistic_pcie,0,long_b,350.52545403596014,4800.692812947091,2.0479129743762314,352.57336701033637,5151.218266983051
high_l50,high,50,gemma-7b-it,google--gemma-7b-it,DistServe,DistServe-2A100,distserve_2a100,realistic_pcie,0,long_extra_00,341.1826540250331,4334.43971700035,5.229248956311494,346.4119029813446,4675.6223710253835
high_l50,high,50,gemma-7b-it,google--gemma-7b-it,DistServe,DistServe-2A100,distserve_2a100,realistic_pcie,0,long_extra_01,344.00644298875704,4785.0897060125135,16.818519972730428,360.8249629614875,5129.0961490012705
high_l50,high,50,gemma-7b-it,google--gemma-7b-it,DistServe,DistServe-2A100,distserve_2a100,realistic_pcie,0,long_extra_02,337.5655940035358,4782.2723659919575,12.557926995214075,350.1235209987499,5119.837959995493
high_l50,high,50,gemma-7b-it,google--gemma-7b-it,DistServe,DistServe-2A100,distserve_2a100,realistic_pcie,0,long_extra_03,343.833883991465,4789.625859993976,9.025830018799752,352.8597140102647,5133.459743985441
high_l50,high,50,gemma-7b-it,google--gemma-7b-it,DistServe,DistServe-2A100,distserve_2a100,realistic_pcie,0,long_extra_04,338.21440901374444,4915.584383008536,9.56108799437061,347.77549700811505,5253.79879202228
high_l50,high,50,gemma-7b-it,google--gemma-7b-it,DistServe,DistServe-2A100,distserve_2a100,realistic_pcie,0,long_extra_05,299.54931599786505,4797.30518697761,14.930418983567506,314.47973498143256,5096.854502975475
high_l50,high,50,gemma-7b-it,google--gemma-7b-it,DistServe,DistServe-2A100,distserve_2a100,realistic_pcie,0,long_extra_06,330.63277701148763,4811.879297951236,5.810512986499816,336.44328999798745,5142.512074962724
high_l50,high,50,gemma-7b-it,google--gemma-7b-it,DistServe,DistServe-2A100,distserve_2a100,realistic_pcie,0,long_extra_07,303.7364489864558,4817.685678019188,12.77870504418388,316.5151540306397,5121.422127005644
high_l50,high,50,gemma-7b-it,google--gemma-7b-it,DistServe,DistServe-2A100,distserve_2a100,realistic_pcie,0,long_extra_08,340.650170983281,4799.424755969085,12.817476002965122,353.4676469862461,5140.074926952366
high_l50,high,50,gemma-7b-it,google--gemma-7b-it,DistServe,DistServe-2A100,distserve_2a100,realistic_pcie,0,long_extra_09,336.97578799910843,4792.071004980244,2.164545003324747,339.1403330024332,5129.046792979352
high_l50,high,50,gemma-7b-it,google--gemma-7b-it,DistServe,DistServe-2A100,distserve_2a100,realistic_pcie,0,long_extra_10,339.38318298896775,4795.272600022145,11.935083020944148,351.3182660099119,5134.655783011112
high_l50,high,50,gemma-7b-it,google--gemma-7b-it,DistServe,DistServe-2A100,distserve_2a100,realistic_pcie,0,long_extra_11,310.36600400693715,4790.106539032422,6.800024013500661,317.1660280204378,5100.472543039359
high_l50,high,50,gemma-7b-it,google--gemma-7b-it,DistServe,DistServe-2A100,distserve_2a100,realistic_pcie,0,long_extra_12,304.2573229759,1598.3580840402283,5.621111020445824,309.87843399634585,1902.6154070161283
high_l50,high,50,gemma-7b-it,google--gemma-7b-it,DistServe,DistServe-2A100,distserve_2a100,realistic_pcie,0,long_extra_13,308.4899490349926,4768.372494960204,74.50582023375318,303.18276496836916,5076.862443995196
high_l50,high,50,gemma-7b-it,google--gemma-7b-it,DistServe,DistServe-2A100,distserve_2a100,realistic_pcie,0,long_extra_14,345.20807600347325,4785.695383034181,1.8462400184944272,347.0543160219677,5130.903459037654
high_l50,high,50,gemma-7b-it,google--gemma-7b-it,DistServe,DistServe-2A100,distserve_2a100,realistic_pcie,0,long_extra_15,341.0837309784256,4794.503901037388,12.822579010389745,353.90630998881534,5135.587632015813
high_l50,high,50,gemma-7b-it,google--gemma-7b-it,DistServe,DistServe-2A100,distserve_2a100,realistic_pcie,0,long_extra_16,341.36534598656,4789.1456430079415,11.549634975381196,352.9149809619412,5130.5109889945015
high_l50,high,50,gemma-7b-it,google--gemma-7b-it,DistServe,DistServe-2A100,distserve_2a100,realistic_pcie,0,long_extra_17,312.7528019831516,4782.70070196595,2.231767983175814,314.9845699663274,5095.453503949102
high_l50,high,50,gemma-7b-it,google--gemma-7b-it,DistServe,DistServe-2A100,distserve_2a100,realistic_pcie,0,mid_b,81.14497998030856,4772.900271054823,0.06194802699610591,81.20692800730467,4854.0452510351315
high_l50,high,50,gemma-7b-it,google--gemma-7b-it,DistServe,DistServe-2A100,distserve_2a100,realistic_pcie,0,short_a,78.51399201899767,4781.472732021939,1.146410999353975,79.66040301835164,4859.986724040937
high_l50,high,50,gemma-7b-it,google--gemma-7b-it,DistServe,DistServe-2A100,distserve_2a100,realistic_pcie,0,short_extra_00,81.30132599035278,4771.237096982077,0.6632489967159927,81.96457498706877,4852.5384229724295
high_l50,high,50,gemma-7b-it,google--gemma-7b-it,DistServe,DistServe-2A100,distserve_2a100,realistic_pcie,0,short_extra_01,80.68166795419529,4777.864962001331,0.4131240420974791,81.09479199629277,4858.546629955526
high_l50,high,50,gemma-7b-it,google--gemma-7b-it,DistServe,DistServe-2A100,distserve_2a100,realistic_pcie,0,short_extra_02,80.80220996635035,4770.969514036551,1.0452930582687259,81.84750302461907,4851.7717240029015
high_l50,high,50,gemma-7b-it,google--gemma-7b-it,DistServe,DistServe-2A100,distserve_2a100,realistic_pcie,0,short_extra_03,79.46291100233793,4795.609454973601,2.296136983204633,81.75904798554257,4875.072365975939
high_l50,high,50,gemma-7b-it,google--gemma-7b-it,DistServe,DistServe-2A100,distserve_2a100,realistic_pcie,0,short_extra_04,79.23124200897291,4779.0797500056215,2.286916016601026,81.51815802557394,4858.310992014594
high_l50,high,50,gemma-7b-it,google--gemma-7b-it,DistServe,DistServe-2A100,distserve_2a100,realistic_pcie,0,short_extra_05,86.47237997502089,4778.275718039367,74.66055809436511,81.51455700863153,4864.748098014388
high_l50,high,50,gemma-7b-it,google--gemma-7b-it,DistServe,DistServe-2A100,distserve_2a100,realistic_pcie,0,short_extra_06,79.6781909884885,4770.081483002286,2.716240007430315,82.39443099591881,4849.759673990775
high_l50,high,50,gemma-7b-it,google--gemma-7b-it,DistServe,DistServe-2A100,distserve_2a100,realistic_pcie,0,short_extra_07,79.7266429872252,4791.190977033693,1.9230120233260095,81.64965501055121,4870.917620020919
high_l50,high,50,gemma-7b-it,google--gemma-7b-it,DistServe,DistServe-2A100,distserve_2a100,realistic_pcie,0,short_extra_08,79.93286999408156,4766.424036002718,0.9285900159738958,80.86146001005545,4846.3569059967995
high_l50,high,50,gemma-7b-it,google--gemma-7b-it,DistServe,DistServe-2A100,distserve_2a100,realistic_pcie,0,short_extra_09,79.46486299624667,4781.415027042385,1.7949730390682817,81.25983603531495,4860.879890038632
high_l50,high,50,gemma-7b-it,google--gemma-7b-it,DistServe,DistServe-2A100,distserve_2a100,realistic_pcie,0,short_extra_10,79.44701798260212,4805.273483041674,1.4724530628882349,80.91947104549035,4884.720501024276
high_l50,high,50,gemma-7b-it,google--gemma-7b-it,DistServe,DistServe-2A100,distserve_2a100,realistic_pcie,0,short_extra_11,171.79421399487182,4794.668428017758,14.195915020536631,185.99012901540846,4966.46264201263
high_l50,high,50,gemma-7b-it,google--gemma-7b-it,DistServe,DistServe-2A100,distserve_2a100,realistic_pcie,0,short_extra_12,78.55733600445092,4768.559239979368,1.676816027611494,80.23415203206241,4847.116575983819
high_l50,high,50,gemma-7b-it,google--gemma-7b-it,DistServe,DistServe-2A100,distserve_2a100,realistic_pcie,0,short_extra_13,79.04847001191229,4786.317803955171,3.025748999789357,82.07421901170164,4865.3662739670835
high_l50,high,50,gemma-7b-it,google--gemma-7b-it,DistServe,DistServe-2A100,distserve_2a100,realistic_pcie,0,short_extra_14,79.55988898174837,4636.947235034313,2.288883028086275,81.84877200983465,4716.507124016061
high_l50,high,50,gemma-7b-it,google--gemma-7b-it,DistServe,DistServe-2A100,distserve_2a100,realistic_pcie,0,short_extra_15,81.28376898821443,4811.063398024999,0.15889399219304323,81.44266298040748,4892.347167013213
high_l50,high,50,gemma-7b-it,google--gemma-7b-it,DistServe,DistServe-2A100,distserve_2a100,realistic_pcie,0,short_extra_16,79.67811299022287,4802.540915028658,1.8069780198857188,81.48509101010859,4882.219028018881
high_l50,high,50,gemma-7b-it,google--gemma-7b-it,DistServe,DistServe-2A100,distserve_2a100,realistic_pcie,0,short_extra_17,79.7404539771378,4791.260462021455,2.336807025130838,82.07726100226864,4871.000915998593
high_l50,high,50,gemma-7b-it,google--gemma-7b-it,DistServe,DistServe-2A100,distserve_2a100,realistic_pcie,1,long_a,305.5815969710238,4790.753696055617,2.9368860414251685,308.518483012449,5096.335293026641
high_l50,high,50,gemma-7b-it,google--gemma-7b-it,DistServe,DistServe-2A100,distserve_2a100,realistic_pcie,1,long_b,350.840036990121,4902.790392981842,1.1095019872300327,351.94953897735104,5253.630429971963
high_l50,high,50,gemma-7b-it,google--gemma-7b-it,DistServe,DistServe-2A100,distserve_2a100,realistic_pcie,1,long_extra_00,343.27862900681794,4708.471791993361,7.688521989621222,350.96715099643916,5051.750421000179
high_l50,high,50,gemma-7b-it,google--gemma-7b-it,DistServe,DistServe-2A100,distserve_2a100,realistic_pcie,1,long_extra_01,345.43323097750545,4816.548106027767,9.45345702348277,354.8866880009882,5161.9813370052725
high_l50,high,50,gemma-7b-it,google--gemma-7b-it,DistServe,DistServe-2A100,distserve_2a100,realistic_pcie,1,long_extra_02,338.9388879877515,4785.141841042787,11.884373030625284,350.8232610183768,5124.080729030538
high_l50,high,50,gemma-7b-it,google--gemma-7b-it,DistServe,DistServe-2A100,distserve_2a100,realistic_pcie,1,long_extra_03,346.2157560279593,4809.836008003913,5.638142989482731,351.853899017442,5156.051764031872
high_l50,high,50,gemma-7b-it,google--gemma-7b-it,DistServe,DistServe-2A100,distserve_2a100,realistic_pcie,1,long_extra_04,336.76122303586453,3039.574994938448,14.674453937914222,351.43567697377875,3376.3362179743126
high_l50,high,50,gemma-7b-it,google--gemma-7b-it,DistServe,DistServe-2A100,distserve_2a100,realistic_pcie,1,long_extra_05,300.2572580007836,4793.568144028541,10.980496008414775,311.2377540091984,5093.825402029324
high_l50,high,50,gemma-7b-it,google--gemma-7b-it,DistServe,DistServe-2A100,distserve_2a100,realistic_pcie,1,long_extra_06,325.3653859719634,4784.96687108418,9.269633039366454,334.63501901132986,5110.332257056143
high_l50,high,50,gemma-7b-it,google--gemma-7b-it,DistServe,DistServe-2A100,distserve_2a100,realistic_pcie,1,long_extra_07,300.8405609871261,4792.033117031679,13.20953801041469,314.0500989975408,5092.873678018805
high_l50,high,50,gemma-7b-it,google--gemma-7b-it,DistServe,DistServe-2A100,distserve_2a100,realistic_pcie,1,long_extra_08,340.14158096397296,4832.088770053815,16.01879607187584,356.1603770358488,5172.230351017788
high_l50,high,50,gemma-7b-it,google--gemma-7b-it,DistServe,DistServe-2A100,distserve_2a100,realistic_pcie,1,long_extra_09,331.5655059996061,4793.958441994619,9.410198021214455,340.97570402082056,5125.523947994225
high_l50,high,50,gemma-7b-it,google--gemma-7b-it,DistServe,DistServe-2A100,distserve_2a100,realistic_pcie,1,long_extra_10,340.7590569695458,2890.834509045817,12.605975032784045,353.3650320023298,3231.5935660153627
high_l50,high,50,gemma-7b-it,google--gemma-7b-it,DistServe,DistServe-2A100,distserve_2a100,realistic_pcie,1,long_extra_11,310.52211904898286,4782.091618981212,74.72018154658144,309.5553450402804,5092.613738030195
high_l50,high,50,gemma-7b-it,google--gemma-7b-it,DistServe,DistServe-2A100,distserve_2a100,realistic_pcie,1,long_extra_12,309.06458804383874,4812.7588499337435,0.15024590538814664,309.2148339492269,5121.823437977582
high_l50,high,50,gemma-7b-it,google--gemma-7b-it,DistServe,DistServe-2A100,distserve_2a100,realistic_pcie,1,long_extra_13,308.5670529981144,4799.471114994958,3.70365398703143,312.2707069851458,5108.038167993072
high_l50,high,50,gemma-7b-it,google--gemma-7b-it,DistServe,DistServe-2A100,distserve_2a100,realistic_pcie,1,long_extra_14,347.9144769953564,4786.256698018406,6.442100973799825,354.3565779691562,5134.171175013762
high_l50,high,50,gemma-7b-it,google--gemma-7b-it,DistServe,DistServe-2A100,distserve_2a100,realistic_pcie,1,long_extra_15,344.9193090200424,4796.658127976116,6.871011981274933,351.79032100131735,5141.577436996158
high_l50,high,50,gemma-7b-it,google--gemma-7b-it,DistServe,DistServe-2A100,distserve_2a100,realistic_pcie,1,long_extra_16,337.14237198000774,3037.912530009635,11.39278500340879,348.5351569834165,3375.0549019896425
high_l50,high,50,gemma-7b-it,google--gemma-7b-it,DistServe,DistServe-2A100,distserve_2a100,realistic_pcie,1,long_extra_17,307.81795596703887,4767.1341259847395,4.0788030019029975,311.89675896894187,5074.952081951778
high_l50,high,50,gemma-7b-it,google--gemma-7b-it,DistServe,DistServe-2A100,distserve_2a100,realistic_pcie,1,mid_b,80.06803598254919,4797.236939019058,74.95682717217278,79.83390596928075,4877.304975001607
high_l50,high,50,gemma-7b-it,google--gemma-7b-it,DistServe,DistServe-2A100,distserve_2a100,realistic_pcie,1,short_a,78.11062800465152,4891.343856987078,3.287866013124585,81.3984940177761,4969.454484991729
high_l50,high,50,gemma-7b-it,google--gemma-7b-it,DistServe,DistServe-2A100,distserve_2a100,realistic_pcie,1,short_extra_00,79.75841098232195,4781.92068496719,1.0457360185682774,80.80414700089023,4861.679095949512
high_l50,high,50,gemma-7b-it,google--gemma-7b-it,DistServe,DistServe-2A100,distserve_2a100,realistic_pcie,1,short_extra_01,80.48612897982821,4768.708657997195,0.695933005772531,81.18206198560074,4849.194786977023
high_l50,high,50,gemma-7b-it,google--gemma-7b-it,DistServe,DistServe-2A100,distserve_2a100,realistic_pcie,1,short_extra_02,79.58011201117188,4774.417408974841,4.1793849668465555,83.75949697801843,4853.997520986013
high_l50,high,50,gemma-7b-it,google--gemma-7b-it,DistServe,DistServe-2A100,distserve_2a100,realistic_pcie,1,short_extra_03,79.18583799619228,4767.648666980676,1.9964379607699811,81.18227595696226,4846.834504976869
high_l50,high,50,gemma-7b-it,google--gemma-7b-it,DistServe,DistServe-2A100,distserve_2a100,realistic_pcie,1,short_extra_04,78.59350898070261,4779.34995101532,1.6433760174550116,80.23688499815762,4857.943459996022
high_l50,high,50,gemma-7b-it,google--gemma-7b-it,DistServe,DistServe-2A100,distserve_2a100,realistic_pcie,1,short_extra_05,83.28236202942207,4776.626469974872,74.63478859335737,81.41740801511332,4859.908832004294
high_l50,high,50,gemma-7b-it,google--gemma-7b-it,DistServe,DistServe-2A100,distserve_2a100,realistic_pcie,1,short_extra_06,79.56078404095024,4778.917098941747,2.3647149791941047,81.92549902014434,4858.477882982697
high_l50,high,50,gemma-7b-it,google--gemma-7b-it,DistServe,DistServe-2A100,distserve_2a100,realistic_pcie,1,short_extra_07,79.43179499125108,4779.527942999266,3.040930023416877,82.47272501466796,4858.959737990517
high_l50,high,50,gemma-7b-it,google--gemma-7b-it,DistServe,DistServe-2A100,distserve_2a100,realistic_pcie,1,short_extra_08,80.31363901682198,4778.705436969176,4.902416956610978,85.21605597343296,4859.019075985998
high_l50,high,50,gemma-7b-it,google--gemma-7b-it,DistServe,DistServe-2A100,distserve_2a100,realistic_pcie,1,short_extra_09,79.48193897027522,4772.410294041038,0.20296004367992282,79.68489901395515,4851.892233011313
high_l50,high,50,gemma-7b-it,google--gemma-7b-it,DistServe,DistServe-2A100,distserve_2a100,realistic_pcie,1,short_extra_10,78.9460830274038,4804.721096006688,2.19989096513018,81.14597399253398,4883.6671790340915
high_l50,high,50,gemma-7b-it,google--gemma-7b-it,DistServe,DistServe-2A100,distserve_2a100,realistic_pcie,1,short_extra_11,79.65715799946338,4776.444258983247,1.671542995609343,81.32870099507272,4856.10141698271
high_l50,high,50,gemma-7b-it,google--gemma-7b-it,DistServe,DistServe-2A100,distserve_2a100,realistic_pcie,1,short_extra_12,80.29409201117232,4792.774764995556,3.959469962865114,84.25356197403744,4873.068857006729
high_l50,high,50,gemma-7b-it,google--gemma-7b-it,DistServe,DistServe-2A100,distserve_2a100,realistic_pcie,1,short_extra_13,78.94790702266619,4793.727262003813,2.6738979504443705,81.62180497311056,4872.675169026479
high_l50,high,50,gemma-7b-it,google--gemma-7b-it,DistServe,DistServe-2A100,distserve_2a100,realistic_pcie,1,short_extra_14,79.17902298504487,4242.890077002812,2.9346629744395614,82.11368595948443,4322.069099987857
high_l50,high,50,gemma-7b-it,google--gemma-7b-it,DistServe,DistServe-2A100,distserve_2a100,realistic_pcie,1,short_extra_15,81.16855600383133,4804.245589941274,1.517631986644119,82.68618799047545,4885.414145945106
high_l50,high,50,gemma-7b-it,google--gemma-7b-it,DistServe,DistServe-2A100,distserve_2a100,realistic_pcie,1,short_extra_16,82.39010500255972,4769.434891990386,74.52242018734978,81.30033599445596,4851.824996992946
high_l50,high,50,gemma-7b-it,google--gemma-7b-it,DistServe,DistServe-2A100,distserve_2a100,realistic_pcie,1,short_extra_17,79.22150398371741,4807.787859987002,2.8967129765078425,82.11821696022525,4887.009363970719
high_l50,high,50,mistral-7b-instruct-v0.2,mistralai--Mistral-7B-Instruct-v0.2,DistServe,DistServe-2A100,distserve_2a100,realistic_pcie,0,long_a,224.0698240348138,4796.118667931296,4.015317943412811,228.0851419782266,5020.18849196611
high_l50,high,50,mistral-7b-instruct-v0.2,mistralai--Mistral-7B-Instruct-v0.2,DistServe,DistServe-2A100,distserve_2a100,realistic_pcie,0,long_b,300.6885970244184,4811.615391983651,5.015955015551299,305.7045520399697,5112.303989008069
high_l50,high,50,mistral-7b-instruct-v0.2,mistralai--Mistral-7B-Instruct-v0.2,DistServe,DistServe-2A100,distserve_2a100,realistic_pcie,0,long_extra_00,227.20388899324462,4809.372465009801,10.078025981783867,237.28191497502849,5036.576354003046
high_l50,high,50,mistral-7b-instruct-v0.2,mistralai--Mistral-7B-Instruct-v0.2,DistServe,DistServe-2A100,distserve_2a100,realistic_pcie,0,long_extra_01,224.81491800863296,4807.057944010012,14.370282995514572,239.18520100414753,5031.872862018645
high_l50,high,50,mistral-7b-instruct-v0.2,mistralai--Mistral-7B-Instruct-v0.2,DistServe,DistServe-2A100,distserve_2a100,realistic_pcie,0,long_extra_02,272.68702996661887,4805.471529078204,11.429285048507154,284.116315015126,5078.158559044823
high_l50,high,50,mistral-7b-instruct-v0.2,mistralai--Mistral-7B-Instruct-v0.2,DistServe,DistServe-2A100,distserve_2a100,realistic_pcie,0,long_extra_03,278.36687001399696,4794.864526949823,8.400888997130096,286.76775901112705,5073.23139696382
high_l50,high,50,mistral-7b-instruct-v0.2,mistralai--Mistral-7B-Instruct-v0.2,DistServe,DistServe-2A100,distserve_2a100,realistic_pcie,0,long_extra_04,292.4497330095619,4806.747578957584,13.363600999582559,305.81333400914446,5099.197311967146
high_l50,high,50,mistral-7b-instruct-v0.2,mistralai--Mistral-7B-Instruct-v0.2,DistServe,DistServe-2A100,distserve_2a100,realistic_pcie,0,long_extra_05,219.78037897497416,4790.843179041985,9.522001026198268,229.30238000117242,5010.62355801696
high_l50,high,50,mistral-7b-instruct-v0.2,mistralai--Mistral-7B-Instruct-v0.2,DistServe,DistServe-2A100,distserve_2a100,realistic_pcie,0,long_extra_06,234.28396997042,4795.317626034375,3.214439027942717,237.49840899836272,5029.601596004795
high_l50,high,50,mistral-7b-instruct-v0.2,mistralai--Mistral-7B-Instruct-v0.2,DistServe,DistServe-2A100,distserve_2a100,realistic_pcie,0,long_extra_07,221.26634401502088,4819.857620983385,12.698492966592312,233.9648369816132,5041.123964998405
high_l50,high,50,mistral-7b-instruct-v0.2,mistralai--Mistral-7B-Instruct-v0.2,DistServe,DistServe-2A100,distserve_2a100,realistic_pcie,0,long_extra_08,250.64003799343482,4818.187250988558,9.785720962099731,260.42575895553455,5068.827288981993
high_l50,high,50,mistral-7b-instruct-v0.2,mistralai--Mistral-7B-Instruct-v0.2,DistServe,DistServe-2A100,distserve_2a100,realistic_pcie,0,long_extra_09,224.64788804063573,4838.64753897069,5.571915942709893,230.21980398334563,5063.295427011326
high_l50,high,50,mistral-7b-instruct-v0.2,mistralai--Mistral-7B-Instruct-v0.2,DistServe,DistServe-2A100,distserve_2a100,realistic_pcie,0,long_extra_10,224.74116197554395,4797.2035020357,9.092829015571624,233.83399099111557,5021.944664011244
high_l50,high,50,mistral-7b-instruct-v0.2,mistralai--Mistral-7B-Instruct-v0.2,DistServe,DistServe-2A100,distserve_2a100,realistic_pcie,0,long_extra_11,223.73378300108016,4804.630749044009,5.053363041952252,228.7871460430324,5028.364532045089
high_l50,high,50,mistral-7b-instruct-v0.2,mistralai--Mistral-7B-Instruct-v0.2,DistServe,DistServe-2A100,distserve_2a100,realistic_pcie,0,long_extra_12,223.22701703524217,4802.021868934389,6.8843739572912455,230.11139099253342,5025.248885969631
high_l50,high,50,mistral-7b-instruct-v0.2,mistralai--Mistral-7B-Instruct-v0.2,DistServe,DistServe-2A100,distserve_2a100,realistic_pcie,0,long_extra_13,227.9493029927835,4795.6525280023925,1.3961840304546058,229.3454870232381,5023.601830995176
high_l50,high,50,mistral-7b-instruct-v0.2,mistralai--Mistral-7B-Instruct-v0.2,DistServe,DistServe-2A100,distserve_2a100,realistic_pcie,0,long_extra_14,276.9439260009676,4803.048779955134,5.1371409790590405,282.08106698002666,5079.992705956101
high_l50,high,50,mistral-7b-instruct-v0.2,mistralai--Mistral-7B-Instruct-v0.2,DistServe,DistServe-2A100,distserve_2a100,realistic_pcie,0,long_extra_15,229.46944297291338,4798.429134069011,9.980788046959788,239.45023101987317,5027.898577041924
high_l50,high,50,mistral-7b-instruct-v0.2,mistralai--Mistral-7B-Instruct-v0.2,DistServe,DistServe-2A100,distserve_2a100,realistic_pcie,0,long_extra_16,292.8004179848358,4805.795210006181,12.504703016020358,305.30512100085616,5098.595627991017
high_l50,high,50,mistral-7b-instruct-v0.2,mistralai--Mistral-7B-Instruct-v0.2,DistServe,DistServe-2A100,distserve_2a100,realistic_pcie,0,long_extra_17,223.09847798896953,4800.428687012754,4.788968013599515,227.88744600256905,5023.527165001724
high_l50,high,50,mistral-7b-instruct-v0.2,mistralai--Mistral-7B-Instruct-v0.2,DistServe,DistServe-2A100,distserve_2a100,realistic_pcie,0,mid_b,78.62188800936565,4815.421101986431,1.4791819849051535,80.1010699942708,4894.042989995796
high_l50,high,50,mistral-7b-instruct-v0.2,mistralai--Mistral-7B-Instruct-v0.2,DistServe,DistServe-2A100,distserve_2a100,realistic_pcie,0,short_a,79.20112001011148,4791.567087988369,0.3631690051406622,79.56428901525214,4870.768207998481
high_l50,high,50,mistral-7b-instruct-v0.2,mistralai--Mistral-7B-Instruct-v0.2,DistServe,DistServe-2A100,distserve_2a100,realistic_pcie,0,short_extra_00,79.43283597705886,4801.402993034571,0.7085350225679576,80.14137099962682,4880.83582901163
high_l50,high,50,mistral-7b-instruct-v0.2,mistralai--Mistral-7B-Instruct-v0.2,DistServe,DistServe-2A100,distserve_2a100,realistic_pcie,0,short_extra_01,83.07976397918537,4797.926108993124,74.96759545301757,81.36576396645978,4881.00587297231
high_l50,high,50,mistral-7b-instruct-v0.2,mistralai--Mistral-7B-Instruct-v0.2,DistServe,DistServe-2A100,distserve_2a100,realistic_pcie,0,short_extra_02,79.34365898836404,4799.171802005731,0.3121940535493195,79.65585304191336,4878.515460994095
high_l50,high,50,mistral-7b-instruct-v0.2,mistralai--Mistral-7B-Instruct-v0.2,DistServe,DistServe-2A100,distserve_2a100,realistic_pcie,0,short_extra_03,78.62807303899899,4799.06787694199,2.174571971409023,80.80264501040801,4877.695949980989
high_l50,high,50,mistral-7b-instruct-v0.2,mistralai--Mistral-7B-Instruct-v0.2,DistServe,DistServe-2A100,distserve_2a100,realistic_pcie,0,short_extra_04,78.04146903799847,4778.450222918764,2.6459889486432076,80.68745798664168,4856.491691956762
high_l50,high,50,mistral-7b-instruct-v0.2,mistralai--Mistral-7B-Instruct-v0.2,DistServe,DistServe-2A100,distserve_2a100,realistic_pcie,0,short_extra_05,79.07031895592809,4798.075215076096,2.3594750673510134,81.4297940232791,4877.145534032024
high_l50,high,50,mistral-7b-instruct-v0.2,mistralai--Mistral-7B-Instruct-v0.2,DistServe,DistServe-2A100,distserve_2a100,realistic_pcie,0,short_extra_06,78.7142439512536,4786.9987260201015,2.631046052556485,81.34529000381008,4865.712969971355
high_l50,high,50,mistral-7b-instruct-v0.2,mistralai--Mistral-7B-Instruct-v0.2,DistServe,DistServe-2A100,distserve_2a100,realistic_pcie,0,short_extra_07,79.21197597170249,4786.622292012908,1.0676340316422284,80.27961000334471,4865.83426798461
high_l50,high,50,mistral-7b-instruct-v0.2,mistralai--Mistral-7B-Instruct-v0.2,DistServe,DistServe-2A100,distserve_2a100,realistic_pcie,0,short_extra_08,78.67294794414192,4822.856958082411,1.5996480942703784,80.2725960384123,4901.529906026553
high_l50,high,50,mistral-7b-instruct-v0.2,mistralai--Mistral-7B-Instruct-v0.2,DistServe,DistServe-2A100,distserve_2a100,realistic_pcie,0,short_extra_09,79.89631401142105,4785.865171987098,0.0827079638838768,79.97902197530493,4865.761485998519
high_l50,high,50,mistral-7b-instruct-v0.2,mistralai--Mistral-7B-Instruct-v0.2,DistServe,DistServe-2A100,distserve_2a100,realistic_pcie,0,short_extra_10,79.12166998721659,4804.46045397548,1.5664349775761366,80.68810496479273,4883.582123962697
high_l50,high,50,mistral-7b-instruct-v0.2,mistralai--Mistral-7B-Instruct-v0.2,DistServe,DistServe-2A100,distserve_2a100,realistic_pcie,0,short_extra_11,186.87694997061044,4800.47411104897,5.189517047256231,192.06646701786667,4987.351061019581
high_l50,high,50,mistral-7b-instruct-v0.2,mistralai--Mistral-7B-Instruct-v0.2,DistServe,DistServe-2A100,distserve_2a100,realistic_pcie,0,short_extra_12,77.77043798705563,4773.512446030509,2.409581036772579,80.18001902382821,4851.282884017564
high_l50,high,50,mistral-7b-instruct-v0.2,mistralai--Mistral-7B-Instruct-v0.2,DistServe,DistServe-2A100,distserve_2a100,realistic_pcie,0,short_extra_13,78.66699900478125,4764.3058659741655,1.583535980898887,80.25053498568013,4842.972864978947
high_l50,high,50,mistral-7b-instruct-v0.2,mistralai--Mistral-7B-Instruct-v0.2,DistServe,DistServe-2A100,distserve_2a100,realistic_pcie,0,short_extra_14,78.49949295632541,4818.793250073213,2.67382909078151,81.17332204710692,4897.2927430295385
high_l50,high,50,mistral-7b-instruct-v0.2,mistralai--Mistral-7B-Instruct-v0.2,DistServe,DistServe-2A100,distserve_2a100,realistic_pcie,0,short_extra_15,78.38606199948117,4773.486053978559,2.6140299742110074,81.00009197369218,4851.87211597804
high_l50,high,50,mistral-7b-instruct-v0.2,mistralai--Mistral-7B-Instruct-v0.2,DistServe,DistServe-2A100,distserve_2a100,realistic_pcie,0,short_extra_16,79.58003296516836,4819.600093003828,0.9639780037105083,80.54401096887887,4899.180125968996
high_l50,high,50,mistral-7b-instruct-v0.2,mistralai--Mistral-7B-Instruct-v0.2,DistServe,DistServe-2A100,distserve_2a100,realistic_pcie,0,short_extra_17,79.40559199778363,4822.145629033912,0.5057679954916239,79.91135999327525,4901.551221031696
high_l50,high,50,mistral-7b-instruct-v0.2,mistralai--Mistral-7B-Instruct-v0.2,DistServe,DistServe-2A100,distserve_2a100,realistic_pcie,1,long_a,223.98949996568263,4793.549600057304,5.14649908291176,229.13599904859439,5017.5391000229865
high_l50,high,50,mistral-7b-instruct-v0.2,mistralai--Mistral-7B-Instruct-v0.2,DistServe,DistServe-2A100,distserve_2a100,realistic_pcie,1,long_b,301.4116430422291,4816.95641996339,6.229591963347048,307.64123500557616,5118.368063005619
high_l50,high,50,mistral-7b-instruct-v0.2,mistralai--Mistral-7B-Instruct-v0.2,DistServe,DistServe-2A100,distserve_2a100,realistic_pcie,1,long_extra_00,227.52518102061003,4804.209492984228,8.843770949169993,236.36895196978003,5031.734674004838
high_l50,high,50,mistral-7b-instruct-v0.2,mistralai--Mistral-7B-Instruct-v0.2,DistServe,DistServe-2A100,distserve_2a100,realistic_pcie,1,long_extra_01,246.70830799732357,4802.818667958491,75.04404168685141,238.24321798747405,5049.526975955814
high_l50,high,50,mistral-7b-instruct-v0.2,mistralai--Mistral-7B-Instruct-v0.2,DistServe,DistServe-2A100,distserve_2a100,realistic_pcie,1,long_extra_02,274.6850399998948,4791.744367976207,10.014815954491496,284.6998559543863,5066.429407976102
high_l50,high,50,mistral-7b-instruct-v0.2,mistralai--Mistral-7B-Instruct-v0.2,DistServe,DistServe-2A100,distserve_2a100,realistic_pcie,1,long_extra_03,276.7373720416799,4816.263152984902,10.164298000745475,286.9016700424254,5093.000525026582
high_l50,high,50,mistral-7b-instruct-v0.2,mistralai--Mistral-7B-Instruct-v0.2,DistServe,DistServe-2A100,distserve_2a100,realistic_pcie,1,long_extra_04,295.43494601966813,4811.437540978659,9.373138949740678,304.8080849694088,5106.872486998327
high_l50,high,50,mistral-7b-instruct-v0.2,mistralai--Mistral-7B-Instruct-v0.2,DistServe,DistServe-2A100,distserve_2a100,realistic_pcie,1,long_extra_05,222.21274604089558,4798.725462984294,8.794591994956136,231.00733803585172,5020.938209025189
high_l50,high,50,mistral-7b-instruct-v0.2,mistralai--Mistral-7B-Instruct-v0.2,DistServe,DistServe-2A100,distserve_2a100,realistic_pcie,1,long_extra_06,225.5358939873986,4806.690583063755,8.92139901407063,234.45729300146922,5032.226477051154
high_l50,high,50,mistral-7b-instruct-v0.2,mistralai--Mistral-7B-Instruct-v0.2,DistServe,DistServe-2A100,distserve_2a100,realistic_pcie,1,long_extra_07,221.80296096485108,4808.177480008453,10.579535039141774,232.38249600399286,5029.980440973304
high_l50,high,50,mistral-7b-instruct-v0.2,mistralai--Mistral-7B-Instruct-v0.2,DistServe,DistServe-2A100,distserve_2a100,realistic_pcie,1,long_extra_08,249.6985309990123,4824.986741994508,9.069141000509262,258.76767199952155,5074.68527299352
high_l50,high,50,mistral-7b-instruct-v0.2,mistralai--Mistral-7B-Instruct-v0.2,DistServe,DistServe-2A100,distserve_2a100,realistic_pcie,1,long_extra_09,225.79375695204362,4813.670480041765,4.188123042695224,229.98187999473885,5039.464236993808
high_l50,high,50,mistral-7b-instruct-v0.2,mistralai--Mistral-7B-Instruct-v0.2,DistServe,DistServe-2A100,distserve_2a100,realistic_pcie,1,long_extra_10,224.92972103646025,4802.026346966159,9.607574960682541,234.5372959971428,5026.956068002619
high_l50,high,50,mistral-7b-instruct-v0.2,mistralai--Mistral-7B-Instruct-v0.2,DistServe,DistServe-2A100,distserve_2a100,realistic_pcie,1,long_extra_11,225.23491299943998,4797.288675967138,4.457953968085349,229.69286696752533,5022.523588966578
high_l50,high,50,mistral-7b-instruct-v0.2,mistralai--Mistral-7B-Instruct-v0.2,DistServe,DistServe-2A100,distserve_2a100,realistic_pcie,1,long_extra_12,225.31757201068103,4799.5777519536205,4.871494951657951,230.18906696233898,5024.8953239643015
high_l50,high,50,mistral-7b-instruct-v0.2,mistralai--Mistral-7B-Instruct-v0.2,DistServe,DistServe-2A100,distserve_2a100,realistic_pcie,1,long_extra_13,221.4768849662505,4855.659913038835,9.05026204418391,230.52714701043442,5077.136798005085
high_l50,high,50,mistral-7b-instruct-v0.2,mistralai--Mistral-7B-Instruct-v0.2,DistServe,DistServe-2A100,distserve_2a100,realistic_pcie,1,long_extra_14,277.43977797217667,4826.930624025408,5.780122068244964,283.21990004042163,5104.370401997585
high_l50,high,50,mistral-7b-instruct-v0.2,mistralai--Mistral-7B-Instruct-v0.2,DistServe,DistServe-2A100,distserve_2a100,realistic_pcie,1,long_extra_15,228.73213404091075,4806.20904895477,11.42283994704485,240.1549739879556,5034.941182995681
high_l50,high,50,mistral-7b-instruct-v0.2,mistralai--Mistral-7B-Instruct-v0.2,DistServe,DistServe-2A100,distserve_2a100,realistic_pcie,1,long_extra_16,292.9210579604842,4800.8168280357495,12.381543056108057,305.30260101659223,5093.737885996234
high_l50,high,50,mistral-7b-instruct-v0.2,mistralai--Mistral-7B-Instruct-v0.2,DistServe,DistServe-2A100,distserve_2a100,realistic_pcie,1,long_extra_17,222.59930695872754,4797.745815012604,7.658054062630981,230.25736102135852,5020.3451219713315
high_l50,high,50,mistral-7b-instruct-v0.2,mistralai--Mistral-7B-Instruct-v0.2,DistServe,DistServe-2A100,distserve_2a100,realistic_pcie,1,mid_b,82.43554196087644,4788.004374073353,74.81256834489614,80.1827980321832,4870.439916034229
high_l50,high,50,mistral-7b-instruct-v0.2,mistralai--Mistral-7B-Instruct-v0.2,DistServe,DistServe-2A100,distserve_2a100,realistic_pcie,1,short_a,78.94571003271267,4767.634258954786,1.2554059503600001,80.20111598307267,4846.579968987498
high_l50,high,50,mistral-7b-instruct-v0.2,mistralai--Mistral-7B-Instruct-v0.2,DistServe,DistServe-2A100,distserve_2a100,realistic_pcie,1,short_extra_00,78.52543098852038,4806.321084033698,1.4881319948472083,80.01356298336759,4884.846515022218
high_l50,high,50,mistral-7b-instruct-v0.2,mistralai--Mistral-7B-Instruct-v0.2,DistServe,DistServe-2A100,distserve_2a100,realistic_pcie,1,short_extra_01,78.64488603081554,4791.669133934192,1.4407469425350428,80.08563297335058,4870.314019965008
high_l50,high,50,mistral-7b-instruct-v0.2,mistralai--Mistral-7B-Instruct-v0.2,DistServe,DistServe-2A100,distserve_2a100,realistic_pcie,1,short_extra_02,78.33808002760634,4806.370943959337,1.6844189376570284,80.02249896526337,4884.709023986943
high_l50,high,50,mistral-7b-instruct-v0.2,mistralai--Mistral-7B-Instruct-v0.2,DistServe,DistServe-2A100,distserve_2a100,realistic_pcie,1,short_extra_03,79.35475598787889,4784.1657640528865,1.6366090276278555,80.99136501550674,4863.520520040765
high_l50,high,50,mistral-7b-instruct-v0.2,mistralai--Mistral-7B-Instruct-v0.2,DistServe,DistServe-2A100,distserve_2a100,realistic_pcie,1,short_extra_04,80.22545301355422,4823.178028978873,2.6539809769019485,82.87943399045616,4903.403481992427
high_l50,high,50,mistral-7b-instruct-v0.2,mistralai--Mistral-7B-Instruct-v0.2,DistServe,DistServe-2A100,distserve_2a100,realistic_pcie,1,short_extra_05,78.72727100038901,4795.202390989289,2.3698980221524835,81.0971690225415,4873.929661989678
high_l50,high,50,mistral-7b-instruct-v0.2,mistralai--Mistral-7B-Instruct-v0.2,DistServe,DistServe-2A100,distserve_2a100,realistic_pcie,1,short_extra_06,80.15828899806365,4805.489953025244,0.24513999233022332,80.40342899039388,4885.648242023308
high_l50,high,50,mistral-7b-instruct-v0.2,mistralai--Mistral-7B-Instruct-v0.2,DistServe,DistServe-2A100,distserve_2a100,realistic_pcie,1,short_extra_07,80.4110019817017,4790.868486044928,74.857320094452,79.97002603951842,4871.27948802663
high_l50,high,50,mistral-7b-instruct-v0.2,mistralai--Mistral-7B-Instruct-v0.2,DistServe,DistServe-2A100,distserve_2a100,realistic_pcie,1,short_extra_08,78.81558401277289,4808.5988640086725,0.5725109949707985,79.38809500774369,4887.414448021445
high_l50,high,50,mistral-7b-instruct-v0.2,mistralai--Mistral-7B-Instruct-v0.2,DistServe,DistServe-2A100,distserve_2a100,realistic_pcie,1,short_extra_09,79.81107599334791,4780.604241008405,74.69694126575632,79.49385698884726,4860.415317001753
high_l50,high,50,mistral-7b-instruct-v0.2,mistralai--Mistral-7B-Instruct-v0.2,DistServe,DistServe-2A100,distserve_2a100,realistic_pcie,1,short_extra_10,78.06169596733525,4799.691841006279,2.105900028254837,80.16759599559009,4877.753536973614
high_l50,high,50,mistral-7b-instruct-v0.2,mistralai--Mistral-7B-Instruct-v0.2,DistServe,DistServe-2A100,distserve_2a100,realistic_pcie,1,short_extra_11,79.04359203530475,4784.378365962766,2.241148962639272,81.28474099794403,4863.421957998071
high_l50,high,50,mistral-7b-instruct-v0.2,mistralai--Mistral-7B-Instruct-v0.2,DistServe,DistServe-2A100,distserve_2a100,realistic_pcie,1,short_extra_12,79.01572895934805,4799.142771051265,0.42501906864345074,79.4407480279915,4878.158500010613
high_l50,high,50,mistral-7b-instruct-v0.2,mistralai--Mistral-7B-Instruct-v0.2,DistServe,DistServe-2A100,distserve_2a100,realistic_pcie,1,short_extra_13,77.96608901116997,4779.34898796957,2.0691249519586563,80.03521396312863,4857.31507698074
high_l50,high,50,mistral-7b-instruct-v0.2,mistralai--Mistral-7B-Instruct-v0.2,DistServe,DistServe-2A100,distserve_2a100,realistic_pcie,1,short_extra_14,78.09879200067371,4785.528446955141,2.884922956582159,80.98371495725587,4863.627238955814
high_l50,high,50,mistral-7b-instruct-v0.2,mistralai--Mistral-7B-Instruct-v0.2,DistServe,DistServe-2A100,distserve_2a100,realistic_pcie,1,short_extra_15,78.13911599805579,4815.397628990468,2.124973980244249,80.26408997830003,4893.536744988523
high_l50,high,50,mistral-7b-instruct-v0.2,mistralai--Mistral-7B-Instruct-v0.2,DistServe,DistServe-2A100,distserve_2a100,realistic_pcie,1,short_extra_16,79.66936298180372,4787.330711027607,0.03348104655742645,79.70284402836114,4867.000074009411
high_l50,high,50,mistral-7b-instruct-v0.2,mistralai--Mistral-7B-Instruct-v0.2,DistServe,DistServe-2A100,distserve_2a100,realistic_pcie,1,short_extra_17,78.43706099083647,4794.5278260158375,2.8998610214330256,81.3369220122695,4872.964887006674
high_l50,high,50,qwen2.5-7b-instruct,Qwen--Qwen2.5-7B-Instruct,DistServe,DistServe-2A100,distserve_2a100,realistic_pcie,0,long_a,214.87666497705504,4125.368667009752,64.45888542202738,214.67816003132612,4340.245331986807
high_l50,high,50,qwen2.5-7b-instruct,Qwen--Qwen2.5-7B-Instruct,DistServe,DistServe-2A100,distserve_2a100,realistic_pcie,0,long_b,272.00366102624685,4174.393580004107,3.1535709858871996,275.15723201213405,4446.397241030354
high_l50,high,50,qwen2.5-7b-instruct,Qwen--Qwen2.5-7B-Instruct,DistServe,DistServe-2A100,distserve_2a100,realistic_pcie,0,long_extra_00,217.22453000256792,4132.595940027386,5.1151689840480685,222.33969898661599,4349.820470029954
high_l50,high,50,qwen2.5-7b-instruct,Qwen--Qwen2.5-7B-Instruct,DistServe,DistServe-2A100,distserve_2a100,realistic_pcie,0,long_extra_01,214.55220005009323,4174.659792974126,12.730083952192217,227.28228400228545,4389.211993024219
high_l50,high,50,qwen2.5-7b-instruct,Qwen--Qwen2.5-7B-Instruct,DistServe,DistServe-2A100,distserve_2a100,realistic_pcie,0,long_extra_02,263.56473396299407,4136.306796048302,6.292648031376302,269.85738199437037,4399.871530011296
high_l50,high,50,qwen2.5-7b-instruct,Qwen--Qwen2.5-7B-Instruct,DistServe,DistServe-2A100,distserve_2a100,realistic_pcie,0,long_extra_03,258.05378396762535,4156.159853038844,12.337195046711713,270.39097901433706,4414.213637006469
high_l50,high,50,qwen2.5-7b-instruct,Qwen--Qwen2.5-7B-Instruct,DistServe,DistServe-2A100,distserve_2a100,realistic_pcie,0,long_extra_04,269.56493296893314,4130.278249038383,13.073813053779304,282.63874602271244,4399.8431820073165
high_l50,high,50,qwen2.5-7b-instruct,Qwen--Qwen2.5-7B-Instruct,DistServe,DistServe-2A100,distserve_2a100,realistic_pcie,0,long_extra_05,210.02854796824977,4166.3638520403765,11.077072005718946,221.10561997396871,4376.392400008626
high_l50,high,50,qwen2.5-7b-instruct,Qwen--Qwen2.5-7B-Instruct,DistServe,DistServe-2A100,distserve_2a100,realistic_pcie,0,long_extra_06,219.17087596375495,4173.819402058143,3.989767050370574,223.16064301412553,4392.990278021898
high_l50,high,50,qwen2.5-7b-instruct,Qwen--Qwen2.5-7B-Instruct,DistServe,DistServe-2A100,distserve_2a100,realistic_pcie,0,long_extra_07,217.43277698988095,4146.200625982601,6.432932976167649,223.8657099660486,4363.633402972482
high_l50,high,50,qwen2.5-7b-instruct,Qwen--Qwen2.5-7B-Instruct,DistServe,DistServe-2A100,distserve_2a100,realistic_pcie,0,long_extra_08,226.82762797921896,4126.555382041261,8.436021045781672,235.26364902500063,4353.38301002048
high_l50,high,50,qwen2.5-7b-instruct,Qwen--Qwen2.5-7B-Instruct,DistServe,DistServe-2A100,distserve_2a100,realistic_pcie,0,long_extra_09,218.21236796677113,4162.961935042404,3.242163045797497,221.45453101256862,4381.174303009175
high_l50,high,50,qwen2.5-7b-instruct,Qwen--Qwen2.5-7B-Instruct,DistServe,DistServe-2A100,distserve_2a100,realistic_pcie,0,long_extra_10,214.26154201617464,4150.431616988499,5.992859019897878,220.25440103607252,4364.693159004673
high_l50,high,50,qwen2.5-7b-instruct,Qwen--Qwen2.5-7B-Instruct,DistServe,DistServe-2A100,distserve_2a100,realistic_pcie,0,long_extra_11,213.24482100317255,4122.654617996886,2.0674499683082104,215.31227097148076,4335.899439000059
high_l50,high,50,qwen2.5-7b-instruct,Qwen--Qwen2.5-7B-Instruct,DistServe,DistServe-2A100,distserve_2a100,realistic_pcie,0,long_extra_12,219.70856498228386,4135.486709012184,1.7569930059835315,221.4655579882674,4355.195273994468
high_l50,high,50,qwen2.5-7b-instruct,Qwen--Qwen2.5-7B-Instruct,DistServe,DistServe-2A100,distserve_2a100,realistic_pcie,0,long_extra_13,215.07197298342362,4137.202121026348,3.0522820306941867,218.1242550141178,4352.274094009772
high_l50,high,50,qwen2.5-7b-instruct,Qwen--Qwen2.5-7B-Instruct,DistServe,DistServe-2A100,distserve_2a100,realistic_pcie,0,long_extra_14,260.0631850073114,4149.19554599328,8.451828034594655,268.51501304190606,4409.258731000591
high_l50,high,50,qwen2.5-7b-instruct,Qwen--Qwen2.5-7B-Instruct,DistServe,DistServe-2A100,distserve_2a100,realistic_pcie,0,long_extra_15,216.776076995302,4148.314300982747,9.5718500087969,226.3479270040989,4365.090377978049
high_l50,high,50,qwen2.5-7b-instruct,Qwen--Qwen2.5-7B-Instruct,DistServe,DistServe-2A100,distserve_2a100,realistic_pcie,0,long_extra_16,271.69969002716243,4146.3177499827,6.524227967020124,278.22391799418256,4418.017440009862
high_l50,high,50,qwen2.5-7b-instruct,Qwen--Qwen2.5-7B-Instruct,DistServe,DistServe-2A100,distserve_2a100,realistic_pcie,0,long_extra_17,215.23961197817698,4142.201859038323,64.7219040474738,215.000513009727,4357.4414710165
high_l50,high,50,qwen2.5-7b-instruct,Qwen--Qwen2.5-7B-Instruct,DistServe,DistServe-2A100,distserve_2a100,realistic_pcie,0,mid_b,74.17198101757094,4110.891118994914,64.23267373429553,70.22578502073884,4185.063100012485
high_l50,high,50,qwen2.5-7b-instruct,Qwen--Qwen2.5-7B-Instruct,DistServe,DistServe-2A100,distserve_2a100,realistic_pcie,0,short_a,70.17366297077388,4122.640696063172,64.41626087598706,69.96496598003432,4192.814359033946
high_l50,high,50,qwen2.5-7b-instruct,Qwen--Qwen2.5-7B-Instruct,DistServe,DistServe-2A100,distserve_2a100,realistic_pcie,0,short_extra_00,70.18696196610108,4132.483427063562,64.57005354786816,70.16252999892458,4202.670389029663
high_l50,high,50,qwen2.5-7b-instruct,Qwen--Qwen2.5-7B-Instruct,DistServe,DistServe-2A100,distserve_2a100,realistic_pcie,0,short_extra_01,72.7809650124982,4135.147504974157,64.6116797652212,71.41768297879025,4207.928469986655
high_l50,high,50,qwen2.5-7b-instruct,Qwen--Qwen2.5-7B-Instruct,DistServe,DistServe-2A100,distserve_2a100,realistic_pcie,0,short_extra_02,71.58352504484355,4191.15895597497,1.0542729287408292,72.63779797358438,4262.742481019814
high_l50,high,50,qwen2.5-7b-instruct,Qwen--Qwen2.5-7B-Instruct,DistServe,DistServe-2A100,distserve_2a100,realistic_pcie,0,short_extra_03,70.80901903100312,4138.385472993832,64.66227301552863,70.41090802522376,4209.194492024835
high_l50,high,50,qwen2.5-7b-instruct,Qwen--Qwen2.5-7B-Instruct,DistServe,DistServe-2A100,distserve_2a100,realistic_pcie,0,short_extra_04,70.76333003351465,4109.767191985156,64.21511237476807,69.98767901677638,4180.530522018671
high_l50,high,50,qwen2.5-7b-instruct,Qwen--Qwen2.5-7B-Instruct,DistServe,DistServe-2A100,distserve_2a100,realistic_pcie,0,short_extra_05,71.20206602849066,4142.424532969017,64.72538332764088,70.91297104489058,4213.626598997507
high_l50,high,50,qwen2.5-7b-instruct,Qwen--Qwen2.5-7B-Instruct,DistServe,DistServe-2A100,distserve_2a100,realistic_pcie,0,short_extra_06,70.66606101579964,4149.012451991439,1.2056529521942139,71.87171396799386,4219.6785130072385
high_l50,high,50,qwen2.5-7b-instruct,Qwen--Qwen2.5-7B-Instruct,DistServe,DistServe-2A100,distserve_2a100,realistic_pcie,0,short_extra_07,72.29521300178021,4183.554736955557,65.36804276493058,70.28687000274658,4255.849949957337
high_l50,high,50,qwen2.5-7b-instruct,Qwen--Qwen2.5-7B-Instruct,DistServe,DistServe-2A100,distserve_2a100,realistic_pcie,0,short_extra_08,71.62064901785925,4128.205883025657,64.5032169222759,70.41096600005403,4199.826532043517
high_l50,high,50,qwen2.5-7b-instruct,Qwen--Qwen2.5-7B-Instruct,DistServe,DistServe-2A100,distserve_2a100,realistic_pcie,0,short_extra_09,69.19488398125395,4104.677585011814,0.5110570346005261,69.70594101585448,4173.872468993068
high_l50,high,50,qwen2.5-7b-instruct,Qwen--Qwen2.5-7B-Instruct,DistServe,DistServe-2A100,distserve_2a100,realistic_pcie,0,short_extra_10,70.46471996000037,4135.404148080852,64.61568981376331,70.39926102152094,4205.868868040852
high_l50,high,50,qwen2.5-7b-instruct,Qwen--Qwen2.5-7B-Instruct,DistServe,DistServe-2A100,distserve_2a100,realistic_pcie,0,short_extra_11,163.99930900661275,4183.414091996383,65.36584518744348,160.573779954575,4347.413401002996
high_l50,high,50,qwen2.5-7b-instruct,Qwen--Qwen2.5-7B-Instruct,DistServe,DistServe-2A100,distserve_2a100,realistic_pcie,0,short_extra_12,70.65919396700338,4241.512742009945,66.2736365939054,69.89465997321531,4312.171935976949
high_l50,high,50,qwen2.5-7b-instruct,Qwen--Qwen2.5-7B-Instruct,DistServe,DistServe-2A100,distserve_2a100,realistic_pcie,0,short_extra_13,69.67098597669974,4145.457449019887,0.740654009860009,70.41163998655975,4215.128434996586
high_l50,high,50,qwen2.5-7b-instruct,Qwen--Qwen2.5-7B-Instruct,DistServe,DistServe-2A100,distserve_2a100,realistic_pcie,0,short_extra_14,69.73032199312001,4181.83500302257,2.9189650085754693,72.64928700169548,4251.56532501569
high_l50,high,50,qwen2.5-7b-instruct,Qwen--Qwen2.5-7B-Instruct,DistServe,DistServe-2A100,distserve_2a100,realistic_pcie,0,short_extra_15,73.14639299875125,4119.390589010436,64.36547795328806,70.93714503571391,4192.536982009187
high_l50,high,50,qwen2.5-7b-instruct,Qwen--Qwen2.5-7B-Instruct,DistServe,DistServe-2A100,distserve_2a100,realistic_pcie,0,short_extra_16,70.18792600138113,4147.848327003885,0.24629401741549373,70.43422001879662,4218.036253005266
high_l50,high,50,qwen2.5-7b-instruct,Qwen--Qwen2.5-7B-Instruct,DistServe,DistServe-2A100,distserve_2a100,realistic_pcie,0,short_extra_17,69.74958395585418,4164.018611016218,1.892373024020344,71.64195697987452,4233.768194972072
high_l50,high,50,qwen2.5-7b-instruct,Qwen--Qwen2.5-7B-Instruct,DistServe,DistServe-2A100,distserve_2a100,realistic_pcie,1,long_a,211.74658800009638,4204.14351799991,4.853972990531474,216.60056099062786,4415.890106000006
high_l50,high,50,qwen2.5-7b-instruct,Qwen--Qwen2.5-7B-Instruct,DistServe,DistServe-2A100,distserve_2a100,realistic_pcie,1,long_b,273.9260360249318,4231.0734339407645,7.702708942815661,281.6287449677475,4504.999469965696
high_l50,high,50,qwen2.5-7b-instruct,Qwen--Qwen2.5-7B-Instruct,DistServe,DistServe-2A100,distserve_2a100,realistic_pcie,1,long_extra_00,214.6841689827852,4201.167791034095,9.173155995085835,223.85732497787103,4415.85196001688
high_l50,high,50,qwen2.5-7b-instruct,Qwen--Qwen2.5-7B-Instruct,DistServe,DistServe-2A100,distserve_2a100,realistic_pcie,1,long_extra_01,213.78727501723915,4150.502633012366,10.717884986661375,224.50516000390053,4364.289908029605
high_l50,high,50,qwen2.5-7b-instruct,Qwen--Qwen2.5-7B-Instruct,DistServe,DistServe-2A100,distserve_2a100,realistic_pcie,1,long_extra_02,261.57391601009294,4174.214728001971,6.69640296837315,268.2703189784661,4435.788644012064
high_l50,high,50,qwen2.5-7b-instruct,Qwen--Qwen2.5-7B-Instruct,DistServe,DistServe-2A100,distserve_2a100,realistic_pcie,1,long_extra_03,260.9925040160306,4205.90178394923,10.44735696632415,271.43986098235473,4466.89428796526
high_l50,high,50,qwen2.5-7b-instruct,Qwen--Qwen2.5-7B-Instruct,DistServe,DistServe-2A100,distserve_2a100,realistic_pcie,1,long_extra_04,272.5131600163877,4155.384708952624,4.8358559724874794,277.3490159888752,4427.897868969012
high_l50,high,50,qwen2.5-7b-instruct,Qwen--Qwen2.5-7B-Instruct,DistServe,DistServe-2A100,distserve_2a100,realistic_pcie,1,long_extra_05,211.2835209700279,4144.582825014368,6.981394020840526,218.26491499086842,4355.866345984396
high_l50,high,50,qwen2.5-7b-instruct,Qwen--Qwen2.5-7B-Instruct,DistServe,DistServe-2A100,distserve_2a100,realistic_pcie,1,long_extra_06,210.9756470308639,4155.550588970073,9.291271970141679,220.2669190010056,4366.5262360009365
high_l50,high,50,qwen2.5-7b-instruct,Qwen--Qwen2.5-7B-Instruct,DistServe,DistServe-2A100,distserve_2a100,realistic_pcie,1,long_extra_07,212.21127297030762,4164.093294995837,8.88018700061366,221.09145997092128,4376.3045679661445
high_l50,high,50,qwen2.5-7b-instruct,Qwen--Qwen2.5-7B-Instruct,DistServe,DistServe-2A100,distserve_2a100,realistic_pcie,1,long_extra_08,225.9984759730287,4212.914937001187,5.918023991398513,231.9164999644272,4438.913412974216
high_l50,high,50,qwen2.5-7b-instruct,Qwen--Qwen2.5-7B-Instruct,DistServe,DistServe-2A100,distserve_2a100,realistic_pcie,1,long_extra_09,218.13098900020123,4181.607735983562,0.05634402623400092,218.18733302643523,4399.738724983763
high_l50,high,50,qwen2.5-7b-instruct,Qwen--Qwen2.5-7B-Instruct,DistServe,DistServe-2A100,distserve_2a100,realistic_pcie,1,long_extra_10,216.64831100497395,4143.3990719961,5.786194989923388,222.43450599489734,4360.047383001074
high_l50,high,50,qwen2.5-7b-instruct,Qwen--Qwen2.5-7B-Instruct,DistServe,DistServe-2A100,distserve_2a100,realistic_pcie,1,long_extra_11,212.9116599680856,4195.071594032925,6.1591630219481885,219.07082299003378,4407.98325400101
high_l50,high,50,qwen2.5-7b-instruct,Qwen--Qwen2.5-7B-Instruct,DistServe,DistServe-2A100,distserve_2a100,realistic_pcie,1,long_extra_12,213.63811899209395,4216.0293830093,5.834775976836681,219.47289496893063,4429.667502001394
high_l50,high,50,qwen2.5-7b-instruct,Qwen--Qwen2.5-7B-Instruct,DistServe,DistServe-2A100,distserve_2a100,realistic_pcie,1,long_extra_13,213.23254104936495,4190.948325966019,9.189831966068596,222.42237301543355,4404.180867015384
high_l50,high,50,qwen2.5-7b-instruct,Qwen--Qwen2.5-7B-Instruct,DistServe,DistServe-2A100,distserve_2a100,realistic_pcie,1,long_extra_14,260.5383319896646,4199.326338013634,8.39006103342399,268.9283930230886,4459.864670003299
high_l50,high,50,qwen2.5-7b-instruct,Qwen--Qwen2.5-7B-Instruct,DistServe,DistServe-2A100,distserve_2a100,realistic_pcie,1,long_extra_15,216.18619898799807,4195.050589973107,9.729993005748838,225.9161919937469,4411.236788961105
high_l50,high,50,qwen2.5-7b-instruct,Qwen--Qwen2.5-7B-Instruct,DistServe,DistServe-2A100,distserve_2a100,realistic_pcie,1,long_extra_16,267.3177790129557,4162.994324986357,12.416338955517858,279.7341179684736,4430.312103999313
high_l50,high,50,qwen2.5-7b-instruct,Qwen--Qwen2.5-7B-Instruct,DistServe,DistServe-2A100,distserve_2a100,realistic_pcie,1,long_extra_17,212.705866957549,4138.0118550150655,6.196891015861183,218.9027579734102,4350.7177219726145
high_l50,high,50,qwen2.5-7b-instruct,Qwen--Qwen2.5-7B-Instruct,DistServe,DistServe-2A100,distserve_2a100,realistic_pcie,1,mid_b,69.47759602917358,4120.525417965837,0.607597001362592,70.08519303053617,4190.00301399501
high_l50,high,50,qwen2.5-7b-instruct,Qwen--Qwen2.5-7B-Instruct,DistServe,DistServe-2A100,distserve_2a100,realistic_pcie,1,short_a,70.47232199693099,4191.031703958288,0.8076909580267966,71.28001295495778,4261.504025955219
high_l50,high,50,qwen2.5-7b-instruct,Qwen--Qwen2.5-7B-Instruct,DistServe,DistServe-2A100,distserve_2a100,realistic_pcie,1,short_extra_00,69.52857901342213,4124.207840999588,0.5693979910574853,70.09797700447962,4193.7364200130105
high_l50,high,50,qwen2.5-7b-instruct,Qwen--Qwen2.5-7B-Instruct,DistServe,DistServe-2A100,distserve_2a100,realistic_pcie,1,short_extra_01,72.0313839847222,4179.9166520358995,65.31119768806093,70.46582299517468,4251.948036020622
high_l50,high,50,qwen2.5-7b-instruct,Qwen--Qwen2.5-7B-Instruct,DistServe,DistServe-2A100,distserve_2a100,realistic_pcie,1,short_extra_02,69.05046501196921,4138.55675898958,0.9156590094789863,69.9661240214482,4207.607224001549
high_l50,high,50,qwen2.5-7b-instruct,Qwen--Qwen2.5-7B-Instruct,DistServe,DistServe-2A100,distserve_2a100,realistic_pcie,1,short_extra_03,68.88900301419199,4132.380498980638,1.8054620013572276,70.69446501554921,4201.26950199483
high_l50,high,50,qwen2.5-7b-instruct,Qwen--Qwen2.5-7B-Instruct,DistServe,DistServe-2A100,distserve_2a100,realistic_pcie,1,short_extra_04,69.7740989853628,4129.9993640277535,64.53124006293365,69.4153860094957,4199.773463013116
high_l50,high,50,qwen2.5-7b-instruct,Qwen--Qwen2.5-7B-Instruct,DistServe,DistServe-2A100,distserve_2a100,realistic_pcie,1,short_extra_05,72.24306900752708,4139.554087014403,64.68053260960005,70.23893704172224,4211.79715602193
high_l50,high,50,qwen2.5-7b-instruct,Qwen--Qwen2.5-7B-Instruct,DistServe,DistServe-2A100,distserve_2a100,realistic_pcie,1,short_extra_06,69.62556799408048,4158.117352984846,1.5021080034784973,71.12767599755898,4227.742920978926
high_l50,high,50,qwen2.5-7b-instruct,Qwen--Qwen2.5-7B-Instruct,DistServe,DistServe-2A100,distserve_2a100,realistic_pcie,1,short_extra_07,72.71520304493606,4131.198791961651,64.5499811244008,69.99754096614197,4203.913995006587
high_l50,high,50,qwen2.5-7b-instruct,Qwen--Qwen2.5-7B-Instruct,DistServe,DistServe-2A100,distserve_2a100,realistic_pcie,1,short_extra_08,68.99895897367969,4195.760526054073,1.7412560409866273,70.74021501466632,4264.759485027753
high_l50,high,50,qwen2.5-7b-instruct,Qwen--Qwen2.5-7B-Instruct,DistServe,DistServe-2A100,distserve_2a100,realistic_pcie,1,short_extra_09,71.10424799611792,4146.404683997389,64.7875731874592,69.27002203883603,4217.508931993507
high_l50,high,50,qwen2.5-7b-instruct,Qwen--Qwen2.5-7B-Instruct,DistServe,DistServe-2A100,distserve_2a100,realistic_pcie,1,short_extra_10,68.74854298075661,4196.18522003293,2.179647039156407,70.92819001991302,4264.933763013687
high_l50,high,50,qwen2.5-7b-instruct,Qwen--Qwen2.5-7B-Instruct,DistServe,DistServe-2A100,distserve_2a100,realistic_pcie,1,short_extra_11,69.70880302833393,4115.500178944785,64.30469029601227,69.38652199460194,4185.208981973119
high_l50,high,50,qwen2.5-7b-instruct,Qwen--Qwen2.5-7B-Instruct,DistServe,DistServe-2A100,distserve_2a100,realistic_pcie,1,short_extra_12,70.58462296845391,4129.779109032825,64.52779857863788,69.74146998254582,4200.363732001279
high_l50,high,50,qwen2.5-7b-instruct,Qwen--Qwen2.5-7B-Instruct,DistServe,DistServe-2A100,distserve_2a100,realistic_pcie,1,short_extra_13,71.87410996994004,4183.420277026016,65.3659418285315,70.05877804476768,4255.294386995956
high_l50,high,50,qwen2.5-7b-instruct,Qwen--Qwen2.5-7B-Instruct,DistServe,DistServe-2A100,distserve_2a100,realistic_pcie,1,short_extra_14,68.4805570053868,4138.015193049796,1.873354020062834,70.35391102544963,4206.495750055183
high_l50,high,50,qwen2.5-7b-instruct,Qwen--Qwen2.5-7B-Instruct,DistServe,DistServe-2A100,distserve_2a100,realistic_pcie,1,short_extra_15,71.23606803361326,4138.124113960657,64.65818928063527,70.65768196480349,4209.3601819942705
high_l50,high,50,qwen2.5-7b-instruct,Qwen--Qwen2.5-7B-Instruct,DistServe,DistServe-2A100,distserve_2a100,realistic_pcie,1,short_extra_16,69.89536003675312,4133.542877971195,1.1104519944638014,71.00581203121692,4203.438238007948
high_l50,high,50,qwen2.5-7b-instruct,Qwen--Qwen2.5-7B-Instruct,DistServe,DistServe-2A100,distserve_2a100,realistic_pcie,1,short_extra_17,69.15875000413507,4128.601392963901,1.7523389542475343,70.9110889583826,4197.760142968036
high_l70,high,70,baichuan2-7b-chat,baichuan-inc--Baichuan2-7B-Chat,DistServe,DistServe-2A100,distserve_2a100,realistic_pcie,0,long_a,217.5549259991385,1028.3938419888727,0.4984679981134832,218.053393997252,1245.9487679880112
high_l70,high,70,baichuan2-7b-chat,baichuan-inc--Baichuan2-7B-Chat,DistServe,DistServe-2A100,distserve_2a100,realistic_pcie,0,long_b,269.30615794844925,4554.4988690526225,71.16404482894723,265.5640710145235,4823.805027001072
high_l70,high,70,baichuan2-7b-chat,baichuan-inc--Baichuan2-7B-Chat,DistServe,DistServe-2A100,distserve_2a100,realistic_pcie,0,long_extra_00,219.58877600263804,1303.0257310019806,0.6246729753911495,220.2134489780292,1522.6145070046186
high_l70,high,70,baichuan2-7b-chat,baichuan-inc--Baichuan2-7B-Chat,DistServe,DistServe-2A100,distserve_2a100,realistic_pcie,0,long_extra_01,215.2862609946169,4598.011547990609,6.3640999724157155,221.6503609670326,4813.297808985226
high_l70,high,70,baichuan2-7b-chat,baichuan-inc--Baichuan2-7B-Chat,DistServe,DistServe-2A100,distserve_2a100,realistic_pcie,0,long_extra_02,265.89946495369077,0.01,0.00015625,265.07028902415186,265.07028902415186
high_l70,high,70,baichuan2-7b-chat,baichuan-inc--Baichuan2-7B-Chat,DistServe,DistServe-2A100,distserve_2a100,realistic_pcie,0,long_extra_03,256.2411680119112,4561.152771988418,5.168659961782396,261.4098279736936,4817.393940000329
high_l70,high,70,baichuan2-7b-chat,baichuan-inc--Baichuan2-7B-Chat,DistServe,DistServe-2A100,distserve_2a100,realistic_pcie,0,long_extra_04,277.6022900361568,9.455703955609351,9.455703955609351,287.0579939917661,287.0579939917661
high_l70,high,70,baichuan2-7b-chat,baichuan-inc--Baichuan2-7B-Chat,DistServe,DistServe-2A100,distserve_2a100,realistic_pcie,0,long_extra_05,209.65000899741426,4554.257562966086,7.364471966866404,217.01448096428066,4763.9075719635
high_l70,high,70,baichuan2-7b-chat,baichuan-inc--Baichuan2-7B-Chat,DistServe,DistServe-2A100,distserve_2a100,realistic_pcie,0,long_extra_06,290.30493402387947,2459.4899640069343,4.433593014255166,294.73852703813463,2749.794898030814
high_l70,high,70,baichuan2-7b-chat,baichuan-inc--Baichuan2-7B-Chat,DistServe,DistServe-2A100,distserve_2a100,realistic_pcie,0,long_extra_07,223.58690400142223,4543.234534037765,70.98803959434008,219.01468199212104,4766.821438039187
high_l70,high,70,baichuan2-7b-chat,baichuan-inc--Baichuan2-7B-Chat,DistServe,DistServe-2A100,distserve_2a100,realistic_pcie,0,long_extra_08,245.8459690096788,727.8589359484613,5.933942971751094,251.7799119814299,973.7049049581401
high_l70,high,70,baichuan2-7b-chat,baichuan-inc--Baichuan2-7B-Chat,DistServe,DistServe-2A100,distserve_2a100,realistic_pcie,0,long_extra_09,216.95555199403316,4546.627141011413,71.04104907830333,215.27413500007242,4763.582693005446
high_l70,high,70,baichuan2-7b-chat,baichuan-inc--Baichuan2-7B-Chat,DistServe,DistServe-2A100,distserve_2a100,realistic_pcie,0,long_extra_10,219.875932962168,1159.6706760465167,3.0209090327844024,222.8968419949524,1379.5466090086848
high_l70,high,70,baichuan2-7b-chat,baichuan-inc--Baichuan2-7B-Chat,DistServe,DistServe-2A100,distserve_2a100,realistic_pcie,0,long_extra_11,214.43350001936778,4540.792723943014,0.9428379707969725,215.37633799016476,4755.2262239623815
high_l70,high,70,baichuan2-7b-chat,baichuan-inc--Baichuan2-7B-Chat,DistServe,DistServe-2A100,distserve_2a100,realistic_pcie,0,long_extra_12,221.165644004941,0.2956909593194723,0.2956909593194723,221.46133496426046,221.46133496426046
high_l70,high,70,baichuan2-7b-chat,baichuan-inc--Baichuan2-7B-Chat,DistServe,DistServe-2A100,distserve_2a100,realistic_pcie,0,long_extra_13,215.2283350005746,4544.936502992641,71.01463285926002,214.94895598152652,4760.164837993216
high_l70,high,70,baichuan2-7b-chat,baichuan-inc--Baichuan2-7B-Chat,DistServe,DistServe-2A100,distserve_2a100,realistic_pcie,0,long_extra_14,263.9253480010666,3.8390239933505654,3.8390239933505654,267.76437199441716,267.76437199441716
high_l70,high,70,baichuan2-7b-chat,baichuan-inc--Baichuan2-7B-Chat,DistServe,DistServe-2A100,distserve_2a100,realistic_pcie,0,long_extra_15,216.70206997077912,4556.817041011527,5.3599450038746,222.06201497465372,4773.519110982306
high_l70,high,70,baichuan2-7b-chat,baichuan-inc--Baichuan2-7B-Chat,DistServe,DistServe-2A100,distserve_2a100,realistic_pcie,0,long_extra_16,273.97469198331237,11.367156985215843,11.367156985215843,285.3418489685282,285.3418489685282
high_l70,high,70,baichuan2-7b-chat,baichuan-inc--Baichuan2-7B-Chat,DistServe,DistServe-2A100,distserve_2a100,realistic_pcie,0,long_extra_17,214.19632999459282,4544.3436820060015,71.00537003134377,213.49039097549394,4758.540012000594
high_l70,high,70,baichuan2-7b-chat,baichuan-inc--Baichuan2-7B-Chat,DistServe,DistServe-2A100,distserve_2a100,realistic_pcie,0,long_extra_18,223.20277197286487,4558.567563013639,5.943217023741454,229.14598899660632,4781.770334986504
high_l70,high,70,baichuan2-7b-chat,baichuan-inc--Baichuan2-7B-Chat,DistServe,DistServe-2A100,distserve_2a100,realistic_pcie,0,long_extra_19,209.9496620357968,4563.727840955835,9.800974978134036,219.75063701393083,4773.677502991632
high_l70,high,70,baichuan2-7b-chat,baichuan-inc--Baichuan2-7B-Chat,DistServe,DistServe-2A100,distserve_2a100,realistic_pcie,0,long_extra_20,221.49623895529658,1666.525426087901,4.0018000872805715,225.49803904257715,1888.0216650431976
high_l70,high,70,baichuan2-7b-chat,baichuan-inc--Baichuan2-7B-Chat,DistServe,DistServe-2A100,distserve_2a100,realistic_pcie,0,long_extra_21,242.24285100353882,4546.091829019133,1.3079660129733384,243.55081701651216,4788.334680022672
high_l70,high,70,baichuan2-7b-chat,baichuan-inc--Baichuan2-7B-Chat,DistServe,DistServe-2A100,distserve_2a100,realistic_pcie,0,long_extra_22,216.8703600182198,10.001763992477208,10.001763992477208,226.872124010697,226.872124010697
high_l70,high,70,baichuan2-7b-chat,baichuan-inc--Baichuan2-7B-Chat,DistServe,DistServe-2A100,distserve_2a100,realistic_pcie,0,long_extra_23,211.08001400716603,4552.638649998698,6.856564024928957,217.93657803209499,4763.718664005864
high_l70,high,70,baichuan2-7b-chat,baichuan-inc--Baichuan2-7B-Chat,DistServe,DistServe-2A100,distserve_2a100,realistic_pcie,0,long_extra_24,264.7644209791906,6.1537850415334105,6.1537850415334105,270.918206020724,270.918206020724
high_l70,high,70,baichuan2-7b-chat,baichuan-inc--Baichuan2-7B-Chat,DistServe,DistServe-2A100,distserve_2a100,realistic_pcie,0,long_extra_25,213.12489302363247,4553.5479369573295,7.096212997566909,220.22110602119938,4766.672829980962
high_l70,high,70,baichuan2-7b-chat,baichuan-inc--Baichuan2-7B-Chat,DistServe,DistServe-2A100,distserve_2a100,realistic_pcie,0,mid_b,74.735006026458,4525.166928942781,1.1389149585738778,75.87392098503187,4599.901934969239
high_l70,high,70,baichuan2-7b-chat,baichuan-inc--Baichuan2-7B-Chat,DistServe,DistServe-2A100,distserve_2a100,realistic_pcie,0,short_a,74.70349100185558,4525.0011520111,2.9093900229781866,77.61288102483377,4599.704643012956
high_l70,high,70,baichuan2-7b-chat,baichuan-inc--Baichuan2-7B-Chat,DistServe,DistServe-2A100,distserve_2a100,realistic_pcie,0,short_extra_00,75.97083901055157,4540.781446965411,0.5344009841792285,76.5052399947308,4616.752285975963
high_l70,high,70,baichuan2-7b-chat,baichuan-inc--Baichuan2-7B-Chat,DistServe,DistServe-2A100,distserve_2a100,realistic_pcie,0,short_extra_01,75.68792399251834,4542.444648977835,0.290777999907732,75.97870199242607,4618.132572970353
high_l70,high,70,baichuan2-7b-chat,baichuan-inc--Baichuan2-7B-Chat,DistServe,DistServe-2A100,distserve_2a100,realistic_pcie,0,short_extra_02,75.3528110217303,4545.370310021099,1.8386029987595975,77.1914140204899,4620.723121042829
high_l70,high,70,baichuan2-7b-chat,baichuan-inc--Baichuan2-7B-Chat,DistServe,DistServe-2A100,distserve_2a100,realistic_pcie,0,short_extra_03,78.83344899164513,4549.910104018636,71.09234537529119,76.17093599401414,4628.743553010281
high_l70,high,70,baichuan2-7b-chat,baichuan-inc--Baichuan2-7B-Chat,DistServe,DistServe-2A100,distserve_2a100,realistic_pcie,0,short_extra_04,75.4810840007849,4560.613256995566,71.25958214055572,75.2177620306611,4636.094340996351
high_l70,high,70,baichuan2-7b-chat,baichuan-inc--Baichuan2-7B-Chat,DistServe,DistServe-2A100,distserve_2a100,realistic_pcie,0,short_extra_05,75.61886997427791,4551.204067072831,1.6752300434745848,77.2941000177525,4626.822937047109
high_l70,high,70,baichuan2-7b-chat,baichuan-inc--Baichuan2-7B-Chat,DistServe,DistServe-2A100,distserve_2a100,realistic_pcie,0,short_extra_06,77.72901700809598,3385.5317480047233,52.8989335625738,76.08190400060266,3463.2607650128193
high_l70,high,70,baichuan2-7b-chat,baichuan-inc--Baichuan2-7B-Chat,DistServe,DistServe-2A100,distserve_2a100,realistic_pcie,0,short_extra_07,74.99611197272316,4557.3235810152255,2.0432560122571886,77.03936798498034,4632.319692987949
high_l70,high,70,baichuan2-7b-chat,baichuan-inc--Baichuan2-7B-Chat,DistServe,DistServe-2A100,distserve_2a100,realistic_pcie,0,short_extra_08,76.30458800122142,4545.58018699754,0.19453803543001413,76.49912603665143,4621.884774998762
high_l70,high,70,baichuan2-7b-chat,baichuan-inc--Baichuan2-7B-Chat,DistServe,DistServe-2A100,distserve_2a100,realistic_pcie,0,short_extra_09,76.7036959878169,4550.508382031694,0.13442401541396976,76.83812000323087,4627.212078019511
high_l70,high,70,baichuan2-7b-chat,baichuan-inc--Baichuan2-7B-Chat,DistServe,DistServe-2A100,distserve_2a100,realistic_pcie,1,long_a,216.66580298915505,1011.292121023871,4.247818025760353,220.9136210149154,1227.957924013026
high_l70,high,70,baichuan2-7b-chat,baichuan-inc--Baichuan2-7B-Chat,DistServe,DistServe-2A100,distserve_2a100,realistic_pcie,1,long_b,269.5196290151216,4541.164494003169,70.95569521879952,264.37249302398413,4810.684123018291
high_l70,high,70,baichuan2-7b-chat,baichuan-inc--Baichuan2-7B-Chat,DistServe,DistServe-2A100,distserve_2a100,realistic_pcie,1,long_extra_00,220.8610640373081,1295.937423943542,20.249022249117843,219.2794029833749,1516.79848798085
high_l70,high,70,baichuan2-7b-chat,baichuan-inc--Baichuan2-7B-Chat,DistServe,DistServe-2A100,distserve_2a100,realistic_pcie,1,long_extra_01,215.28988500358537,4560.895798960701,7.5251939706504345,222.8150789742358,4776.185683964286
high_l70,high,70,baichuan2-7b-chat,baichuan-inc--Baichuan2-7B-Chat,DistServe,DistServe-2A100,distserve_2a100,realistic_pcie,1,long_extra_02,266.2641080096364,0.5796279874630272,0.5796279874630272,266.84373599709943,266.84373599709943
high_l70,high,70,baichuan2-7b-chat,baichuan-inc--Baichuan2-7B-Chat,DistServe,DistServe-2A100,distserve_2a100,realistic_pcie,1,long_extra_03,255.3214899962768,4554.015780973714,5.606121965683997,260.9276119619608,4809.337270969991
high_l70,high,70,baichuan2-7b-chat,baichuan-inc--Baichuan2-7B-Chat,DistServe,DistServe-2A100,distserve_2a100,realistic_pcie,1,long_extra_04,276.7669160384685,4.712211957667023,4.712211957667023,281.4791279961355,281.4791279961355
high_l70,high,70,baichuan2-7b-chat,baichuan-inc--Baichuan2-7B-Chat,DistServe,DistServe-2A100,distserve_2a100,realistic_pcie,1,long_extra_05,207.42537296609953,4691.163875046186,7.721943082287908,215.14731604838744,4898.589248012286
high_l70,high,70,baichuan2-7b-chat,baichuan-inc--Baichuan2-7B-Chat,DistServe,DistServe-2A100,distserve_2a100,realistic_pcie,1,long_extra_06,220.99503700155765,806.7880219896324,9.448367985896766,230.44340498745441,1027.78305899119
high_l70,high,70,baichuan2-7b-chat,baichuan-inc--Baichuan2-7B-Chat,DistServe,DistServe-2A100,distserve_2a100,realistic_pcie,1,long_extra_07,212.20556198386475,4553.0959570314735,8.311004028655589,220.51656601252034,4765.301519015338
high_l70,high,70,baichuan2-7b-chat,baichuan-inc--Baichuan2-7B-Chat,DistServe,DistServe-2A100,distserve_2a100,realistic_pcie,1,long_extra_08,250.05586602492258,725.4169639782049,0.5788839771412313,250.6347500020638,975.4728300031275
high_l70,high,70,baichuan2-7b-chat,baichuan-inc--Baichuan2-7B-Chat,DistServe,DistServe-2A100,distserve_2a100,realistic_pcie,1,long_extra_09,217.19085302902386,4557.521404931322,71.2112719520519,214.45909899193794,4774.712257960346
high_l70,high,70,baichuan2-7b-chat,baichuan-inc--Baichuan2-7B-Chat,DistServe,DistServe-2A100,distserve_2a100,realistic_pcie,1,long_extra_10,219.45713798049837,5.514415039215237,5.514415039215237,224.9715530197136,224.9715530197136
high_l70,high,70,baichuan2-7b-chat,baichuan-inc--Baichuan2-7B-Chat,DistServe,DistServe-2A100,distserve_2a100,realistic_pcie,1,long_extra_11,213.64528202684596,4564.931792963762,3.194616991095245,216.8398990179412,4778.577074990608
high_l70,high,70,baichuan2-7b-chat,baichuan-inc--Baichuan2-7B-Chat,DistServe,DistServe-2A100,distserve_2a100,realistic_pcie,1,long_extra_12,222.21734502818435,0.01,0.00015625,221.59508598269895,221.59508598269895
high_l70,high,70,baichuan2-7b-chat,baichuan-inc--Baichuan2-7B-Chat,DistServe,DistServe-2A100,distserve_2a100,realistic_pcie,1,long_extra_13,217.828446009662,4556.182233965956,71.19034740571806,217.74731000186875,4774.010679975618
high_l70,high,70,baichuan2-7b-chat,baichuan-inc--Baichuan2-7B-Chat,DistServe,DistServe-2A100,distserve_2a100,realistic_pcie,1,long_extra_14,265.1325560291298,4.955497977789491,4.955497977789491,270.08805400691926,270.08805400691926
high_l70,high,70,baichuan2-7b-chat,baichuan-inc--Baichuan2-7B-Chat,DistServe,DistServe-2A100,distserve_2a100,realistic_pcie,1,long_extra_15,216.90497401868924,4548.341710993554,6.740660988725722,223.64563500741497,4765.246685012244
high_l70,high,70,baichuan2-7b-chat,baichuan-inc--Baichuan2-7B-Chat,DistServe,DistServe-2A100,distserve_2a100,realistic_pcie,1,long_extra_16,277.6852740207687,6.862201960757375,6.862201960757375,284.5474759815261,284.5474759815261
high_l70,high,70,baichuan2-7b-chat,baichuan-inc--Baichuan2-7B-Chat,DistServe,DistServe-2A100,distserve_2a100,realistic_pcie,1,long_extra_17,209.42757301963866,4560.157665982842,6.701409001834691,216.12898202147335,4769.585239002481
high_l70,high,70,baichuan2-7b-chat,baichuan-inc--Baichuan2-7B-Chat,DistServe,DistServe-2A100,distserve_2a100,realistic_pcie,1,long_extra_18,223.73486595461145,4548.08486206457,3.0860210536047816,226.82088700821623,4771.819728019182
high_l70,high,70,baichuan2-7b-chat,baichuan-inc--Baichuan2-7B-Chat,DistServe,DistServe-2A100,distserve_2a100,realistic_pcie,1,long_extra_19,215.11141501832753,4561.175483977422,6.480452953837812,221.59186797216535,4776.28689899575
high_l70,high,70,baichuan2-7b-chat,baichuan-inc--Baichuan2-7B-Chat,DistServe,DistServe-2A100,distserve_2a100,realistic_pcie,1,long_extra_20,223.75611000461504,1667.9587959661148,1.9148599822074175,225.67096998682246,1891.71490597073
high_l70,high,70,baichuan2-7b-chat,baichuan-inc--Baichuan2-7B-Chat,DistServe,DistServe-2A100,distserve_2a100,realistic_pcie,1,long_extra_21,242.73340700892732,4542.984879983123,70.9841387497363,238.76323300646618,4785.718286992051
high_l70,high,70,baichuan2-7b-chat,baichuan-inc--Baichuan2-7B-Chat,DistServe,DistServe-2A100,distserve_2a100,realistic_pcie,1,long_extra_22,216.88352402998134,5.765124980825931,5.765124980825931,222.64864901080728,222.64864901080728
high_l70,high,70,baichuan2-7b-chat,baichuan-inc--Baichuan2-7B-Chat,DistServe,DistServe-2A100,distserve_2a100,realistic_pcie,1,long_extra_23,212.75621402310207,4548.79924893612,3.52163496427238,216.27784898737445,4761.5554629592225
high_l70,high,70,baichuan2-7b-chat,baichuan-inc--Baichuan2-7B-Chat,DistServe,DistServe-2A100,distserve_2a100,realistic_pcie,1,long_extra_24,261.9248259579763,7.5115300714969635,7.5115300714969635,269.43635602947325,269.43635602947325
high_l70,high,70,baichuan2-7b-chat,baichuan-inc--Baichuan2-7B-Chat,DistServe,DistServe-2A100,distserve_2a100,realistic_pcie,1,long_extra_25,214.727713027969,4561.471867957152,6.062701984774321,220.79041501274332,4776.199580985121
high_l70,high,70,baichuan2-7b-chat,baichuan-inc--Baichuan2-7B-Chat,DistServe,DistServe-2A100,distserve_2a100,realistic_pcie,1,mid_b,75.20837098127231,4550.212656031363,0.6700180238112807,75.87838900508359,4625.421027012635
high_l70,high,70,baichuan2-7b-chat,baichuan-inc--Baichuan2-7B-Chat,DistServe,DistServe-2A100,distserve_2a100,realistic_pcie,1,short_a,75.49778302200139,4554.179263941478,0.7967149722389877,76.29449799424037,4629.677046963479
high_l70,high,70,baichuan2-7b-chat,baichuan-inc--Baichuan2-7B-Chat,DistServe,DistServe-2A100,distserve_2a100,realistic_pcie,1,short_extra_00,76.89576502889395,4535.301530966535,70.86408642135211,76.67930895695463,4612.197295995429
high_l70,high,70,baichuan2-7b-chat,baichuan-inc--Baichuan2-7B-Chat,DistServe,DistServe-2A100,distserve_2a100,realistic_pcie,1,short_extra_01,75.99641301203519,4564.459974993952,71.3196871092805,75.95206500263885,4640.456388005987
high_l70,high,70,baichuan2-7b-chat,baichuan-inc--Baichuan2-7B-Chat,DistServe,DistServe-2A100,distserve_2a100,realistic_pcie,1,short_extra_02,77.18498801114038,4550.553546985611,1.0148389847017825,78.19982699584216,4627.738534996752
high_l70,high,70,baichuan2-7b-chat,baichuan-inc--Baichuan2-7B-Chat,DistServe,DistServe-2A100,distserve_2a100,realistic_pcie,1,short_extra_03,75.77273901551962,4557.610035990365,0.8513400098308921,76.62407902535051,4633.3827750058845
high_l70,high,70,baichuan2-7b-chat,baichuan-inc--Baichuan2-7B-Chat,DistServe,DistServe-2A100,distserve_2a100,realistic_pcie,1,short_extra_04,75.40946395602077,4532.533290039282,0.03269303124397993,75.44215698726475,4607.942753995303
high_l70,high,70,baichuan2-7b-chat,baichuan-inc--Baichuan2-7B-Chat,DistServe,DistServe-2A100,distserve_2a100,realistic_pcie,1,short_extra_05,76.93948998348787,4545.76058103703,0.07964600808918476,77.01913599157706,4622.7000710205175
high_l70,high,70,baichuan2-7b-chat,baichuan-inc--Baichuan2-7B-Chat,DistServe,DistServe-2A100,distserve_2a100,realistic_pcie,1,short_extra_06,76.73573301872239,3390.921627986245,0.03591296263039112,76.77164598135278,3467.6573610049672
high_l70,high,70,baichuan2-7b-chat,baichuan-inc--Baichuan2-7B-Chat,DistServe,DistServe-2A100,distserve_2a100,realistic_pcie,1,short_extra_07,78.17698997678235,4556.0223160427995,71.18784868816874,75.2978470409289,4634.199306019582
high_l70,high,70,baichuan2-7b-chat,baichuan-inc--Baichuan2-7B-Chat,DistServe,DistServe-2A100,distserve_2a100,realistic_pcie,1,short_extra_08,75.79300802899525,4570.42109395843,0.24646497331559658,76.03947300231084,4646.214101987425
high_l70,high,70,baichuan2-7b-chat,baichuan-inc--Baichuan2-7B-Chat,DistServe,DistServe-2A100,distserve_2a100,realistic_pcie,1,short_extra_09,76.77033601794392,4520.841204968747,70.63814382763667,76.2003290001303,4597.611540986691
high_l70,high,70,gemma-2-9b-it,google--gemma-2-9b-it,DistServe,DistServe-2A100,distserve_2a100,realistic_pcie,0,long_a,317.2713129897602,1913.6537419981323,3.123114991467446,320.39442798122764,2230.9250549878925
high_l70,high,70,gemma-2-9b-it,google--gemma-2-9b-it,DistServe,DistServe-2A100,distserve_2a100,realistic_pcie,0,long_b,361.4856929634698,7512.218116025906,1.0701180435717106,362.5558110070415,7873.703808989376
high_l70,high,70,gemma-2-9b-it,google--gemma-2-9b-it,DistServe,DistServe-2A100,distserve_2a100,realistic_pcie,0,long_extra_00,315.94569503795356,1324.6618710109033,5.738932988606393,321.68462802655995,1640.6075660488568
high_l70,high,70,gemma-2-9b-it,google--gemma-2-9b-it,DistServe,DistServe-2A100,distserve_2a100,realistic_pcie,0,long_extra_01,318.3610640116967,7521.085286978632,7.475446967873722,325.83651097957045,7839.446350990329
high_l70,high,70,gemma-2-9b-it,google--gemma-2-9b-it,DistServe,DistServe-2A100,distserve_2a100,realistic_pcie,0,long_extra_02,336.1171259894036,7526.749911019579,8.503088029101491,344.62021401850507,7862.867037008982
high_l70,high,70,gemma-2-9b-it,google--gemma-2-9b-it,DistServe,DistServe-2A100,distserve_2a100,realistic_pcie,0,long_extra_03,337.1683409786783,7554.115560022183,9.28874802775681,346.4570890064351,7891.283901000861
high_l70,high,70,gemma-2-9b-it,google--gemma-2-9b-it,DistServe,DistServe-2A100,distserve_2a100,realistic_pcie,0,long_extra_04,356.4074630266987,7533.239966956899,12.739152007270604,369.1466150339693,7889.647429983597
high_l70,high,70,gemma-2-9b-it,google--gemma-2-9b-it,DistServe,DistServe-2A100,distserve_2a100,realistic_pcie,0,long_extra_05,313.96669399691746,7532.643274986185,8.019316999707371,321.9860109966248,7846.609968983103
high_l70,high,70,gemma-2-9b-it,google--gemma-2-9b-it,DistServe,DistServe-2A100,distserve_2a100,realistic_pcie,0,long_extra_06,425.40538095636293,1330.9485490317456,13.25807604007423,438.66345699643716,1756.3539299881086
high_l70,high,70,gemma-2-9b-it,google--gemma-2-9b-it,DistServe,DistServe-2A100,distserve_2a100,realistic_pcie,0,long_extra_07,316.16839399794117,7506.4921349985525,9.822382009588182,325.99077600752935,7822.660528996494
high_l70,high,70,gemma-2-9b-it,google--gemma-2-9b-it,DistServe,DistServe-2A100,distserve_2a100,realistic_pcie,0,long_extra_08,317.7379269618541,1069.0505260135978,16.703914468962466,317.4565020017326,1386.788452975452
high_l70,high,70,gemma-2-9b-it,google--gemma-2-9b-it,DistServe,DistServe-2A100,distserve_2a100,realistic_pcie,0,long_extra_09,318.98309802636504,7505.993345985189,117.28114603101858,316.9530130107887,7824.976444011554
high_l70,high,70,gemma-2-9b-it,google--gemma-2-9b-it,DistServe,DistServe-2A100,distserve_2a100,realistic_pcie,0,long_extra_10,319.2749860463664,7503.661081951577,8.552994986530393,327.8279810328968,7822.936067997944
high_l70,high,70,gemma-2-9b-it,google--gemma-2-9b-it,DistServe,DistServe-2A100,distserve_2a100,realistic_pcie,0,long_extra_11,313.37117502698675,7502.512058010325,7.365152006968856,320.7363270339556,7815.883233037312
high_l70,high,70,gemma-2-9b-it,google--gemma-2-9b-it,DistServe,DistServe-2A100,distserve_2a100,realistic_pcie,0,long_extra_12,317.72618496324867,3227.5556509848684,2.5975090102292597,320.32369397347793,3545.281835948117
high_l70,high,70,gemma-2-9b-it,google--gemma-2-9b-it,DistServe,DistServe-2A100,distserve_2a100,realistic_pcie,0,long_extra_13,317.3677360173315,7519.479339942336,7.59610696695745,324.96384298428893,7836.847075959668
high_l70,high,70,gemma-2-9b-it,google--gemma-2-9b-it,DistServe,DistServe-2A100,distserve_2a100,realistic_pcie,0,long_extra_14,334.8149689845741,7524.83339101309,8.126666012685746,342.9416349972598,7859.648359997664
high_l70,high,70,gemma-2-9b-it,google--gemma-2-9b-it,DistServe,DistServe-2A100,distserve_2a100,realistic_pcie,0,long_extra_15,323.11695598764345,7545.206186012365,5.245669046416879,328.36262503406033,7868.323142000008
high_l70,high,70,gemma-2-9b-it,google--gemma-2-9b-it,DistServe,DistServe-2A100,distserve_2a100,realistic_pcie,0,long_extra_16,356.21494898805395,7537.081249989569,13.234986981842667,369.4499359698966,7893.296198977623
high_l70,high,70,gemma-2-9b-it,google--gemma-2-9b-it,DistServe,DistServe-2A100,distserve_2a100,realistic_pcie,0,long_extra_17,319.56546497531235,7568.490356032271,0.33985404297709465,319.90531901828945,7888.055821007583
high_l70,high,70,gemma-2-9b-it,google--gemma-2-9b-it,DistServe,DistServe-2A100,distserve_2a100,realistic_pcie,0,long_extra_18,316.4250940317288,1315.867401950527,4.0060519822873175,320.4311460140161,1632.2924959822558
high_l70,high,70,gemma-2-9b-it,google--gemma-2-9b-it,DistServe,DistServe-2A100,distserve_2a100,realistic_pcie,0,long_extra_19,316.65481900563464,7522.474173980299,9.942308941390365,326.597127947025,7839.128992985934
high_l70,high,70,gemma-2-9b-it,google--gemma-2-9b-it,DistServe,DistServe-2A100,distserve_2a100,realistic_pcie,0,long_extra_20,317.9802150116302,2989.8096259566955,4.918534948956221,322.89874996058643,3307.7898409683257
high_l70,high,70,gemma-2-9b-it,google--gemma-2-9b-it,DistServe,DistServe-2A100,distserve_2a100,realistic_pcie,0,long_extra_21,321.11479801824316,7508.430200978182,5.0624479772523046,326.17724599549547,7829.544998996425
high_l70,high,70,gemma-2-9b-it,google--gemma-2-9b-it,DistServe,DistServe-2A100,distserve_2a100,realistic_pcie,0,long_extra_22,315.08749397471547,7560.09676301619,11.098634044174105,326.1861280188896,7875.184256990906
high_l70,high,70,gemma-2-9b-it,google--gemma-2-9b-it,DistServe,DistServe-2A100,distserve_2a100,realistic_pcie,0,long_extra_23,318.54832399403676,7526.330564985983,11.396050977054983,329.94437497109175,7844.87888898002
high_l70,high,70,gemma-2-9b-it,google--gemma-2-9b-it,DistServe,DistServe-2A100,distserve_2a100,realistic_pcie,0,long_extra_24,334.6770259668119,7670.180340006482,8.124237006995827,342.80126297380775,8004.857365973294
high_l70,high,70,gemma-2-9b-it,google--gemma-2-9b-it,DistServe,DistServe-2A100,distserve_2a100,realistic_pcie,0,long_extra_25,318.58967401785776,7569.970910961274,7.520403945818543,326.1100779636763,7888.560584979132
high_l70,high,70,gemma-2-9b-it,google--gemma-2-9b-it,DistServe,DistServe-2A100,distserve_2a100,realistic_pcie,0,mid_b,128.4245289862156,7523.725070001092,0.11591898510232568,128.54044797131792,7652.149598987307
high_l70,high,70,gemma-2-9b-it,google--gemma-2-9b-it,DistServe,DistServe-2A100,distserve_2a100,realistic_pcie,0,short_a,130.10832504369318,7518.220640951768,117.47219751487137,128.68267600424588,7648.328965995461
high_l70,high,70,gemma-2-9b-it,google--gemma-2-9b-it,DistServe,DistServe-2A100,distserve_2a100,realistic_pcie,0,short_extra_00,127.27058300515637,7484.952630999032,2.691758971195668,129.96234197635204,7612.223214004189
high_l70,high,70,gemma-2-9b-it,google--gemma-2-9b-it,DistServe,DistServe-2A100,distserve_2a100,realistic_pcie,0,short_extra_01,128.04523104568943,7527.7847339748405,3.0034249648451805,131.04865601053461,7655.82996502053
high_l70,high,70,gemma-2-9b-it,google--gemma-2-9b-it,DistServe,DistServe-2A100,distserve_2a100,realistic_pcie,0,short_extra_02,127.784056996461,7522.290833003353,1.8729889998212457,129.65704599628225,7650.074889999814
high_l70,high,70,gemma-2-9b-it,google--gemma-2-9b-it,DistServe,DistServe-2A100,distserve_2a100,realistic_pcie,0,short_extra_03,128.59595200279728,7530.936126015149,2.6579590048640966,131.25391100766137,7659.532078017946
high_l70,high,70,gemma-2-9b-it,google--gemma-2-9b-it,DistServe,DistServe-2A100,distserve_2a100,realistic_pcie,0,short_extra_04,128.90474201412871,7632.791192969307,2.5189309963025153,131.42367301043123,7761.695934983436
high_l70,high,70,gemma-2-9b-it,google--gemma-2-9b-it,DistServe,DistServe-2A100,distserve_2a100,realistic_pcie,0,short_extra_05,129.85096499323845,7519.377365999389,1.5008079935796559,131.3517729868181,7649.228330992628
high_l70,high,70,gemma-2-9b-it,google--gemma-2-9b-it,DistServe,DistServe-2A100,distserve_2a100,realistic_pcie,0,short_extra_06,128.74253501649946,7497.010849008802,2.5646730209700763,131.30720803746954,7625.753384025302
high_l70,high,70,gemma-2-9b-it,google--gemma-2-9b-it,DistServe,DistServe-2A100,distserve_2a100,realistic_pcie,0,short_extra_07,126.99551798868924,7516.776564007159,2.454806992318481,129.45032498100773,7643.772081995849
high_l70,high,70,gemma-2-9b-it,google--gemma-2-9b-it,DistServe,DistServe-2A100,distserve_2a100,realistic_pcie,0,short_extra_08,128.5676389816217,7508.593705075327,0.24829705944284797,128.81593604106456,7637.161344056949
high_l70,high,70,gemma-2-9b-it,google--gemma-2-9b-it,DistServe,DistServe-2A100,distserve_2a100,realistic_pcie,0,short_extra_09,127.54091899842024,7534.138463961426,2.213096944615245,129.75401594303548,7661.679382959846
high_l70,high,70,gemma-2-9b-it,google--gemma-2-9b-it,DistServe,DistServe-2A100,distserve_2a100,realistic_pcie,1,long_a,316.97776896180585,1912.0097580598667,2.473099040798843,319.4508680026047,2228.9875270216726
high_l70,high,70,gemma-2-9b-it,google--gemma-2-9b-it,DistServe,DistServe-2A100,distserve_2a100,realistic_pcie,1,long_b,362.12711996631697,7530.153690022416,117.65865140660026,357.6060819905251,7892.280809988733
high_l70,high,70,gemma-2-9b-it,google--gemma-2-9b-it,DistServe,DistServe-2A100,distserve_2a100,realistic_pcie,1,long_extra_00,321.53299305355176,1312.501790933311,1.585115969646722,323.1181090231985,1634.0347839868627
high_l70,high,70,gemma-2-9b-it,google--gemma-2-9b-it,DistServe,DistServe-2A100,distserve_2a100,realistic_pcie,1,long_extra_01,318.0180200142786,7540.881978988182,8.11271701240912,326.1307370266877,7858.89999900246
high_l70,high,70,gemma-2-9b-it,google--gemma-2-9b-it,DistServe,DistServe-2A100,distserve_2a100,realistic_pcie,1,long_extra_02,336.47557900985703,7537.259834003635,6.436077004764229,342.91165601462126,7873.735413013492
high_l70,high,70,gemma-2-9b-it,google--gemma-2-9b-it,DistServe,DistServe-2A100,distserve_2a100,realistic_pcie,1,long_extra_03,338.61401403555647,7519.92835191777,10.708771937061101,349.32278597261757,7858.542365953326
high_l70,high,70,gemma-2-9b-it,google--gemma-2-9b-it,DistServe,DistServe-2A100,distserve_2a100,realistic_pcie,1,long_extra_04,358.5838400176726,7543.694805994164,7.9703310038894415,366.55417102156207,7902.278646011837
high_l70,high,70,gemma-2-9b-it,google--gemma-2-9b-it,DistServe,DistServe-2A100,distserve_2a100,realistic_pcie,1,long_extra_05,312.4779039644636,7546.208771993406,11.02097099646926,323.4988749609329,7858.68667595787
high_l70,high,70,gemma-2-9b-it,google--gemma-2-9b-it,DistServe,DistServe-2A100,distserve_2a100,realistic_pcie,1,long_extra_06,312.22195096779615,1329.455527011305,8.627756033092737,320.8497070008889,1641.6774779791012
high_l70,high,70,gemma-2-9b-it,google--gemma-2-9b-it,DistServe,DistServe-2A100,distserve_2a100,realistic_pcie,1,long_extra_07,318.4093850431964,7541.442544956226,5.361768009606749,323.77115305280313,7859.851929999422
high_l70,high,70,gemma-2-9b-it,google--gemma-2-9b-it,DistServe,DistServe-2A100,distserve_2a100,realistic_pcie,1,long_extra_08,317.63658398995176,1070.7470020279288,0.08801900548860431,317.72460299544036,1388.3835860178806
high_l70,high,70,gemma-2-9b-it,google--gemma-2-9b-it,DistServe,DistServe-2A100,distserve_2a100,realistic_pcie,1,long_extra_09,319.99156798701733,7503.630308026914,117.24422356292052,317.69825296942145,7823.621876013931
high_l70,high,70,gemma-2-9b-it,google--gemma-2-9b-it,DistServe,DistServe-2A100,distserve_2a100,realistic_pcie,1,long_extra_10,318.8885080162436,7529.805365949869,7.581304002087563,326.46981201833114,7848.693873966113
high_l70,high,70,gemma-2-9b-it,google--gemma-2-9b-it,DistServe,DistServe-2A100,distserve_2a100,realistic_pcie,1,long_extra_11,316.23904104344547,7517.123893951066,5.301749974023551,321.540791017469,7833.362934994511
high_l70,high,70,gemma-2-9b-it,google--gemma-2-9b-it,DistServe,DistServe-2A100,distserve_2a100,realistic_pcie,1,long_extra_12,318.4801990282722,3251.175177982077,2.081588958390057,320.56178798666224,3569.655377010349
high_l70,high,70,gemma-2-9b-it,google--gemma-2-9b-it,DistServe,DistServe-2A100,distserve_2a100,realistic_pcie,1,long_extra_13,317.08450900623575,7534.234193968587,5.3664129809476435,322.4509219871834,7851.318702974822
high_l70,high,70,gemma-2-9b-it,google--gemma-2-9b-it,DistServe,DistServe-2A100,distserve_2a100,realistic_pcie,1,long_extra_14,339.55643902299926,7525.748756015673,4.347979964222759,343.904418987222,7865.3051950386725
high_l70,high,70,gemma-2-9b-it,google--gemma-2-9b-it,DistServe,DistServe-2A100,distserve_2a100,realistic_pcie,1,long_extra_15,321.0378179792315,7552.0667000091635,3.3469609916210175,324.3847789708525,7873.104517988395
high_l70,high,70,gemma-2-9b-it,google--gemma-2-9b-it,DistServe,DistServe-2A100,distserve_2a100,realistic_pcie,1,long_extra_16,357.5776910292916,7547.10966697894,10.093337972648442,367.67102900194004,7904.687358008232
high_l70,high,70,gemma-2-9b-it,google--gemma-2-9b-it,DistServe,DistServe-2A100,distserve_2a100,realistic_pcie,1,long_extra_17,319.51818597735837,7546.103813976515,3.4690899774432182,322.9872759548016,7865.6219999538735
high_l70,high,70,gemma-2-9b-it,google--gemma-2-9b-it,DistServe,DistServe-2A100,distserve_2a100,realistic_pcie,1,long_extra_18,314.83550398843363,1320.2637779759243,4.331657022703439,319.16716101113707,1635.099281964358
high_l70,high,70,gemma-2-9b-it,google--gemma-2-9b-it,DistServe,DistServe-2A100,distserve_2a100,realistic_pcie,1,long_extra_19,314.1048669931479,7525.257961009629,7.614853966515511,321.7197209596634,7839.362828002777
high_l70,high,70,gemma-2-9b-it,google--gemma-2-9b-it,DistServe,DistServe-2A100,distserve_2a100,realistic_pcie,1,long_extra_20,320.27708896202967,2999.8226430034265,6.150274013634771,326.42736297566444,3320.099731965456
high_l70,high,70,gemma-2-9b-it,google--gemma-2-9b-it,DistServe,DistServe-2A100,distserve_2a100,realistic_pcie,1,long_extra_21,322.60301895439625,7544.395363074727,3.6377040669322014,326.24072302132845,7866.998382029124
high_l70,high,70,gemma-2-9b-it,google--gemma-2-9b-it,DistServe,DistServe-2A100,distserve_2a100,realistic_pcie,1,long_extra_22,314.0375430230051,7527.033042977564,11.758356937207282,325.7958999602124,7841.070586000569
high_l70,high,70,gemma-2-9b-it,google--gemma-2-9b-it,DistServe,DistServe-2A100,distserve_2a100,realistic_pcie,1,long_extra_23,321.83612597873434,7542.640839063097,5.004354054108262,326.8404800328426,7864.476965041831
high_l70,high,70,gemma-2-9b-it,google--gemma-2-9b-it,DistServe,DistServe-2A100,distserve_2a100,realistic_pcie,1,long_extra_24,335.6079799705185,7534.177142020781,8.757462026551366,344.36544199706987,7869.785121991299
high_l70,high,70,gemma-2-9b-it,google--gemma-2-9b-it,DistServe,DistServe-2A100,distserve_2a100,realistic_pcie,1,long_extra_25,318.49027099087834,7538.783379015513,7.052748056594282,325.5430190474726,7857.273650006391
high_l70,high,70,gemma-2-9b-it,google--gemma-2-9b-it,DistServe,DistServe-2A100,distserve_2a100,realistic_pcie,1,mid_b,127.33405997278169,7525.473903049715,1.9498990732245147,129.2839590460062,7652.807963022497
high_l70,high,70,gemma-2-9b-it,google--gemma-2-9b-it,DistServe,DistServe-2A100,distserve_2a100,realistic_pcie,1,short_a,129.7840509796515,7482.85589000443,116.91962328131922,129.4159819954075,7612.6399409840815
high_l70,high,70,gemma-2-9b-it,google--gemma-2-9b-it,DistServe,DistServe-2A100,distserve_2a100,realistic_pcie,1,short_extra_00,127.10454600164667,7534.8574530216865,2.771283034235239,129.8758290358819,7661.961999023333
high_l70,high,70,gemma-2-9b-it,google--gemma-2-9b-it,DistServe,DistServe-2A100,distserve_2a100,realistic_pcie,1,short_extra_01,128.63471097080037,7520.573973015416,0.8710140245966613,129.50572499539703,7649.208683986217
high_l70,high,70,gemma-2-9b-it,google--gemma-2-9b-it,DistServe,DistServe-2A100,distserve_2a100,realistic_pcie,1,short_extra_02,129.0515169966966,7513.578777026851,0.19120302749797702,129.24272002419457,7642.630294023547
high_l70,high,70,gemma-2-9b-it,google--gemma-2-9b-it,DistServe,DistServe-2A100,distserve_2a100,realistic_pcie,1,short_extra_03,127.6035140035674,7525.110837945249,1.7808949924074113,129.3844089959748,7652.714351948816
high_l70,high,70,gemma-2-9b-it,google--gemma-2-9b-it,DistServe,DistServe-2A100,distserve_2a100,realistic_pcie,1,short_extra_04,128.90206597512588,7526.016109040938,117.59400170376466,128.46226600231603,7654.918175016064
high_l70,high,70,gemma-2-9b-it,google--gemma-2-9b-it,DistServe,DistServe-2A100,distserve_2a100,realistic_pcie,1,short_extra_05,130.95952599542215,7521.831889986061,117.5286232810322,130.6582999532111,7652.791415981483
high_l70,high,70,gemma-2-9b-it,google--gemma-2-9b-it,DistServe,DistServe-2A100,distserve_2a100,realistic_pcie,1,short_extra_06,128.75052401795983,7546.316833002493,3.12035100068897,131.8708750186488,7675.067357020453
high_l70,high,70,gemma-2-9b-it,google--gemma-2-9b-it,DistServe,DistServe-2A100,distserve_2a100,realistic_pcie,1,short_extra_07,127.65255197882652,7513.636277988553,0.8184009930118918,128.47095297183841,7641.28882996738
high_l70,high,70,gemma-2-9b-it,google--gemma-2-9b-it,DistServe,DistServe-2A100,distserve_2a100,realistic_pcie,1,short_extra_08,132.84133496927097,7513.0126469885,117.39082260919531,129.67910099541768,7645.853981957771
high_l70,high,70,gemma-2-9b-it,google--gemma-2-9b-it,DistServe,DistServe-2A100,distserve_2a100,realistic_pcie,1,short_extra_09,127.08953197579831,7512.246355065145,0.979917065706104,128.0694490415044,7639.335887040943
high_l70,high,70,gemma-7b-it,google--gemma-7b-it,DistServe,DistServe-2A100,distserve_2a100,realistic_pcie,0,long_a,304.2715829797089,4798.848277016077,0.5768490373156965,304.8484320170246,5103.119859995786
high_l70,high,70,gemma-7b-it,google--gemma-7b-it,DistServe,DistServe-2A100,distserve_2a100,realistic_pcie,0,long_b,350.26183200534433,4778.54396199109,3.6320959916338325,353.89392799697816,5128.805793996435
high_l70,high,70,gemma-7b-it,google--gemma-7b-it,DistServe,DistServe-2A100,distserve_2a100,realistic_pcie,0,long_extra_00,342.04799198778346,4777.302877046168,2.282422035932541,344.330414023716,5119.350869033951
high_l70,high,70,gemma-7b-it,google--gemma-7b-it,DistServe,DistServe-2A100,distserve_2a100,realistic_pcie,0,long_extra_01,349.1971379844472,4806.017386959866,11.590490001253784,360.78762798570096,5155.214524944313
high_l70,high,70,gemma-7b-it,google--gemma-7b-it,DistServe,DistServe-2A100,distserve_2a100,realistic_pcie,0,long_extra_02,344.56209099153057,2272.7647330029868,2.9115279903635383,347.4736189818941,2617.3268239945173
high_l70,high,70,gemma-7b-it,google--gemma-7b-it,DistServe,DistServe-2A100,distserve_2a100,realistic_pcie,0,long_extra_03,351.96787101449445,4783.319483976811,4.049220005981624,356.0170910204761,5135.287354991306
high_l70,high,70,gemma-7b-it,google--gemma-7b-it,DistServe,DistServe-2A100,distserve_2a100,realistic_pcie,0,long_extra_04,340.48362995963544,3667.6825240137987,11.437924054916948,351.9215540145524,4008.166153973434
high_l70,high,70,gemma-7b-it,google--gemma-7b-it,DistServe,DistServe-2A100,distserve_2a100,realistic_pcie,0,long_extra_05,301.40677496092394,4933.721307024825,14.316474029328674,315.7232489902526,5235.128081985749
high_l70,high,70,gemma-7b-it,google--gemma-7b-it,DistServe,DistServe-2A100,distserve_2a100,realistic_pcie,0,long_extra_06,402.87835302297026,4801.6783380298875,18.745512003079057,421.6238650260493,5204.556691052858
high_l70,high,70,gemma-7b-it,google--gemma-7b-it,DistServe,DistServe-2A100,distserve_2a100,realistic_pcie,0,long_extra_07,302.70342802396044,4806.737929990049,14.663195004686713,317.36662302864715,5109.44135801401
high_l70,high,70,gemma-7b-it,google--gemma-7b-it,DistServe,DistServe-2A100,distserve_2a100,realistic_pcie,0,long_extra_08,346.62110399222,4859.583062003367,7.075303001329303,353.6964069935493,5206.204165995587
high_l70,high,70,gemma-7b-it,google--gemma-7b-it,DistServe,DistServe-2A100,distserve_2a100,realistic_pcie,0,long_extra_09,334.7472760360688,4780.8643719763495,5.364224954973906,340.1115009910427,5115.611648012418
high_l70,high,70,gemma-7b-it,google--gemma-7b-it,DistServe,DistServe-2A100,distserve_2a100,realistic_pcie,0,long_extra_10,345.5139769939706,4794.050419004634,7.978298992384225,353.4922759863548,5139.564395998605
high_l70,high,70,gemma-7b-it,google--gemma-7b-it,DistServe,DistServe-2A100,distserve_2a100,realistic_pcie,0,long_extra_11,307.9267740249634,4796.302833943628,8.945556939579546,316.8723309645429,5104.229607968591
high_l70,high,70,gemma-7b-it,google--gemma-7b-it,DistServe,DistServe-2A100,distserve_2a100,realistic_pcie,0,long_extra_12,305.95977301709354,4781.662973982748,5.524459003936499,311.48423202103004,5087.622746999841
high_l70,high,70,gemma-7b-it,google--gemma-7b-it,DistServe,DistServe-2A100,distserve_2a100,realistic_pcie,0,long_extra_13,313.4564520441927,4823.626612953376,4.3838899582624435,317.84034200245515,5137.083064997569
high_l70,high,70,gemma-7b-it,google--gemma-7b-it,DistServe,DistServe-2A100,distserve_2a100,realistic_pcie,0,long_extra_14,343.051720992662,4792.8342670202255,4.453496017958969,347.505217010621,5135.8859880128875
high_l70,high,70,gemma-7b-it,google--gemma-7b-it,DistServe,DistServe-2A100,distserve_2a100,realistic_pcie,0,long_extra_15,353.268627950456,4811.14114401862,5.3838620078749955,358.652489958331,5164.409771969076
high_l70,high,70,gemma-7b-it,google--gemma-7b-it,DistServe,DistServe-2A100,distserve_2a100,realistic_pcie,0,long_extra_16,337.9186890088022,3383.593625971116,15.178759989794344,353.0974489985965,3721.5123149799183
high_l70,high,70,gemma-7b-it,google--gemma-7b-it,DistServe,DistServe-2A100,distserve_2a100,realistic_pcie,0,long_extra_17,308.9498989866115,4782.4518859852105,3.9923469885252416,312.94224597513676,5091.401784971822
high_l70,high,70,gemma-7b-it,google--gemma-7b-it,DistServe,DistServe-2A100,distserve_2a100,realistic_pcie,0,long_extra_18,331.1816260102205,4796.186399995349,4.657661018427461,335.83928702864796,5127.36802600557
high_l70,high,70,gemma-7b-it,google--gemma-7b-it,DistServe,DistServe-2A100,distserve_2a100,realistic_pcie,0,long_extra_19,304.9208209849894,4797.2693220363,15.394406043924391,320.3152270289138,5102.190143021289
high_l70,high,70,gemma-7b-it,google--gemma-7b-it,DistServe,DistServe-2A100,distserve_2a100,realistic_pcie,0,long_extra_20,343.63506198860705,4794.5047990069725,5.697036976926029,349.3320989655331,5138.1398609955795
high_l70,high,70,gemma-7b-it,google--gemma-7b-it,DistServe,DistServe-2A100,distserve_2a100,realistic_pcie,0,long_extra_21,350.9203090216033,4776.026937004644,4.269892990123481,355.1902020117268,5126.947246026248
high_l70,high,70,gemma-7b-it,google--gemma-7b-it,DistServe,DistServe-2A100,distserve_2a100,realistic_pcie,0,long_extra_22,299.17162499623373,1835.9359309542924,14.088886964600533,313.26051196083426,2135.107555950526
high_l70,high,70,gemma-7b-it,google--gemma-7b-it,DistServe,DistServe-2A100,distserve_2a100,realistic_pcie,0,long_extra_23,349.0686619770713,4826.49557600962,10.334441030863672,359.403103007935,5175.564237986691
high_l70,high,70,gemma-7b-it,google--gemma-7b-it,DistServe,DistServe-2A100,distserve_2a100,realistic_pcie,0,long_extra_24,343.5605689883232,4787.887790997047,8.1001230282709,351.6606920165941,5131.44835998537
high_l70,high,70,gemma-7b-it,google--gemma-7b-it,DistServe,DistServe-2A100,distserve_2a100,realistic_pcie,0,long_extra_25,334.5137219876051,4789.009026018903,7.228762027807534,341.74248401541263,5123.522748006508
high_l70,high,70,gemma-7b-it,google--gemma-7b-it,DistServe,DistServe-2A100,distserve_2a100,realistic_pcie,0,mid_b,80.90471802279353,4790.249303972814,74.84764537457522,80.72696003364399,4871.154021995608
high_l70,high,70,gemma-7b-it,google--gemma-7b-it,DistServe,DistServe-2A100,distserve_2a100,realistic_pcie,0,short_a,80.07468102732673,4783.5189489414915,0.016059959307312965,80.09074098663405,4863.593629968818
high_l70,high,70,gemma-7b-it,google--gemma-7b-it,DistServe,DistServe-2A100,distserve_2a100,realistic_pcie,0,short_extra_00,81.66534302290529,4795.9285419783555,0.031885982025414705,81.6972290049307,4877.593885001261
high_l70,high,70,gemma-7b-it,google--gemma-7b-it,DistServe,DistServe-2A100,distserve_2a100,realistic_pcie,0,short_extra_01,85.8173860469833,4820.890021917876,75.32640659246681,81.64860896067694,4906.707407964859
high_l70,high,70,gemma-7b-it,google--gemma-7b-it,DistServe,DistServe-2A100,distserve_2a100,realistic_pcie,0,short_extra_02,79.61163099389523,4789.54441199312,4.054429999087006,83.66606099298224,4869.156042987015
high_l70,high,70,gemma-7b-it,google--gemma-7b-it,DistServe,DistServe-2A100,distserve_2a100,realistic_pcie,0,short_extra_03,79.54335899557918,4779.691033007111,2.872600976843387,82.41595997242257,4859.234392002691
high_l70,high,70,gemma-7b-it,google--gemma-7b-it,DistServe,DistServe-2A100,distserve_2a100,realistic_pcie,0,short_extra_04,79.19539703289047,4790.25160492165,0.7258529658429325,79.9212499987334,4869.447001954541
high_l70,high,70,gemma-7b-it,google--gemma-7b-it,DistServe,DistServe-2A100,distserve_2a100,realistic_pcie,0,short_extra_05,79.72975604934618,4809.078543970827,2.2381399758160114,81.96789602516219,4888.808300020173
high_l70,high,70,gemma-7b-it,google--gemma-7b-it,DistServe,DistServe-2A100,distserve_2a100,realistic_pcie,0,short_extra_06,80.40666696615517,4804.0953450254165,2.683169033844024,83.0898359999992,4884.502011991572
high_l70,high,70,gemma-7b-it,google--gemma-7b-it,DistServe,DistServe-2A100,distserve_2a100,realistic_pcie,0,short_extra_07,78.93817295553163,4782.297945057508,2.1601260523311794,81.0982990078628,4861.236118013039
high_l70,high,70,gemma-7b-it,google--gemma-7b-it,DistServe,DistServe-2A100,distserve_2a100,realistic_pcie,0,short_extra_08,80.02485701581463,4776.244919979945,1.997774001210928,82.02263101702556,4856.2697769957595
high_l70,high,70,gemma-7b-it,google--gemma-7b-it,DistServe,DistServe-2A100,distserve_2a100,realistic_pcie,0,short_extra_09,79.7488009557128,4787.547770072706,2.239468041807413,81.98826899752021,4867.296571028419
high_l70,high,70,gemma-7b-it,google--gemma-7b-it,DistServe,DistServe-2A100,distserve_2a100,realistic_pcie,1,long_a,303.19423298351467,4772.008805011865,2.975256007630378,306.16948899114504,5075.203037995379
high_l70,high,70,gemma-7b-it,google--gemma-7b-it,DistServe,DistServe-2A100,distserve_2a100,realistic_pcie,1,long_b,353.3041860209778,4790.780520939734,2.249580982606858,355.55376700358465,5144.084706960712
high_l70,high,70,gemma-7b-it,google--gemma-7b-it,DistServe,DistServe-2A100,distserve_2a100,realistic_pcie,1,long_extra_00,341.30481898318976,2967.3067840049043,6.779800052754581,348.08461903594434,3308.611602988094
high_l70,high,70,gemma-7b-it,google--gemma-7b-it,DistServe,DistServe-2A100,distserve_2a100,realistic_pcie,1,long_extra_01,352.08903200691566,4785.259273019619,9.445803007110953,361.5348350140266,5137.348305026535
high_l70,high,70,gemma-7b-it,google--gemma-7b-it,DistServe,DistServe-2A100,distserve_2a100,realistic_pcie,1,long_extra_02,345.98115499829873,2574.841359979473,40.23189624967927,345.59018700383604,2920.822514977772
high_l70,high,70,gemma-7b-it,google--gemma-7b-it,DistServe,DistServe-2A100,distserve_2a100,realistic_pcie,1,long_extra_03,349.0757319959812,4784.362990991212,5.446399969514459,354.52213196549565,5133.438722987194
high_l70,high,70,gemma-7b-it,google--gemma-7b-it,DistServe,DistServe-2A100,distserve_2a100,realistic_pcie,1,long_extra_04,340.616925037466,2510.1967819500715,9.85269492957741,350.4696199670434,2850.8137069875374
high_l70,high,70,gemma-7b-it,google--gemma-7b-it,DistServe,DistServe-2A100,distserve_2a100,realistic_pcie,1,long_extra_05,302.73758101975545,4815.987316949759,9.334376954939216,312.07195797469467,5118.724897969514
high_l70,high,70,gemma-7b-it,google--gemma-7b-it,DistServe,DistServe-2A100,distserve_2a100,realistic_pcie,1,long_extra_06,326.4012630097568,4791.7528270045295,11.43125502858311,337.8325180383399,5118.154090014286
high_l70,high,70,gemma-7b-it,google--gemma-7b-it,DistServe,DistServe-2A100,distserve_2a100,realistic_pcie,1,long_extra_07,304.40551799256355,4797.971396008506,8.636656973976642,313.0421749665402,5102.37691400107
high_l70,high,70,gemma-7b-it,google--gemma-7b-it,DistServe,DistServe-2A100,distserve_2a100,realistic_pcie,1,long_extra_08,348.70532900094986,4786.9331070105545,4.937788005918264,353.6431170068681,5135.638436011504
high_l70,high,70,gemma-7b-it,google--gemma-7b-it,DistServe,DistServe-2A100,distserve_2a100,realistic_pcie,1,long_extra_09,335.83369298139587,4774.0407880046405,0.9434150415472686,336.77710802294314,5109.874480986036
high_l70,high,70,gemma-7b-it,google--gemma-7b-it,DistServe,DistServe-2A100,distserve_2a100,realistic_pcie,1,long_extra_10,351.18377895560116,1814.8722410551272,28.357378766486363,348.3192470157519,2166.0560200107284
high_l70,high,70,gemma-7b-it,google--gemma-7b-it,DistServe,DistServe-2A100,distserve_2a100,realistic_pcie,1,long_extra_11,309.1629529953934,4782.698907016311,2.1706700208596885,311.3336230162531,5091.861860011704
high_l70,high,70,gemma-7b-it,google--gemma-7b-it,DistServe,DistServe-2A100,distserve_2a100,realistic_pcie,1,long_extra_12,308.384527976159,4789.1690590186045,1.2254860484972596,309.61001402465627,5097.5535869947635
high_l70,high,70,gemma-7b-it,google--gemma-7b-it,DistServe,DistServe-2A100,distserve_2a100,realistic_pcie,1,long_extra_13,309.80855197412893,4778.354500012938,3.6981499870307744,313.5067019611597,5088.163051987067
high_l70,high,70,gemma-7b-it,google--gemma-7b-it,DistServe,DistServe-2A100,distserve_2a100,realistic_pcie,1,long_extra_14,346.68680001050234,4790.933646028861,4.0808970225043595,350.7676970330067,5137.620446039364
high_l70,high,70,gemma-7b-it,google--gemma-7b-it,DistServe,DistServe-2A100,distserve_2a100,realistic_pcie,1,long_extra_15,344.92158703505993,4822.196207998786,7.794610981363803,352.71619801642373,5167.117795033846
high_l70,high,70,gemma-7b-it,google--gemma-7b-it,DistServe,DistServe-2A100,distserve_2a100,realistic_pcie,1,long_extra_16,342.47989201685414,4779.560697963461,5.82795194350183,348.30784396035597,5122.040589980315
high_l70,high,70,gemma-7b-it,google--gemma-7b-it,DistServe,DistServe-2A100,distserve_2a100,realistic_pcie,1,long_extra_17,308.17020003451034,4794.6047079749405,1.3912749709561467,309.5614750054665,5102.774908009451
high_l70,high,70,gemma-7b-it,google--gemma-7b-it,DistServe,DistServe-2A100,distserve_2a100,realistic_pcie,1,long_extra_18,334.25693796016276,4788.939063029829,0.8018200169317424,335.0587579770945,5123.196000989992
high_l70,high,70,gemma-7b-it,google--gemma-7b-it,DistServe,DistServe-2A100,distserve_2a100,realistic_pcie,1,long_extra_19,305.1119539886713,4820.126672973856,6.938995968084782,312.0509499567561,5125.238626962528
high_l70,high,70,gemma-7b-it,google--gemma-7b-it,DistServe,DistServe-2A100,distserve_2a100,realistic_pcie,1,long_extra_20,347.339681989979,4815.941874985583,5.991593992803246,353.33127598278224,5163.281556975562
high_l70,high,70,gemma-7b-it,google--gemma-7b-it,DistServe,DistServe-2A100,distserve_2a100,realistic_pcie,1,long_extra_21,350.6827050005086,4793.062334996648,5.227126006502658,355.90983100701123,5143.745039997157
high_l70,high,70,gemma-7b-it,google--gemma-7b-it,DistServe,DistServe-2A100,distserve_2a100,realistic_pcie,1,long_extra_22,303.0087149818428,1913.2886250154115,9.34182497439906,312.35053995624185,2216.2973399972543
high_l70,high,70,gemma-7b-it,google--gemma-7b-it,DistServe,DistServe-2A100,distserve_2a100,realistic_pcie,1,long_extra_23,355.92829500092193,4773.4518889919855,74.58518576549977,355.5144659476355,5129.380183992907
high_l70,high,70,gemma-7b-it,google--gemma-7b-it,DistServe,DistServe-2A100,distserve_2a100,realistic_pcie,1,long_extra_24,340.1140119531192,4804.013125074562,10.8865310321562,351.0005429852754,5144.127137027681
high_l70,high,70,gemma-7b-it,google--gemma-7b-it,DistServe,DistServe-2A100,distserve_2a100,realistic_pcie,1,long_extra_25,336.34147298289463,4785.6899030157365,8.015820989385247,344.3572939722799,5122.031375998631
high_l70,high,70,gemma-7b-it,google--gemma-7b-it,DistServe,DistServe-2A100,distserve_2a100,realistic_pcie,1,mid_b,79.20048700179905,4781.416231999174,1.8105570343323052,81.01104403613135,4860.616719000973
high_l70,high,70,gemma-7b-it,google--gemma-7b-it,DistServe,DistServe-2A100,distserve_2a100,realistic_pcie,1,short_a,78.3240839955397,4777.327105985023,2.1391750196926296,80.46325901523232,4855.651189980563
high_l70,high,70,gemma-7b-it,google--gemma-7b-it,DistServe,DistServe-2A100,distserve_2a100,realistic_pcie,1,short_extra_00,79.4621859677136,4782.366312050726,2.0778810721822083,81.5400670398958,4861.82849801844
high_l70,high,70,gemma-7b-it,google--gemma-7b-it,DistServe,DistServe-2A100,distserve_2a100,realistic_pcie,1,short_extra_01,80.27165994280949,4785.4509091121145,0.07889908738434315,80.35055903019384,4865.722569054924
high_l70,high,70,gemma-7b-it,google--gemma-7b-it,DistServe,DistServe-2A100,distserve_2a100,realistic_pcie,1,short_extra_02,80.51947702188045,4780.044671962969,1.6336129629053175,82.15308998478577,4860.564148984849
high_l70,high,70,gemma-7b-it,google--gemma-7b-it,DistServe,DistServe-2A100,distserve_2a100,realistic_pcie,1,short_extra_03,79.42783599719405,4783.3372600143775,1.3967349659651518,80.8245709631592,4862.765096011572
high_l70,high,70,gemma-7b-it,google--gemma-7b-it,DistServe,DistServe-2A100,distserve_2a100,realistic_pcie,1,short_extra_04,79.01167700765654,4771.526736032683,1.0756330448202789,80.08731005247682,4850.53841304034
high_l70,high,70,gemma-7b-it,google--gemma-7b-it,DistServe,DistServe-2A100,distserve_2a100,realistic_pcie,1,short_extra_05,79.35599598567933,4771.811324986629,2.6437080232426524,81.99970400892198,4851.1673209723085
high_l70,high,70,gemma-7b-it,google--gemma-7b-it,DistServe,DistServe-2A100,distserve_2a100,realistic_pcie,1,short_extra_06,83.57432397315279,4789.732260047458,74.83956656324153,82.71858404623345,4873.306584020611
high_l70,high,70,gemma-7b-it,google--gemma-7b-it,DistServe,DistServe-2A100,distserve_2a100,realistic_pcie,1,short_extra_07,82.28218398289755,4785.686941002496,74.776358453164,81.23818796593696,4867.969124985393
high_l70,high,70,gemma-7b-it,google--gemma-7b-it,DistServe,DistServe-2A100,distserve_2a100,realistic_pcie,1,short_extra_08,81.34734898339957,4791.745466005523,0.1867550308816135,81.53410401428118,4873.092814988922
high_l70,high,70,gemma-7b-it,google--gemma-7b-it,DistServe,DistServe-2A100,distserve_2a100,realistic_pcie,1,short_extra_09,79.75035498384386,4792.801660019904,1.722922024782747,81.47327700862661,4872.552015003748
high_l70,high,70,mistral-7b-instruct-v0.2,mistralai--Mistral-7B-Instruct-v0.2,DistServe,DistServe-2A100,distserve_2a100,realistic_pcie,0,long_a,224.90390797611326,4796.77975201048,3.119434986729175,228.02334296284243,5021.683659986593
high_l70,high,70,mistral-7b-instruct-v0.2,mistralai--Mistral-7B-Instruct-v0.2,DistServe,DistServe-2A100,distserve_2a100,realistic_pcie,0,long_b,301.6722399624996,4808.741644024849,5.891954060643911,307.5641940231435,5110.4138839873485
high_l70,high,70,mistral-7b-instruct-v0.2,mistralai--Mistral-7B-Instruct-v0.2,DistServe,DistServe-2A100,distserve_2a100,realistic_pcie,0,long_extra_00,228.52017596596852,4813.8505420065485,6.6912860493175685,235.2114620152861,5042.370717972517
high_l70,high,70,mistral-7b-instruct-v0.2,mistralai--Mistral-7B-Instruct-v0.2,DistServe,DistServe-2A100,distserve_2a100,realistic_pcie,0,long_extra_01,231.35259503033012,4814.035183982924,7.969460973981768,239.3220560043119,5045.387779013254
high_l70,high,70,mistral-7b-instruct-v0.2,mistralai--Mistral-7B-Instruct-v0.2,DistServe,DistServe-2A100,distserve_2a100,realistic_pcie,0,long_extra_02,277.53983600996435,4834.786656952929,7.48026993824169,285.02010594820604,5112.326492962893
high_l70,high,70,mistral-7b-instruct-v0.2,mistralai--Mistral-7B-Instruct-v0.2,DistServe,DistServe-2A100,distserve_2a100,realistic_pcie,0,long_extra_03,279.0211059618741,4828.366657078732,7.243540079798549,286.2646460416727,5107.387763040606
high_l70,high,70,mistral-7b-instruct-v0.2,mistralai--Mistral-7B-Instruct-v0.2,DistServe,DistServe-2A100,distserve_2a100,realistic_pcie,0,long_extra_04,294.68797298613936,4810.36647898145,14.003124029841274,308.69109701598063,5105.05445196759
high_l70,high,70,mistral-7b-instruct-v0.2,mistralai--Mistral-7B-Instruct-v0.2,DistServe,DistServe-2A100,distserve_2a100,realistic_pcie,0,long_extra_05,220.8468649769202,4853.85978204431,9.450325043871999,230.2971900207922,5074.70664702123
high_l70,high,70,mistral-7b-instruct-v0.2,mistralai--Mistral-7B-Instruct-v0.2,DistServe,DistServe-2A100,distserve_2a100,realistic_pcie,0,long_extra_06,319.28349001100287,4801.136007008608,10.148520988877863,329.43201099988073,5120.419497019611
high_l70,high,70,mistral-7b-instruct-v0.2,mistralai--Mistral-7B-Instruct-v0.2,DistServe,DistServe-2A100,distserve_2a100,realistic_pcie,0,long_extra_07,222.42519701831043,4818.180611007847,9.698621986899525,232.12381900520995,5040.605808026157
high_l70,high,70,mistral-7b-instruct-v0.2,mistralai--Mistral-7B-Instruct-v0.2,DistServe,DistServe-2A100,distserve_2a100,realistic_pcie,0,long_extra_08,251.8866959726438,4805.619491031393,6.219010043423623,258.1057060160674,5057.506187004037
high_l70,high,70,mistral-7b-instruct-v0.2,mistralai--Mistral-7B-Instruct-v0.2,DistServe,DistServe-2A100,distserve_2a100,realistic_pcie,0,long_extra_09,224.9258070369251,4799.313180963509,6.251339975278825,231.17714701220393,5024.238988000434
high_l70,high,70,mistral-7b-instruct-v0.2,mistralai--Mistral-7B-Instruct-v0.2,DistServe,DistServe-2A100,distserve_2a100,realistic_pcie,0,long_extra_10,231.3135879812762,4825.671693019103,0.7674280204810202,232.08101600175723,5056.9852810003795
high_l70,high,70,mistral-7b-instruct-v0.2,mistralai--Mistral-7B-Instruct-v0.2,DistServe,DistServe-2A100,distserve_2a100,realistic_pcie,0,long_extra_11,223.1146629783325,4831.044940045103,7.5730240205302835,230.68768699886277,5054.159603023436
high_l70,high,70,mistral-7b-instruct-v0.2,mistralai--Mistral-7B-Instruct-v0.2,DistServe,DistServe-2A100,distserve_2a100,realistic_pcie,0,long_extra_12,224.50647095683962,4874.231233028695,5.568514054175466,230.0749850110151,5098.737703985535
high_l70,high,70,mistral-7b-instruct-v0.2,mistralai--Mistral-7B-Instruct-v0.2,DistServe,DistServe-2A100,distserve_2a100,realistic_pcie,0,long_extra_13,221.56870999606326,4806.420793989673,8.300009008962661,229.86871900502592,5027.9895039857365
high_l70,high,70,mistral-7b-instruct-v0.2,mistralai--Mistral-7B-Instruct-v0.2,DistServe,DistServe-2A100,distserve_2a100,realistic_pcie,0,long_extra_14,276.6484419698827,4802.767319022678,6.849827012047172,283.49826898192987,5079.4157609925605
high_l70,high,70,mistral-7b-instruct-v0.2,mistralai--Mistral-7B-Instruct-v0.2,DistServe,DistServe-2A100,distserve_2a100,realistic_pcie,0,long_extra_15,230.71466601686552,4800.782906007953,7.396374014206231,238.11104003107175,5031.4975720248185
high_l70,high,70,mistral-7b-instruct-v0.2,mistralai--Mistral-7B-Instruct-v0.2,DistServe,DistServe-2A100,distserve_2a100,realistic_pcie,0,long_extra_16,294.66219095047563,4824.925845081452,10.156324075069278,304.8185150255449,5119.588036031928
high_l70,high,70,mistral-7b-instruct-v0.2,mistralai--Mistral-7B-Instruct-v0.2,DistServe,DistServe-2A100,distserve_2a100,realistic_pcie,0,long_extra_17,222.64124499633908,4813.174764974974,5.808876012451947,228.45012100879103,5035.816009971313
high_l70,high,70,mistral-7b-instruct-v0.2,mistralai--Mistral-7B-Instruct-v0.2,DistServe,DistServe-2A100,distserve_2a100,realistic_pcie,0,long_extra_18,230.14337598579004,4794.407591049094,4.719308053608984,234.86268403939903,5024.550967034884
high_l70,high,70,mistral-7b-instruct-v0.2,mistralai--Mistral-7B-Instruct-v0.2,DistServe,DistServe-2A100,distserve_2a100,realistic_pcie,0,long_extra_19,221.88649896997958,4817.832779022865,9.104360011406243,230.99085898138583,5039.719277992845
high_l70,high,70,mistral-7b-instruct-v0.2,mistralai--Mistral-7B-Instruct-v0.2,DistServe,DistServe-2A100,distserve_2a100,realistic_pcie,0,long_extra_20,230.20164802437648,4809.307210962288,6.908888928592205,237.1105369529687,5039.508858986665
high_l70,high,70,mistral-7b-instruct-v0.2,mistralai--Mistral-7B-Instruct-v0.2,DistServe,DistServe-2A100,distserve_2a100,realistic_pcie,0,long_extra_21,255.9330360381864,4823.292496963404,3.5007779952138662,259.43381403340027,5079.2255330015905
high_l70,high,70,mistral-7b-instruct-v0.2,mistralai--Mistral-7B-Instruct-v0.2,DistServe,DistServe-2A100,distserve_2a100,realistic_pcie,0,long_extra_22,220.4681240255013,4821.221146965399,13.2916439906694,233.7597680161707,5041.689270990901
high_l70,high,70,mistral-7b-instruct-v0.2,mistralai--Mistral-7B-Instruct-v0.2,DistServe,DistServe-2A100,distserve_2a100,realistic_pcie,0,long_extra_23,231.3062790199183,4810.131915961392,4.322335997130722,235.62861501704901,5041.4381949813105
high_l70,high,70,mistral-7b-instruct-v0.2,mistralai--Mistral-7B-Instruct-v0.2,DistServe,DistServe-2A100,distserve_2a100,realistic_pcie,0,long_extra_24,278.03630800917745,4801.905719970819,6.452103960327804,284.48841196950525,5079.942027979996
high_l70,high,70,mistral-7b-instruct-v0.2,mistralai--Mistral-7B-Instruct-v0.2,DistServe,DistServe-2A100,distserve_2a100,realistic_pcie,0,long_extra_25,224.60001101717353,4810.565509949811,5.422141985036433,230.02215300220996,5035.165520966984
high_l70,high,70,mistral-7b-instruct-v0.2,mistralai--Mistral-7B-Instruct-v0.2,DistServe,DistServe-2A100,distserve_2a100,realistic_pcie,0,mid_b,79.36279702698812,4807.915004959796,0.8757809409871697,80.23857796797529,4887.277801986784
high_l70,high,70,mistral-7b-instruct-v0.2,mistralai--Mistral-7B-Instruct-v0.2,DistServe,DistServe-2A100,distserve_2a100,realistic_pcie,0,short_a,80.01423894893378,4789.114034094382,1.3144320691935718,81.32867101812735,4869.128273043316
high_l70,high,70,mistral-7b-instruct-v0.2,mistralai--Mistral-7B-Instruct-v0.2,DistServe,DistServe-2A100,distserve_2a100,realistic_pcie,0,short_extra_00,78.4003299777396,4808.911574014928,2.669278997927904,81.0696089756675,4887.311903992668
high_l70,high,70,mistral-7b-instruct-v0.2,mistralai--Mistral-7B-Instruct-v0.2,DistServe,DistServe-2A100,distserve_2a100,realistic_pcie,0,short_extra_01,78.74322397401556,4799.419581016991,2.8063420322723687,81.54956600628793,4878.162804991007
high_l70,high,70,mistral-7b-instruct-v0.2,mistralai--Mistral-7B-Instruct-v0.2,DistServe,DistServe-2A100,distserve_2a100,realistic_pcie,0,short_extra_02,79.2117670061998,4803.958042000886,1.370188023429364,80.58195502962917,4883.169809007086
high_l70,high,70,mistral-7b-instruct-v0.2,mistralai--Mistral-7B-Instruct-v0.2,DistServe,DistServe-2A100,distserve_2a100,realistic_pcie,0,short_extra_03,78.40024097822607,4792.023883026559,2.7435970259830356,81.1438380042091,4870.424124004785
high_l70,high,70,mistral-7b-instruct-v0.2,mistralai--Mistral-7B-Instruct-v0.2,DistServe,DistServe-2A100,distserve_2a100,realistic_pcie,0,short_extra_04,78.7495180265978,4770.189376955386,1.5621579950675368,80.31167602166533,4848.938894981984
high_l70,high,70,mistral-7b-instruct-v0.2,mistralai--Mistral-7B-Instruct-v0.2,DistServe,DistServe-2A100,distserve_2a100,realistic_pcie,0,short_extra_05,79.9480399582535,4792.468989035115,1.4797080657444894,81.42774802399799,4872.417028993368
high_l70,high,70,mistral-7b-instruct-v0.2,mistralai--Mistral-7B-Instruct-v0.2,DistServe,DistServe-2A100,distserve_2a100,realistic_pcie,0,short_extra_06,80.3006729693152,4796.086829039268,0.6057280115783215,80.90640098089352,4876.387502008583
high_l70,high,70,mistral-7b-instruct-v0.2,mistralai--Mistral-7B-Instruct-v0.2,DistServe,DistServe-2A100,distserve_2a100,realistic_pcie,0,short_extra_07,78.01494799787179,4803.154854977038,1.255067007150501,79.27001500502229,4881.1698029749095
high_l70,high,70,mistral-7b-instruct-v0.2,mistralai--Mistral-7B-Instruct-v0.2,DistServe,DistServe-2A100,distserve_2a100,realistic_pcie,0,short_extra_08,78.21948797209188,4795.329608023167,1.7319810576736927,79.95146902976558,4873.5490959952585
high_l70,high,70,mistral-7b-instruct-v0.2,mistralai--Mistral-7B-Instruct-v0.2,DistServe,DistServe-2A100,distserve_2a100,realistic_pcie,0,short_extra_09,78.98544799536467,4780.886210035533,1.2467890046536922,80.23223700001836,4859.871658030897
high_l70,high,70,mistral-7b-instruct-v0.2,mistralai--Mistral-7B-Instruct-v0.2,DistServe,DistServe-2A100,distserve_2a100,realistic_pcie,1,long_a,224.07219599699602,4833.3756439969875,2.995057962834835,227.06725395983085,5057.4478399939835
high_l70,high,70,mistral-7b-instruct-v0.2,mistralai--Mistral-7B-Instruct-v0.2,DistServe,DistServe-2A100,distserve_2a100,realistic_pcie,1,long_b,301.228134019766,4815.786677994765,6.781002972275019,308.009136992041,5117.014812014531
high_l70,high,70,mistral-7b-instruct-v0.2,mistralai--Mistral-7B-Instruct-v0.2,DistServe,DistServe-2A100,distserve_2a100,realistic_pcie,1,long_extra_00,228.39036997174844,4828.946663008537,7.070620020385832,235.46098999213427,5057.337032980286
high_l70,high,70,mistral-7b-instruct-v0.2,mistralai--Mistral-7B-Instruct-v0.2,DistServe,DistServe-2A100,distserve_2a100,realistic_pcie,1,long_extra_01,231.08522599795833,4836.58614201704,6.999636010732502,238.08486200869083,5067.671368014999
high_l70,high,70,mistral-7b-instruct-v0.2,mistralai--Mistral-7B-Instruct-v0.2,DistServe,DistServe-2A100,distserve_2a100,realistic_pcie,1,long_extra_02,279.85507104313,4804.239422956016,2.280894957948476,282.1359660010785,5084.094493999146
high_l70,high,70,mistral-7b-instruct-v0.2,mistralai--Mistral-7B-Instruct-v0.2,DistServe,DistServe-2A100,distserve_2a100,realistic_pcie,1,long_extra_03,280.7365549961105,4831.689169979654,6.013856967911124,286.7504119640216,5112.425724975765
high_l70,high,70,mistral-7b-instruct-v0.2,mistralai--Mistral-7B-Instruct-v0.2,DistServe,DistServe-2A100,distserve_2a100,realistic_pcie,1,long_extra_04,295.2409490244463,4809.894001984503,9.426330972928554,304.66727999737486,5105.134951008949
high_l70,high,70,mistral-7b-instruct-v0.2,mistralai--Mistral-7B-Instruct-v0.2,DistServe,DistServe-2A100,distserve_2a100,realistic_pcie,1,long_extra_05,225.28213198529556,4812.0190500631,7.156434061471373,232.43856604676694,5037.301182048395
high_l70,high,70,mistral-7b-instruct-v0.2,mistralai--Mistral-7B-Instruct-v0.2,DistServe,DistServe-2A100,distserve_2a100,realistic_pcie,1,long_extra_06,225.10762099409476,4817.06688698614,11.368261009920388,236.47588200401515,5042.174507980235
high_l70,high,70,mistral-7b-instruct-v0.2,mistralai--Mistral-7B-Instruct-v0.2,DistServe,DistServe-2A100,distserve_2a100,realistic_pcie,1,long_extra_07,220.37201799685135,4831.091135973111,12.040764966513962,232.41278296336532,5051.463153969962
high_l70,high,70,mistral-7b-instruct-v0.2,mistralai--Mistral-7B-Instruct-v0.2,DistServe,DistServe-2A100,distserve_2a100,realistic_pcie,1,long_extra_08,251.76746502984315,4796.58709600335,5.40157500654459,257.16904003638774,5048.354561033193
high_l70,high,70,mistral-7b-instruct-v0.2,mistralai--Mistral-7B-Instruct-v0.2,DistServe,DistServe-2A100,distserve_2a100,realistic_pcie,1,long_extra_09,229.09423598321155,4789.582443016116,0.7547099958173931,229.84894597902894,5018.676678999327
high_l70,high,70,mistral-7b-instruct-v0.2,mistralai--Mistral-7B-Instruct-v0.2,DistServe,DistServe-2A100,distserve_2a100,realistic_pcie,1,long_extra_10,229.426160978619,4817.831174004823,3.583128040190786,233.0092890188098,5047.257334983442
high_l70,high,70,mistral-7b-instruct-v0.2,mistralai--Mistral-7B-Instruct-v0.2,DistServe,DistServe-2A100,distserve_2a100,realistic_pcie,1,long_extra_11,225.0089620356448,4802.765610918868,4.698026925325394,229.7069889609702,5027.774572954513
high_l70,high,70,mistral-7b-instruct-v0.2,mistralai--Mistral-7B-Instruct-v0.2,DistServe,DistServe-2A100,distserve_2a100,realistic_pcie,1,long_extra_12,225.18978803418577,4797.263167973142,6.81850197724998,232.00829001143575,5022.452956007328
high_l70,high,70,mistral-7b-instruct-v0.2,mistralai--Mistral-7B-Instruct-v0.2,DistServe,DistServe-2A100,distserve_2a100,realistic_pcie,1,long_extra_13,223.01509999670088,4814.550643030088,8.786329010035843,231.80142900673673,5037.565743026789
high_l70,high,70,mistral-7b-instruct-v0.2,mistralai--Mistral-7B-Instruct-v0.2,DistServe,DistServe-2A100,distserve_2a100,realistic_pcie,1,long_extra_14,279.13289598654956,4809.2321020085365,5.642760021146387,284.77565600769594,5088.364997995086
high_l70,high,70,mistral-7b-instruct-v0.2,mistralai--Mistral-7B-Instruct-v0.2,DistServe,DistServe-2A100,distserve_2a100,realistic_pcie,1,long_extra_15,232.62277501635253,4816.071208973881,3.7493639392778277,236.37213895563036,5048.693983990233
high_l70,high,70,mistral-7b-instruct-v0.2,mistralai--Mistral-7B-Instruct-v0.2,DistServe,DistServe-2A100,distserve_2a100,realistic_pcie,1,long_extra_16,296.2854710058309,4816.153102030512,9.94527101283893,306.23074201866984,5112.438573036343
high_l70,high,70,mistral-7b-instruct-v0.2,mistralai--Mistral-7B-Instruct-v0.2,DistServe,DistServe-2A100,distserve_2a100,realistic_pcie,1,long_extra_17,225.07283696904778,4814.161675050855,4.280888999346644,229.35372596839443,5039.2345120199025
high_l70,high,70,mistral-7b-instruct-v0.2,mistralai--Mistral-7B-Instruct-v0.2,DistServe,DistServe-2A100,distserve_2a100,realistic_pcie,1,long_extra_18,231.41071904683486,4807.120071956888,3.2010499853640795,234.61176903219894,5038.530791003723
high_l70,high,70,mistral-7b-instruct-v0.2,mistralai--Mistral-7B-Instruct-v0.2,DistServe,DistServe-2A100,distserve_2a100,realistic_pcie,1,long_extra_19,223.33904297556728,4803.089938999619,8.696902019437402,232.03594499500468,5026.428981975187
high_l70,high,70,mistral-7b-instruct-v0.2,mistralai--Mistral-7B-Instruct-v0.2,DistServe,DistServe-2A100,distserve_2a100,realistic_pcie,1,long_extra_20,230.3888230235316,4802.8012799913995,5.899599986150861,236.28842300968245,5033.190103014931
high_l70,high,70,mistral-7b-instruct-v0.2,mistralai--Mistral-7B-Instruct-v0.2,DistServe,DistServe-2A100,distserve_2a100,realistic_pcie,1,long_extra_21,259.4784119864926,4803.480842965655,1.3802520115859807,260.85866399807855,5062.959254952148
high_l70,high,70,mistral-7b-instruct-v0.2,mistralai--Mistral-7B-Instruct-v0.2,DistServe,DistServe-2A100,distserve_2a100,realistic_pcie,1,long_extra_22,219.84259295277297,4816.245781024918,10.849614045582712,230.6922069983557,5036.088373977691
high_l70,high,70,mistral-7b-instruct-v0.2,mistralai--Mistral-7B-Instruct-v0.2,DistServe,DistServe-2A100,distserve_2a100,realistic_pcie,1,long_extra_23,231.3163250219077,4802.904955984559,2.5049379910342395,233.82126301294193,5034.221281006467
high_l70,high,70,mistral-7b-instruct-v0.2,mistralai--Mistral-7B-Instruct-v0.2,DistServe,DistServe-2A100,distserve_2a100,realistic_pcie,1,long_extra_24,275.10783600155264,4833.8120830012485,10.302641021553427,285.41047702310607,5108.919919002801
high_l70,high,70,mistral-7b-instruct-v0.2,mistralai--Mistral-7B-Instruct-v0.2,DistServe,DistServe-2A100,distserve_2a100,realistic_pcie,1,long_extra_25,221.7069620382972,4798.701792955399,11.171820980962366,232.87878301925957,5020.408754993696
high_l70,high,70,mistral-7b-instruct-v0.2,mistralai--Mistral-7B-Instruct-v0.2,DistServe,DistServe-2A100,distserve_2a100,realistic_pcie,1,mid_b,77.7129009948112,4815.523302997462,2.3395370226353407,80.05243801744655,4893.236203992274
high_l70,high,70,mistral-7b-instruct-v0.2,mistralai--Mistral-7B-Instruct-v0.2,DistServe,DistServe-2A100,distserve_2a100,realistic_pcie,1,short_a,77.88644696120173,4820.148990082089,3.490549046546221,81.37699600774795,4898.035437043291
high_l70,high,70,mistral-7b-instruct-v0.2,mistralai--Mistral-7B-Instruct-v0.2,DistServe,DistServe-2A100,distserve_2a100,realistic_pcie,1,short_extra_00,78.64402496488765,4811.7812009877525,1.846033032052219,80.49005799693987,4890.42522595264
high_l70,high,70,mistral-7b-instruct-v0.2,mistralai--Mistral-7B-Instruct-v0.2,DistServe,DistServe-2A100,distserve_2a100,realistic_pcie,1,short_extra_01,77.78141502058133,4810.751380980946,3.107710974290967,80.8891259948723,4888.5327960015275
high_l70,high,70,mistral-7b-instruct-v0.2,mistralai--Mistral-7B-Instruct-v0.2,DistServe,DistServe-2A100,distserve_2a100,realistic_pcie,1,short_extra_02,78.77835497492924,4807.366452994756,1.723633031360805,80.50198800629005,4886.144807969686
high_l70,high,70,mistral-7b-instruct-v0.2,mistralai--Mistral-7B-Instruct-v0.2,DistServe,DistServe-2A100,distserve_2a100,realistic_pcie,1,short_extra_03,78.72969598975033,4793.740729044657,1.8651559948921204,80.59485198464245,4872.4704250344075
high_l70,high,70,mistral-7b-instruct-v0.2,mistralai--Mistral-7B-Instruct-v0.2,DistServe,DistServe-2A100,distserve_2a100,realistic_pcie,1,short_extra_04,78.39918602257967,4780.23915697122,1.8956409767270088,80.29482699930668,4858.6383429938
high_l70,high,70,mistral-7b-instruct-v0.2,mistralai--Mistral-7B-Instruct-v0.2,DistServe,DistServe-2A100,distserve_2a100,realistic_pcie,1,short_extra_05,78.18228797987103,4832.775715040043,2.8095890302211046,80.99187701009214,4910.958003019914
high_l70,high,70,mistral-7b-instruct-v0.2,mistralai--Mistral-7B-Instruct-v0.2,DistServe,DistServe-2A100,distserve_2a100,realistic_pcie,1,short_extra_06,77.93295301962644,4800.997743965127,2.755874942522496,80.68882796214893,4878.930696984753
high_l70,high,70,mistral-7b-instruct-v0.2,mistralai--Mistral-7B-Instruct-v0.2,DistServe,DistServe-2A100,distserve_2a100,realistic_pcie,1,short_extra_07,78.12867098255083,4795.914872025605,3.3277060138061643,81.456376996357,4874.043543008156
high_l70,high,70,mistral-7b-instruct-v0.2,mistralai--Mistral-7B-Instruct-v0.2,DistServe,DistServe-2A100,distserve_2a100,realistic_pcie,1,short_extra_08,78.33460002439097,4810.700127971359,1.5651069697923958,79.89970699418336,4889.03472799575
high_l70,high,70,mistral-7b-instruct-v0.2,mistralai--Mistral-7B-Instruct-v0.2,DistServe,DistServe-2A100,distserve_2a100,realistic_pcie,1,short_extra_09,77.49371603131294,4801.111023989506,3.1784919556230307,80.67220798693597,4878.604740020819
high_l70,high,70,qwen2.5-7b-instruct,Qwen--Qwen2.5-7B-Instruct,DistServe,DistServe-2A100,distserve_2a100,realistic_pcie,0,long_a,212.34677801840007,4226.919506967533,5.375124979764223,217.7219029981643,4439.266284985933
high_l70,high,70,qwen2.5-7b-instruct,Qwen--Qwen2.5-7B-Instruct,DistServe,DistServe-2A100,distserve_2a100,realistic_pcie,0,long_b,274.688959994819,4203.308588010259,6.2829480157233775,280.9719080105424,4477.997548005078
high_l70,high,70,qwen2.5-7b-instruct,Qwen--Qwen2.5-7B-Instruct,DistServe,DistServe-2A100,distserve_2a100,realistic_pcie,0,long_extra_00,214.12093000253662,4208.9434990193695,11.342120997142047,225.46305099967867,4423.064429021906
high_l70,high,70,qwen2.5-7b-instruct,Qwen--Qwen2.5-7B-Instruct,DistServe,DistServe-2A100,distserve_2a100,realistic_pcie,0,long_extra_01,212.2192500391975,4212.366007966921,10.56379999499768,222.78305003419518,4424.585258006118
high_l70,high,70,qwen2.5-7b-instruct,Qwen--Qwen2.5-7B-Instruct,DistServe,DistServe-2A100,distserve_2a100,realistic_pcie,0,long_extra_02,260.7277419883758,4217.322896991391,10.544668999500573,271.27241098787636,4478.0506389797665
high_l70,high,70,qwen2.5-7b-instruct,Qwen--Qwen2.5-7B-Instruct,DistServe,DistServe-2A100,distserve_2a100,realistic_pcie,0,long_extra_03,258.15410900395364,4202.958556008525,7.980346970725805,266.13445597467944,4461.112665012479
high_l70,high,70,qwen2.5-7b-instruct,Qwen--Qwen2.5-7B-Instruct,DistServe,DistServe-2A100,distserve_2a100,realistic_pcie,0,long_extra_04,269.37280100537464,4223.352805012837,12.46160501614213,281.83440602151677,4492.725606018212
high_l70,high,70,qwen2.5-7b-instruct,Qwen--Qwen2.5-7B-Instruct,DistServe,DistServe-2A100,distserve_2a100,realistic_pcie,0,long_extra_05,208.36878300178796,4213.010200008284,12.839703005738556,221.20848600752652,4421.378983010072
high_l70,high,70,qwen2.5-7b-instruct,Qwen--Qwen2.5-7B-Instruct,DistServe,DistServe-2A100,distserve_2a100,realistic_pcie,0,long_extra_06,290.61923699919134,4238.937109999824,8.370294992346317,298.98953199153766,4529.556346999016
high_l70,high,70,qwen2.5-7b-instruct,Qwen--Qwen2.5-7B-Instruct,DistServe,DistServe-2A100,distserve_2a100,realistic_pcie,0,long_extra_07,209.13003402529284,4203.358392987866,12.859466020017862,221.9895000453107,4412.488427013159
high_l70,high,70,qwen2.5-7b-instruct,Qwen--Qwen2.5-7B-Instruct,DistServe,DistServe-2A100,distserve_2a100,realistic_pcie,0,long_extra_08,229.29086099611595,4189.150620019063,2.7833839994855225,232.07424499560148,4418.441481015179
high_l70,high,70,qwen2.5-7b-instruct,Qwen--Qwen2.5-7B-Instruct,DistServe,DistServe-2A100,distserve_2a100,realistic_pcie,0,long_extra_09,215.46972100622952,4202.944066026248,7.762908993754536,223.23262999998406,4418.413787032478
high_l70,high,70,qwen2.5-7b-instruct,Qwen--Qwen2.5-7B-Instruct,DistServe,DistServe-2A100,distserve_2a100,realistic_pcie,0,long_extra_10,216.40434802975506,4204.79028893169,3.267780935857445,219.6721289656125,4421.194636961445
high_l70,high,70,qwen2.5-7b-instruct,Qwen--Qwen2.5-7B-Instruct,DistServe,DistServe-2A100,distserve_2a100,realistic_pcie,0,long_extra_11,212.82451099250466,4218.638114980422,6.0198179562576115,218.84432894876227,4431.462625972927
high_l70,high,70,qwen2.5-7b-instruct,Qwen--Qwen2.5-7B-Instruct,DistServe,DistServe-2A100,distserve_2a100,realistic_pcie,0,long_extra_12,212.7621090039611,4223.924653953873,6.489611987490207,219.2517209914513,4436.686762957834
high_l70,high,70,qwen2.5-7b-instruct,Qwen--Qwen2.5-7B-Instruct,DistServe,DistServe-2A100,distserve_2a100,realistic_pcie,0,long_extra_13,211.62516000913456,4209.215710987337,9.486703027505428,221.11186303664,4420.8408709964715
high_l70,high,70,qwen2.5-7b-instruct,Qwen--Qwen2.5-7B-Instruct,DistServe,DistServe-2A100,distserve_2a100,realistic_pcie,0,long_extra_14,259.26585897104815,4208.340811019298,8.591590041760355,267.8574490128085,4467.606669990346
high_l70,high,70,qwen2.5-7b-instruct,Qwen--Qwen2.5-7B-Instruct,DistServe,DistServe-2A100,distserve_2a100,realistic_pcie,0,long_extra_15,220.1708930078894,4192.925611976534,7.147723983507603,227.318616991397,4413.0965049844235
high_l70,high,70,qwen2.5-7b-instruct,Qwen--Qwen2.5-7B-Instruct,DistServe,DistServe-2A100,distserve_2a100,realistic_pcie,0,long_extra_16,264.8568340227939,4207.723055966198,14.929981960449368,279.7868159832433,4472.579889988992
high_l70,high,70,qwen2.5-7b-instruct,Qwen--Qwen2.5-7B-Instruct,DistServe,DistServe-2A100,distserve_2a100,realistic_pcie,0,long_extra_17,212.80897001270205,4193.666869949084,7.234160962980241,220.0431309756823,4406.475839961786
high_l70,high,70,qwen2.5-7b-instruct,Qwen--Qwen2.5-7B-Instruct,DistServe,DistServe-2A100,distserve_2a100,realistic_pcie,0,long_extra_18,216.04354196460918,4203.093094052747,2.873197023291141,218.91673898790032,4419.136636017356
high_l70,high,70,qwen2.5-7b-instruct,Qwen--Qwen2.5-7B-Instruct,DistServe,DistServe-2A100,distserve_2a100,realistic_pcie,0,long_extra_19,212.36872795270756,4263.30890506506,11.137929046526551,223.5066569992341,4475.677633017767
high_l70,high,70,qwen2.5-7b-instruct,Qwen--Qwen2.5-7B-Instruct,DistServe,DistServe-2A100,distserve_2a100,realistic_pcie,0,long_extra_20,218.34762603975832,4194.568817969412,5.567904969211668,223.91553100897,4412.91644400917
high_l70,high,70,qwen2.5-7b-instruct,Qwen--Qwen2.5-7B-Instruct,DistServe,DistServe-2A100,distserve_2a100,realistic_pcie,0,long_extra_21,228.1347070238553,4206.319240969606,2.061598002910614,230.1963050267659,4434.453947993461
high_l70,high,70,qwen2.5-7b-instruct,Qwen--Qwen2.5-7B-Instruct,DistServe,DistServe-2A100,distserve_2a100,realistic_pcie,0,long_extra_22,212.98906195443124,4212.670008011628,11.069106054492295,224.05816800892353,4425.659069966059
high_l70,high,70,qwen2.5-7b-instruct,Qwen--Qwen2.5-7B-Instruct,DistServe,DistServe-2A100,distserve_2a100,realistic_pcie,0,long_extra_23,216.03788301581517,4211.061638023239,7.075294037349522,223.1131770531647,4427.099521039054
high_l70,high,70,qwen2.5-7b-instruct,Qwen--Qwen2.5-7B-Instruct,DistServe,DistServe-2A100,distserve_2a100,realistic_pcie,0,long_extra_24,260.3985200403258,4225.3854249138385,11.56359096057713,271.96211100090295,4485.783944954164
high_l70,high,70,qwen2.5-7b-instruct,Qwen--Qwen2.5-7B-Instruct,DistServe,DistServe-2A100,distserve_2a100,realistic_pcie,0,long_extra_25,212.0409280178137,4191.638721968047,9.574957948643714,221.61588596645743,4403.679649985861
high_l70,high,70,qwen2.5-7b-instruct,Qwen--Qwen2.5-7B-Instruct,DistServe,DistServe-2A100,distserve_2a100,realistic_pcie,0,mid_b,68.75776196829975,4174.287923029624,1.5529270167462528,70.310688985046,4243.045684997924
high_l70,high,70,qwen2.5-7b-instruct,Qwen--Qwen2.5-7B-Instruct,DistServe,DistServe-2A100,distserve_2a100,realistic_pcie,0,short_a,68.35364195285365,4177.345332049299,1.437863043975085,69.79150499682873,4245.698974002153
high_l70,high,70,qwen2.5-7b-instruct,Qwen--Qwen2.5-7B-Instruct,DistServe,DistServe-2A100,distserve_2a100,realistic_pcie,0,short_extra_00,69.28795704152435,4200.671820959542,1.5693349414505064,70.85729198297486,4269.959778001066
high_l70,high,70,qwen2.5-7b-instruct,Qwen--Qwen2.5-7B-Instruct,DistServe,DistServe-2A100,distserve_2a100,realistic_pcie,0,short_extra_01,69.73610300337896,4226.555271015968,2.740714990068227,72.47681799344718,4296.291374019347
high_l70,high,70,qwen2.5-7b-instruct,Qwen--Qwen2.5-7B-Instruct,DistServe,DistServe-2A100,distserve_2a100,realistic_pcie,0,short_extra_02,69.72550501814112,4206.158894987311,1.8744209664873779,71.5999259846285,4275.884400005452
high_l70,high,70,qwen2.5-7b-instruct,Qwen--Qwen2.5-7B-Instruct,DistServe,DistServe-2A100,distserve_2a100,realistic_pcie,0,short_extra_03,70.8100349875167,4226.642881054431,0.012571050319820642,70.82260603783652,4297.452916041948
high_l70,high,70,qwen2.5-7b-instruct,Qwen--Qwen2.5-7B-Instruct,DistServe,DistServe-2A100,distserve_2a100,realistic_pcie,0,short_extra_04,69.09540499327704,4196.938803012017,3.709778015036136,72.80518300831318,4266.034208005294
high_l70,high,70,qwen2.5-7b-instruct,Qwen--Qwen2.5-7B-Instruct,DistServe,DistServe-2A100,distserve_2a100,realistic_pcie,0,short_extra_05,69.74142498802394,4187.142950017005,2.620296028908342,72.36172101693228,4256.884375005029
high_l70,high,70,qwen2.5-7b-instruct,Qwen--Qwen2.5-7B-Instruct,DistServe,DistServe-2A100,distserve_2a100,realistic_pcie,0,short_extra_06,70.56105200899765,4215.389950957615,2.824509982019663,73.38556199101731,4285.951002966613
high_l70,high,70,qwen2.5-7b-instruct,Qwen--Qwen2.5-7B-Instruct,DistServe,DistServe-2A100,distserve_2a100,realistic_pcie,0,short_extra_07,70.57175599038601,4249.324222037103,66.39569096932973,69.33544500498101,4319.895978027489
high_l70,high,70,qwen2.5-7b-instruct,Qwen--Qwen2.5-7B-Instruct,DistServe,DistServe-2A100,distserve_2a100,realistic_pcie,0,short_extra_08,71.65520003763959,4214.688557956833,0.25123998057097197,71.90644001821056,4286.343757994473
high_l70,high,70,qwen2.5-7b-instruct,Qwen--Qwen2.5-7B-Instruct,DistServe,DistServe-2A100,distserve_2a100,realistic_pcie,0,short_extra_09,70.43654803419486,4188.1296369829215,65.43952557785815,69.56472096499056,4258.566185017116
high_l70,high,70,qwen2.5-7b-instruct,Qwen--Qwen2.5-7B-Instruct,DistServe,DistServe-2A100,distserve_2a100,realistic_pcie,1,long_a,213.35865097353235,4191.521870030556,3.999366017524153,217.3580169910565,4404.880521004088
high_l70,high,70,qwen2.5-7b-instruct,Qwen--Qwen2.5-7B-Instruct,DistServe,DistServe-2A100,distserve_2a100,realistic_pcie,1,long_b,273.7816839944571,4211.759481986519,5.3167570149526,279.0984410094097,4485.541165980976
high_l70,high,70,qwen2.5-7b-instruct,Qwen--Qwen2.5-7B-Instruct,DistServe,DistServe-2A100,distserve_2a100,realistic_pcie,1,long_extra_00,214.2570409923792,4205.653190030716,12.049946992192417,226.3069879845716,4419.910231023096
high_l70,high,70,qwen2.5-7b-instruct,Qwen--Qwen2.5-7B-Instruct,DistServe,DistServe-2A100,distserve_2a100,realistic_pcie,1,long_extra_01,215.3045359882526,4197.216150991153,8.037269988562912,223.34180597681552,4412.520686979406
high_l70,high,70,qwen2.5-7b-instruct,Qwen--Qwen2.5-7B-Instruct,DistServe,DistServe-2A100,distserve_2a100,realistic_pcie,1,long_extra_02,263.8119920156896,4205.744837992825,6.468761013820767,270.2807530295104,4469.556830008514
high_l70,high,70,qwen2.5-7b-instruct,Qwen--Qwen2.5-7B-Instruct,DistServe,DistServe-2A100,distserve_2a100,realistic_pcie,1,long_extra_03,260.0719740148634,4213.188611029182,6.30064302822575,266.3726170430891,4473.260585044045
high_l70,high,70,qwen2.5-7b-instruct,Qwen--Qwen2.5-7B-Instruct,DistServe,DistServe-2A100,distserve_2a100,realistic_pcie,1,long_extra_04,267.6059689838439,4212.496908032335,12.713507050648332,280.31947603449225,4480.102877016179
high_l70,high,70,qwen2.5-7b-instruct,Qwen--Qwen2.5-7B-Instruct,DistServe,DistServe-2A100,distserve_2a100,realistic_pcie,1,long_extra_05,207.2027960093692,4208.085796970408,12.354337959550321,219.55713396891952,4415.288592979778
high_l70,high,70,qwen2.5-7b-instruct,Qwen--Qwen2.5-7B-Instruct,DistServe,DistServe-2A100,distserve_2a100,realistic_pcie,1,long_extra_06,213.4486900176853,4209.199075005017,9.216837002895772,222.66552702058107,4422.6477650227025
high_l70,high,70,qwen2.5-7b-instruct,Qwen--Qwen2.5-7B-Instruct,DistServe,DistServe-2A100,distserve_2a100,realistic_pcie,1,long_extra_07,209.08845902886242,4200.699404987972,13.633471971843392,222.7219310007058,4409.787864016835
high_l70,high,70,qwen2.5-7b-instruct,Qwen--Qwen2.5-7B-Instruct,DistServe,DistServe-2A100,distserve_2a100,realistic_pcie,1,long_extra_08,226.0656490107067,4194.122057990171,4.996174015104771,231.06182302581146,4420.187707000878
high_l70,high,70,qwen2.5-7b-instruct,Qwen--Qwen2.5-7B-Instruct,DistServe,DistServe-2A100,distserve_2a100,realistic_pcie,1,long_extra_09,213.28890102449805,4190.698921971489,9.741795947775245,223.0306969722733,4403.987822995987
high_l70,high,70,qwen2.5-7b-instruct,Qwen--Qwen2.5-7B-Instruct,DistServe,DistServe-2A100,distserve_2a100,realistic_pcie,1,long_extra_10,218.32376101519912,4183.8154990109615,0.6437959964387119,218.96755701163784,4402.139260026161
high_l70,high,70,qwen2.5-7b-instruct,Qwen--Qwen2.5-7B-Instruct,DistServe,DistServe-2A100,distserve_2a100,realistic_pcie,1,long_extra_11,213.8970249798149,4198.39510100428,4.96676703915,218.8637920189649,4412.292125984095
high_l70,high,70,qwen2.5-7b-instruct,Qwen--Qwen2.5-7B-Instruct,DistServe,DistServe-2A100,distserve_2a100,realistic_pcie,1,long_extra_12,216.88395098317415,4200.621808995493,4.784707038197666,221.6686580213718,4417.505759978667
high_l70,high,70,qwen2.5-7b-instruct,Qwen--Qwen2.5-7B-Instruct,DistServe,DistServe-2A100,distserve_2a100,realistic_pcie,1,long_extra_13,215.26493300916627,4213.733198004775,5.122466012835503,220.38739902200177,4428.998131013941
high_l70,high,70,qwen2.5-7b-instruct,Qwen--Qwen2.5-7B-Instruct,DistServe,DistServe-2A100,distserve_2a100,realistic_pcie,1,long_extra_14,262.20504101365805,4204.250345937908,7.897769974078983,270.10281098773703,4466.455386951566
high_l70,high,70,qwen2.5-7b-instruct,Qwen--Qwen2.5-7B-Instruct,DistServe,DistServe-2A100,distserve_2a100,realistic_pcie,1,long_extra_15,219.52707099262625,4196.48527004756,6.193057051859796,225.72012804448605,4416.012341040187
high_l70,high,70,qwen2.5-7b-instruct,Qwen--Qwen2.5-7B-Instruct,DistServe,DistServe-2A100,distserve_2a100,realistic_pcie,1,long_extra_16,268.67757498985156,4219.424067996442,10.238746996037662,278.9163219858892,4488.101642986294
high_l70,high,70,qwen2.5-7b-instruct,Qwen--Qwen2.5-7B-Instruct,DistServe,DistServe-2A100,distserve_2a100,realistic_pcie,1,long_extra_17,212.03936001984403,4204.339184972923,10.444339015521109,222.48369903536513,4416.378544992767
high_l70,high,70,qwen2.5-7b-instruct,Qwen--Qwen2.5-7B-Instruct,DistServe,DistServe-2A100,distserve_2a100,realistic_pcie,1,long_extra_18,217.55617501912639,4194.664311944507,65.54162987413292,217.1131270006299,4412.220486963633
high_l70,high,70,qwen2.5-7b-instruct,Qwen--Qwen2.5-7B-Instruct,DistServe,DistServe-2A100,distserve_2a100,realistic_pcie,1,long_extra_19,211.68577700154856,4204.757248982787,12.67220196314156,224.35797896469012,4416.443025984336
high_l70,high,70,qwen2.5-7b-instruct,Qwen--Qwen2.5-7B-Instruct,DistServe,DistServe-2A100,distserve_2a100,realistic_pcie,1,long_extra_20,214.89318000385538,4223.570878035389,10.295044048689306,225.18822405254468,4438.464058039244
high_l70,high,70,qwen2.5-7b-instruct,Qwen--Qwen2.5-7B-Instruct,DistServe,DistServe-2A100,distserve_2a100,realistic_pcie,1,long_extra_21,225.98038899013773,4191.945315047633,1.5798970125615597,227.56028600269929,4417.925704037771
high_l70,high,70,qwen2.5-7b-instruct,Qwen--Qwen2.5-7B-Instruct,DistServe,DistServe-2A100,distserve_2a100,realistic_pcie,1,long_extra_22,210.6791939586401,4216.596261016093,10.405397042632103,221.0845910012722,4427.275454974733
high_l70,high,70,qwen2.5-7b-instruct,Qwen--Qwen2.5-7B-Instruct,DistServe,DistServe-2A100,distserve_2a100,realistic_pcie,1,long_extra_23,217.4881499959156,4224.560389004182,5.625988997053355,223.11413899296895,4442.048539000098
high_l70,high,70,qwen2.5-7b-instruct,Qwen--Qwen2.5-7B-Instruct,DistServe,DistServe-2A100,distserve_2a100,realistic_pcie,1,long_extra_24,261.1803150502965,4215.809477958828,9.25738294608891,270.4376979963854,4476.989793009125
high_l70,high,70,qwen2.5-7b-instruct,Qwen--Qwen2.5-7B-Instruct,DistServe,DistServe-2A100,distserve_2a100,realistic_pcie,1,long_extra_25,213.57466699555516,4199.563647969626,7.38024601014331,220.95491300569847,4413.138314965181
high_l70,high,70,qwen2.5-7b-instruct,Qwen--Qwen2.5-7B-Instruct,DistServe,DistServe-2A100,distserve_2a100,realistic_pcie,1,mid_b,68.18045699037611,4168.913698988035,2.0031000021845102,70.18355699256063,4237.094155978411
high_l70,high,70,qwen2.5-7b-instruct,Qwen--Qwen2.5-7B-Instruct,DistServe,DistServe-2A100,distserve_2a100,realistic_pcie,1,short_a,68.16777598578483,4172.239986015484,1.6920050256885588,69.85978101147339,4240.407762001269
high_l70,high,70,qwen2.5-7b-instruct,Qwen--Qwen2.5-7B-Instruct,DistServe,DistServe-2A100,distserve_2a100,realistic_pcie,1,short_extra_00,68.47862602444366,4200.066853954922,2.3139789700508118,70.79260499449447,4268.545479979366
high_l70,high,70,qwen2.5-7b-instruct,Qwen--Qwen2.5-7B-Instruct,DistServe,DistServe-2A100,distserve_2a100,realistic_pcie,1,short_extra_01,68.63804796012118,4197.441482043359,2.374210045672953,71.01225800579414,4266.079530003481
high_l70,high,70,qwen2.5-7b-instruct,Qwen--Qwen2.5-7B-Instruct,DistServe,DistServe-2A100,distserve_2a100,realistic_pcie,1,short_extra_02,69.5831339689903,4189.0308480360545,1.7115880036726594,71.29472197266296,4258.613982005045
high_l70,high,70,qwen2.5-7b-instruct,Qwen--Qwen2.5-7B-Instruct,DistServe,DistServe-2A100,distserve_2a100,realistic_pcie,1,short_extra_03,68.67931899614632,4189.1550029977225,2.327311027329415,71.00663002347574,4257.834321993869
high_l70,high,70,qwen2.5-7b-instruct,Qwen--Qwen2.5-7B-Instruct,DistServe,DistServe-2A100,distserve_2a100,realistic_pcie,1,short_extra_04,69.40564297838137,4189.836774021387,0.669705041218549,70.07534801959991,4259.2424169997685
high_l70,high,70,qwen2.5-7b-instruct,Qwen--Qwen2.5-7B-Instruct,DistServe,DistServe-2A100,distserve_2a100,realistic_pcie,1,short_extra_05,69.4553770008497,4186.151879024692,2.0183270098641515,71.47370401071385,4255.607256025542
high_l70,high,70,qwen2.5-7b-instruct,Qwen--Qwen2.5-7B-Instruct,DistServe,DistServe-2A100,distserve_2a100,realistic_pcie,1,short_extra_06,69.33477701386437,4196.4184799580835,3.1266759615391493,72.46145297540352,4265.753256971948
high_l70,high,70,qwen2.5-7b-instruct,Qwen--Qwen2.5-7B-Instruct,DistServe,DistServe-2A100,distserve_2a100,realistic_pcie,1,short_extra_07,70.00620901817456,4216.421631979756,1.4842230011709034,71.49043201934546,4286.427840997931
high_l70,high,70,qwen2.5-7b-instruct,Qwen--Qwen2.5-7B-Instruct,DistServe,DistServe-2A100,distserve_2a100,realistic_pcie,1,short_extra_08,69.56229900242761,4212.199639005121,1.329307968262583,70.89160697069019,4281.761938007548
high_l70,high,70,qwen2.5-7b-instruct,Qwen--Qwen2.5-7B-Instruct,DistServe,DistServe-2A100,distserve_2a100,realistic_pcie,1,short_extra_09,69.2896560067311,4171.34406400146,2.606955007649958,71.89661101438105,4240.633720008191
high_l90,high,90,baichuan2-7b-chat,baichuan-inc--Baichuan2-7B-Chat,DistServe,DistServe-2A100,distserve_2a100,realistic_pcie,0,long_a,216.97815496008843,1010.9310030238703,15.795796922247973,216.87056799419224,1227.9091579839587
high_l90,high,90,baichuan2-7b-chat,baichuan-inc--Baichuan2-7B-Chat,DistServe,DistServe-2A100,distserve_2a100,realistic_pcie,0,long_b,267.1772700268775,4561.462384997867,71.27284976559167,265.25978499557823,4828.639655024745
high_l90,high,90,baichuan2-7b-chat,baichuan-inc--Baichuan2-7B-Chat,DistServe,DistServe-2A100,distserve_2a100,realistic_pcie,0,long_extra_00,280.11342795798555,1314.2766900127754,8.787185011897236,288.9006129698828,1594.390117970761
high_l90,high,90,baichuan2-7b-chat,baichuan-inc--Baichuan2-7B-Chat,DistServe,DistServe-2A100,distserve_2a100,realistic_pcie,0,long_extra_01,217.92897599516436,4576.188049977645,0.30979199800640345,218.23876799317077,4794.11702597281
high_l90,high,90,baichuan2-7b-chat,baichuan-inc--Baichuan2-7B-Chat,DistServe,DistServe-2A100,distserve_2a100,realistic_pcie,0,long_extra_02,266.4360809721984,0.01,0.00015625,265.21066698478535,265.21066698478535
high_l90,high,90,baichuan2-7b-chat,baichuan-inc--Baichuan2-7B-Chat,DistServe,DistServe-2A100,distserve_2a100,realistic_pcie,0,long_extra_03,255.94865798484534,4568.584960070439,6.488206039648503,262.43686402449384,4824.533618055284
high_l90,high,90,baichuan2-7b-chat,baichuan-inc--Baichuan2-7B-Chat,DistServe,DistServe-2A100,distserve_2a100,realistic_pcie,0,long_extra_04,277.54212298896164,4.96871501673013,4.96871501673013,282.51083800569177,282.51083800569177
high_l90,high,90,baichuan2-7b-chat,baichuan-inc--Baichuan2-7B-Chat,DistServe,DistServe-2A100,distserve_2a100,realistic_pcie,0,long_extra_05,211.3368749851361,4580.072549986653,5.3896940080448985,216.726568993181,4791.409424971789
high_l90,high,90,baichuan2-7b-chat,baichuan-inc--Baichuan2-7B-Chat,DistServe,DistServe-2A100,distserve_2a100,realistic_pcie,0,long_extra_06,224.5827949955128,2249.9661579495296,5.31572598265484,229.89852097816765,2474.5489529450424
high_l90,high,90,baichuan2-7b-chat,baichuan-inc--Baichuan2-7B-Chat,DistServe,DistServe-2A100,distserve_2a100,realistic_pcie,0,long_extra_07,214.66027002315968,4555.720344942529,71.18313038972701,213.1268130033277,4770.380614965688
high_l90,high,90,baichuan2-7b-chat,baichuan-inc--Baichuan2-7B-Chat,DistServe,DistServe-2A100,distserve_2a100,realistic_pcie,0,long_extra_08,249.15766896447167,725.5677780485712,3.35658504627645,252.51425401074812,974.7254470130429
high_l90,high,90,baichuan2-7b-chat,baichuan-inc--Baichuan2-7B-Chat,DistServe,DistServe-2A100,distserve_2a100,realistic_pcie,0,long_extra_09,218.6297259759158,4556.390523037408,71.1936019224595,212.68709399737418,4775.020249013323
high_l90,high,90,baichuan2-7b-chat,baichuan-inc--Baichuan2-7B-Chat,DistServe,DistServe-2A100,distserve_2a100,realistic_pcie,0,long_extra_10,221.12084401305765,1157.4819780071266,2.4945579934865236,223.61540200654417,1378.6028220201842
high_l90,high,90,baichuan2-7b-chat,baichuan-inc--Baichuan2-7B-Chat,DistServe,DistServe-2A100,distserve_2a100,realistic_pcie,0,long_extra_11,209.73251800751314,4571.063449024223,7.405309996102005,217.13782800361514,4780.795967031736
high_l90,high,90,baichuan2-7b-chat,baichuan-inc--Baichuan2-7B-Chat,DistServe,DistServe-2A100,distserve_2a100,realistic_pcie,0,long_extra_12,222.39889204502106,0.01,0.00015625,217.35925396205857,217.35925396205857
high_l90,high,90,baichuan2-7b-chat,baichuan-inc--Baichuan2-7B-Chat,DistServe,DistServe-2A100,distserve_2a100,realistic_pcie,0,long_extra_13,215.12293099658564,4587.629385991022,7.0346249849535525,222.1575559815392,4802.752316987608
high_l90,high,90,baichuan2-7b-chat,baichuan-inc--Baichuan2-7B-Chat,DistServe,DistServe-2A100,distserve_2a100,realistic_pcie,0,long_extra_14,262.8433789941482,2.2750539937987924,2.2750539937987924,265.118432987947,265.118432987947
high_l90,high,90,baichuan2-7b-chat,baichuan-inc--Baichuan2-7B-Chat,DistServe,DistServe-2A100,distserve_2a100,realistic_pcie,0,long_extra_15,214.42573302192613,4714.09953199327,8.924919995479286,223.35065301740542,4928.525265015196
high_l90,high,90,baichuan2-7b-chat,baichuan-inc--Baichuan2-7B-Chat,DistServe,DistServe-2A100,distserve_2a100,realistic_pcie,0,long_extra_16,275.78896400518715,6.973600946366787,6.973600946366787,282.76256495155394,282.76256495155394
high_l90,high,90,baichuan2-7b-chat,baichuan-inc--Baichuan2-7B-Chat,DistServe,DistServe-2A100,distserve_2a100,realistic_pcie,0,long_extra_17,216.9809119659476,4620.183501043357,0.25748502230271697,217.23839698825032,4837.164413009305
high_l90,high,90,baichuan2-7b-chat,baichuan-inc--Baichuan2-7B-Chat,DistServe,DistServe-2A100,distserve_2a100,realistic_pcie,0,long_extra_18,224.86668900819495,2486.008430016227,4.322919005062431,229.18960801325738,2710.875119024422
high_l90,high,90,baichuan2-7b-chat,baichuan-inc--Baichuan2-7B-Chat,DistServe,DistServe-2A100,distserve_2a100,realistic_pcie,0,long_extra_19,217.00591803528368,4555.530646932311,0.8862169343046844,217.89213496958837,4772.536564967595
high_l90,high,90,baichuan2-7b-chat,baichuan-inc--Baichuan2-7B-Chat,DistServe,DistServe-2A100,distserve_2a100,realistic_pcie,0,long_extra_20,221.33494494482875,873.8711680634879,7.353973051067442,228.6889179958962,1095.2061130083166
high_l90,high,90,baichuan2-7b-chat,baichuan-inc--Baichuan2-7B-Chat,DistServe,DistServe-2A100,distserve_2a100,realistic_pcie,0,long_extra_21,237.74717701599002,4567.887165991124,1.0989009751938283,238.84607799118385,4805.634343007114
high_l90,high,90,baichuan2-7b-chat,baichuan-inc--Baichuan2-7B-Chat,DistServe,DistServe-2A100,distserve_2a100,realistic_pcie,0,long_extra_22,221.4775210013613,0.01,0.00015625,217.6530919969082,217.6530919969082
high_l90,high,90,baichuan2-7b-chat,baichuan-inc--Baichuan2-7B-Chat,DistServe,DistServe-2A100,distserve_2a100,realistic_pcie,0,long_extra_23,211.101460037753,4565.72915596189,6.292516947723925,217.3939769854769,4776.830615999643
high_l90,high,90,baichuan2-7b-chat,baichuan-inc--Baichuan2-7B-Chat,DistServe,DistServe-2A100,distserve_2a100,realistic_pcie,0,long_extra_24,269.8121379944496,0.9004150051623583,0.9004150051623583,270.71255299961194,270.71255299961194
high_l90,high,90,baichuan2-7b-chat,baichuan-inc--Baichuan2-7B-Chat,DistServe,DistServe-2A100,distserve_2a100,realistic_pcie,0,long_extra_25,216.64756000973284,4567.158263002057,1.86001299880445,218.5075730085373,4783.8058230117895
high_l90,high,90,baichuan2-7b-chat,baichuan-inc--Baichuan2-7B-Chat,DistServe,DistServe-2A100,distserve_2a100,realistic_pcie,0,long_extra_26,220.10264004347846,3261.203594971448,5.733023921493441,225.8356639649719,3481.3062350149266
high_l90,high,90,baichuan2-7b-chat,baichuan-inc--Baichuan2-7B-Chat,DistServe,DistServe-2A100,distserve_2a100,realistic_pcie,0,long_extra_27,212.34649000689387,4557.441620971076,0.7099669892340899,213.05645699612796,4769.78811097797
high_l90,high,90,baichuan2-7b-chat,baichuan-inc--Baichuan2-7B-Chat,DistServe,DistServe-2A100,distserve_2a100,realistic_pcie,0,long_extra_28,217.0130690210499,512.6342519652098,4.816810949705541,221.82987997075543,729.6473209862597
high_l90,high,90,baichuan2-7b-chat,baichuan-inc--Baichuan2-7B-Chat,DistServe,DistServe-2A100,distserve_2a100,realistic_pcie,0,long_extra_29,211.96039201458916,4567.029981990345,6.512581021524966,218.47297303611413,4778.990374004934
high_l90,high,90,baichuan2-7b-chat,baichuan-inc--Baichuan2-7B-Chat,DistServe,DistServe-2A100,distserve_2a100,realistic_pcie,0,long_extra_30,220.95770499436185,813.0359670030884,8.543036004994065,229.5007409993559,1033.9936719974503
high_l90,high,90,baichuan2-7b-chat,baichuan-inc--Baichuan2-7B-Chat,DistServe,DistServe-2A100,distserve_2a100,realistic_pcie,0,long_extra_31,259.2488880036399,4569.215556024574,71.39399306288396,255.76089700916782,4828.464444028214
high_l90,high,90,baichuan2-7b-chat,baichuan-inc--Baichuan2-7B-Chat,DistServe,DistServe-2A100,distserve_2a100,realistic_pcie,0,long_extra_32,221.16135602118447,1670.1788599602878,5.582612939178944,226.74396896036342,1891.3402159814723
high_l90,high,90,baichuan2-7b-chat,baichuan-inc--Baichuan2-7B-Chat,DistServe,DistServe-2A100,distserve_2a100,realistic_pcie,0,long_extra_33,254.40862600225955,4622.9027809458785,8.04976699873805,262.4583930009976,4877.311406948138
high_l90,high,90,baichuan2-7b-chat,baichuan-inc--Baichuan2-7B-Chat,DistServe,DistServe-2A100,distserve_2a100,realistic_pcie,0,mid_b,76.21513097546995,4555.486175057013,0.4784420598298311,76.69357303529978,4631.7013060324825
high_l90,high,90,baichuan2-7b-chat,baichuan-inc--Baichuan2-7B-Chat,DistServe,DistServe-2A100,distserve_2a100,realistic_pcie,0,short_a,75.09255403419957,4536.591297015548,2.1765849669463933,77.26913900114596,4611.683851049747
high_l90,high,90,baichuan2-7b-chat,baichuan-inc--Baichuan2-7B-Chat,DistServe,DistServe-2A100,distserve_2a100,realistic_pcie,0,short_extra_00,81.90000703325495,4545.608140993863,71.02512720302911,75.8124710409902,4627.508148027118
high_l90,high,90,baichuan2-7b-chat,baichuan-inc--Baichuan2-7B-Chat,DistServe,DistServe-2A100,distserve_2a100,realistic_pcie,0,short_extra_01,75.48007904551923,4581.967326987069,3.3056740066967905,78.78575305221602,4657.447406032588
high_l90,high,90,baichuan2-7b-chat,baichuan-inc--Baichuan2-7B-Chat,DistServe,DistServe-2A100,distserve_2a100,realistic_pcie,1,long_a,217.13558095507324,1010.9649010119028,15.796326578310982,212.5734050059691,1228.100481966976
high_l90,high,90,baichuan2-7b-chat,baichuan-inc--Baichuan2-7B-Chat,DistServe,DistServe-2A100,distserve_2a100,realistic_pcie,1,long_b,268.3211920084432,4565.63222798286,0.5928799510002136,268.9140719594434,4833.953419991303
high_l90,high,90,baichuan2-7b-chat,baichuan-inc--Baichuan2-7B-Chat,DistServe,DistServe-2A100,distserve_2a100,realistic_pcie,1,long_extra_00,220.40572302648798,1309.8408399964683,3.7696489598602057,224.17537198634818,1530.2465630229563
high_l90,high,90,baichuan2-7b-chat,baichuan-inc--Baichuan2-7B-Chat,DistServe,DistServe-2A100,distserve_2a100,realistic_pcie,1,long_extra_01,218.47703302046284,4560.6727979611605,0.9362499695271254,219.41328298998997,4779.149830981623
high_l90,high,90,baichuan2-7b-chat,baichuan-inc--Baichuan2-7B-Chat,DistServe,DistServe-2A100,distserve_2a100,realistic_pcie,1,long_extra_02,264.5634100190364,0.01,0.00015625,264.16544802486897,264.16544802486897
high_l90,high,90,baichuan2-7b-chat,baichuan-inc--Baichuan2-7B-Chat,DistServe,DistServe-2A100,distserve_2a100,realistic_pcie,1,long_extra_03,255.99075196078047,4571.389043994714,6.103874009568244,262.0946259703487,4827.379795955494
high_l90,high,90,baichuan2-7b-chat,baichuan-inc--Baichuan2-7B-Chat,DistServe,DistServe-2A100,distserve_2a100,realistic_pcie,1,long_extra_04,278.5559770418331,1.1280629551038146,1.1280629551038146,279.6840399969369,279.6840399969369
high_l90,high,90,baichuan2-7b-chat,baichuan-inc--Baichuan2-7B-Chat,DistServe,DistServe-2A100,distserve_2a100,realistic_pcie,1,long_extra_05,211.21614304138348,4558.997122978326,6.158851960208267,217.37499500159174,4770.213266019709
high_l90,high,90,baichuan2-7b-chat,baichuan-inc--Baichuan2-7B-Chat,DistServe,DistServe-2A100,distserve_2a100,realistic_pcie,1,long_extra_06,224.53228099038824,799.8130370397121,3.296302049420774,227.82858303980902,1024.3453180301003
high_l90,high,90,baichuan2-7b-chat,baichuan-inc--Baichuan2-7B-Chat,DistServe,DistServe-2A100,distserve_2a100,realistic_pcie,1,long_extra_07,216.51490696240216,4551.2934569851495,71.11396026539296,211.37606899719685,4767.808363947552
high_l90,high,90,baichuan2-7b-chat,baichuan-inc--Baichuan2-7B-Chat,DistServe,DistServe-2A100,distserve_2a100,realistic_pcie,1,long_extra_08,254.09763597417623,721.2619310012087,11.269717671893886,252.4981699534692,975.359566975385
high_l90,high,90,baichuan2-7b-chat,baichuan-inc--Baichuan2-7B-Chat,DistServe,DistServe-2A100,distserve_2a100,realistic_pcie,1,long_extra_09,218.55645201867446,4571.914751955774,71.43616799930896,215.0282539660111,4790.471203974448
high_l90,high,90,baichuan2-7b-chat,baichuan-inc--Baichuan2-7B-Chat,DistServe,DistServe-2A100,distserve_2a100,realistic_pcie,1,long_extra_10,219.9044749722816,1156.6559240454808,1.5558190061710775,221.46029397845268,1376.5603990177624
high_l90,high,90,baichuan2-7b-chat,baichuan-inc--Baichuan2-7B-Chat,DistServe,DistServe-2A100,distserve_2a100,realistic_pcie,1,long_extra_11,212.4952309532091,4559.973798051942,3.706716001033783,216.20194695424289,4772.469029005151
high_l90,high,90,baichuan2-7b-chat,baichuan-inc--Baichuan2-7B-Chat,DistServe,DistServe-2A100,distserve_2a100,realistic_pcie,1,long_extra_12,218.45073602162302,1.7901939572766423,1.7901939572766423,220.24092997889966,220.24092997889966
high_l90,high,90,baichuan2-7b-chat,baichuan-inc--Baichuan2-7B-Chat,DistServe,DistServe-2A100,distserve_2a100,realistic_pcie,1,long_extra_13,214.46770697366446,4557.199274015147,8.297141001094133,222.7648479747586,4771.666980988812
high_l90,high,90,baichuan2-7b-chat,baichuan-inc--Baichuan2-7B-Chat,DistServe,DistServe-2A100,distserve_2a100,realistic_pcie,1,long_extra_14,267.7922699949704,0.01,0.00015625,265.18483500694856,265.18483500694856
high_l90,high,90,baichuan2-7b-chat,baichuan-inc--Baichuan2-7B-Chat,DistServe,DistServe-2A100,distserve_2a100,realistic_pcie,1,long_extra_15,215.92392696766183,4574.987510044593,7.859149074647576,223.7830760423094,4790.911437012255
high_l90,high,90,baichuan2-7b-chat,baichuan-inc--Baichuan2-7B-Chat,DistServe,DistServe-2A100,distserve_2a100,realistic_pcie,1,long_extra_16,278.7373220198788,3.579440002795309,3.579440002795309,282.3167620226741,282.3167620226741
high_l90,high,90,baichuan2-7b-chat,baichuan-inc--Baichuan2-7B-Chat,DistServe,DistServe-2A100,distserve_2a100,realistic_pcie,1,long_extra_17,210.19236400024965,4575.120569963474,7.802017964422703,217.99438196467236,4785.3129339637235
high_l90,high,90,baichuan2-7b-chat,baichuan-inc--Baichuan2-7B-Chat,DistServe,DistServe-2A100,distserve_2a100,realistic_pcie,1,long_extra_18,225.14534200308844,798.5880359774455,3.2536759972572327,228.39901800034568,1023.733377980534
high_l90,high,90,baichuan2-7b-chat,baichuan-inc--Baichuan2-7B-Chat,DistServe,DistServe-2A100,distserve_2a100,realistic_pcie,1,long_extra_19,216.29609999945387,4556.70331598958,71.19848931233719,215.77770303701982,4772.999415989034
high_l90,high,90,baichuan2-7b-chat,baichuan-inc--Baichuan2-7B-Chat,DistServe,DistServe-2A100,distserve_2a100,realistic_pcie,1,long_extra_20,222.84706495702267,1666.0685010720044,3.551841014996171,226.39890597201884,1888.915566029027
high_l90,high,90,baichuan2-7b-chat,baichuan-inc--Baichuan2-7B-Chat,DistServe,DistServe-2A100,distserve_2a100,realistic_pcie,1,long_extra_21,238.74541302211583,4546.118707978167,71.03310481215885,238.3078399579972,4784.8641210002825
high_l90,high,90,baichuan2-7b-chat,baichuan-inc--Baichuan2-7B-Chat,DistServe,DistServe-2A100,distserve_2a100,realistic_pcie,1,long_extra_22,219.60236498853192,3.466984024271369,3.466984024271369,223.0693490128033,223.0693490128033
high_l90,high,90,baichuan2-7b-chat,baichuan-inc--Baichuan2-7B-Chat,DistServe,DistServe-2A100,distserve_2a100,realistic_pcie,1,long_extra_23,211.50255401153117,4557.396921038162,6.79728202521801,218.29983603674918,4768.899475049693
high_l90,high,90,baichuan2-7b-chat,baichuan-inc--Baichuan2-7B-Chat,DistServe,DistServe-2A100,distserve_2a100,realistic_pcie,1,long_extra_24,265.0401199935004,0.05426001735031605,0.05426001735031605,265.0943800108507,265.0943800108507
high_l90,high,90,baichuan2-7b-chat,baichuan-inc--Baichuan2-7B-Chat,DistServe,DistServe-2A100,distserve_2a100,realistic_pcie,1,long_extra_25,215.04139504395425,4579.184599977452,71.54975937464769,214.05817702179775,4794.225995021407
high_l90,high,90,baichuan2-7b-chat,baichuan-inc--Baichuan2-7B-Chat,DistServe,DistServe-2A100,distserve_2a100,realistic_pcie,1,long_extra_26,224.40108697628602,3260.749612993095,2.1973580005578697,226.5984449768439,3485.150699969381
high_l90,high,90,baichuan2-7b-chat,baichuan-inc--Baichuan2-7B-Chat,DistServe,DistServe-2A100,distserve_2a100,realistic_pcie,1,long_extra_27,214.51109799090773,4547.614581009839,71.05647782827873,210.5437540449202,4762.1256790007465
high_l90,high,90,baichuan2-7b-chat,baichuan-inc--Baichuan2-7B-Chat,DistServe,DistServe-2A100,distserve_2a100,realistic_pcie,1,long_extra_28,218.56332902098075,511.93033799063414,2.9022989911027253,221.46562801208347,730.4936670116149
high_l90,high,90,baichuan2-7b-chat,baichuan-inc--Baichuan2-7B-Chat,DistServe,DistServe-2A100,distserve_2a100,realistic_pcie,1,long_extra_29,212.89676101878285,4586.082769033965,6.329453026410192,219.22621404519305,4798.979530052748
high_l90,high,90,baichuan2-7b-chat,baichuan-inc--Baichuan2-7B-Chat,DistServe,DistServe-2A100,distserve_2a100,realistic_pcie,1,long_extra_30,224.2021820275113,2249.790347996168,4.695641982834786,228.89782401034608,2473.992530023679
high_l90,high,90,baichuan2-7b-chat,baichuan-inc--Baichuan2-7B-Chat,DistServe,DistServe-2A100,distserve_2a100,realistic_pcie,1,long_extra_31,258.57221003388986,4563.295463973191,71.3014916245811,257.48329696943983,4821.8676740070805
high_l90,high,90,baichuan2-7b-chat,baichuan-inc--Baichuan2-7B-Chat,DistServe,DistServe-2A100,distserve_2a100,realistic_pcie,1,long_extra_32,220.7906530238688,1671.9511739793234,5.568840017076582,226.35949304094538,1892.7418270031922
high_l90,high,90,baichuan2-7b-chat,baichuan-inc--Baichuan2-7B-Chat,DistServe,DistServe-2A100,distserve_2a100,realistic_pcie,1,long_extra_33,255.13497600331903,4564.8740750039,5.9912370052188635,261.1262130085379,4820.009051007219
high_l90,high,90,baichuan2-7b-chat,baichuan-inc--Baichuan2-7B-Chat,DistServe,DistServe-2A100,distserve_2a100,realistic_pcie,1,mid_b,75.69123001303524,4540.519614994992,0.5867420113645494,76.27797202439979,4616.210845008027
high_l90,high,90,baichuan2-7b-chat,baichuan-inc--Baichuan2-7B-Chat,DistServe,DistServe-2A100,distserve_2a100,realistic_pcie,1,short_a,75.04192396299914,4538.900558021851,1.9511760328896344,76.99309999588877,4613.94248198485
high_l90,high,90,baichuan2-7b-chat,baichuan-inc--Baichuan2-7B-Chat,DistServe,DistServe-2A100,distserve_2a100,realistic_pcie,1,short_extra_00,77.70254701608792,4552.161785017233,71.12752789089427,76.18856301996857,4629.864332033321
high_l90,high,90,baichuan2-7b-chat,baichuan-inc--Baichuan2-7B-Chat,DistServe,DistServe-2A100,distserve_2a100,realistic_pcie,1,short_extra_01,76.92487398162484,4571.823393984232,71.43474053100363,76.78079098695889,4648.748267965857
high_l90,high,90,gemma-2-9b-it,google--gemma-2-9b-it,DistServe,DistServe-2A100,distserve_2a100,realistic_pcie,0,long_a,313.1934229750186,1928.0609920388088,6.7514340043999255,319.94485697941855,2241.2544150138274
high_l90,high,90,gemma-2-9b-it,google--gemma-2-9b-it,DistServe,DistServe-2A100,distserve_2a100,realistic_pcie,0,long_b,360.7647540047765,7580.553564999718,8.053029014263302,368.8177830190398,7941.318319004495
high_l90,high,90,gemma-2-9b-it,google--gemma-2-9b-it,DistServe,DistServe-2A100,distserve_2a100,realistic_pcie,0,long_extra_00,436.1083160038106,1312.2813739464618,0.8348989649675786,436.9432149687782,1748.3896899502724
high_l90,high,90,gemma-2-9b-it,google--gemma-2-9b-it,DistServe,DistServe-2A100,distserve_2a100,realistic_pcie,0,long_extra_01,321.62381696980447,7551.188990008086,5.454981001093984,327.07879797089845,7872.81280697789
high_l90,high,90,gemma-2-9b-it,google--gemma-2-9b-it,DistServe,DistServe-2A100,distserve_2a100,realistic_pcie,0,long_extra_02,336.830408021342,7540.440503973514,7.923924014903605,344.7543320362456,7877.270911994856
high_l90,high,90,gemma-2-9b-it,google--gemma-2-9b-it,DistServe,DistServe-2A100,distserve_2a100,realistic_pcie,0,long_extra_03,336.6558499983512,7568.055957031902,9.034348011482507,345.6901980098337,7904.711807030253
high_l90,high,90,gemma-2-9b-it,google--gemma-2-9b-it,DistServe,DistServe-2A100,distserve_2a100,realistic_pcie,0,long_extra_04,357.76262602303177,7563.264933007304,10.880715970415622,368.6433419934474,7921.027559030335
high_l90,high,90,gemma-2-9b-it,google--gemma-2-9b-it,DistServe,DistServe-2A100,distserve_2a100,realistic_pcie,0,long_extra_05,312.3368739616126,7532.959669013508,8.258160029072315,320.5950339906849,7845.29654297512
high_l90,high,90,gemma-2-9b-it,google--gemma-2-9b-it,DistServe,DistServe-2A100,distserve_2a100,realistic_pcie,0,long_extra_06,318.1122610112652,248.03276697639376,6.231889012269676,324.3441500235349,566.145027987659
high_l90,high,90,gemma-2-9b-it,google--gemma-2-9b-it,DistServe,DistServe-2A100,distserve_2a100,realistic_pcie,0,long_extra_07,318.87577701127157,7542.040971980896,117.8443901872015,317.44868704117835,7860.916748992167
high_l90,high,90,gemma-2-9b-it,google--gemma-2-9b-it,DistServe,DistServe-2A100,distserve_2a100,realistic_pcie,0,long_extra_08,328.3333519939333,1076.499001996126,0.0054810079745948315,328.3388330019079,1404.8323539900593
high_l90,high,90,gemma-2-9b-it,google--gemma-2-9b-it,DistServe,DistServe-2A100,distserve_2a100,realistic_pcie,0,long_extra_09,318.9148120000027,7537.007617997006,4.736618022434413,323.6514300224371,7855.922429997008
high_l90,high,90,gemma-2-9b-it,google--gemma-2-9b-it,DistServe,DistServe-2A100,distserve_2a100,realistic_pcie,0,long_extra_10,320.48127905,7569.379741966259,11.031018919311464,331.5122979693115,7889.861021016259
high_l90,high,90,gemma-2-9b-it,google--gemma-2-9b-it,DistServe,DistServe-2A100,distserve_2a100,realistic_pcie,0,long_extra_11,313.63191799027845,7542.64656099258,8.801641000900418,322.43355899117887,7856.278478982858
high_l90,high,90,gemma-2-9b-it,google--gemma-2-9b-it,DistServe,DistServe-2A100,distserve_2a100,realistic_pcie,0,long_extra_12,321.9918469549157,3225.921306060627,1.2670190772041678,323.25886603211984,3547.913153015543
high_l90,high,90,gemma-2-9b-it,google--gemma-2-9b-it,DistServe,DistServe-2A100,distserve_2a100,realistic_pcie,0,long_extra_13,319.9796170229092,7528.359996969812,3.0659689800813794,323.0455860029906,7848.339613992721
high_l90,high,90,gemma-2-9b-it,google--gemma-2-9b-it,DistServe,DistServe-2A100,distserve_2a100,realistic_pcie,0,long_extra_14,334.73708998644724,7574.95017000474,8.968050009571016,343.70513999601826,7909.687259991188
high_l90,high,90,gemma-2-9b-it,google--gemma-2-9b-it,DistServe,DistServe-2A100,distserve_2a100,realistic_pcie,0,long_extra_15,319.08249598927796,7567.614750005305,9.156588988844305,328.23908497812226,7886.697245994583
high_l90,high,90,gemma-2-9b-it,google--gemma-2-9b-it,DistServe,DistServe-2A100,distserve_2a100,realistic_pcie,0,long_extra_16,359.7059259773232,7531.015701999422,8.125970023684204,367.8318960010074,7890.721627976745
high_l90,high,90,gemma-2-9b-it,google--gemma-2-9b-it,DistServe,DistServe-2A100,distserve_2a100,realistic_pcie,0,long_extra_17,316.7782269883901,7522.757708036806,7.721244997810572,324.49947198620066,7839.5359350251965
high_l90,high,90,gemma-2-9b-it,google--gemma-2-9b-it,DistServe,DistServe-2A100,distserve_2a100,realistic_pcie,0,long_extra_18,315.75858301948756,244.94538496946916,5.235250981058925,320.9938340005465,560.7039679889567
high_l90,high,90,gemma-2-9b-it,google--gemma-2-9b-it,DistServe,DistServe-2A100,distserve_2a100,realistic_pcie,0,long_extra_19,318.58625798486173,7561.148444015998,4.969348025042564,323.5556060099043,7879.73470200086
high_l90,high,90,gemma-2-9b-it,google--gemma-2-9b-it,DistServe,DistServe-2A100,distserve_2a100,realistic_pcie,0,long_extra_20,317.04719399567693,2986.967762000859,9.935417037922889,326.9826110335998,3304.0149559965357
high_l90,high,90,gemma-2-9b-it,google--gemma-2-9b-it,DistServe,DistServe-2A100,distserve_2a100,realistic_pcie,0,long_extra_21,317.57976597873494,7512.440121965483,2.679309982340783,320.2590759610757,7830.019887944218
high_l90,high,90,gemma-2-9b-it,google--gemma-2-9b-it,DistServe,DistServe-2A100,distserve_2a100,realistic_pcie,0,long_extra_22,315.77034201473,7569.17724799132,1.4919599634595215,317.2623019781895,7884.94759000605
high_l90,high,90,gemma-2-9b-it,google--gemma-2-9b-it,DistServe,DistServe-2A100,distserve_2a100,realistic_pcie,0,long_extra_23,319.65555797796696,7548.306982032955,10.761841025669128,330.4173990036361,7867.962540010922
high_l90,high,90,gemma-2-9b-it,google--gemma-2-9b-it,DistServe,DistServe-2A100,distserve_2a100,realistic_pcie,0,long_extra_24,338.93628796795383,7530.060639081057,7.17847904888913,346.11476701684296,7868.996927049011
high_l90,high,90,gemma-2-9b-it,google--gemma-2-9b-it,DistServe,DistServe-2A100,distserve_2a100,realistic_pcie,0,long_extra_25,315.17364201135933,7511.449652956799,5.133164988365024,320.30680699972436,7826.623294968158
high_l90,high,90,gemma-2-9b-it,google--gemma-2-9b-it,DistServe,DistServe-2A100,distserve_2a100,realistic_pcie,0,long_extra_26,317.0269120018929,7534.928586042952,5.13373501598835,322.1606470178813,7851.955498044845
high_l90,high,90,gemma-2-9b-it,google--gemma-2-9b-it,DistServe,DistServe-2A100,distserve_2a100,realistic_pcie,0,long_extra_27,314.6043599699624,7566.872324037831,2.6874980540014803,317.29185802396387,7881.476684007794
high_l90,high,90,gemma-2-9b-it,google--gemma-2-9b-it,DistServe,DistServe-2A100,distserve_2a100,realistic_pcie,0,long_extra_28,314.6578589803539,1203.1015679822303,8.42877198010683,323.08663096046075,1517.7594269625843
high_l90,high,90,gemma-2-9b-it,google--gemma-2-9b-it,DistServe,DistServe-2A100,distserve_2a100,realistic_pcie,0,long_extra_29,319.9585590045899,7539.979488006793,5.922726006247103,325.881285010837,7859.938047011383
high_l90,high,90,gemma-2-9b-it,google--gemma-2-9b-it,DistServe,DistServe-2A100,distserve_2a100,realistic_pcie,0,long_extra_30,314.4058220204897,1326.3246410060674,5.475694953929633,319.88151697441936,1640.7304630265571
high_l90,high,90,gemma-2-9b-it,google--gemma-2-9b-it,DistServe,DistServe-2A100,distserve_2a100,realistic_pcie,0,long_extra_31,342.6363189937547,7548.292718012817,4.889765055850148,347.52608404960483,7890.929037006572
high_l90,high,90,gemma-2-9b-it,google--gemma-2-9b-it,DistServe,DistServe-2A100,distserve_2a100,realistic_pcie,0,long_extra_32,317.2592689516023,2998.8252710318193,9.90263803396374,327.161906985566,3316.0845399834216
high_l90,high,90,gemma-2-9b-it,google--gemma-2-9b-it,DistServe,DistServe-2A100,distserve_2a100,realistic_pcie,0,long_extra_33,340.1789119816385,7518.900687049609,8.054354053456336,348.23326603509486,7859.079599031247
high_l90,high,90,gemma-2-9b-it,google--gemma-2-9b-it,DistServe,DistServe-2A100,distserve_2a100,realistic_pcie,0,mid_b,129.23653202597052,7532.601530954707,117.6968989211673,128.4965189988725,7661.838062980678
high_l90,high,90,gemma-2-9b-it,google--gemma-2-9b-it,DistServe,DistServe-2A100,distserve_2a100,realistic_pcie,0,short_a,128.63342196214944,7527.883018075954,1.7530610784888268,130.38648304063827,7656.516440038104
high_l90,high,90,gemma-2-9b-it,google--gemma-2-9b-it,DistServe,DistServe-2A100,distserve_2a100,realistic_pcie,0,short_extra_00,129.00796200847253,7544.711727998219,117.88612074997218,126.57261203275993,7673.719690006692
high_l90,high,90,gemma-2-9b-it,google--gemma-2-9b-it,DistServe,DistServe-2A100,distserve_2a100,realistic_pcie,0,short_extra_01,127.02326104044914,7509.98421991244,1.2148209498263896,128.23808199027553,7637.007480952889
high_l90,high,90,gemma-2-9b-it,google--gemma-2-9b-it,DistServe,DistServe-2A100,distserve_2a100,realistic_pcie,1,long_a,311.654934019316,1925.060510984622,10.641722939908504,322.2966569592245,2236.715445003938
high_l90,high,90,gemma-2-9b-it,google--gemma-2-9b-it,DistServe,DistServe-2A100,distserve_2a100,realistic_pcie,1,long_b,360.5266580125317,7560.371523024514,6.736089009791613,367.2627470223233,7920.898181037046
high_l90,high,90,gemma-2-9b-it,google--gemma-2-9b-it,DistServe,DistServe-2A100,distserve_2a100,realistic_pcie,1,long_extra_00,317.0122270239517,1328.0145119642839,11.25069399131462,328.26292101526633,1645.0267389882356
high_l90,high,90,gemma-2-9b-it,google--gemma-2-9b-it,DistServe,DistServe-2A100,distserve_2a100,realistic_pcie,1,long_extra_01,324.53791197622195,7679.505815031007,3.651311038993299,328.18922301521525,8004.043727007229
high_l90,high,90,gemma-2-9b-it,google--gemma-2-9b-it,DistServe,DistServe-2A100,distserve_2a100,realistic_pcie,1,long_extra_02,337.24144200095907,7652.250207029283,8.374070981517434,345.6155129824765,7989.491649030242
high_l90,high,90,gemma-2-9b-it,google--gemma-2-9b-it,DistServe,DistServe-2A100,distserve_2a100,realistic_pcie,1,long_extra_03,339.80027900543064,7534.415862988681,5.01942599657923,344.81970500200987,7874.216141994111
high_l90,high,90,gemma-2-9b-it,google--gemma-2-9b-it,DistServe,DistServe-2A100,distserve_2a100,realistic_pcie,1,long_extra_04,362.30917600914836,7665.849175013136,6.746756029315293,369.05593203846365,8028.1583510222845
high_l90,high,90,gemma-2-9b-it,google--gemma-2-9b-it,DistServe,DistServe-2A100,distserve_2a100,realistic_pcie,1,long_extra_05,315.49102696590126,7544.375199009664,6.787445046938956,322.2784720128402,7859.866225975566
high_l90,high,90,gemma-2-9b-it,google--gemma-2-9b-it,DistServe,DistServe-2A100,distserve_2a100,realistic_pcie,1,long_extra_06,319.3599189980887,1322.2875850042328,0.11317204916849732,319.4730910472572,1641.6475040023215
high_l90,high,90,gemma-2-9b-it,google--gemma-2-9b-it,DistServe,DistServe-2A100,distserve_2a100,realistic_pcie,1,long_extra_07,320.64502499997616,7556.670249032322,118.07297264113004,315.78827201155946,7877.3152740322985
high_l90,high,90,gemma-2-9b-it,google--gemma-2-9b-it,DistServe,DistServe-2A100,distserve_2a100,realistic_pcie,1,long_extra_08,322.16890895506367,1077.8026890475303,3.5838670446537435,325.7527759997174,1399.971598002594
high_l90,high,90,gemma-2-9b-it,google--gemma-2-9b-it,DistServe,DistServe-2A100,distserve_2a100,realistic_pcie,1,long_extra_09,318.25507496250793,7691.817193001043,11.010418005753309,329.26549296826124,8010.072267963551
high_l90,high,90,gemma-2-9b-it,google--gemma-2-9b-it,DistServe,DistServe-2A100,distserve_2a100,realistic_pcie,1,long_extra_10,318.38533404516056,7686.7261459701695,11.708244972396642,330.0935790175572,8005.11148001533
high_l90,high,90,gemma-2-9b-it,google--gemma-2-9b-it,DistServe,DistServe-2A100,distserve_2a100,realistic_pcie,1,long_extra_11,316.2743329885416,7668.1285229860805,8.339390973560512,324.6137239621021,7984.402855974622
high_l90,high,90,gemma-2-9b-it,google--gemma-2-9b-it,DistServe,DistServe-2A100,distserve_2a100,realistic_pcie,1,long_extra_12,319.08171402756125,3222.476133960299,1.632261963095516,320.71397599065676,3541.5578479878604
high_l90,high,90,gemma-2-9b-it,google--gemma-2-9b-it,DistServe,DistServe-2A100,distserve_2a100,realistic_pcie,1,long_extra_13,319.3493179860525,7572.236836014781,4.588306008372456,323.93762399442494,7891.586154000834
high_l90,high,90,gemma-2-9b-it,google--gemma-2-9b-it,DistServe,DistServe-2A100,distserve_2a100,realistic_pcie,1,long_extra_14,338.60472694505006,7558.966467098799,4.384514060802758,342.9892410058528,7897.571194043849
high_l90,high,90,gemma-2-9b-it,google--gemma-2-9b-it,DistServe,DistServe-2A100,distserve_2a100,realistic_pcie,1,long_extra_15,319.92543797241524,7524.613143061288,7.960459042806178,327.8858970152214,7844.538581033703
high_l90,high,90,gemma-2-9b-it,google--gemma-2-9b-it,DistServe,DistServe-2A100,distserve_2a100,realistic_pcie,1,long_extra_16,359.83054200187325,7602.874033967964,8.213880006223917,368.0444220080972,7962.704575969838
high_l90,high,90,gemma-2-9b-it,google--gemma-2-9b-it,DistServe,DistServe-2A100,distserve_2a100,realistic_pcie,1,long_extra_17,312.9067789996043,7606.509668985382,9.194643993396312,322.1014229930006,7919.416447984986
high_l90,high,90,gemma-2-9b-it,google--gemma-2-9b-it,DistServe,DistServe-2A100,distserve_2a100,realistic_pcie,1,long_extra_18,319.1575859673321,1340.4792140354402,4.208385071251541,323.36597103858367,1659.6368000027724
high_l90,high,90,gemma-2-9b-it,google--gemma-2-9b-it,DistServe,DistServe-2A100,distserve_2a100,realistic_pcie,1,long_extra_19,320.6668620114215,7674.2485169670545,2.257535990793258,322.92439800221473,7994.915378978476
high_l90,high,90,gemma-2-9b-it,google--gemma-2-9b-it,DistServe,DistServe-2A100,distserve_2a100,realistic_pcie,1,long_extra_20,317.52505199983716,3075.547884043772,13.02728900918737,330.55234100902453,3393.072936043609
high_l90,high,90,gemma-2-9b-it,google--gemma-2-9b-it,DistServe,DistServe-2A100,distserve_2a100,realistic_pcie,1,long_extra_21,317.5290190265514,7651.217663951684,1.2419589911587536,318.77097801771015,7968.746682978235
high_l90,high,90,gemma-2-9b-it,google--gemma-2-9b-it,DistServe,DistServe-2A100,distserve_2a100,realistic_pcie,1,long_extra_22,315.64873800380155,7659.440988965798,3.280529985204339,318.9292679890059,7975.0897269696
high_l90,high,90,gemma-2-9b-it,google--gemma-2-9b-it,DistServe,DistServe-2A100,distserve_2a100,realistic_pcie,1,long_extra_23,321.9105849857442,7668.217849044595,11.504277063068002,333.4148620488122,7990.128434030339
high_l90,high,90,gemma-2-9b-it,google--gemma-2-9b-it,DistServe,DistServe-2A100,distserve_2a100,realistic_pcie,1,long_extra_24,341.6359330294654,7667.087095964234,5.215340002905577,346.85127303237095,8008.7230289937
high_l90,high,90,gemma-2-9b-it,google--gemma-2-9b-it,DistServe,DistServe-2A100,distserve_2a100,realistic_pcie,1,long_extra_25,318.49296297878027,7578.433356015012,1.608877966646105,320.1018409454264,7896.926318993792
high_l90,high,90,gemma-2-9b-it,google--gemma-2-9b-it,DistServe,DistServe-2A100,distserve_2a100,realistic_pcie,1,long_extra_26,318.24984500417486,7663.190723978914,7.5141399865970016,325.76398499077186,7981.440568983089
high_l90,high,90,gemma-2-9b-it,google--gemma-2-9b-it,DistServe,DistServe-2A100,distserve_2a100,realistic_pcie,1,long_extra_27,317.071663972456,7653.300361998845,3.951310005504638,321.02297397796065,7970.372025971301
high_l90,high,90,gemma-2-9b-it,google--gemma-2-9b-it,DistServe,DistServe-2A100,distserve_2a100,realistic_pcie,1,long_extra_28,314.7554390016012,1225.3423919901252,9.905888000503182,324.6613270021044,1540.0978309917264
high_l90,high,90,gemma-2-9b-it,google--gemma-2-9b-it,DistServe,DistServe-2A100,distserve_2a100,realistic_pcie,1,long_extra_29,316.7650229879655,7648.754262016155,13.285972992889583,330.0509959808551,7965.51928500412
high_l90,high,90,gemma-2-9b-it,google--gemma-2-9b-it,DistServe,DistServe-2A100,distserve_2a100,realistic_pcie,1,long_extra_30,316.1244369694032,252.4571000249125,7.840654987376183,323.96509195677936,568.5815369943157
high_l90,high,90,gemma-2-9b-it,google--gemma-2-9b-it,DistServe,DistServe-2A100,distserve_2a100,realistic_pcie,1,long_extra_31,347.45389298768714,7646.051843999885,119.4695600624982,346.5537920128554,7993.505736987572
high_l90,high,90,gemma-2-9b-it,google--gemma-2-9b-it,DistServe,DistServe-2A100,distserve_2a100,realistic_pcie,1,long_extra_32,318.45839001471177,2989.3425710033625,6.874781975056976,325.33317198976874,3307.8009610180743
high_l90,high,90,gemma-2-9b-it,google--gemma-2-9b-it,DistServe,DistServe-2A100,distserve_2a100,realistic_pcie,1,long_extra_33,340.27280000736937,7587.671332992613,8.89454601565376,349.16734602302313,7927.944132999983
high_l90,high,90,gemma-2-9b-it,google--gemma-2-9b-it,DistServe,DistServe-2A100,distserve_2a100,realistic_pcie,1,mid_b,126.76080100936815,7540.131048008334,1.735443016514182,128.49624402588233,7666.891849017702
high_l90,high,90,gemma-2-9b-it,google--gemma-2-9b-it,DistServe,DistServe-2A100,distserve_2a100,realistic_pcie,1,short_a,126.99170899577439,7562.234440003522,5.486503010615706,132.4782120063901,7689.226148999296
high_l90,high,90,gemma-2-9b-it,google--gemma-2-9b-it,DistServe,DistServe-2A100,distserve_2a100,realistic_pcie,1,short_extra_00,127.75416299700737,7533.397229970433,117.70933171828801,126.57222797861323,7661.15139296744
high_l90,high,90,gemma-2-9b-it,google--gemma-2-9b-it,DistServe,DistServe-2A100,distserve_2a100,realistic_pcie,1,short_extra_01,127.45896400883794,7540.1174139697105,1.4144809683784842,128.87344497721642,7667.576377978548
high_l90,high,90,gemma-7b-it,google--gemma-7b-it,DistServe,DistServe-2A100,distserve_2a100,realistic_pcie,0,long_a,311.83255097130314,5329.532907984685,83.2739516872607,311.7510610027239,5641.365458955988
high_l90,high,90,gemma-7b-it,google--gemma-7b-it,DistServe,DistServe-2A100,distserve_2a100,realistic_pcie,0,long_b,360.93474604422227,5338.332044950221,83.4114382023472,356.84600699460134,5699.266790994443
high_l90,high,90,gemma-7b-it,google--gemma-7b-it,DistServe,DistServe-2A100,distserve_2a100,realistic_pcie,0,long_extra_00,437.84408597275615,5289.184149063658,10.028296033851802,447.87238200660795,5727.028235036414
high_l90,high,90,gemma-7b-it,google--gemma-7b-it,DistServe,DistServe-2A100,distserve_2a100,realistic_pcie,0,long_extra_01,357.5891299988143,5339.301305997651,0.5781299551017582,358.1672599539161,5696.890435996465
high_l90,high,90,gemma-7b-it,google--gemma-7b-it,DistServe,DistServe-2A100,distserve_2a100,realistic_pcie,0,long_extra_02,350.8585020317696,5300.293848966248,82.81709139009763,350.55037500569597,5651.152350998018
high_l90,high,90,gemma-7b-it,google--gemma-7b-it,DistServe,DistServe-2A100,distserve_2a100,realistic_pcie,0,long_extra_03,356.98149498784915,5319.475997996051,83.1168124686883,356.9317299989052,5676.4574929839
high_l90,high,90,gemma-7b-it,google--gemma-7b-it,DistServe,DistServe-2A100,distserve_2a100,realistic_pcie,0,long_extra_04,345.94127599848434,5309.626092959661,5.516277975402772,351.4575539738871,5655.567368958145
high_l90,high,90,gemma-7b-it,google--gemma-7b-it,DistServe,DistServe-2A100,distserve_2a100,realistic_pcie,0,long_extra_05,310.57956896256655,5321.668602060527,4.701511061284691,315.28108002385125,5632.248171023093
high_l90,high,90,gemma-7b-it,google--gemma-7b-it,DistServe,DistServe-2A100,distserve_2a100,realistic_pcie,0,long_extra_06,336.7152150021866,5330.386321002152,4.1195700177922845,340.8347850199789,5667.101536004338
high_l90,high,90,gemma-7b-it,google--gemma-7b-it,DistServe,DistServe-2A100,distserve_2a100,realistic_pcie,0,long_extra_07,321.3348109857179,5296.4107930311,82.75641864111094,312.8930000239052,5617.745604016818
high_l90,high,90,gemma-7b-it,google--gemma-7b-it,DistServe,DistServe-2A100,distserve_2a100,realistic_pcie,0,long_extra_08,361.51631199754775,5302.513030008413,82.85176609388145,357.8855110099539,5664.029342005961
high_l90,high,90,gemma-7b-it,google--gemma-7b-it,DistServe,DistServe-2A100,distserve_2a100,realistic_pcie,0,long_extra_09,342.19967504031956,5322.676579002291,0.8980089914985001,343.09768403181806,5664.8762540426105
high_l90,high,90,gemma-7b-it,google--gemma-7b-it,DistServe,DistServe-2A100,distserve_2a100,realistic_pcie,0,long_extra_10,349.76069000549614,5313.28951701289,83.02014870332641,349.19200802687556,5663.050207018387
high_l90,high,90,gemma-7b-it,google--gemma-7b-it,DistServe,DistServe-2A100,distserve_2a100,realistic_pcie,0,long_extra_11,313.2448610267602,5314.954335975926,83.04616149962385,312.10683804238215,5628.199197002687
high_l90,high,90,gemma-7b-it,google--gemma-7b-it,DistServe,DistServe-2A100,distserve_2a100,realistic_pcie,0,long_extra_12,312.2078260057606,4886.939623043872,76.3584316100605,310.8230210491456,5199.147449049633
high_l90,high,90,gemma-7b-it,google--gemma-7b-it,DistServe,DistServe-2A100,distserve_2a100,realistic_pcie,0,long_extra_13,316.0542940022424,5301.8009180086665,82.84063934388541,314.4706570310518,5617.855212010909
high_l90,high,90,gemma-7b-it,google--gemma-7b-it,DistServe,DistServe-2A100,distserve_2a100,realistic_pcie,0,long_extra_14,357.404054957442,2782.000155071728,43.46875242299575,353.9279969991185,3139.40421002917
high_l90,high,90,gemma-7b-it,google--gemma-7b-it,DistServe,DistServe-2A100,distserve_2a100,realistic_pcie,0,long_extra_15,354.2649890296161,5326.817622990347,6.037066981662065,360.3020560112782,5681.082612019964
high_l90,high,90,gemma-7b-it,google--gemma-7b-it,DistServe,DistServe-2A100,distserve_2a100,realistic_pcie,0,long_extra_16,352.41225600475445,5321.456266974565,2.4037269758991897,354.81598298065364,5673.868522979319
high_l90,high,90,gemma-7b-it,google--gemma-7b-it,DistServe,DistServe-2A100,distserve_2a100,realistic_pcie,0,long_extra_17,332.0676000439562,5321.187717956491,83.14355809307017,329.2900829692371,5653.255318000447
high_l90,high,90,gemma-7b-it,google--gemma-7b-it,DistServe,DistServe-2A100,distserve_2a100,realistic_pcie,0,long_extra_18,335.2321260026656,5316.392963984981,1.4053249615244567,336.63745096419007,5651.625089987647
high_l90,high,90,gemma-7b-it,google--gemma-7b-it,DistServe,DistServe-2A100,distserve_2a100,realistic_pcie,0,long_extra_19,314.1332829836756,5310.960948991124,3.454021003562957,317.58730398723856,5625.094231974799
high_l90,high,90,gemma-7b-it,google--gemma-7b-it,DistServe,DistServe-2A100,distserve_2a100,realistic_pcie,0,long_extra_20,353.0001640319824,5295.371205022093,82.7401750784702,352.71254304097965,5648.371369054075
high_l90,high,90,gemma-7b-it,google--gemma-7b-it,DistServe,DistServe-2A100,distserve_2a100,realistic_pcie,0,long_extra_21,353.1195159885101,5320.769384037703,3.299109055660665,356.41862504417077,5673.888900026213
high_l90,high,90,gemma-7b-it,google--gemma-7b-it,DistServe,DistServe-2A100,distserve_2a100,realistic_pcie,0,long_extra_22,309.74442104343325,2028.9731299853884,1.7451749881729484,311.4895960316062,2338.7175510288216
high_l90,high,90,gemma-7b-it,google--gemma-7b-it,DistServe,DistServe-2A100,distserve_2a100,realistic_pcie,0,long_extra_23,358.2653889898211,5302.051328995731,0.48048602184280753,358.7458750116639,5660.316717985552
high_l90,high,90,gemma-7b-it,google--gemma-7b-it,DistServe,DistServe-2A100,distserve_2a100,realistic_pcie,0,long_extra_24,354.5498649473302,4202.6570600573905,65.66651656339673,347.0413719769567,4557.206925004721
high_l90,high,90,gemma-7b-it,google--gemma-7b-it,DistServe,DistServe-2A100,distserve_2a100,realistic_pcie,0,long_extra_25,340.51151399035007,5325.574347982183,83.21209918722161,340.4215519549325,5666.085861972533
high_l90,high,90,gemma-7b-it,google--gemma-7b-it,DistServe,DistServe-2A100,distserve_2a100,realistic_pcie,0,long_extra_26,309.0537849930115,3118.6221400275826,0.9944360353983939,310.0482210284099,3427.675925020594
high_l90,high,90,gemma-7b-it,google--gemma-7b-it,DistServe,DistServe-2A100,distserve_2a100,realistic_pcie,0,long_extra_27,310.209474992007,5344.607107050251,83.50948604766018,309.86809404566884,5654.816582042258
high_l90,high,90,gemma-7b-it,google--gemma-7b-it,DistServe,DistServe-2A100,distserve_2a100,realistic_pcie,0,long_extra_28,309.44702198030427,5312.673352018464,2.741953998338431,312.1889759786427,5622.120373998769
high_l90,high,90,gemma-7b-it,google--gemma-7b-it,DistServe,DistServe-2A100,distserve_2a100,realistic_pcie,0,long_extra_29,309.4795800279826,5312.528242007829,6.484045006800443,315.96362503478304,5622.007822035812
high_l90,high,90,gemma-7b-it,google--gemma-7b-it,DistServe,DistServe-2A100,distserve_2a100,realistic_pcie,0,long_extra_30,337.92015502694994,5319.543707999401,83.11787043749064,337.471972045023,5657.463863026351
high_l90,high,90,gemma-7b-it,google--gemma-7b-it,DistServe,DistServe-2A100,distserve_2a100,realistic_pcie,0,long_extra_31,354.6186619787477,5309.146896004677,1.2828269973397255,355.9014889760874,5663.7655579834245
high_l90,high,90,gemma-7b-it,google--gemma-7b-it,DistServe,DistServe-2A100,distserve_2a100,realistic_pcie,0,long_extra_32,354.3095409986563,5323.101449001115,2.9411729774437845,357.2507139761001,5677.410989999771
high_l90,high,90,gemma-7b-it,google--gemma-7b-it,DistServe,DistServe-2A100,distserve_2a100,realistic_pcie,0,long_extra_33,366.91609799163416,5331.521556014195,83.3050243127218,360.9445230104029,5698.437654005829
high_l90,high,90,gemma-7b-it,google--gemma-7b-it,DistServe,DistServe-2A100,distserve_2a100,realistic_pcie,0,mid_b,102.11143200285733,5307.074094016571,82.92303271900892,91.30605799145997,5409.185526019428
high_l90,high,90,gemma-7b-it,google--gemma-7b-it,DistServe,DistServe-2A100,distserve_2a100,realistic_pcie,0,short_a,87.79405697714537,5323.529729037546,4.021131026092917,91.81518800323829,5411.323786014691
high_l90,high,90,gemma-7b-it,google--gemma-7b-it,DistServe,DistServe-2A100,distserve_2a100,realistic_pcie,0,short_extra_00,98.23630203027278,5339.722273987718,83.43316053105809,93.53173797717318,5437.958576017991
high_l90,high,90,gemma-7b-it,google--gemma-7b-it,DistServe,DistServe-2A100,distserve_2a100,realistic_pcie,0,short_extra_01,81.46425802260637,5330.483075988013,10.377469996456057,91.84172801906243,5411.94733401062
high_l90,high,90,gemma-7b-it,google--gemma-7b-it,DistServe,DistServe-2A100,distserve_2a100,realistic_pcie,1,long_a,306.3854160136543,5312.327622959856,83.00511910874775,306.04549701092765,5618.71303897351
high_l90,high,90,gemma-7b-it,google--gemma-7b-it,DistServe,DistServe-2A100,distserve_2a100,realistic_pcie,1,long_b,353.2100039883517,5326.572356047109,4.9659740179777145,358.1759780063294,5679.78236003546
high_l90,high,90,gemma-7b-it,google--gemma-7b-it,DistServe,DistServe-2A100,distserve_2a100,realistic_pcie,1,long_extra_00,346.3853240245953,4563.523966004141,4.027634975500405,350.4129590000957,4909.909290028736
high_l90,high,90,gemma-7b-it,google--gemma-7b-it,DistServe,DistServe-2A100,distserve_2a100,realistic_pcie,1,long_extra_01,355.44821695657447,5316.776757070329,0.6786200683563948,356.12683702493086,5672.2249740269035
high_l90,high,90,gemma-7b-it,google--gemma-7b-it,DistServe,DistServe-2A100,distserve_2a100,realistic_pcie,1,long_extra_02,350.01520899822935,5313.473815040197,83.02302836000308,347.8983480017632,5663.489024038427
high_l90,high,90,gemma-7b-it,google--gemma-7b-it,DistServe,DistServe-2A100,distserve_2a100,realistic_pcie,1,long_extra_03,354.6515420312062,5329.178588930517,0.8360299398191273,355.4875719710253,5683.830130961724
high_l90,high,90,gemma-7b-it,google--gemma-7b-it,DistServe,DistServe-2A100,distserve_2a100,realistic_pcie,1,long_extra_04,353.30768895801157,2275.3820340149105,35.552844281482976,351.42586298752576,2628.689722972922
high_l90,high,90,gemma-7b-it,google--gemma-7b-it,DistServe,DistServe-2A100,distserve_2a100,realistic_pcie,1,long_extra_05,312.9499760107137,5360.658397956286,83.76028746806696,311.7418679757975,5673.608373966999
high_l90,high,90,gemma-7b-it,google--gemma-7b-it,DistServe,DistServe-2A100,distserve_2a100,realistic_pcie,1,long_extra_06,335.53738897899166,5325.2853020094335,83.2075828438974,333.66772602312267,5660.822690988425
high_l90,high,90,gemma-7b-it,google--gemma-7b-it,DistServe,DistServe-2A100,distserve_2a100,realistic_pcie,1,long_extra_07,311.93636800162494,5327.543460007291,2.4972190149128437,314.4335870165378,5639.479828008916
high_l90,high,90,gemma-7b-it,google--gemma-7b-it,DistServe,DistServe-2A100,distserve_2a100,realistic_pcie,1,long_extra_08,351.64094797801226,5304.652855033055,82.88520085989148,347.9232430108823,5656.293803011067
high_l90,high,90,gemma-7b-it,google--gemma-7b-it,DistServe,DistServe-2A100,distserve_2a100,realistic_pcie,1,long_extra_09,341.11222403589636,5311.113643983845,82.98615068724757,340.9409140003845,5652.225868019741
high_l90,high,90,gemma-7b-it,google--gemma-7b-it,DistServe,DistServe-2A100,distserve_2a100,realistic_pcie,1,long_extra_10,354.53386802691966,5311.27263198141,82.98863487470953,353.5902749863453,5665.80650000833
high_l90,high,90,gemma-7b-it,google--gemma-7b-it,DistServe,DistServe-2A100,distserve_2a100,realistic_pcie,1,long_extra_11,314.33561199810356,5323.41107702814,1.0307490010745823,315.36636099917814,5637.746689026244
high_l90,high,90,gemma-7b-it,google--gemma-7b-it,DistServe,DistServe-2A100,distserve_2a100,realistic_pcie,1,long_extra_12,312.0673000230454,5319.098324980587,0.21871802164241672,312.2860180446878,5631.165625003632
high_l90,high,90,gemma-7b-it,google--gemma-7b-it,DistServe,DistServe-2A100,distserve_2a100,realistic_pcie,1,long_extra_13,312.86340503720567,5329.352629953064,0.9866359760053456,313.850041013211,5642.21603499027
high_l90,high,90,gemma-7b-it,google--gemma-7b-it,DistServe,DistServe-2A100,distserve_2a100,realistic_pcie,1,long_extra_14,349.5266800164245,5316.275057964958,0.9930859669111669,350.5197659833357,5665.801737981383
high_l90,high,90,gemma-7b-it,google--gemma-7b-it,DistServe,DistServe-2A100,distserve_2a100,realistic_pcie,1,long_extra_15,346.8717980431393,5321.954750921577,7.150125922635198,354.0219239657745,5668.8265489647165
high_l90,high,90,gemma-7b-it,google--gemma-7b-it,DistServe,DistServe-2A100,distserve_2a100,realistic_pcie,1,long_extra_16,351.46986501058564,5313.496083021164,2.8347810148261487,354.3046460254118,5664.96594803175
high_l90,high,90,gemma-7b-it,google--gemma-7b-it,DistServe,DistServe-2A100,distserve_2a100,realistic_pcie,1,long_extra_17,309.21121599385515,5316.022103012074,6.684285996016115,315.89550198987126,5625.233319005929
high_l90,high,90,gemma-7b-it,google--gemma-7b-it,DistServe,DistServe-2A100,distserve_2a100,realistic_pcie,1,long_extra_18,337.8226910135709,3541.906183992978,55.342284124890284,334.89163900958374,3879.728875006549
high_l90,high,90,gemma-7b-it,google--gemma-7b-it,DistServe,DistServe-2A100,distserve_2a100,realistic_pcie,1,long_extra_19,314.6091630333103,5356.613503943663,83.69708599911974,314.2134209629148,5671.222666976973
high_l90,high,90,gemma-7b-it,google--gemma-7b-it,DistServe,DistServe-2A100,distserve_2a100,realistic_pcie,1,long_extra_20,353.116673999466,5321.463199972641,83.14786249957251,353.05722599150613,5674.579873972107
high_l90,high,90,gemma-7b-it,google--gemma-7b-it,DistServe,DistServe-2A100,distserve_2a100,realistic_pcie,1,long_extra_21,352.96373802702874,5330.554999934975,3.328320977743715,356.29205900477245,5683.518737962004
high_l90,high,90,gemma-7b-it,google--gemma-7b-it,DistServe,DistServe-2A100,distserve_2a100,realistic_pcie,1,long_extra_22,309.3775039887987,2030.6860719574615,31.729469874335336,307.6242809765972,2340.0635759462602
high_l90,high,90,gemma-7b-it,google--gemma-7b-it,DistServe,DistServe-2A100,distserve_2a100,realistic_pcie,1,long_extra_23,356.04621504899114,5318.452551960945,2.800913935061544,358.8471289840527,5674.498767009936
high_l90,high,90,gemma-7b-it,google--gemma-7b-it,DistServe,DistServe-2A100,distserve_2a100,realistic_pcie,1,long_extra_24,349.7744440101087,2897.9083159938455,1.5102089964784682,351.2846530065872,3247.682760003954
high_l90,high,90,gemma-7b-it,google--gemma-7b-it,DistServe,DistServe-2A100,distserve_2a100,realistic_pcie,1,long_extra_25,342.1759060001932,5310.239340993576,82.97248970302462,340.5998239759356,5652.415246993769
high_l90,high,90,gemma-7b-it,google--gemma-7b-it,DistServe,DistServe-2A100,distserve_2a100,realistic_pcie,1,long_extra_26,312.0341769536026,4978.510307089891,77.78922354827955,311.7953590117395,5290.544484043494
high_l90,high,90,gemma-7b-it,google--gemma-7b-it,DistServe,DistServe-2A100,distserve_2a100,realistic_pcie,1,long_extra_27,308.766656962689,5334.517611016054,5.592543049715459,314.3592000124045,5643.284267978743
high_l90,high,90,gemma-7b-it,google--gemma-7b-it,DistServe,DistServe-2A100,distserve_2a100,realistic_pcie,1,long_extra_28,312.3360410099849,5319.15980897611,0.6801129784435034,313.0161539884284,5631.495849986095
high_l90,high,90,gemma-7b-it,google--gemma-7b-it,DistServe,DistServe-2A100,distserve_2a100,realistic_pcie,1,long_extra_29,316.8366379686631,5311.524627031758,82.99257229737123,316.69380399398506,5628.361265000422
high_l90,high,90,gemma-7b-it,google--gemma-7b-it,DistServe,DistServe-2A100,distserve_2a100,realistic_pcie,1,long_extra_30,336.12638199701905,5358.742569049355,0.16858504386618733,336.29496704088524,5694.868951046374
high_l90,high,90,gemma-7b-it,google--gemma-7b-it,DistServe,DistServe-2A100,distserve_2a100,realistic_pcie,1,long_extra_31,355.83356104325503,5301.70593096409,82.8391551713139,350.0339830061421,5657.539492007345
high_l90,high,90,gemma-7b-it,google--gemma-7b-it,DistServe,DistServe-2A100,distserve_2a100,realistic_pcie,1,long_extra_32,348.7377419951372,5328.958300000522,5.771291034761816,354.509033029899,5677.6960419956595
high_l90,high,90,gemma-7b-it,google--gemma-7b-it,DistServe,DistServe-2A100,distserve_2a100,realistic_pcie,1,long_extra_33,350.3962649847381,5322.383078979328,3.9882829878479242,354.384547972586,5672.779343964066
high_l90,high,90,gemma-7b-it,google--gemma-7b-it,DistServe,DistServe-2A100,distserve_2a100,realistic_pcie,1,mid_b,82.27655600057915,5333.550059003755,9.555760014336556,91.8323160149157,5415.826615004335
high_l90,high,90,gemma-7b-it,google--gemma-7b-it,DistServe,DistServe-2A100,distserve_2a100,realistic_pcie,1,short_a,80.76559903565794,5311.843308969401,9.618799958843738,90.38439899450168,5392.608908005059
high_l90,high,90,gemma-7b-it,google--gemma-7b-it,DistServe,DistServe-2A100,distserve_2a100,realistic_pcie,1,short_extra_00,82.48225599527359,5333.588904992212,7.174553989898413,89.656809985172,5416.071160987485
high_l90,high,90,gemma-7b-it,google--gemma-7b-it,DistServe,DistServe-2A100,distserve_2a100,realistic_pcie,1,short_extra_01,81.81015501031652,5304.5158089953475,8.788159000687301,90.59831401100382,5386.325964005664
high_l90,high,90,mistral-7b-instruct-v0.2,mistralai--Mistral-7B-Instruct-v0.2,DistServe,DistServe-2A100,distserve_2a100,realistic_pcie,0,long_a,221.10783000243828,4836.639245972037,7.4784900061786175,228.5863200086169,5057.747075974476
high_l90,high,90,mistral-7b-instruct-v0.2,mistralai--Mistral-7B-Instruct-v0.2,DistServe,DistServe-2A100,distserve_2a100,realistic_pcie,0,long_b,298.3106469619088,4819.3970010615885,9.916410024743527,308.2270569866523,5117.707648023497
high_l90,high,90,mistral-7b-instruct-v0.2,mistralai--Mistral-7B-Instruct-v0.2,DistServe,DistServe-2A100,distserve_2a100,realistic_pcie,0,long_extra_00,313.7031959486194,4833.616583026014,13.081742043141276,326.78493799176067,5147.319778974634
high_l90,high,90,mistral-7b-instruct-v0.2,mistralai--Mistral-7B-Instruct-v0.2,DistServe,DistServe-2A100,distserve_2a100,realistic_pcie,0,long_extra_01,233.66313602309674,4811.530039994977,6.954454001970589,240.61759002506733,5045.193176018074
high_l90,high,90,mistral-7b-instruct-v0.2,mistralai--Mistral-7B-Instruct-v0.2,DistServe,DistServe-2A100,distserve_2a100,realistic_pcie,0,long_extra_02,278.039512981195,4805.649098998401,7.0623509818688035,285.1018639630638,5083.688611979596
high_l90,high,90,mistral-7b-instruct-v0.2,mistralai--Mistral-7B-Instruct-v0.2,DistServe,DistServe-2A100,distserve_2a100,realistic_pcie,0,long_extra_03,278.4204519703053,4804.775100026745,7.165399030782282,285.5858510010876,5083.195551997051
high_l90,high,90,mistral-7b-instruct-v0.2,mistralai--Mistral-7B-Instruct-v0.2,DistServe,DistServe-2A100,distserve_2a100,realistic_pcie,0,long_extra_04,297.87148704053834,4799.348199972883,5.871340981684625,303.74282802222297,5097.219687013421
high_l90,high,90,mistral-7b-instruct-v0.2,mistralai--Mistral-7B-Instruct-v0.2,DistServe,DistServe-2A100,distserve_2a100,realistic_pcie,0,long_extra_05,225.67285696277395,4796.950769028626,4.390495014376938,230.0633519771509,5022.6236259914
high_l90,high,90,mistral-7b-instruct-v0.2,mistralai--Mistral-7B-Instruct-v0.2,DistServe,DistServe-2A100,distserve_2a100,realistic_pcie,0,long_extra_06,245.9827660350129,4776.302753947675,74.62973053043243,236.74975195899606,5022.285519982688
high_l90,high,90,mistral-7b-instruct-v0.2,mistralai--Mistral-7B-Instruct-v0.2,DistServe,DistServe-2A100,distserve_2a100,realistic_pcie,0,long_extra_07,232.69133496796712,4788.049550028518,74.81327421919559,231.83196899481118,5020.740884996485
high_l90,high,90,mistral-7b-instruct-v0.2,mistralai--Mistral-7B-Instruct-v0.2,DistServe,DistServe-2A100,distserve_2a100,realistic_pcie,0,long_extra_08,252.24452000111341,4812.396494031418,4.840167996007949,257.08468799712136,5064.6410140325315
high_l90,high,90,mistral-7b-instruct-v0.2,mistralai--Mistral-7B-Instruct-v0.2,DistServe,DistServe-2A100,distserve_2a100,realistic_pcie,0,long_extra_09,224.60523602785543,4825.854527938645,6.4769789460115135,231.08221497386694,5050.459763966501
high_l90,high,90,mistral-7b-instruct-v0.2,mistralai--Mistral-7B-Instruct-v0.2,DistServe,DistServe-2A100,distserve_2a100,realistic_pcie,0,long_extra_10,227.99736901652068,4791.2310370011255,5.60878700343892,233.6061560199596,5019.228406017646
high_l90,high,90,mistral-7b-instruct-v0.2,mistralai--Mistral-7B-Instruct-v0.2,DistServe,DistServe-2A100,distserve_2a100,realistic_pcie,0,long_extra_11,222.8928630356677,4822.536595980637,7.4601839878596365,230.35304702352732,5045.4294590163045
high_l90,high,90,mistral-7b-instruct-v0.2,mistralai--Mistral-7B-Instruct-v0.2,DistServe,DistServe-2A100,distserve_2a100,realistic_pcie,0,long_extra_12,230.38957302924246,4802.773185947444,1.2145319487899542,231.6041049780324,5033.162758976687
high_l90,high,90,mistral-7b-instruct-v0.2,mistralai--Mistral-7B-Instruct-v0.2,DistServe,DistServe-2A100,distserve_2a100,realistic_pcie,0,long_extra_13,222.90900902589783,4802.4883170146495,7.800119987223297,230.70912901312113,5025.397326040547
high_l90,high,90,mistral-7b-instruct-v0.2,mistralai--Mistral-7B-Instruct-v0.2,DistServe,DistServe-2A100,distserve_2a100,realistic_pcie,0,long_extra_14,275.68434103159234,4824.893836979754,7.954935950692743,283.6392769822851,5100.578178011347
high_l90,high,90,mistral-7b-instruct-v0.2,mistralai--Mistral-7B-Instruct-v0.2,DistServe,DistServe-2A100,distserve_2a100,realistic_pcie,0,long_extra_15,228.3877870067954,4824.955515970942,10.803722951095551,239.19150995789096,5053.343302977737
high_l90,high,90,mistral-7b-instruct-v0.2,mistralai--Mistral-7B-Instruct-v0.2,DistServe,DistServe-2A100,distserve_2a100,realistic_pcie,0,long_extra_16,296.62370396545157,4800.480021047406,8.722967002540827,305.3466709679924,5097.1037250128575
high_l90,high,90,mistral-7b-instruct-v0.2,mistralai--Mistral-7B-Instruct-v0.2,DistServe,DistServe-2A100,distserve_2a100,realistic_pcie,0,long_extra_17,227.04419598449022,4792.337150021922,5.10939204832539,232.1535880328156,5019.381346006412
high_l90,high,90,mistral-7b-instruct-v0.2,mistralai--Mistral-7B-Instruct-v0.2,DistServe,DistServe-2A100,distserve_2a100,realistic_pcie,0,long_extra_18,231.2232199474238,4803.872194082942,2.5504710501991212,233.7736909976229,5035.095414030366
high_l90,high,90,mistral-7b-instruct-v0.2,mistralai--Mistral-7B-Instruct-v0.2,DistServe,DistServe-2A100,distserve_2a100,realistic_pcie,0,long_extra_19,226.68505797628313,4797.242152970284,3.754195000510663,230.4392529767938,5023.927210946567
high_l90,high,90,mistral-7b-instruct-v0.2,mistralai--Mistral-7B-Instruct-v0.2,DistServe,DistServe-2A100,distserve_2a100,realistic_pcie,0,long_extra_20,230.3709730040282,4816.743372997735,5.120021989569068,235.49099499359727,5047.114346001763
high_l90,high,90,mistral-7b-instruct-v0.2,mistralai--Mistral-7B-Instruct-v0.2,DistServe,DistServe-2A100,distserve_2a100,realistic_pcie,0,long_extra_21,254.7810420510359,4812.162612914108,5.510156915988773,260.2911989670247,5066.943654965144
high_l90,high,90,mistral-7b-instruct-v0.2,mistralai--Mistral-7B-Instruct-v0.2,DistServe,DistServe-2A100,distserve_2a100,realistic_pcie,0,long_extra_22,224.86483695684,4801.584795059171,5.8349810424260795,230.6998179992661,5026.449632016011
high_l90,high,90,mistral-7b-instruct-v0.2,mistralai--Mistral-7B-Instruct-v0.2,DistServe,DistServe-2A100,distserve_2a100,realistic_pcie,0,long_extra_23,230.4182029911317,4806.812287017237,7.169299002271146,237.58750199340284,5037.230490008369
high_l90,high,90,mistral-7b-instruct-v0.2,mistralai--Mistral-7B-Instruct-v0.2,DistServe,DistServe-2A100,distserve_2a100,realistic_pcie,0,long_extra_24,277.22109004389495,4809.258181951009,4.367400950286537,281.5884909941815,5086.479271994904
high_l90,high,90,mistral-7b-instruct-v0.2,mistralai--Mistral-7B-Instruct-v0.2,DistServe,DistServe-2A100,distserve_2a100,realistic_pcie,0,long_extra_25,222.59781003231183,4810.542320949025,9.043475962243974,231.6412859945558,5033.140130981337
high_l90,high,90,mistral-7b-instruct-v0.2,mistralai--Mistral-7B-Instruct-v0.2,DistServe,DistServe-2A100,distserve_2a100,realistic_pcie,0,long_extra_26,226.06627002824098,4825.870002969168,4.221838957164437,230.28810898540542,5051.936272997409
high_l90,high,90,mistral-7b-instruct-v0.2,mistralai--Mistral-7B-Instruct-v0.2,DistServe,DistServe-2A100,distserve_2a100,realistic_pcie,0,long_extra_27,228.18442899733782,4790.826461976394,2.8389350045472383,231.02336400188506,5019.010890973732
high_l90,high,90,mistral-7b-instruct-v0.2,mistralai--Mistral-7B-Instruct-v0.2,DistServe,DistServe-2A100,distserve_2a100,realistic_pcie,0,long_extra_28,225.48115201061592,4788.484302000143,3.50690697086975,228.98805898148566,5013.965454010759
high_l90,high,90,mistral-7b-instruct-v0.2,mistralai--Mistral-7B-Instruct-v0.2,DistServe,DistServe-2A100,distserve_2a100,realistic_pcie,0,long_extra_29,224.8366120038554,4831.537900026888,10.810129053425044,235.64674105728045,5056.374512030743
high_l90,high,90,mistral-7b-instruct-v0.2,mistralai--Mistral-7B-Instruct-v0.2,DistServe,DistServe-2A100,distserve_2a100,realistic_pcie,0,long_extra_30,226.4263490214944,4841.143509023823,9.52323799720034,235.94958701869473,5067.569858045317
high_l90,high,90,mistral-7b-instruct-v0.2,mistralai--Mistral-7B-Instruct-v0.2,DistServe,DistServe-2A100,distserve_2a100,realistic_pcie,0,long_extra_31,281.33779898053035,4805.328193004243,9.488705021794885,290.82650400232524,5086.665991984773
high_l90,high,90,mistral-7b-instruct-v0.2,mistralai--Mistral-7B-Instruct-v0.2,DistServe,DistServe-2A100,distserve_2a100,realistic_pcie,0,long_extra_32,230.41688499506563,4817.494667018764,5.889381980523467,236.3062669755891,5047.911552013829
high_l90,high,90,mistral-7b-instruct-v0.2,mistralai--Mistral-7B-Instruct-v0.2,DistServe,DistServe-2A100,distserve_2a100,realistic_pcie,0,long_extra_33,277.28397195460275,4828.349381044973,10.622715053614229,287.906687008217,5105.633352999575
high_l90,high,90,mistral-7b-instruct-v0.2,mistralai--Mistral-7B-Instruct-v0.2,DistServe,DistServe-2A100,distserve_2a100,realistic_pcie,0,mid_b,78.8718219846487,4798.525539052207,3.001024015247822,81.87284599989653,4877.397361036856
high_l90,high,90,mistral-7b-instruct-v0.2,mistralai--Mistral-7B-Instruct-v0.2,DistServe,DistServe-2A100,distserve_2a100,realistic_pcie,0,short_a,79.94608103763312,4802.9146359767765,0.18980796448886395,80.13588900212198,4882.86071701441
high_l90,high,90,mistral-7b-instruct-v0.2,mistralai--Mistral-7B-Instruct-v0.2,DistServe,DistServe-2A100,distserve_2a100,realistic_pcie,0,short_extra_00,78.44653399661183,4795.787442009896,0.5625610356219113,79.00909503223374,4874.233976006508
high_l90,high,90,mistral-7b-instruct-v0.2,mistralai--Mistral-7B-Instruct-v0.2,DistServe,DistServe-2A100,distserve_2a100,realistic_pcie,0,short_extra_01,78.52238998748362,4813.4940569871105,0.702696037478745,79.22508602496237,4892.016446974594
high_l90,high,90,mistral-7b-instruct-v0.2,mistralai--Mistral-7B-Instruct-v0.2,DistServe,DistServe-2A100,distserve_2a100,realistic_pcie,1,long_a,222.16610697796568,4830.121928069275,7.189898053184152,229.35600503114983,5052.288035047241
high_l90,high,90,mistral-7b-instruct-v0.2,mistralai--Mistral-7B-Instruct-v0.2,DistServe,DistServe-2A100,distserve_2a100,realistic_pcie,1,long_b,299.7760560247116,4823.975845938548,6.996257929131389,306.77231395384297,5123.75190196326
high_l90,high,90,mistral-7b-instruct-v0.2,mistralai--Mistral-7B-Instruct-v0.2,DistServe,DistServe-2A100,distserve_2a100,realistic_pcie,1,long_extra_00,227.37481398507953,4782.289145048708,9.464177011977881,236.8389909970574,5009.663959033787
high_l90,high,90,mistral-7b-instruct-v0.2,mistralai--Mistral-7B-Instruct-v0.2,DistServe,DistServe-2A100,distserve_2a100,realistic_pcie,1,long_extra_01,235.1177420350723,4822.839078959078,3.8007829571142793,238.91852499218658,5057.95682099415
high_l90,high,90,mistral-7b-instruct-v0.2,mistralai--Mistral-7B-Instruct-v0.2,DistServe,DistServe-2A100,distserve_2a100,realistic_pcie,1,long_extra_02,278.93642894923687,4808.452564058825,4.270176053978503,283.2066050032154,5087.388993008062
high_l90,high,90,mistral-7b-instruct-v0.2,mistralai--Mistral-7B-Instruct-v0.2,DistServe,DistServe-2A100,distserve_2a100,realistic_pcie,1,long_extra_03,279.90740298992023,4813.473670044914,6.273789040278643,286.1811920301989,5093.381073034834
high_l90,high,90,mistral-7b-instruct-v0.2,mistralai--Mistral-7B-Instruct-v0.2,DistServe,DistServe-2A100,distserve_2a100,realistic_pcie,1,long_extra_04,301.31499096751213,4798.2557260547765,1.3454370200634003,302.66042798757553,5099.570717022289
high_l90,high,90,mistral-7b-instruct-v0.2,mistralai--Mistral-7B-Instruct-v0.2,DistServe,DistServe-2A100,distserve_2a100,realistic_pcie,1,long_extra_05,223.45708997454494,4796.481468016282,6.494559987913817,229.95164996245876,5019.938557990827
high_l90,high,90,mistral-7b-instruct-v0.2,mistralai--Mistral-7B-Instruct-v0.2,DistServe,DistServe-2A100,distserve_2a100,realistic_pcie,1,long_extra_06,229.94322702288628,4804.966927971691,4.695618990808725,234.638846013695,5034.910154994577
high_l90,high,90,mistral-7b-instruct-v0.2,mistralai--Mistral-7B-Instruct-v0.2,DistServe,DistServe-2A100,distserve_2a100,realistic_pcie,1,long_extra_07,226.16717900382355,4790.418731980026,4.873753001447767,231.04093200527132,5016.585910983849
high_l90,high,90,mistral-7b-instruct-v0.2,mistralai--Mistral-7B-Instruct-v0.2,DistServe,DistServe-2A100,distserve_2a100,realistic_pcie,1,long_extra_08,253.7635649787262,4828.272608050611,4.043878056108952,257.80744303483516,5082.036173029337
high_l90,high,90,mistral-7b-instruct-v0.2,mistralai--Mistral-7B-Instruct-v0.2,DistServe,DistServe-2A100,distserve_2a100,realistic_pcie,1,long_extra_09,228.20681700250134,4802.604064985644,4.601376014761627,232.80819301726297,5030.810881988145
high_l90,high,90,mistral-7b-instruct-v0.2,mistralai--Mistral-7B-Instruct-v0.2,DistServe,DistServe-2A100,distserve_2a100,realistic_pcie,1,long_extra_10,230.95614998601377,4803.064828040078,1.4084750437177718,232.36462502973154,5034.020978026092
high_l90,high,90,mistral-7b-instruct-v0.2,mistralai--Mistral-7B-Instruct-v0.2,DistServe,DistServe-2A100,distserve_2a100,realistic_pcie,1,long_extra_11,223.07296702638268,4801.113686931785,6.408511952031404,229.4814789784141,5024.186653958168
high_l90,high,90,mistral-7b-instruct-v0.2,mistralai--Mistral-7B-Instruct-v0.2,DistServe,DistServe-2A100,distserve_2a100,realistic_pcie,1,long_extra_12,226.12113499781117,4802.591266983654,8.251963998191059,234.37309899600223,5028.7124019814655
high_l90,high,90,mistral-7b-instruct-v0.2,mistralai--Mistral-7B-Instruct-v0.2,DistServe,DistServe-2A100,distserve_2a100,realistic_pcie,1,long_extra_13,224.86039099749178,4845.383342995774,5.148668016772717,230.0090590142645,5070.243733993266
high_l90,high,90,mistral-7b-instruct-v0.2,mistralai--Mistral-7B-Instruct-v0.2,DistServe,DistServe-2A100,distserve_2a100,realistic_pcie,1,long_extra_14,278.83709903107956,4802.871502994094,5.389438010752201,284.22653704183176,5081.708602025174
high_l90,high,90,mistral-7b-instruct-v0.2,mistralai--Mistral-7B-Instruct-v0.2,DistServe,DistServe-2A100,distserve_2a100,realistic_pcie,1,long_extra_15,230.19940697122365,4803.920702019241,7.988671015482396,238.18807798670605,5034.120108990464
high_l90,high,90,mistral-7b-instruct-v0.2,mistralai--Mistral-7B-Instruct-v0.2,DistServe,DistServe-2A100,distserve_2a100,realistic_pcie,1,long_extra_16,299.1979810176417,4808.694627019577,6.546891003381461,305.7448720210232,5107.892608037218
high_l90,high,90,mistral-7b-instruct-v0.2,mistralai--Mistral-7B-Instruct-v0.2,DistServe,DistServe-2A100,distserve_2a100,realistic_pcie,1,long_extra_17,221.16810997249559,4803.37524402421,11.579450045246631,232.74756001774222,5024.543353996705
high_l90,high,90,mistral-7b-instruct-v0.2,mistralai--Mistral-7B-Instruct-v0.2,DistServe,DistServe-2A100,distserve_2a100,realistic_pcie,1,long_extra_18,232.00148501200601,4815.900185960345,0.7661129347980022,232.76759794680402,5047.901670972351
high_l90,high,90,mistral-7b-instruct-v0.2,mistralai--Mistral-7B-Instruct-v0.2,DistServe,DistServe-2A100,distserve_2a100,realistic_pcie,1,long_extra_19,226.28192097181454,4806.172008044086,3.64914903184399,229.93107000365853,5032.453929015901
high_l90,high,90,mistral-7b-instruct-v0.2,mistralai--Mistral-7B-Instruct-v0.2,DistServe,DistServe-2A100,distserve_2a100,realistic_pcie,1,long_extra_20,230.5412710411474,4808.391457947437,5.312146968208253,235.85341800935566,5038.932728988584
high_l90,high,90,mistral-7b-instruct-v0.2,mistralai--Mistral-7B-Instruct-v0.2,DistServe,DistServe-2A100,distserve_2a100,realistic_pcie,1,long_extra_21,254.1625999729149,4816.899402998388,8.97416501538828,263.1367649883032,5071.062002971303
high_l90,high,90,mistral-7b-instruct-v0.2,mistralai--Mistral-7B-Instruct-v0.2,DistServe,DistServe-2A100,distserve_2a100,realistic_pcie,1,long_extra_22,228.70496002724394,4815.990513016004,1.910906983539462,230.6158670107834,5044.695473043248
high_l90,high,90,mistral-7b-instruct-v0.2,mistralai--Mistral-7B-Instruct-v0.2,DistServe,DistServe-2A100,distserve_2a100,realistic_pcie,1,long_extra_23,233.1483910093084,4830.549871956464,2.9261509771458805,236.07454198645428,5063.698262965772
high_l90,high,90,mistral-7b-instruct-v0.2,mistralai--Mistral-7B-Instruct-v0.2,DistServe,DistServe-2A100,distserve_2a100,realistic_pcie,1,long_extra_24,278.4261390333995,4831.419583992101,5.450317985378206,283.8764570187777,5109.845723025501
high_l90,high,90,mistral-7b-instruct-v0.2,mistralai--Mistral-7B-Instruct-v0.2,DistServe,DistServe-2A100,distserve_2a100,realistic_pcie,1,long_extra_25,224.25953397760168,4826.808248006273,7.040733005851507,231.30026698345318,5051.067781983875
high_l90,high,90,mistral-7b-instruct-v0.2,mistralai--Mistral-7B-Instruct-v0.2,DistServe,DistServe-2A100,distserve_2a100,realistic_pcie,1,long_extra_26,225.61413398943841,4808.492802025285,3.8465270190499723,229.4606610084884,5034.106936014723
high_l90,high,90,mistral-7b-instruct-v0.2,mistralai--Mistral-7B-Instruct-v0.2,DistServe,DistServe-2A100,distserve_2a100,realistic_pcie,1,long_extra_27,225.52736097713932,4808.861038007308,3.816618991550058,229.34397996868938,5034.388398984447
high_l90,high,90,mistral-7b-instruct-v0.2,mistralai--Mistral-7B-Instruct-v0.2,DistServe,DistServe-2A100,distserve_2a100,realistic_pcie,1,long_extra_28,225.1390619785525,4797.058829048183,3.8868460105732083,229.0259079891257,5022.197891026735
high_l90,high,90,mistral-7b-instruct-v0.2,mistralai--Mistral-7B-Instruct-v0.2,DistServe,DistServe-2A100,distserve_2a100,realistic_pcie,1,long_extra_29,227.73876797873527,4800.124833011068,3.8901420193724334,231.6289099981077,5027.863600989804
high_l90,high,90,mistral-7b-instruct-v0.2,mistralai--Mistral-7B-Instruct-v0.2,DistServe,DistServe-2A100,distserve_2a100,realistic_pcie,1,long_extra_30,227.93106897734106,4805.698355019558,6.7317450302653015,234.66281400760636,5033.629423996899
high_l90,high,90,mistral-7b-instruct-v0.2,mistralai--Mistral-7B-Instruct-v0.2,DistServe,DistServe-2A100,distserve_2a100,realistic_pcie,1,long_extra_31,281.04450600221753,4801.936119969469,6.3517779926769435,287.3962839948945,5082.980625971686
high_l90,high,90,mistral-7b-instruct-v0.2,mistralai--Mistral-7B-Instruct-v0.2,DistServe,DistServe-2A100,distserve_2a100,realistic_pcie,1,long_extra_32,232.3286099708639,4788.40455901809,3.540134057402611,235.86874402826652,5020.733168988954
high_l90,high,90,mistral-7b-instruct-v0.2,mistralai--Mistral-7B-Instruct-v0.2,DistServe,DistServe-2A100,distserve_2a100,realistic_pcie,1,long_extra_33,277.1474329638295,4817.964098067023,11.73028803896159,288.8777210027911,5095.111531030852
high_l90,high,90,mistral-7b-instruct-v0.2,mistralai--Mistral-7B-Instruct-v0.2,DistServe,DistServe-2A100,distserve_2a100,realistic_pcie,1,mid_b,78.86516000144184,4790.801332972478,1.670309982728213,80.53546998417005,4869.66649297392
high_l90,high,90,mistral-7b-instruct-v0.2,mistralai--Mistral-7B-Instruct-v0.2,DistServe,DistServe-2A100,distserve_2a100,realistic_pcie,1,short_a,80.15129703562707,4782.723960990552,0.900203944183886,81.05150097981095,4862.875258026179
high_l90,high,90,mistral-7b-instruct-v0.2,mistralai--Mistral-7B-Instruct-v0.2,DistServe,DistServe-2A100,distserve_2a100,realistic_pcie,1,short_extra_00,78.39522801805288,4811.886909941677,2.015271980781108,80.41049999883398,4890.28213795973
high_l90,high,90,mistral-7b-instruct-v0.2,mistralai--Mistral-7B-Instruct-v0.2,DistServe,DistServe-2A100,distserve_2a100,realistic_pcie,1,short_extra_01,79.23270598985255,4782.604869978968,2.5276949745602906,81.76040096441284,4861.837575968821
high_l90,high,90,qwen2.5-7b-instruct,Qwen--Qwen2.5-7B-Instruct,DistServe,DistServe-2A100,distserve_2a100,realistic_pcie,0,long_a,208.25204497668892,4220.9140959894285,9.872530994471163,218.12457597116008,4429.166140966117
high_l90,high,90,qwen2.5-7b-instruct,Qwen--Qwen2.5-7B-Instruct,DistServe,DistServe-2A100,distserve_2a100,realistic_pcie,0,long_b,268.909475998953,4220.298603991978,10.341653949581087,279.25112994853407,4489.208079990931
high_l90,high,90,qwen2.5-7b-instruct,Qwen--Qwen2.5-7B-Instruct,DistServe,DistServe-2A100,distserve_2a100,realistic_pcie,0,long_extra_00,287.5151510233991,4220.779125986155,13.791547971777618,301.3066989951767,4508.294277009554
high_l90,high,90,qwen2.5-7b-instruct,Qwen--Qwen2.5-7B-Instruct,DistServe,DistServe-2A100,distserve_2a100,realistic_pcie,0,long_extra_01,216.22493799077347,4221.293740032706,9.487264032941312,225.71220202371478,4437.51867802348
high_l90,high,90,qwen2.5-7b-instruct,Qwen--Qwen2.5-7B-Instruct,DistServe,DistServe-2A100,distserve_2a100,realistic_pcie,0,long_extra_02,258.58669698936865,4208.885327039752,12.2794330236502,270.86613001301885,4467.472024029121
high_l90,high,90,qwen2.5-7b-instruct,Qwen--Qwen2.5-7B-Instruct,DistServe,DistServe-2A100,distserve_2a100,realistic_pcie,0,long_extra_03,257.9448189935647,4221.9350060331635,13.499827007763088,271.4446460013278,4479.879825026728
high_l90,high,90,qwen2.5-7b-instruct,Qwen--Qwen2.5-7B-Instruct,DistServe,DistServe-2A100,distserve_2a100,realistic_pcie,0,long_extra_04,269.5279749459587,4225.338886026293,7.724713010247797,277.2526879562065,4494.866860972252
high_l90,high,90,qwen2.5-7b-instruct,Qwen--Qwen2.5-7B-Instruct,DistServe,DistServe-2A100,distserve_2a100,realistic_pcie,0,long_extra_05,213.96715502487496,4229.3795790174045,4.01879899436608,217.98595401924103,4443.346734042279
high_l90,high,90,qwen2.5-7b-instruct,Qwen--Qwen2.5-7B-Instruct,DistServe,DistServe-2A100,distserve_2a100,realistic_pcie,0,long_extra_06,214.96049303095788,4209.239564952441,3.4447979414835572,218.40529097244143,4424.200057983398
high_l90,high,90,qwen2.5-7b-instruct,Qwen--Qwen2.5-7B-Instruct,DistServe,DistServe-2A100,distserve_2a100,realistic_pcie,0,long_extra_07,216.66562999598682,4222.322930989321,2.9915960039943457,219.65722599998116,4438.988560985308
high_l90,high,90,qwen2.5-7b-instruct,Qwen--Qwen2.5-7B-Instruct,DistServe,DistServe-2A100,distserve_2a100,realistic_pcie,0,long_extra_08,231.342762010172,4199.728020990733,5.82905497867614,237.17181698884815,4431.070783000905
high_l90,high,90,qwen2.5-7b-instruct,Qwen--Qwen2.5-7B-Instruct,DistServe,DistServe-2A100,distserve_2a100,realistic_pcie,0,long_extra_09,215.20084398798645,4207.460403034929,6.624470988754183,221.82531497674063,4422.661247022916
high_l90,high,90,qwen2.5-7b-instruct,Qwen--Qwen2.5-7B-Instruct,DistServe,DistServe-2A100,distserve_2a100,realistic_pcie,0,long_extra_10,213.87908497126773,4214.073095063213,8.54910706402734,222.42819203529507,4427.952180034481
high_l90,high,90,qwen2.5-7b-instruct,Qwen--Qwen2.5-7B-Instruct,DistServe,DistServe-2A100,distserve_2a100,realistic_pcie,0,long_extra_11,211.17393503664061,4213.149027957115,5.602178978733718,216.77611401537433,4424.322962993756
high_l90,high,90,qwen2.5-7b-instruct,Qwen--Qwen2.5-7B-Instruct,DistServe,DistServe-2A100,distserve_2a100,realistic_pcie,0,long_extra_12,215.58561199344695,4219.179617008194,7.429346034768969,223.01495802821591,4434.765229001641
high_l90,high,90,qwen2.5-7b-instruct,Qwen--Qwen2.5-7B-Instruct,DistServe,DistServe-2A100,distserve_2a100,realistic_pcie,0,long_extra_13,211.38372598215938,4236.649537982885,10.826721030753106,222.21044701291248,4448.033263965044
high_l90,high,90,qwen2.5-7b-instruct,Qwen--Qwen2.5-7B-Instruct,DistServe,DistServe-2A100,distserve_2a100,realistic_pcie,0,long_extra_14,261.6511260275729,4210.740989947226,5.180970940273255,266.83209696784616,4472.392115974799
high_l90,high,90,qwen2.5-7b-instruct,Qwen--Qwen2.5-7B-Instruct,DistServe,DistServe-2A100,distserve_2a100,realistic_pcie,0,long_extra_15,211.56980900559574,4217.045718978625,12.232311011757702,223.80212001735345,4428.6155279842205
high_l90,high,90,qwen2.5-7b-instruct,Qwen--Qwen2.5-7B-Instruct,DistServe,DistServe-2A100,distserve_2a100,realistic_pcie,0,long_extra_16,268.98781198542565,4216.615658020601,5.948026024270803,274.93583800969645,4485.603470006026
high_l90,high,90,qwen2.5-7b-instruct,Qwen--Qwen2.5-7B-Instruct,DistServe,DistServe-2A100,distserve_2a100,realistic_pcie,0,long_extra_17,217.3528490238823,4230.739766964689,5.41962095303461,222.7724699769169,4448.092615988571
high_l90,high,90,qwen2.5-7b-instruct,Qwen--Qwen2.5-7B-Instruct,DistServe,DistServe-2A100,distserve_2a100,realistic_pcie,0,long_extra_18,215.51494701998308,4218.2070830021985,4.445775004569441,219.96072202455252,4433.722030022182
high_l90,high,90,qwen2.5-7b-instruct,Qwen--Qwen2.5-7B-Instruct,DistServe,DistServe-2A100,distserve_2a100,realistic_pcie,0,long_extra_19,214.52923701144755,4200.313252978958,9.4308479456231,223.96008495707065,4414.842489990406
high_l90,high,90,qwen2.5-7b-instruct,Qwen--Qwen2.5-7B-Instruct,DistServe,DistServe-2A100,distserve_2a100,realistic_pcie,0,long_extra_20,212.2639599838294,4230.036534019746,13.3037319756113,225.5676919594407,4442.300494003575
high_l90,high,90,qwen2.5-7b-instruct,Qwen--Qwen2.5-7B-Instruct,DistServe,DistServe-2A100,distserve_2a100,realistic_pcie,0,long_extra_21,222.4806399899535,4241.081189014949,7.707053038757294,230.18769302871078,4463.561829004902
high_l90,high,90,qwen2.5-7b-instruct,Qwen--Qwen2.5-7B-Instruct,DistServe,DistServe-2A100,distserve_2a100,realistic_pcie,0,long_extra_22,212.66960399225354,4212.092890986241,6.543704017531127,219.21330800978467,4424.762494978495
high_l90,high,90,qwen2.5-7b-instruct,Qwen--Qwen2.5-7B-Instruct,DistServe,DistServe-2A100,distserve_2a100,realistic_pcie,0,long_extra_23,213.37015699828044,4213.395901024342,9.365181031171232,222.73533802945167,4426.766058022622
high_l90,high,90,qwen2.5-7b-instruct,Qwen--Qwen2.5-7B-Instruct,DistServe,DistServe-2A100,distserve_2a100,realistic_pcie,0,long_extra_24,263.32946796901524,4224.5874760556035,2.6216450496576726,265.9511130186729,4487.916944024619
high_l90,high,90,qwen2.5-7b-instruct,Qwen--Qwen2.5-7B-Instruct,DistServe,DistServe-2A100,distserve_2a100,realistic_pcie,0,long_extra_25,217.19323203433305,4229.131844942458,7.888575957622379,225.08180799195543,4446.325076976791
high_l90,high,90,qwen2.5-7b-instruct,Qwen--Qwen2.5-7B-Instruct,DistServe,DistServe-2A100,distserve_2a100,realistic_pcie,0,long_extra_26,214.3974110367708,4202.913384011481,6.619660009164363,221.01707104593515,4417.310795048252
high_l90,high,90,qwen2.5-7b-instruct,Qwen--Qwen2.5-7B-Instruct,DistServe,DistServe-2A100,distserve_2a100,realistic_pcie,0,long_extra_27,214.32897896738723,4208.503948058933,3.214203054085374,217.5431820214726,4422.83292702632
high_l90,high,90,qwen2.5-7b-instruct,Qwen--Qwen2.5-7B-Instruct,DistServe,DistServe-2A100,distserve_2a100,realistic_pcie,0,long_extra_28,212.07691199379042,4222.336242033634,7.378395996056497,219.45530798984692,4434.413154027425
high_l90,high,90,qwen2.5-7b-instruct,Qwen--Qwen2.5-7B-Instruct,DistServe,DistServe-2A100,distserve_2a100,realistic_pcie,0,long_extra_29,213.06822198675945,4218.779444054235,6.949825037736446,220.0180470244959,4431.847666040994
high_l90,high,90,qwen2.5-7b-instruct,Qwen--Qwen2.5-7B-Instruct,DistServe,DistServe-2A100,distserve_2a100,realistic_pcie,0,long_extra_30,212.76924898847938,4203.892752004322,9.316253010183573,222.08550199866295,4416.662000992801
high_l90,high,90,qwen2.5-7b-instruct,Qwen--Qwen2.5-7B-Instruct,DistServe,DistServe-2A100,distserve_2a100,realistic_pcie,0,long_extra_31,263.81953503005207,4199.633275973611,5.09566895198077,268.91520398203284,4463.452811003663
high_l90,high,90,qwen2.5-7b-instruct,Qwen--Qwen2.5-7B-Instruct,DistServe,DistServe-2A100,distserve_2a100,realistic_pcie,0,long_extra_32,220.58210300747305,4228.691447002348,4.085040010977536,224.6671430184506,4449.273550009821
high_l90,high,90,qwen2.5-7b-instruct,Qwen--Qwen2.5-7B-Instruct,DistServe,DistServe-2A100,distserve_2a100,realistic_pcie,0,long_extra_33,260.0041029509157,4217.130938079208,14.810880064032972,274.81498301494867,4477.135041030124
high_l90,high,90,qwen2.5-7b-instruct,Qwen--Qwen2.5-7B-Instruct,DistServe,DistServe-2A100,distserve_2a100,realistic_pcie,0,mid_b,68.71188100194559,4199.564155947883,1.3289469643495977,70.04082796629518,4268.276036949828
high_l90,high,90,qwen2.5-7b-instruct,Qwen--Qwen2.5-7B-Instruct,DistServe,DistServe-2A100,distserve_2a100,realistic_pcie,0,short_a,68.44990700483322,4197.109459026251,2.9776699957437813,71.427577000577,4265.559366031084
high_l90,high,90,qwen2.5-7b-instruct,Qwen--Qwen2.5-7B-Instruct,DistServe,DistServe-2A100,distserve_2a100,realistic_pcie,0,short_extra_00,69.92258899845183,4220.842626993544,0.39582501631230116,70.31841401476413,4290.765215991996
high_l90,high,90,qwen2.5-7b-instruct,Qwen--Qwen2.5-7B-Instruct,DistServe,DistServe-2A100,distserve_2a100,realistic_pcie,0,short_extra_01,70.18940895795822,4209.890683006961,65.77954192198376,69.92620200617239,4280.080091964919
high_l90,high,90,qwen2.5-7b-instruct,Qwen--Qwen2.5-7B-Instruct,DistServe,DistServe-2A100,distserve_2a100,realistic_pcie,1,long_a,209.3650730093941,4209.398396022152,9.333549009170383,218.6986220185645,4418.763469031546
high_l90,high,90,qwen2.5-7b-instruct,Qwen--Qwen2.5-7B-Instruct,DistServe,DistServe-2A100,distserve_2a100,realistic_pcie,1,long_b,272.5854759919457,4255.684342002496,4.237653047312051,276.82312903925776,4528.269817994442
high_l90,high,90,qwen2.5-7b-instruct,Qwen--Qwen2.5-7B-Instruct,DistServe,DistServe-2A100,distserve_2a100,realistic_pcie,1,long_extra_00,213.8663399964571,4212.076187017374,11.472638987470418,225.33897898392752,4425.942527013831
high_l90,high,90,qwen2.5-7b-instruct,Qwen--Qwen2.5-7B-Instruct,DistServe,DistServe-2A100,distserve_2a100,realistic_pcie,1,long_extra_01,219.68727296916768,4669.879333989229,9.115931985434145,228.80320495460182,4889.566606958397
high_l90,high,90,qwen2.5-7b-instruct,Qwen--Qwen2.5-7B-Instruct,DistServe,DistServe-2A100,distserve_2a100,realistic_pcie,1,long_extra_02,260.73037303285673,4676.724641933106,7.519042934291065,268.2494159671478,4937.455014965963
high_l90,high,90,qwen2.5-7b-instruct,Qwen--Qwen2.5-7B-Instruct,DistServe,DistServe-2A100,distserve_2a100,realistic_pcie,1,long_extra_03,260.11038600699976,4219.067736994475,7.67229899065569,267.78268499765545,4479.178123001475
high_l90,high,90,qwen2.5-7b-instruct,Qwen--Qwen2.5-7B-Instruct,DistServe,DistServe-2A100,distserve_2a100,realistic_pcie,1,long_extra_04,268.9069979824126,4676.4526549959555,8.238159993197769,277.14515797561035,4945.359652978368
high_l90,high,90,qwen2.5-7b-instruct,Qwen--Qwen2.5-7B-Instruct,DistServe,DistServe-2A100,distserve_2a100,realistic_pcie,1,long_extra_05,211.75994799705222,4214.77513294667,5.478004983160645,217.23795298021287,4426.535080943722
high_l90,high,90,qwen2.5-7b-instruct,Qwen--Qwen2.5-7B-Instruct,DistServe,DistServe-2A100,distserve_2a100,realistic_pcie,1,long_extra_06,216.36165102245286,4214.221799978986,4.21571295009926,220.57736397255212,4430.583451001439
high_l90,high,90,qwen2.5-7b-instruct,Qwen--Qwen2.5-7B-Instruct,DistServe,DistServe-2A100,distserve_2a100,realistic_pcie,1,long_extra_07,215.43914003996179,4210.003517917357,3.230519942007959,218.66965998196974,4425.442657957319
high_l90,high,90,qwen2.5-7b-instruct,Qwen--Qwen2.5-7B-Instruct,DistServe,DistServe-2A100,distserve_2a100,realistic_pcie,1,long_extra_08,229.16103299940005,4201.3516160077415,1.9181580282747746,231.07919102767482,4430.512649007142
high_l90,high,90,qwen2.5-7b-instruct,Qwen--Qwen2.5-7B-Instruct,DistServe,DistServe-2A100,distserve_2a100,realistic_pcie,1,long_extra_09,216.237973945681,4670.653700013645,11.518393002916127,227.75636694859713,4886.891673959326
high_l90,high,90,qwen2.5-7b-instruct,Qwen--Qwen2.5-7B-Instruct,DistServe,DistServe-2A100,distserve_2a100,realistic_pcie,1,long_extra_10,217.4586930195801,4652.496223978233,13.52146896533668,230.98016198491678,4869.954916997813
high_l90,high,90,qwen2.5-7b-instruct,Qwen--Qwen2.5-7B-Instruct,DistServe,DistServe-2A100,distserve_2a100,realistic_pcie,1,long_extra_11,214.22787598567083,4665.878655971028,11.990136001259089,226.21801198692992,4880.106531956699
high_l90,high,90,qwen2.5-7b-instruct,Qwen--Qwen2.5-7B-Instruct,DistServe,DistServe-2A100,distserve_2a100,realistic_pcie,1,long_extra_12,211.99058601632714,4210.445746954065,9.487474977504462,221.4780609938316,4422.436332970392
high_l90,high,90,qwen2.5-7b-instruct,Qwen--Qwen2.5-7B-Instruct,DistServe,DistServe-2A100,distserve_2a100,realistic_pcie,1,long_extra_13,211.11777500482276,4649.983658047859,10.551245999522507,221.66902100434527,4861.101433052681
high_l90,high,90,qwen2.5-7b-instruct,Qwen--Qwen2.5-7B-Instruct,DistServe,DistServe-2A100,distserve_2a100,realistic_pcie,1,long_extra_14,261.1192950280383,4224.791023996659,4.813820996787399,265.9331160248257,4485.910319024697
high_l90,high,90,qwen2.5-7b-instruct,Qwen--Qwen2.5-7B-Instruct,DistServe,DistServe-2A100,distserve_2a100,realistic_pcie,1,long_extra_15,215.27690801303834,4210.167187964544,10.172639973461628,225.44954798649997,4425.444095977582
high_l90,high,90,qwen2.5-7b-instruct,Qwen--Qwen2.5-7B-Instruct,DistServe,DistServe-2A100,distserve_2a100,realistic_pcie,1,long_extra_16,267.55277800839394,4662.284096993972,12.059389031492174,279.6121670398861,4929.836875002366
high_l90,high,90,qwen2.5-7b-instruct,Qwen--Qwen2.5-7B-Instruct,DistServe,DistServe-2A100,distserve_2a100,realistic_pcie,1,long_extra_17,210.53711703279987,4213.173650961835,9.010838926769793,219.54795595956966,4423.710767994635
high_l90,high,90,qwen2.5-7b-instruct,Qwen--Qwen2.5-7B-Instruct,DistServe,DistServe-2A100,distserve_2a100,realistic_pcie,1,long_extra_18,217.602590972092,4665.331258031074,10.775431990623474,228.37802296271548,4882.933849003166
high_l90,high,90,qwen2.5-7b-instruct,Qwen--Qwen2.5-7B-Instruct,DistServe,DistServe-2A100,distserve_2a100,realistic_pcie,1,long_extra_19,220.83189495606348,4651.417612098157,7.921598094981164,228.75349305104464,4872.249507054221
high_l90,high,90,qwen2.5-7b-instruct,Qwen--Qwen2.5-7B-Instruct,DistServe,DistServe-2A100,distserve_2a100,realistic_pcie,1,long_extra_20,216.16227796766907,4676.625958003569,15.941970981657505,232.10424894932657,4892.7882359712385
high_l90,high,90,qwen2.5-7b-instruct,Qwen--Qwen2.5-7B-Instruct,DistServe,DistServe-2A100,distserve_2a100,realistic_pcie,1,long_extra_21,223.53066102368757,4661.182034993544,10.174228984396905,233.70489000808448,4884.712696017232
high_l90,high,90,qwen2.5-7b-instruct,Qwen--Qwen2.5-7B-Instruct,DistServe,DistServe-2A100,distserve_2a100,realistic_pcie,1,long_extra_22,213.89010903658345,4662.559350952506,13.639320968650281,227.52943000523373,4876.4494599890895
high_l90,high,90,qwen2.5-7b-instruct,Qwen--Qwen2.5-7B-Instruct,DistServe,DistServe-2A100,distserve_2a100,realistic_pcie,1,long_extra_23,213.90829398296773,4687.778340012301,15.574413002468646,229.48270698543638,4901.6866339952685
high_l90,high,90,qwen2.5-7b-instruct,Qwen--Qwen2.5-7B-Instruct,DistServe,DistServe-2A100,distserve_2a100,realistic_pcie,1,long_extra_24,264.84659500420094,4644.631649018265,4.950700968038291,269.7972959722392,4909.478244022466
high_l90,high,90,qwen2.5-7b-instruct,Qwen--Qwen2.5-7B-Instruct,DistServe,DistServe-2A100,distserve_2a100,realistic_pcie,1,long_extra_25,216.54296899214387,4212.314441043418,4.139571043197066,220.68254003534093,4428.857410035562
high_l90,high,90,qwen2.5-7b-instruct,Qwen--Qwen2.5-7B-Instruct,DistServe,DistServe-2A100,distserve_2a100,realistic_pcie,1,long_extra_26,213.57099601300433,4661.0323039931245,15.147667960263789,228.71866397326812,4874.603300006129
high_l90,high,90,qwen2.5-7b-instruct,Qwen--Qwen2.5-7B-Instruct,DistServe,DistServe-2A100,distserve_2a100,realistic_pcie,1,long_extra_27,213.99908099556342,4679.282929981127,9.889421984553337,223.88850298011675,4893.282010976691
high_l90,high,90,qwen2.5-7b-instruct,Qwen--Qwen2.5-7B-Instruct,DistServe,DistServe-2A100,distserve_2a100,realistic_pcie,1,long_extra_28,213.2585330400616,4665.832057944499,13.422773918136954,226.68130695819855,4879.090590984561
high_l90,high,90,qwen2.5-7b-instruct,Qwen--Qwen2.5-7B-Instruct,DistServe,DistServe-2A100,distserve_2a100,realistic_pcie,1,long_extra_29,214.24951299559325,4655.388137965929,15.580973995383829,229.83048699097708,4869.637650961522
high_l90,high,90,qwen2.5-7b-instruct,Qwen--Qwen2.5-7B-Instruct,DistServe,DistServe-2A100,distserve_2a100,realistic_pcie,1,long_extra_30,211.4903400070034,4654.780623037368,17.513844999484718,229.00418500648811,4866.2709630443715
high_l90,high,90,qwen2.5-7b-instruct,Qwen--Qwen2.5-7B-Instruct,DistServe,DistServe-2A100,distserve_2a100,realistic_pcie,1,long_extra_31,263.36269098101184,4661.774525011424,5.790087045170367,269.1527780261822,4925.137215992436
high_l90,high,90,qwen2.5-7b-instruct,Qwen--Qwen2.5-7B-Instruct,DistServe,DistServe-2A100,distserve_2a100,realistic_pcie,1,long_extra_32,218.2225760188885,4204.258022014983,5.830147012602538,224.05272303149104,4422.4805980338715
high_l90,high,90,qwen2.5-7b-instruct,Qwen--Qwen2.5-7B-Instruct,DistServe,DistServe-2A100,distserve_2a100,realistic_pcie,1,long_extra_33,260.0096059613861,4245.732698997017,12.047577009070665,272.0571829704568,4505.742304958403
high_l90,high,90,qwen2.5-7b-instruct,Qwen--Qwen2.5-7B-Instruct,DistServe,DistServe-2A100,distserve_2a100,realistic_pcie,1,mid_b,68.77861201064661,4200.085763994139,1.2362549896351993,70.01486700028181,4268.864376004785
high_l90,high,90,qwen2.5-7b-instruct,Qwen--Qwen2.5-7B-Instruct,DistServe,DistServe-2A100,distserve_2a100,realistic_pcie,1,short_a,68.3986289659515,4176.252675009891,2.051551011390984,70.45017997734249,4244.651303975843
high_l90,high,90,qwen2.5-7b-instruct,Qwen--Qwen2.5-7B-Instruct,DistServe,DistServe-2A100,distserve_2a100,realistic_pcie,1,short_extra_00,69.19421296333894,4215.071493061259,2.740542055107653,71.9347550184466,4284.265706024598
high_l90,high,90,qwen2.5-7b-instruct,Qwen--Qwen2.5-7B-Instruct,DistServe,DistServe-2A100,distserve_2a100,realistic_pcie,1,short_extra_01,74.99154697870836,4346.881125005893,67.92001757821708,70.48377802129835,4421.872671984602
mid_l10,mid,10,baichuan2-7b-chat,baichuan-inc--Baichuan2-7B-Chat,DistServe,DistServe-2A100,distserve_2a100,realistic_pcie,0,long_a,213.36365304887295,1027.0468349917792,8.845076954457909,222.20873000333086,1240.4104880406521
mid_l10,mid,10,baichuan2-7b-chat,baichuan-inc--Baichuan2-7B-Chat,DistServe,DistServe-2A100,distserve_2a100,realistic_pcie,0,long_b,263.6284829932265,4615.991597005632,10.685748013202101,274.3142310064286,4879.620079998858
mid_l10,mid,10,baichuan2-7b-chat,baichuan-inc--Baichuan2-7B-Chat,DistServe,DistServe-2A100,distserve_2a100,realistic_pcie,0,long_extra_00,220.33357300097123,1324.833018006757,7.252028037328273,227.5856010382995,1545.1665910077281
mid_l10,mid,10,baichuan2-7b-chat,baichuan-inc--Baichuan2-7B-Chat,DistServe,DistServe-2A100,distserve_2a100,realistic_pcie,0,long_extra_01,223.72232103953138,4602.459054964129,0.3470549709163606,224.06937601044774,4826.18137600366
mid_l10,mid,10,baichuan2-7b-chat,baichuan-inc--Baichuan2-7B-Chat,DistServe,DistServe-2A100,distserve_2a100,realistic_pcie,0,mid_b,75.44872799189761,4582.942121021915,1.4837940107099712,76.93252200260758,4658.390849013813
mid_l10,mid,10,baichuan2-7b-chat,baichuan-inc--Baichuan2-7B-Chat,DistServe,DistServe-2A100,distserve_2a100,realistic_pcie,0,short_a,76.38354995287955,4577.843726030551,0.11004501720890403,76.49359497008845,4654.22727598343
mid_l10,mid,10,baichuan2-7b-chat,baichuan-inc--Baichuan2-7B-Chat,DistServe,DistServe-2A100,distserve_2a100,realistic_pcie,0,short_extra_00,84.44213500479236,4569.394453952555,71.39678834300867,76.59281598171219,4653.836588957347
mid_l10,mid,10,baichuan2-7b-chat,baichuan-inc--Baichuan2-7B-Chat,DistServe,DistServe-2A100,distserve_2a100,realistic_pcie,0,short_extra_01,76.96324895368889,4615.991874074098,0.5780200590379536,77.54126901272684,4692.955123027787
mid_l10,mid,10,baichuan2-7b-chat,baichuan-inc--Baichuan2-7B-Chat,DistServe,DistServe-2A100,distserve_2a100,realistic_pcie,0,short_extra_02,77.85557996248826,4580.579494067933,0.24730106815695763,78.10288103064522,4658.435074030422
mid_l10,mid,10,baichuan2-7b-chat,baichuan-inc--Baichuan2-7B-Chat,DistServe,DistServe-2A100,distserve_2a100,realistic_pcie,0,short_extra_03,75.71350899524987,4594.330767984502,1.4334599836729467,77.14696897892281,4670.044276979752
mid_l10,mid,10,baichuan2-7b-chat,baichuan-inc--Baichuan2-7B-Chat,DistServe,DistServe-2A100,distserve_2a100,realistic_pcie,0,short_extra_04,76.07089000521228,4593.753875989933,0.25647401344031096,76.32736401865259,4669.824765995145
mid_l10,mid,10,baichuan2-7b-chat,baichuan-inc--Baichuan2-7B-Chat,DistServe,DistServe-2A100,distserve_2a100,realistic_pcie,0,short_extra_05,76.5451819752343,4587.514156010002,0.3700990346260369,76.91528100986034,4664.059337985236
mid_l10,mid,10,baichuan2-7b-chat,baichuan-inc--Baichuan2-7B-Chat,DistServe,DistServe-2A100,distserve_2a100,realistic_pcie,0,short_extra_06,77.39638397470117,3432.02614801703,53.6254085627661,76.91824197536334,3509.4225319917314
mid_l10,mid,10,baichuan2-7b-chat,baichuan-inc--Baichuan2-7B-Chat,DistServe,DistServe-2A100,distserve_2a100,realistic_pcie,0,short_extra_07,76.27110497560352,4614.041615044698,0.5527380271814764,76.823843002785,4690.312720020302
mid_l10,mid,10,baichuan2-7b-chat,baichuan-inc--Baichuan2-7B-Chat,DistServe,DistServe-2A100,distserve_2a100,realistic_pcie,0,short_extra_08,78.50225700531155,4580.018448003102,71.56278825004847,77.09528197301552,4658.520705008414
mid_l10,mid,10,baichuan2-7b-chat,baichuan-inc--Baichuan2-7B-Chat,DistServe,DistServe-2A100,distserve_2a100,realistic_pcie,0,short_extra_09,75.0187539961189,4673.361213004682,2.1923540043644607,77.21110800048336,4748.379967000801
mid_l10,mid,10,baichuan2-7b-chat,baichuan-inc--Baichuan2-7B-Chat,DistServe,DistServe-2A100,distserve_2a100,realistic_pcie,0,short_extra_10,75.81638800911605,1977.6624630321749,2.072400995530188,77.88878900464624,2053.478851041291
mid_l10,mid,10,baichuan2-7b-chat,baichuan-inc--Baichuan2-7B-Chat,DistServe,DistServe-2A100,distserve_2a100,realistic_pcie,0,short_extra_11,77.34586298465729,4581.100613053422,71.57969707895973,77.14983803452924,4658.44647603808
mid_l10,mid,10,baichuan2-7b-chat,baichuan-inc--Baichuan2-7B-Chat,DistServe,DistServe-2A100,distserve_2a100,realistic_pcie,0,short_extra_12,75.40258695371449,4586.714085016865,1.0003410279750824,76.40292798168957,4662.11667197058
mid_l10,mid,10,baichuan2-7b-chat,baichuan-inc--Baichuan2-7B-Chat,DistServe,DistServe-2A100,distserve_2a100,realistic_pcie,0,short_extra_13,76.7093530157581,4639.399904932361,1.2421469436958432,77.95149995945394,4716.109257948119
mid_l10,mid,10,baichuan2-7b-chat,baichuan-inc--Baichuan2-7B-Chat,DistServe,DistServe-2A100,distserve_2a100,realistic_pcie,0,short_extra_14,75.75339800678194,4589.460533985402,1.1321059428155422,76.88550394959748,4665.213931992184
mid_l10,mid,10,baichuan2-7b-chat,baichuan-inc--Baichuan2-7B-Chat,DistServe,DistServe-2A100,distserve_2a100,realistic_pcie,0,short_extra_15,76.35247497819364,4592.292454035487,71.75456959430448,75.68804698530585,4668.644929013681
mid_l10,mid,10,baichuan2-7b-chat,baichuan-inc--Baichuan2-7B-Chat,DistServe,DistServe-2A100,distserve_2a100,realistic_pcie,0,short_extra_16,77.27782696019858,4599.87178404117,0.9795930818654597,78.25742004206404,4677.149611001369
mid_l10,mid,10,baichuan2-7b-chat,baichuan-inc--Baichuan2-7B-Chat,DistServe,DistServe-2A100,distserve_2a100,realistic_pcie,0,short_extra_17,229.70642999280244,4521.603792032693,70.65005925051082,152.50510902842507,4751.310222025495
mid_l10,mid,10,baichuan2-7b-chat,baichuan-inc--Baichuan2-7B-Chat,DistServe,DistServe-2A100,distserve_2a100,realistic_pcie,0,short_extra_18,77.1756999893114,4554.517816985026,71.16434089039103,76.88146899454296,4631.693516974337
mid_l10,mid,10,baichuan2-7b-chat,baichuan-inc--Baichuan2-7B-Chat,DistServe,DistServe-2A100,distserve_2a100,realistic_pcie,0,short_extra_19,78.37079494493082,4571.391729055904,0.24331104941666126,78.61410599434748,4649.762524000835
mid_l10,mid,10,baichuan2-7b-chat,baichuan-inc--Baichuan2-7B-Chat,DistServe,DistServe-2A100,distserve_2a100,realistic_pcie,0,short_extra_20,84.74775904323906,4579.162841953803,71.54941940552817,78.27128598000854,4663.910600997042
mid_l10,mid,10,baichuan2-7b-chat,baichuan-inc--Baichuan2-7B-Chat,DistServe,DistServe-2A100,distserve_2a100,realistic_pcie,0,short_extra_21,75.64965297933668,4586.599271045998,1.4805750688537955,77.13022804819047,4662.248924025334
mid_l10,mid,10,baichuan2-7b-chat,baichuan-inc--Baichuan2-7B-Chat,DistServe,DistServe-2A100,distserve_2a100,realistic_pcie,0,short_extra_22,77.28429703274742,4603.075818973593,0.9052499663084745,78.18954699905589,4680.360116006341
mid_l10,mid,10,baichuan2-7b-chat,baichuan-inc--Baichuan2-7B-Chat,DistServe,DistServe-2A100,distserve_2a100,realistic_pcie,0,short_extra_23,75.03476098645478,4571.093514037784,2.391201036516577,77.42596202297136,4646.128275024239
mid_l10,mid,10,baichuan2-7b-chat,baichuan-inc--Baichuan2-7B-Chat,DistServe,DistServe-2A100,distserve_2a100,realistic_pcie,0,short_extra_24,77.12392200483009,4589.673508016858,0.013131008017808199,77.1370530128479,4666.797430021688
mid_l10,mid,10,baichuan2-7b-chat,baichuan-inc--Baichuan2-7B-Chat,DistServe,DistServe-2A100,distserve_2a100,realistic_pcie,0,short_extra_25,75.05607401253656,4582.78146100929,2.1855049999430776,77.24157901247963,4657.837535021827
mid_l10,mid,10,baichuan2-7b-chat,baichuan-inc--Baichuan2-7B-Chat,DistServe,DistServe-2A100,distserve_2a100,realistic_pcie,0,short_extra_26,75.48711204435676,3215.9265499794856,2.007049974054098,77.49416201841086,3291.4136620238423
mid_l10,mid,10,baichuan2-7b-chat,baichuan-inc--Baichuan2-7B-Chat,DistServe,DistServe-2A100,distserve_2a100,realistic_pcie,0,short_extra_27,78.3478090306744,4556.058220972773,71.18840970269957,77.55253999494016,4634.406030003447
mid_l10,mid,10,baichuan2-7b-chat,baichuan-inc--Baichuan2-7B-Chat,DistServe,DistServe-2A100,distserve_2a100,realistic_pcie,0,short_extra_28,76.43633603584021,3884.7057090024464,0.7317029521800578,77.16803898802027,3961.1420450382866
mid_l10,mid,10,baichuan2-7b-chat,baichuan-inc--Baichuan2-7B-Chat,DistServe,DistServe-2A100,distserve_2a100,realistic_pcie,0,short_extra_29,78.17060803063214,4573.275766975712,71.4574338589955,77.24561501527205,4651.446375006344
mid_l10,mid,10,baichuan2-7b-chat,baichuan-inc--Baichuan2-7B-Chat,DistServe,DistServe-2A100,distserve_2a100,realistic_pcie,0,short_extra_30,75.55536896688864,4585.4040900594555,1.3628920423798263,76.91826100926846,4660.959459026344
mid_l10,mid,10,baichuan2-7b-chat,baichuan-inc--Baichuan2-7B-Chat,DistServe,DistServe-2A100,distserve_2a100,realistic_pcie,0,short_extra_31,76.05707697803155,4599.271798040718,0.8613790269009769,76.91845600493252,4675.328875018749
mid_l10,mid,10,baichuan2-7b-chat,baichuan-inc--Baichuan2-7B-Chat,DistServe,DistServe-2A100,distserve_2a100,realistic_pcie,0,short_extra_32,76.7943219980225,4588.063122995663,0.6444180035032332,77.43874000152573,4664.857444993686
mid_l10,mid,10,baichuan2-7b-chat,baichuan-inc--Baichuan2-7B-Chat,DistServe,DistServe-2A100,distserve_2a100,realistic_pcie,0,short_extra_33,76.10437000403181,4610.97083799541,2.047615998890251,78.15198600292206,4687.075207999442
mid_l10,mid,10,baichuan2-7b-chat,baichuan-inc--Baichuan2-7B-Chat,DistServe,DistServe-2A100,distserve_2a100,realistic_pcie,1,long_a,213.53458805242553,1025.3677259315737,5.656915949657559,219.1915040020831,1238.9023139839992
mid_l10,mid,10,baichuan2-7b-chat,baichuan-inc--Baichuan2-7B-Chat,DistServe,DistServe-2A100,distserve_2a100,realistic_pcie,1,long_b,263.39557202300057,4592.967426986434,11.29146700259298,274.68703902559355,4856.362999009434
mid_l10,mid,10,baichuan2-7b-chat,baichuan-inc--Baichuan2-7B-Chat,DistServe,DistServe-2A100,distserve_2a100,realistic_pcie,1,long_extra_00,216.8342829681933,1347.9768620454706,14.24618304008618,231.08046600827947,1564.811145013664
mid_l10,mid,10,baichuan2-7b-chat,baichuan-inc--Baichuan2-7B-Chat,DistServe,DistServe-2A100,distserve_2a100,realistic_pcie,1,long_extra_01,218.9986240118742,4589.040521997958,5.308262014295906,224.3068860261701,4808.039146009833
mid_l10,mid,10,baichuan2-7b-chat,baichuan-inc--Baichuan2-7B-Chat,DistServe,DistServe-2A100,distserve_2a100,realistic_pcie,1,mid_b,74.74266202189028,4586.054056009743,1.6588459839113057,76.40150800580159,4660.796718031634
mid_l10,mid,10,baichuan2-7b-chat,baichuan-inc--Baichuan2-7B-Chat,DistServe,DistServe-2A100,distserve_2a100,realistic_pcie,1,short_a,74.81326296692714,4568.590984039474,2.0651810336858034,76.87844400061294,4643.404247006401
mid_l10,mid,10,baichuan2-7b-chat,baichuan-inc--Baichuan2-7B-Chat,DistServe,DistServe-2A100,distserve_2a100,realistic_pcie,1,short_extra_00,75.20643703173846,4599.046115938108,2.0362609648145735,77.24269799655303,4674.252552969847
mid_l10,mid,10,baichuan2-7b-chat,baichuan-inc--Baichuan2-7B-Chat,DistServe,DistServe-2A100,distserve_2a100,realistic_pcie,1,short_extra_01,74.70597402425483,4618.062803929206,1.9536009640432894,76.65957498829812,4692.768777953461
mid_l10,mid,10,baichuan2-7b-chat,baichuan-inc--Baichuan2-7B-Chat,DistServe,DistServe-2A100,distserve_2a100,realistic_pcie,1,short_extra_02,74.84302402008325,3268.667286960408,2.897597965784371,77.74062198586762,3343.5103109804913
mid_l10,mid,10,baichuan2-7b-chat,baichuan-inc--Baichuan2-7B-Chat,DistServe,DistServe-2A100,distserve_2a100,realistic_pcie,1,short_extra_03,75.24812303017825,4687.760355998762,5.248866975307465,80.49699000548571,4763.00847902894
mid_l10,mid,10,baichuan2-7b-chat,baichuan-inc--Baichuan2-7B-Chat,DistServe,DistServe-2A100,distserve_2a100,realistic_pcie,1,short_extra_04,74.82838805299252,4585.092469933443,1.9396519637666643,76.76804001675919,4659.920857986435
mid_l10,mid,10,baichuan2-7b-chat,baichuan-inc--Baichuan2-7B-Chat,DistServe,DistServe-2A100,distserve_2a100,realistic_pcie,1,short_extra_05,75.18854300724342,4597.561301954556,2.239145978819579,77.427688986063,4672.7498449618
mid_l10,mid,10,baichuan2-7b-chat,baichuan-inc--Baichuan2-7B-Chat,DistServe,DistServe-2A100,distserve_2a100,realistic_pcie,1,short_extra_06,75.92062797630206,3433.2901010056958,1.2315220083110034,77.15214998461306,3509.210728981998
mid_l10,mid,10,baichuan2-7b-chat,baichuan-inc--Baichuan2-7B-Chat,DistServe,DistServe-2A100,distserve_2a100,realistic_pcie,1,short_extra_07,76.13866997417063,4851.010123034939,2.175373025238514,78.31404299940914,4927.14879300911
mid_l10,mid,10,baichuan2-7b-chat,baichuan-inc--Baichuan2-7B-Chat,DistServe,DistServe-2A100,distserve_2a100,realistic_pcie,1,short_extra_08,75.37128200056031,4651.424616982695,3.026588005013764,78.39787000557408,4726.795898983255
mid_l10,mid,10,baichuan2-7b-chat,baichuan-inc--Baichuan2-7B-Chat,DistServe,DistServe-2A100,distserve_2a100,realistic_pcie,1,short_extra_09,75.71335101965815,4590.793038951233,0.4330019582994282,76.14635297795758,4666.506389970891
mid_l10,mid,10,baichuan2-7b-chat,baichuan-inc--Baichuan2-7B-Chat,DistServe,DistServe-2A100,distserve_2a100,realistic_pcie,1,short_extra_10,74.47709603002295,1965.4448970104568,1.9939040066674352,76.47100003669038,2039.9219930404797
mid_l10,mid,10,baichuan2-7b-chat,baichuan-inc--Baichuan2-7B-Chat,DistServe,DistServe-2A100,distserve_2a100,realistic_pcie,1,short_extra_11,75.17881895182654,4585.689577041194,2.0065250573679805,77.18534400919452,4660.86839599302
mid_l10,mid,10,baichuan2-7b-chat,baichuan-inc--Baichuan2-7B-Chat,DistServe,DistServe-2A100,distserve_2a100,realistic_pcie,1,short_extra_12,74.7441470157355,4578.179873991758,1.899877970572561,76.64402498630807,4652.924021007493
mid_l10,mid,10,baichuan2-7b-chat,baichuan-inc--Baichuan2-7B-Chat,DistServe,DistServe-2A100,distserve_2a100,realistic_pcie,1,short_extra_13,75.04918600898236,4579.58703202894,1.4904420240782201,76.53962803306058,4654.636218037922
mid_l10,mid,10,baichuan2-7b-chat,baichuan-inc--Baichuan2-7B-Chat,DistServe,DistServe-2A100,distserve_2a100,realistic_pcie,1,short_extra_14,75.47568302834406,4596.72834695084,2.188684942666441,77.6643679710105,4672.204029979184
mid_l10,mid,10,baichuan2-7b-chat,baichuan-inc--Baichuan2-7B-Chat,DistServe,DistServe-2A100,distserve_2a100,realistic_pcie,1,short_extra_15,75.74424997437745,4605.285683996044,0.08113199146464467,75.8253819658421,4681.029933970422
mid_l10,mid,10,baichuan2-7b-chat,baichuan-inc--Baichuan2-7B-Chat,DistServe,DistServe-2A100,distserve_2a100,realistic_pcie,1,short_extra_16,75.41762804612517,4591.25865297392,2.0840229699388146,77.50165101606399,4666.676281020045
mid_l10,mid,10,baichuan2-7b-chat,baichuan-inc--Baichuan2-7B-Chat,DistServe,DistServe-2A100,distserve_2a100,realistic_pcie,1,short_extra_17,75.41832100832835,4585.577921941876,3.776445984840393,79.19476699316874,4660.996242950205
mid_l10,mid,10,baichuan2-7b-chat,baichuan-inc--Baichuan2-7B-Chat,DistServe,DistServe-2A100,distserve_2a100,realistic_pcie,1,short_extra_18,74.74311097757891,4588.756211043801,2.765437006019056,77.50854798359796,4663.49932202138
mid_l10,mid,10,baichuan2-7b-chat,baichuan-inc--Baichuan2-7B-Chat,DistServe,DistServe-2A100,distserve_2a100,realistic_pcie,1,short_extra_19,75.33176598371938,4578.1770999892615,1.9380060257390141,77.26977200945839,4653.508865972981
mid_l10,mid,10,baichuan2-7b-chat,baichuan-inc--Baichuan2-7B-Chat,DistServe,DistServe-2A100,distserve_2a100,realistic_pcie,1,short_extra_20,75.28751203790307,4587.826793955173,1.1973889195360243,76.4849009574391,4663.114305993076
mid_l10,mid,10,baichuan2-7b-chat,baichuan-inc--Baichuan2-7B-Chat,DistServe,DistServe-2A100,distserve_2a100,realistic_pcie,1,short_extra_21,75.7681280374527,4600.629104941618,1.5584519715048373,77.32658000895754,4676.39723297907
mid_l10,mid,10,baichuan2-7b-chat,baichuan-inc--Baichuan2-7B-Chat,DistServe,DistServe-2A100,distserve_2a100,realistic_pcie,1,short_extra_22,75.15653502196074,4615.3080820222385,2.079745987430215,77.23628100939095,4690.464617044199
mid_l10,mid,10,baichuan2-7b-chat,baichuan-inc--Baichuan2-7B-Chat,DistServe,DistServe-2A100,distserve_2a100,realistic_pcie,1,short_extra_23,76.42193196807057,4679.439177038148,0.024540000595152378,76.44647196866572,4755.861109006219
mid_l10,mid,10,baichuan2-7b-chat,baichuan-inc--Baichuan2-7B-Chat,DistServe,DistServe-2A100,distserve_2a100,realistic_pcie,1,short_extra_24,75.26010199217126,4609.552634006832,1.2945000198669732,76.55460201203823,4684.812735999003
mid_l10,mid,10,baichuan2-7b-chat,baichuan-inc--Baichuan2-7B-Chat,DistServe,DistServe-2A100,distserve_2a100,realistic_pcie,1,short_extra_25,75.12580399634317,4870.927787036635,1.2751449830830097,76.40094897942618,4946.053591032978
mid_l10,mid,10,baichuan2-7b-chat,baichuan-inc--Baichuan2-7B-Chat,DistServe,DistServe-2A100,distserve_2a100,realistic_pcie,1,short_extra_26,74.82016703579575,4583.264729939401,2.588482981082052,77.4086500168778,4658.084896975197
mid_l10,mid,10,baichuan2-7b-chat,baichuan-inc--Baichuan2-7B-Chat,DistServe,DistServe-2A100,distserve_2a100,realistic_pcie,1,short_extra_27,76.87948300736025,4568.680964992382,71.38564007800596,76.47621899377555,4645.560447999742
mid_l10,mid,10,baichuan2-7b-chat,baichuan-inc--Baichuan2-7B-Chat,DistServe,DistServe-2A100,distserve_2a100,realistic_pcie,1,short_extra_28,75.0514849787578,4595.601954031736,2.209249068982899,77.2607340477407,4670.6534390104935
mid_l10,mid,10,baichuan2-7b-chat,baichuan-inc--Baichuan2-7B-Chat,DistServe,DistServe-2A100,distserve_2a100,realistic_pcie,1,short_extra_29,75.46817604452372,4585.183908930048,0.9127499652095139,76.38092600973323,4660.652084974572
mid_l10,mid,10,baichuan2-7b-chat,baichuan-inc--Baichuan2-7B-Chat,DistServe,DistServe-2A100,distserve_2a100,realistic_pcie,1,short_extra_30,75.54570498177782,4589.041963976342,1.274314010515809,76.82001899229363,4664.58766895812
mid_l10,mid,10,baichuan2-7b-chat,baichuan-inc--Baichuan2-7B-Chat,DistServe,DistServe-2A100,distserve_2a100,realistic_pcie,1,short_extra_31,74.56807501148432,4577.826193941291,3.165996982716024,77.73407199420035,4652.394268952776
mid_l10,mid,10,baichuan2-7b-chat,baichuan-inc--Baichuan2-7B-Chat,DistServe,DistServe-2A100,distserve_2a100,realistic_pcie,1,short_extra_32,74.97327297460288,4576.049341063481,1.8987040384672582,76.87197701307014,4651.022614038084
mid_l10,mid,10,baichuan2-7b-chat,baichuan-inc--Baichuan2-7B-Chat,DistServe,DistServe-2A100,distserve_2a100,realistic_pcie,1,short_extra_33,76.2000409886241,4665.876357990783,1.426164002623409,77.6262049912475,4742.076398979407
mid_l10,mid,10,gemma-2-9b-it,google--gemma-2-9b-it,DistServe,DistServe-2A100,distserve_2a100,realistic_pcie,0,long_a,313.12293600058183,1915.0220620213076,7.349252002313733,320.47218800289556,2228.1449980218895
mid_l10,mid,10,gemma-2-9b-it,google--gemma-2-9b-it,DistServe,DistServe-2A100,distserve_2a100,realistic_pcie,0,long_b,358.77440398326144,7527.4475430487655,10.046448034700006,368.82085201796144,7886.221947032027
mid_l10,mid,10,gemma-2-9b-it,google--gemma-2-9b-it,DistServe,DistServe-2A100,distserve_2a100,realistic_pcie,0,long_extra_00,315.48049399862066,1328.781699994579,12.313872983213514,327.7943669818342,1644.2621939931996
mid_l10,mid,10,gemma-2-9b-it,google--gemma-2-9b-it,DistServe,DistServe-2A100,distserve_2a100,realistic_pcie,0,long_extra_01,324.61841602344066,7519.885650021024,3.7422089953906834,328.36062501883134,7844.504066044465
mid_l10,mid,10,gemma-2-9b-it,google--gemma-2-9b-it,DistServe,DistServe-2A100,distserve_2a100,realistic_pcie,0,mid_b,127.42774200160056,7496.768216020428,117.13700337531918,126.54301401926205,7624.195958022028
mid_l10,mid,10,gemma-2-9b-it,google--gemma-2-9b-it,DistServe,DistServe-2A100,distserve_2a100,realistic_pcie,0,short_a,127.03721201978624,7493.690559989773,1.8581649637781084,128.89537698356435,7620.727772009559
mid_l10,mid,10,gemma-2-9b-it,google--gemma-2-9b-it,DistServe,DistServe-2A100,distserve_2a100,realistic_pcie,0,short_extra_00,131.7220070050098,7487.171985034365,116.98706226616196,128.20173701038584,7618.893992039375
mid_l10,mid,10,gemma-2-9b-it,google--gemma-2-9b-it,DistServe,DistServe-2A100,distserve_2a100,realistic_pcie,0,short_extra_01,138.3403560030274,7517.949110013433,117.46795484395989,130.21573796868324,7656.28946601646
mid_l10,mid,10,gemma-2-9b-it,google--gemma-2-9b-it,DistServe,DistServe-2A100,distserve_2a100,realistic_pcie,0,short_extra_02,127.51103698974475,7489.669211034197,3.359235997777432,130.87027298752218,7617.180248023942
mid_l10,mid,10,gemma-2-9b-it,google--gemma-2-9b-it,DistServe,DistServe-2A100,distserve_2a100,realistic_pcie,0,short_extra_03,127.56814196472988,7467.115672014188,2.8458310407586396,130.41397300548851,7594.683813978918
mid_l10,mid,10,gemma-2-9b-it,google--gemma-2-9b-it,DistServe,DistServe-2A100,distserve_2a100,realistic_pcie,0,short_extra_04,126.61446101265028,7507.947482983582,2.2305009770207107,128.844961989671,7634.561943996232
mid_l10,mid,10,gemma-2-9b-it,google--gemma-2-9b-it,DistServe,DistServe-2A100,distserve_2a100,realistic_pcie,0,short_extra_05,127.75685597443953,7521.429385989904,2.817362023051828,130.57421799749136,7649.186241964344
mid_l10,mid,10,gemma-2-9b-it,google--gemma-2-9b-it,DistServe,DistServe-2A100,distserve_2a100,realistic_pcie,0,short_extra_06,128.17033898318186,7484.2913880129345,0.7826700457371771,128.95300902891904,7612.461726996116
mid_l10,mid,10,gemma-2-9b-it,google--gemma-2-9b-it,DistServe,DistServe-2A100,distserve_2a100,realistic_pcie,0,short_extra_07,126.77800102392212,7473.634589987341,2.4745879927650094,129.25258901668712,7600.412591011263
mid_l10,mid,10,gemma-2-9b-it,google--gemma-2-9b-it,DistServe,DistServe-2A100,distserve_2a100,realistic_pcie,0,short_extra_08,127.36273097107187,7486.276080016978,1.9763240707106888,129.33905504178256,7613.63881098805
mid_l10,mid,10,gemma-2-9b-it,google--gemma-2-9b-it,DistServe,DistServe-2A100,distserve_2a100,realistic_pcie,0,short_extra_09,126.42182601848617,7529.0676489821635,2.598153951112181,129.01997996959835,7655.48947500065
mid_l10,mid,10,gemma-2-9b-it,google--gemma-2-9b-it,DistServe,DistServe-2A100,distserve_2a100,realistic_pcie,0,short_extra_10,128.05713998386636,7506.2060239724815,1.4660190208815038,129.52315900474787,7634.263163956348
mid_l10,mid,10,gemma-2-9b-it,google--gemma-2-9b-it,DistServe,DistServe-2A100,distserve_2a100,realistic_pcie,0,short_extra_11,129.27264696918428,7523.669657995924,1.7130880150943995,130.98573498427868,7652.942304965109
mid_l10,mid,10,gemma-2-9b-it,google--gemma-2-9b-it,DistServe,DistServe-2A100,distserve_2a100,realistic_pcie,0,short_extra_12,127.60158302262425,7508.97135597188,1.7378709744662046,129.33945399709046,7636.5729389945045
mid_l10,mid,10,gemma-2-9b-it,google--gemma-2-9b-it,DistServe,DistServe-2A100,distserve_2a100,realistic_pcie,0,short_extra_13,126.46669201785699,7546.570432954468,3.428579948376864,129.89527196623385,7673.037124972325
mid_l10,mid,10,gemma-2-9b-it,google--gemma-2-9b-it,DistServe,DistServe-2A100,distserve_2a100,realistic_pcie,0,short_extra_14,127.0117939566262,7511.793652025517,2.350219991058111,129.36201394768432,7638.805445982143
mid_l10,mid,10,gemma-2-9b-it,google--gemma-2-9b-it,DistServe,DistServe-2A100,distserve_2a100,realistic_pcie,0,short_extra_15,126.9159919465892,7532.547297072597,1.4653120888397098,128.3813040354289,7659.463289019186
mid_l10,mid,10,gemma-2-9b-it,google--gemma-2-9b-it,DistServe,DistServe-2A100,distserve_2a100,realistic_pcie,0,short_extra_16,127.85816501127556,7501.565170998219,1.1930610053241253,129.05122601659968,7629.423336009495
mid_l10,mid,10,gemma-2-9b-it,google--gemma-2-9b-it,DistServe,DistServe-2A100,distserve_2a100,realistic_pcie,0,short_extra_17,281.4322369522415,7518.890476087108,117.48266368886107,261.1515159951523,7800.32271303935
mid_l10,mid,10,gemma-2-9b-it,google--gemma-2-9b-it,DistServe,DistServe-2A100,distserve_2a100,realistic_pcie,0,short_extra_18,127.30146799003705,7518.592295993585,4.124903993215412,131.42637198325247,7645.893763983622
mid_l10,mid,10,gemma-2-9b-it,google--gemma-2-9b-it,DistServe,DistServe-2A100,distserve_2a100,realistic_pcie,0,short_extra_19,131.8082599900663,7500.940534984693,117.20219585913583,130.35625097109005,7632.748794974759
mid_l10,mid,10,gemma-2-9b-it,google--gemma-2-9b-it,DistServe,DistServe-2A100,distserve_2a100,realistic_pcie,0,short_extra_20,128.6821060348302,7495.866787969135,0.5917329690419137,129.27383900387213,7624.548894003965
mid_l10,mid,10,gemma-2-9b-it,google--gemma-2-9b-it,DistServe,DistServe-2A100,distserve_2a100,realistic_pcie,0,short_extra_21,128.19157796911895,7491.6464920388535,0.5782120279036462,128.7697899970226,7619.838070007972
mid_l10,mid,10,gemma-2-9b-it,google--gemma-2-9b-it,DistServe,DistServe-2A100,distserve_2a100,realistic_pcie,0,short_extra_22,128.79276397870854,7499.165889981668,0.22215698845684528,129.01492096716538,7627.958653960377
mid_l10,mid,10,gemma-2-9b-it,google--gemma-2-9b-it,DistServe,DistServe-2A100,distserve_2a100,realistic_pcie,0,short_extra_23,126.75161700462922,7502.312249969691,1.9879229948855937,128.73953999951482,7629.06386697432
mid_l10,mid,10,gemma-2-9b-it,google--gemma-2-9b-it,DistServe,DistServe-2A100,distserve_2a100,realistic_pcie,0,short_extra_24,127.13931000325829,7465.510634006932,0.9511950192973018,128.0905050225556,7592.649944010191
mid_l10,mid,10,gemma-2-9b-it,google--gemma-2-9b-it,DistServe,DistServe-2A100,distserve_2a100,realistic_pcie,0,short_extra_25,128.53198603261262,7506.819596979767,1.4720389735884964,130.00402500620112,7635.35158301238
mid_l10,mid,10,gemma-2-9b-it,google--gemma-2-9b-it,DistServe,DistServe-2A100,distserve_2a100,realistic_pcie,0,short_extra_26,127.39080801839009,7525.549437967129,2.0561309647746384,129.44693898316473,7652.940245985519
mid_l10,mid,10,gemma-2-9b-it,google--gemma-2-9b-it,DistServe,DistServe-2A100,distserve_2a100,realistic_pcie,0,short_extra_27,129.9983179778792,7505.015483009629,117.26586692202545,129.8033189959824,7635.013800987508
mid_l10,mid,10,gemma-2-9b-it,google--gemma-2-9b-it,DistServe,DistServe-2A100,distserve_2a100,realistic_pcie,0,short_extra_28,127.0233629620634,3476.606536016334,2.3989310138858855,129.4222939759493,3603.6298989783973
mid_l10,mid,10,gemma-2-9b-it,google--gemma-2-9b-it,DistServe,DistServe-2A100,distserve_2a100,realistic_pcie,0,short_extra_29,127.92707799235359,7516.422440006863,1.3692370266653597,129.29631501901895,7644.349517999217
mid_l10,mid,10,gemma-2-9b-it,google--gemma-2-9b-it,DistServe,DistServe-2A100,distserve_2a100,realistic_pcie,0,short_extra_30,127.229482983239,7498.190907062963,1.367389049846679,128.59687203308567,7625.420390046202
mid_l10,mid,10,gemma-2-9b-it,google--gemma-2-9b-it,DistServe,DistServe-2A100,distserve_2a100,realistic_pcie,0,short_extra_31,129.60136897163466,7528.941245982423,117.63970696847537,129.14136896142736,7658.542614954058
mid_l10,mid,10,gemma-2-9b-it,google--gemma-2-9b-it,DistServe,DistServe-2A100,distserve_2a100,realistic_pcie,0,short_extra_32,127.46555398916826,2385.696037032176,3.596859984099865,131.06241397326812,2513.161591021344
mid_l10,mid,10,gemma-2-9b-it,google--gemma-2-9b-it,DistServe,DistServe-2A100,distserve_2a100,realistic_pcie,0,short_extra_33,128.68287099990994,7506.3338610343635,2.4117440334521234,131.09461503336206,7635.016732034273
mid_l10,mid,10,gemma-2-9b-it,google--gemma-2-9b-it,DistServe,DistServe-2A100,distserve_2a100,realistic_pcie,1,long_a,310.3651729761623,1915.3487890143879,12.494568014517426,322.8597409906797,2225.71396199055
mid_l10,mid,10,gemma-2-9b-it,google--gemma-2-9b-it,DistServe,DistServe-2A100,distserve_2a100,realistic_pcie,1,long_b,360.61060801148415,7520.6405550125055,6.540262023918331,367.1508700354025,7881.25116302399
mid_l10,mid,10,gemma-2-9b-it,google--gemma-2-9b-it,DistServe,DistServe-2A100,distserve_2a100,realistic_pcie,1,long_extra_00,319.5314650074579,1310.0348640000448,6.485053978394717,326.0165189858526,1629.5663290075026
mid_l10,mid,10,gemma-2-9b-it,google--gemma-2-9b-it,DistServe,DistServe-2A100,distserve_2a100,realistic_pcie,1,long_extra_01,321.7028870130889,7501.894963963423,3.3155559794977307,325.01844299258664,7823.597850976512
mid_l10,mid,10,gemma-2-9b-it,google--gemma-2-9b-it,DistServe,DistServe-2A100,distserve_2a100,realistic_pcie,1,mid_b,125.42560399742797,7512.093450000975,3.1306750024668872,128.55627899989486,7637.519053998403
mid_l10,mid,10,gemma-2-9b-it,google--gemma-2-9b-it,DistServe,DistServe-2A100,distserve_2a100,realistic_pcie,1,short_a,125.57092204224318,7509.684667980764,3.372517938259989,128.94343998050317,7635.255590023007
mid_l10,mid,10,gemma-2-9b-it,google--gemma-2-9b-it,DistServe,DistServe-2A100,distserve_2a100,realistic_pcie,1,short_extra_00,125.32500800443813,7511.453212006018,3.696681000292301,129.02168900473043,7636.778220010456
mid_l10,mid,10,gemma-2-9b-it,google--gemma-2-9b-it,DistServe,DistServe-2A100,distserve_2a100,realistic_pcie,1,short_extra_01,129.01245499961078,7491.0497890086845,1.1561019928194582,130.16855699243024,7620.062244008295
mid_l10,mid,10,gemma-2-9b-it,google--gemma-2-9b-it,DistServe,DistServe-2A100,distserve_2a100,realistic_pcie,1,short_extra_02,127.55586300045252,7514.007222023793,1.8505220068618655,129.40638500731438,7641.563085024245
mid_l10,mid,10,gemma-2-9b-it,google--gemma-2-9b-it,DistServe,DistServe-2A100,distserve_2a100,realistic_pcie,1,short_extra_03,127.34243902377784,7504.6780569828115,2.070215006824583,129.41265403060243,7632.020496006589
mid_l10,mid,10,gemma-2-9b-it,google--gemma-2-9b-it,DistServe,DistServe-2A100,distserve_2a100,realistic_pcie,1,short_extra_04,125.39770401781425,7498.256563965697,4.647600988391787,130.04530500620604,7623.654267983511
mid_l10,mid,10,gemma-2-9b-it,google--gemma-2-9b-it,DistServe,DistServe-2A100,distserve_2a100,realistic_pcie,1,short_extra_05,127.9997699894011,7490.055046975613,1.869458006694913,129.86922799609601,7618.054816965014
mid_l10,mid,10,gemma-2-9b-it,google--gemma-2-9b-it,DistServe,DistServe-2A100,distserve_2a100,realistic_pcie,1,short_extra_06,128.66084795678034,7519.855759048369,117.49774623513076,127.34186701709405,7648.516607005149
mid_l10,mid,10,gemma-2-9b-it,google--gemma-2-9b-it,DistServe,DistServe-2A100,distserve_2a100,realistic_pcie,1,short_extra_07,126.28008198225871,7490.560294012539,1.8582350458018482,128.13831702806056,7616.840375994798
mid_l10,mid,10,gemma-2-9b-it,google--gemma-2-9b-it,DistServe,DistServe-2A100,distserve_2a100,realistic_pcie,1,short_extra_08,127.05736403586343,7483.071167953312,2.4515699478797615,129.5089339837432,7610.128531989176
mid_l10,mid,10,gemma-2-9b-it,google--gemma-2-9b-it,DistServe,DistServe-2A100,distserve_2a100,realistic_pcie,1,short_extra_09,127.30864097829908,7499.552456021775,0.9201150387525558,128.22875601705164,7626.861097000074
mid_l10,mid,10,gemma-2-9b-it,google--gemma-2-9b-it,DistServe,DistServe-2A100,distserve_2a100,realistic_pcie,1,short_extra_10,127.5750029599294,7530.826946021989,1.99587905080989,129.5708820107393,7658.401948981918
mid_l10,mid,10,gemma-2-9b-it,google--gemma-2-9b-it,DistServe,DistServe-2A100,distserve_2a100,realistic_pcie,1,short_extra_11,125.94292004359886,7526.895983959548,4.828158940654248,130.7710789842531,7652.838904003147
mid_l10,mid,10,gemma-2-9b-it,google--gemma-2-9b-it,DistServe,DistServe-2A100,distserve_2a100,realistic_pcie,1,short_extra_12,126.2222970253788,7496.915046009235,7.110234000720084,133.33253102609888,7623.137343034614
mid_l10,mid,10,gemma-2-9b-it,google--gemma-2-9b-it,DistServe,DistServe-2A100,distserve_2a100,realistic_pcie,1,short_extra_13,127.36589799169451,7500.3211600123905,4.349160997662693,131.7150589893572,7627.687058004085
mid_l10,mid,10,gemma-2-9b-it,google--gemma-2-9b-it,DistServe,DistServe-2A100,distserve_2a100,realistic_pcie,1,short_extra_14,126.2570729595609,7476.645005051978,2.819645043928176,129.07671800348908,7602.902078011539
mid_l10,mid,10,gemma-2-9b-it,google--gemma-2-9b-it,DistServe,DistServe-2A100,distserve_2a100,realistic_pcie,1,short_extra_15,125.05711102858186,7493.325539981015,3.3859149552881718,128.44302598387003,7618.382651009597
mid_l10,mid,10,gemma-2-9b-it,google--gemma-2-9b-it,DistServe,DistServe-2A100,distserve_2a100,realistic_pcie,1,short_extra_16,126.68857898097485,7497.69466498401,1.9287639879621565,128.617342968937,7624.383243964985
mid_l10,mid,10,gemma-2-9b-it,google--gemma-2-9b-it,DistServe,DistServe-2A100,distserve_2a100,realistic_pcie,1,short_extra_17,126.3615699717775,7493.621617031749,4.818733024876565,131.18030299665406,7619.983187003527
mid_l10,mid,10,gemma-2-9b-it,google--gemma-2-9b-it,DistServe,DistServe-2A100,distserve_2a100,realistic_pcie,1,short_extra_18,126.0368229704909,7497.421232052147,3.7914690328761935,129.8282920033671,7623.458055022638
mid_l10,mid,10,gemma-2-9b-it,google--gemma-2-9b-it,DistServe,DistServe-2A100,distserve_2a100,realistic_pcie,1,short_extra_19,126.17409194353968,7486.954449035693,6.767820043023676,132.94191198656335,7613.128540979233
mid_l10,mid,10,gemma-2-9b-it,google--gemma-2-9b-it,DistServe,DistServe-2A100,distserve_2a100,realistic_pcie,1,short_extra_20,126.3096799957566,7515.798124019057,8.008775010239333,134.31845500599593,7642.107804014813
mid_l10,mid,10,gemma-2-9b-it,google--gemma-2-9b-it,DistServe,DistServe-2A100,distserve_2a100,realistic_pcie,1,short_extra_21,127.65570398187265,7485.375776013825,1.2617320171557367,128.91743599902838,7613.031479995698
mid_l10,mid,10,gemma-2-9b-it,google--gemma-2-9b-it,DistServe,DistServe-2A100,distserve_2a100,realistic_pcie,1,short_extra_22,126.09048699960113,7553.024957014713,4.530820995569229,130.62130799517035,7679.115444014315
mid_l10,mid,10,gemma-2-9b-it,google--gemma-2-9b-it,DistServe,DistServe-2A100,distserve_2a100,realistic_pcie,1,short_extra_23,127.04239797312766,7507.114916050341,6.04217906948179,133.08457704260945,7634.157314023469
mid_l10,mid,10,gemma-2-9b-it,google--gemma-2-9b-it,DistServe,DistServe-2A100,distserve_2a100,realistic_pcie,1,short_extra_24,126.51677895337343,7499.875831068493,1.3791500241495669,127.895928977523,7626.392610021867
mid_l10,mid,10,gemma-2-9b-it,google--gemma-2-9b-it,DistServe,DistServe-2A100,distserve_2a100,realistic_pcie,1,short_extra_25,126.66511296993122,7670.974800072145,2.2100380738265812,128.8751510437578,7797.639913042076
mid_l10,mid,10,gemma-2-9b-it,google--gemma-2-9b-it,DistServe,DistServe-2A100,distserve_2a100,realistic_pcie,1,short_extra_26,126.56341103138402,7476.818039955106,2.215611923020333,128.77902295440435,7603.38145098649
mid_l10,mid,10,gemma-2-9b-it,google--gemma-2-9b-it,DistServe,DistServe-2A100,distserve_2a100,realistic_pcie,1,short_extra_27,125.7852390408516,7527.922131936066,5.633921944536269,131.41916098538786,7653.707370976917
mid_l10,mid,10,gemma-2-9b-it,google--gemma-2-9b-it,DistServe,DistServe-2A100,distserve_2a100,realistic_pcie,1,short_extra_28,126.25291803851724,7488.791182986461,3.821904945652932,130.07482298417017,7615.044101024978
mid_l10,mid,10,gemma-2-9b-it,google--gemma-2-9b-it,DistServe,DistServe-2A100,distserve_2a100,realistic_pcie,1,short_extra_29,125.84959104424343,7489.284518931527,2.8131009312346578,128.66269197547808,7615.13410997577
mid_l10,mid,10,gemma-2-9b-it,google--gemma-2-9b-it,DistServe,DistServe-2A100,distserve_2a100,realistic_pcie,1,short_extra_30,125.73521898593754,7477.224208007101,3.2031130394898355,128.93833202542737,7602.9594269930385
mid_l10,mid,10,gemma-2-9b-it,google--gemma-2-9b-it,DistServe,DistServe-2A100,distserve_2a100,realistic_pcie,1,short_extra_31,126.05068000266328,7502.47353798477,2.279166947118938,128.32984694978222,7628.524217987433
mid_l10,mid,10,gemma-2-9b-it,google--gemma-2-9b-it,DistServe,DistServe-2A100,distserve_2a100,realistic_pcie,1,short_extra_32,126.35127804242074,2411.5860439487733,2.3042609682306647,128.6555390106514,2537.937321991194
mid_l10,mid,10,gemma-2-9b-it,google--gemma-2-9b-it,DistServe,DistServe-2A100,distserve_2a100,realistic_pcie,1,short_extra_33,125.8885640418157,7491.692815965507,4.673532966990024,130.56209700880572,7617.581380007323
mid_l10,mid,10,gemma-7b-it,google--gemma-7b-it,DistServe,DistServe-2A100,distserve_2a100,realistic_pcie,0,long_a,300.1776540186256,5364.373916003387,6.914326979313046,307.09198099793866,5664.551570022013
mid_l10,mid,10,gemma-7b-it,google--gemma-7b-it,DistServe,DistServe-2A100,distserve_2a100,realistic_pcie,0,long_b,342.157483974006,5405.261681007687,11.865859036333859,354.0233430103399,5747.419164981693
mid_l10,mid,10,gemma-7b-it,google--gemma-7b-it,DistServe,DistServe-2A100,distserve_2a100,realistic_pcie,0,long_extra_00,338.2427910109982,5386.230395000894,8.861093025188893,347.1038840361871,5724.473186011892
mid_l10,mid,10,gemma-7b-it,google--gemma-7b-it,DistServe,DistServe-2A100,distserve_2a100,realistic_pcie,0,long_extra_01,356.45851999288425,5352.249498013407,5.405424977652729,361.863944970537,5708.708018006291
mid_l10,mid,10,gemma-7b-it,google--gemma-7b-it,DistServe,DistServe-2A100,distserve_2a100,realistic_pcie,0,mid_b,87.69412600668147,4876.178093953058,76.19028271801653,82.31480495305732,4963.87221995974
mid_l10,mid,10,gemma-7b-it,google--gemma-7b-it,DistServe,DistServe-2A100,distserve_2a100,realistic_pcie,0,short_a,89.29811598500237,5339.373396011069,0.20785402739420533,89.50597001239657,5428.671511996072
mid_l10,mid,10,gemma-7b-it,google--gemma-7b-it,DistServe,DistServe-2A100,distserve_2a100,realistic_pcie,0,short_extra_00,88.6643510311842,5334.640071960166,2.034455945249647,90.69880697643384,5423.30442299135
mid_l10,mid,10,gemma-7b-it,google--gemma-7b-it,DistServe,DistServe-2A100,distserve_2a100,realistic_pcie,0,short_extra_01,89.77344603044912,4857.104253955185,75.89225396804977,83.34564400138333,4946.8776999856345
mid_l10,mid,10,gemma-7b-it,google--gemma-7b-it,DistServe,DistServe-2A100,distserve_2a100,realistic_pcie,0,short_extra_02,89.60932202171534,4851.585912983865,75.80602989037288,82.9888450098224,4941.19523500558
mid_l10,mid,10,gemma-7b-it,google--gemma-7b-it,DistServe,DistServe-2A100,distserve_2a100,realistic_pcie,0,short_extra_03,89.2381320009008,5358.372966002207,1.3895949814468622,90.62772698234767,5447.611098003108
mid_l10,mid,10,gemma-7b-it,google--gemma-7b-it,DistServe,DistServe-2A100,distserve_2a100,realistic_pcie,0,short_extra_04,87.30173204094172,4865.942476957571,76.03035120246204,81.45539200631902,4953.2442089985125
mid_l10,mid,10,gemma-7b-it,google--gemma-7b-it,DistServe,DistServe-2A100,distserve_2a100,realistic_pcie,0,short_extra_05,89.53411900438368,5340.168211958371,83.44012831184955,89.50714499223977,5429.702330962755
mid_l10,mid,10,gemma-7b-it,google--gemma-7b-it,DistServe,DistServe-2A100,distserve_2a100,realistic_pcie,0,short_extra_06,89.15499201975763,5346.802347979974,1.3735769898630679,90.5285690096207,5435.957339999732
mid_l10,mid,10,gemma-7b-it,google--gemma-7b-it,DistServe,DistServe-2A100,distserve_2a100,realistic_pcie,0,short_extra_07,91.2216049619019,5340.883128053974,83.45129887584335,90.97631502663717,5432.104733015876
mid_l10,mid,10,gemma-7b-it,google--gemma-7b-it,DistServe,DistServe-2A100,distserve_2a100,realistic_pcie,0,short_extra_08,89.01251800125465,5329.105478012934,1.1988980113528669,90.21141601260751,5418.117996014189
mid_l10,mid,10,gemma-7b-it,google--gemma-7b-it,DistServe,DistServe-2A100,distserve_2a100,realistic_pcie,0,short_extra_09,87.37337897764519,4880.445552058518,76.25696175091434,83.78401299705729,4967.818931036163
mid_l10,mid,10,gemma-7b-it,google--gemma-7b-it,DistServe,DistServe-2A100,distserve_2a100,realistic_pcie,0,short_extra_10,88.59423600370064,4900.911656033713,76.57674462552677,82.45809900108725,4989.505892037414
mid_l10,mid,10,gemma-7b-it,google--gemma-7b-it,DistServe,DistServe-2A100,distserve_2a100,realistic_pcie,0,short_extra_11,89.38410499831662,5338.561526034027,0.5614280235022306,89.94553302181885,5427.945631032344
mid_l10,mid,10,gemma-7b-it,google--gemma-7b-it,DistServe,DistServe-2A100,distserve_2a100,realistic_pcie,0,short_extra_12,88.76926999073476,4852.779578010086,75.8246809064076,82.420387014281,4941.548848000821
mid_l10,mid,10,gemma-7b-it,google--gemma-7b-it,DistServe,DistServe-2A100,distserve_2a100,realistic_pcie,0,short_extra_13,87.96760899713263,5376.031606981996,3.7377779954113066,91.70538699254394,5463.999215979129
mid_l10,mid,10,gemma-7b-it,google--gemma-7b-it,DistServe,DistServe-2A100,distserve_2a100,realistic_pcie,0,short_extra_14,88.31844496307895,4857.612184074242,75.90019037616003,82.84073002869263,4945.930629037321
mid_l10,mid,10,gemma-7b-it,google--gemma-7b-it,DistServe,DistServe-2A100,distserve_2a100,realistic_pcie,0,short_extra_15,90.18735302379355,5348.452095000539,4.04011900536716,94.22747202916071,5438.6394480243325
mid_l10,mid,10,gemma-7b-it,google--gemma-7b-it,DistServe,DistServe-2A100,distserve_2a100,realistic_pcie,0,short_extra_16,86.61964099155739,5320.914777053986,3.0722590163350105,89.6919000078924,5407.534418045543
mid_l10,mid,10,gemma-7b-it,google--gemma-7b-it,DistServe,DistServe-2A100,distserve_2a100,realistic_pcie,0,short_extra_17,267.7157250000164,5298.555415996816,82.78992837495025,206.02808595867828,5566.271140996832
mid_l10,mid,10,gemma-7b-it,google--gemma-7b-it,DistServe,DistServe-2A100,distserve_2a100,realistic_pcie,0,short_extra_18,89.52153101563454,4876.986182993278,76.20290910926997,82.55945501150563,4966.507714008912
mid_l10,mid,10,gemma-7b-it,google--gemma-7b-it,DistServe,DistServe-2A100,distserve_2a100,realistic_pcie,0,short_extra_19,89.92254204349592,5377.570988959633,1.1448709410615265,91.06741298455745,5467.493531003129
mid_l10,mid,10,gemma-7b-it,google--gemma-7b-it,DistServe,DistServe-2A100,distserve_2a100,realistic_pcie,0,short_extra_20,88.9761809958145,4850.549786002375,75.78984040628711,82.39804999902844,4939.52596699819
mid_l10,mid,10,gemma-7b-it,google--gemma-7b-it,DistServe,DistServe-2A100,distserve_2a100,realistic_pcie,0,short_extra_21,90.29227198334411,4858.489581034519,75.91389970366436,83.3053489914164,4948.781853017863
mid_l10,mid,10,gemma-7b-it,google--gemma-7b-it,DistServe,DistServe-2A100,distserve_2a100,realistic_pcie,0,short_extra_22,90.03257099539042,4848.514362995047,75.75803692179761,83.13328103395179,4938.5469339904375
mid_l10,mid,10,gemma-7b-it,google--gemma-7b-it,DistServe,DistServe-2A100,distserve_2a100,realistic_pcie,0,short_extra_23,87.71659503690898,4858.378130942583,75.91215829597786,82.81832101056352,4946.094725979492
mid_l10,mid,10,gemma-7b-it,google--gemma-7b-it,DistServe,DistServe-2A100,distserve_2a100,realistic_pcie,0,short_extra_24,88.25958397937939,5343.652571027633,4.515527049079537,92.77511102845892,5431.912155007012
mid_l10,mid,10,gemma-7b-it,google--gemma-7b-it,DistServe,DistServe-2A100,distserve_2a100,realistic_pcie,0,short_extra_25,90.56808601599187,4933.188008028083,77.08106262543879,82.5625840225257,5023.756094044074
mid_l10,mid,10,gemma-7b-it,google--gemma-7b-it,DistServe,DistServe-2A100,distserve_2a100,realistic_pcie,0,short_extra_26,88.30204798141494,4857.273644011002,75.8949006876719,83.90523598063737,4945.575691992417
mid_l10,mid,10,gemma-7b-it,google--gemma-7b-it,DistServe,DistServe-2A100,distserve_2a100,realistic_pcie,0,short_extra_27,89.24879098776728,5333.208878990263,2.9383780201897025,92.18716900795698,5422.45766997803
mid_l10,mid,10,gemma-7b-it,google--gemma-7b-it,DistServe,DistServe-2A100,distserve_2a100,realistic_pcie,0,short_extra_28,88.3244420401752,4859.342126932461,75.9272207333197,83.85921700391918,4947.666568972636
mid_l10,mid,10,gemma-7b-it,google--gemma-7b-it,DistServe,DistServe-2A100,distserve_2a100,realistic_pcie,0,short_extra_29,89.34116101590917,5337.540661974344,0.6937140133231878,90.03487502923235,5426.881822990254
mid_l10,mid,10,gemma-7b-it,google--gemma-7b-it,DistServe,DistServe-2A100,distserve_2a100,realistic_pcie,0,short_extra_30,89.46422598091885,5329.145244031679,0.31218002550303936,89.7764060064219,5418.609470012598
mid_l10,mid,10,gemma-7b-it,google--gemma-7b-it,DistServe,DistServe-2A100,distserve_2a100,realistic_pcie,0,short_extra_31,87.39066799171269,5084.930083015934,4.81024500913918,92.20091300085187,5172.320751007646
mid_l10,mid,10,gemma-7b-it,google--gemma-7b-it,DistServe,DistServe-2A100,distserve_2a100,realistic_pcie,0,short_extra_32,87.78617798816413,5373.94400202902,2.0174760138615966,89.80365400202572,5461.7301800171845
mid_l10,mid,10,gemma-7b-it,google--gemma-7b-it,DistServe,DistServe-2A100,distserve_2a100,realistic_pcie,0,short_extra_33,88.59946904703975,5353.176740929484,2.8670909232459962,91.46655997028574,5441.776209976524
mid_l10,mid,10,gemma-7b-it,google--gemma-7b-it,DistServe,DistServe-2A100,distserve_2a100,realistic_pcie,1,long_a,294.8026650119573,4877.249570970889,12.229038984514773,307.03170399647206,5172.0522359828465
mid_l10,mid,10,gemma-7b-it,google--gemma-7b-it,DistServe,DistServe-2A100,distserve_2a100,realistic_pcie,1,long_b,344.58162501687184,4878.129891003482,11.117830988951027,355.69945600582287,5222.711516020354
mid_l10,mid,10,gemma-7b-it,google--gemma-7b-it,DistServe,DistServe-2A100,distserve_2a100,realistic_pcie,1,long_extra_00,338.3415440330282,2097.95770898927,10.442584985867143,348.7841290188953,2436.299253022298
mid_l10,mid,10,gemma-7b-it,google--gemma-7b-it,DistServe,DistServe-2A100,distserve_2a100,realistic_pcie,1,long_extra_01,354.17120199417695,4928.965625993442,3.652659012004733,357.8238610061817,5283.136827987619
mid_l10,mid,10,gemma-7b-it,google--gemma-7b-it,DistServe,DistServe-2A100,distserve_2a100,realistic_pcie,1,mid_b,87.53647201228887,4872.473064984661,76.13239164038532,81.85699401656166,4960.0095369969495
mid_l10,mid,10,gemma-7b-it,google--gemma-7b-it,DistServe,DistServe-2A100,distserve_2a100,realistic_pcie,1,short_a,88.0964050302282,4860.946579952724,75.95229031176132,81.02283999323845,4949.0429849829525
mid_l10,mid,10,gemma-7b-it,google--gemma-7b-it,DistServe,DistServe-2A100,distserve_2a100,realistic_pcie,1,short_extra_00,87.3596710152924,4842.490334995091,75.6639114842983,82.54178299102932,4929.850006010383
mid_l10,mid,10,gemma-7b-it,google--gemma-7b-it,DistServe,DistServe-2A100,distserve_2a100,realistic_pcie,1,short_extra_01,87.5808359705843,4874.386302020866,76.16228596907604,82.35379902180284,4961.967137991451
mid_l10,mid,10,gemma-7b-it,google--gemma-7b-it,DistServe,DistServe-2A100,distserve_2a100,realistic_pcie,1,short_extra_02,89.3957779626362,4884.709178004414,76.32358090631897,82.481455989182,4974.10495596705
mid_l10,mid,10,gemma-7b-it,google--gemma-7b-it,DistServe,DistServe-2A100,distserve_2a100,realistic_pcie,1,short_extra_03,87.39996200893074,4873.400173033588,76.1468777036498,85.49442602088675,4960.800135042518
mid_l10,mid,10,gemma-7b-it,google--gemma-7b-it,DistServe,DistServe-2A100,distserve_2a100,realistic_pcie,1,short_extra_04,88.10986002208665,4925.5925309844315,76.96238329663174,80.91053302632645,5013.702391006518
mid_l10,mid,10,gemma-7b-it,google--gemma-7b-it,DistServe,DistServe-2A100,distserve_2a100,realistic_pcie,1,short_extra_05,87.77019596891478,4938.119514030404,77.15811740672507,82.14026200585067,5025.889709999319
mid_l10,mid,10,gemma-7b-it,google--gemma-7b-it,DistServe,DistServe-2A100,distserve_2a100,realistic_pcie,1,short_extra_06,87.97731302911416,4853.826517995913,75.84103934368613,81.57708001090214,4941.803831025027
mid_l10,mid,10,gemma-7b-it,google--gemma-7b-it,DistServe,DistServe-2A100,distserve_2a100,realistic_pcie,1,short_extra_07,87.77845598524436,4859.475169039797,75.92929951624683,83.6148930247873,4947.253625025041
mid_l10,mid,10,gemma-7b-it,google--gemma-7b-it,DistServe,DistServe-2A100,distserve_2a100,realistic_pcie,1,short_extra_08,87.56978099700063,4879.271621990483,76.2386190936013,82.95779803302139,4966.841402987484
mid_l10,mid,10,gemma-7b-it,google--gemma-7b-it,DistServe,DistServe-2A100,distserve_2a100,realistic_pcie,1,short_extra_09,87.67591795185581,4864.663588057738,76.01036856340215,82.43622502777725,4952.339506009594
mid_l10,mid,10,gemma-7b-it,google--gemma-7b-it,DistServe,DistServe-2A100,distserve_2a100,realistic_pcie,1,short_extra_10,87.52131997607648,4838.9782549929805,75.60903523426532,85.76931495917961,4926.499574969057
mid_l10,mid,10,gemma-7b-it,google--gemma-7b-it,DistServe,DistServe-2A100,distserve_2a100,realistic_pcie,1,short_extra_11,88.63689401187003,4888.934466987848,76.38960104668513,82.17978797620162,4977.571360999718
mid_l10,mid,10,gemma-7b-it,google--gemma-7b-it,DistServe,DistServe-2A100,distserve_2a100,realistic_pcie,1,short_extra_12,88.46042997902259,4855.810440029018,75.8720381254534,81.64855500217527,4944.27087000804
mid_l10,mid,10,gemma-7b-it,google--gemma-7b-it,DistServe,DistServe-2A100,distserve_2a100,realistic_pcie,1,short_extra_13,87.51956099877134,4850.1765269902535,75.78400823422271,82.43709697853774,4937.696087989025
mid_l10,mid,10,gemma-7b-it,google--gemma-7b-it,DistServe,DistServe-2A100,distserve_2a100,realistic_pcie,1,short_extra_14,88.91673502512276,4859.625917975791,75.93165496837173,82.42280100239441,4948.542653000914
mid_l10,mid,10,gemma-7b-it,google--gemma-7b-it,DistServe,DistServe-2A100,distserve_2a100,realistic_pcie,1,short_extra_15,88.62304000649601,4852.698445029091,75.82341320357955,83.36162200430408,4941.321485035587
mid_l10,mid,10,gemma-7b-it,google--gemma-7b-it,DistServe,DistServe-2A100,distserve_2a100,realistic_pcie,1,short_extra_16,87.63747900957242,4852.981509990059,75.82783609359467,81.90257201204076,4940.618988999631
mid_l10,mid,10,gemma-7b-it,google--gemma-7b-it,DistServe,DistServe-2A100,distserve_2a100,realistic_pcie,1,short_extra_17,88.01090600900352,4870.643348956946,76.10380232745229,83.15160998608917,4958.65425496595
mid_l10,mid,10,gemma-7b-it,google--gemma-7b-it,DistServe,DistServe-2A100,distserve_2a100,realistic_pcie,1,short_extra_18,88.30036304425448,4863.212134980131,75.98768960906455,82.37456000642851,4951.512498024385
mid_l10,mid,10,gemma-7b-it,google--gemma-7b-it,DistServe,DistServe-2A100,distserve_2a100,realistic_pcie,1,short_extra_19,88.5855220258236,4860.509997000918,75.94546870313934,83.03409500513226,4949.095519026741
mid_l10,mid,10,gemma-7b-it,google--gemma-7b-it,DistServe,DistServe-2A100,distserve_2a100,realistic_pcie,1,short_extra_20,87.37636602018028,4856.533050944563,75.8833289210088,81.86489797662944,4943.909416964743
mid_l10,mid,10,gemma-7b-it,google--gemma-7b-it,DistServe,DistServe-2A100,distserve_2a100,realistic_pcie,1,short_extra_21,87.58909098105505,4886.823130014818,76.35661140648153,83.17752199945971,4974.412220995873
mid_l10,mid,10,gemma-7b-it,google--gemma-7b-it,DistServe,DistServe-2A100,distserve_2a100,realistic_pcie,1,short_extra_22,87.70473900949582,4971.5034299879335,77.67974109356146,83.0459960270673,5059.208168997429
mid_l10,mid,10,gemma-7b-it,google--gemma-7b-it,DistServe,DistServe-2A100,distserve_2a100,realistic_pcie,1,short_extra_23,87.21467899158597,4876.022143987939,76.18784599981154,82.94660499086604,4963.236822979525
mid_l10,mid,10,gemma-7b-it,google--gemma-7b-it,DistServe,DistServe-2A100,distserve_2a100,realistic_pcie,1,short_extra_24,87.97004900407046,4328.385547036305,67.63102417244227,82.09115103818476,4416.3555960403755
mid_l10,mid,10,gemma-7b-it,google--gemma-7b-it,DistServe,DistServe-2A100,distserve_2a100,realistic_pcie,1,short_extra_25,87.10654202150181,4876.494012016337,76.19521893775527,81.4388080034405,4963.600554037839
mid_l10,mid,10,gemma-7b-it,google--gemma-7b-it,DistServe,DistServe-2A100,distserve_2a100,realistic_pcie,1,short_extra_26,87.21757697639987,4869.654162030201,76.0883462817219,83.79598997998983,4956.871739006601
mid_l10,mid,10,gemma-7b-it,google--gemma-7b-it,DistServe,DistServe-2A100,distserve_2a100,realistic_pcie,1,short_extra_27,87.57639996474609,4869.564950990025,76.08695235921914,82.77572097722441,4957.141350954771
mid_l10,mid,10,gemma-7b-it,google--gemma-7b-it,DistServe,DistServe-2A100,distserve_2a100,realistic_pcie,1,short_extra_28,87.55596203263849,4852.99586498877,75.82806039044954,83.50341202458367,4940.551827021409
mid_l10,mid,10,gemma-7b-it,google--gemma-7b-it,DistServe,DistServe-2A100,distserve_2a100,realistic_pcie,1,short_extra_29,87.48814300633967,4853.742111008614,75.8397204845096,81.11841202480718,4941.230254014954
mid_l10,mid,10,gemma-7b-it,google--gemma-7b-it,DistServe,DistServe-2A100,distserve_2a100,realistic_pcie,1,short_extra_30,87.76309399399906,4857.77408699505,75.90272010929766,82.49355998123065,4945.537180989049
mid_l10,mid,10,gemma-7b-it,google--gemma-7b-it,DistServe,DistServe-2A100,distserve_2a100,realistic_pcie,1,short_extra_31,90.32586496323347,4863.433609018102,75.99115014090785,82.04762201057747,4953.759473981336
mid_l10,mid,10,gemma-7b-it,google--gemma-7b-it,DistServe,DistServe-2A100,distserve_2a100,realistic_pcie,1,short_extra_32,88.62830098951235,4844.3391770124435,75.69279964081943,80.86430700495839,4932.967478001956
mid_l10,mid,10,gemma-7b-it,google--gemma-7b-it,DistServe,DistServe-2A100,distserve_2a100,realistic_pcie,1,short_extra_33,89.11532198544592,4842.357330024242,75.66183328162879,82.9006860149093,4931.472652009688
mid_l10,mid,10,mistral-7b-instruct-v0.2,mistralai--Mistral-7B-Instruct-v0.2,DistServe,DistServe-2A100,distserve_2a100,realistic_pcie,0,long_a,227.96699596801773,5326.29465602804,8.61222401726991,236.57921998528764,5554.2616519960575
mid_l10,mid,10,mistral-7b-instruct-v0.2,mistralai--Mistral-7B-Instruct-v0.2,DistServe,DistServe-2A100,distserve_2a100,realistic_pcie,0,long_b,297.6303259492852,5338.06685305899,12.841229035984725,310.4715549852699,5635.697179008275
mid_l10,mid,10,mistral-7b-instruct-v0.2,mistralai--Mistral-7B-Instruct-v0.2,DistServe,DistServe-2A100,distserve_2a100,realistic_pcie,0,long_extra_00,229.8267270089127,5328.646381967701,10.404061002191156,240.23078801110387,5558.473108976614
mid_l10,mid,10,mistral-7b-instruct-v0.2,mistralai--Mistral-7B-Instruct-v0.2,DistServe,DistServe-2A100,distserve_2a100,realistic_pcie,0,long_extra_01,239.0870219678618,5355.6672560516745,4.190357052721083,243.27737902058288,5594.754278019536
mid_l10,mid,10,mistral-7b-instruct-v0.2,mistralai--Mistral-7B-Instruct-v0.2,DistServe,DistServe-2A100,distserve_2a100,realistic_pcie,0,mid_b,88.20889703929424,5314.681708987337,0.9952839463949203,89.20418098568916,5402.890606026631
mid_l10,mid,10,mistral-7b-instruct-v0.2,mistralai--Mistral-7B-Instruct-v0.2,DistServe,DistServe-2A100,distserve_2a100,realistic_pcie,0,short_a,87.59125898359343,5307.803794043139,0.7075220346450806,88.29878101823851,5395.395053026732
mid_l10,mid,10,mistral-7b-instruct-v0.2,mistralai--Mistral-7B-Instruct-v0.2,DistServe,DistServe-2A100,distserve_2a100,realistic_pcie,0,short_extra_00,87.71017100661993,5314.758724998683,0.42398099321871996,88.13415199983865,5402.468896005303
mid_l10,mid,10,mistral-7b-instruct-v0.2,mistralai--Mistral-7B-Instruct-v0.2,DistServe,DistServe-2A100,distserve_2a100,realistic_pcie,0,short_extra_01,87.36329199746251,5318.6049810028635,3.5982069675810635,90.96149896504357,5405.968273000326
mid_l10,mid,10,mistral-7b-instruct-v0.2,mistralai--Mistral-7B-Instruct-v0.2,DistServe,DistServe-2A100,distserve_2a100,realistic_pcie,0,short_extra_02,86.91831701435149,5332.223438017536,4.260656016413122,91.17897303076461,5419.141755031887
mid_l10,mid,10,mistral-7b-instruct-v0.2,mistralai--Mistral-7B-Instruct-v0.2,DistServe,DistServe-2A100,distserve_2a100,realistic_pcie,0,short_extra_03,86.6687489906326,5299.184562987648,2.881134976632893,89.54988396726549,5385.8533119782805
mid_l10,mid,10,mistral-7b-instruct-v0.2,mistralai--Mistral-7B-Instruct-v0.2,DistServe,DistServe-2A100,distserve_2a100,realistic_pcie,0,short_extra_04,86.44648501649499,5325.616080954205,3.5800689947791398,90.02655401127413,5412.0625659707
mid_l10,mid,10,mistral-7b-instruct-v0.2,mistralai--Mistral-7B-Instruct-v0.2,DistServe,DistServe-2A100,distserve_2a100,realistic_pcie,0,short_extra_05,88.76518200850114,5322.220119007397,83.15968935949059,87.1983960387297,5410.985301015899
mid_l10,mid,10,mistral-7b-instruct-v0.2,mistralai--Mistral-7B-Instruct-v0.2,DistServe,DistServe-2A100,distserve_2a100,realistic_pcie,0,short_extra_06,88.79389800131321,5355.0808759755455,1.6051820130087435,90.39908001432195,5443.874773976859
mid_l10,mid,10,mistral-7b-instruct-v0.2,mistralai--Mistral-7B-Instruct-v0.2,DistServe,DistServe-2A100,distserve_2a100,realistic_pcie,0,short_extra_07,88.51144800428301,5318.572205957025,1.5845439629629254,90.09599196724594,5407.083653961308
mid_l10,mid,10,mistral-7b-instruct-v0.2,mistralai--Mistral-7B-Instruct-v0.2,DistServe,DistServe-2A100,distserve_2a100,realistic_pcie,0,short_extra_08,89.01952300220728,5332.078151986934,0.04131498280912638,89.0608379850164,5421.0976749891415
mid_l10,mid,10,mistral-7b-instruct-v0.2,mistralai--Mistral-7B-Instruct-v0.2,DistServe,DistServe-2A100,distserve_2a100,realistic_pcie,0,short_extra_09,88.50037603406236,5317.567346966825,1.8348260200582445,90.3352020541206,5406.067723000888
mid_l10,mid,10,mistral-7b-instruct-v0.2,mistralai--Mistral-7B-Instruct-v0.2,DistServe,DistServe-2A100,distserve_2a100,realistic_pcie,0,short_extra_10,92.47463598148897,5314.132078026887,83.03331371917011,90.97250300692394,5406.606714008376
mid_l10,mid,10,mistral-7b-instruct-v0.2,mistralai--Mistral-7B-Instruct-v0.2,DistServe,DistServe-2A100,distserve_2a100,realistic_pcie,0,short_extra_11,88.5848019970581,5304.211318027228,1.4906830037944019,90.0754850008525,5392.796120024286
mid_l10,mid,10,mistral-7b-instruct-v0.2,mistralai--Mistral-7B-Instruct-v0.2,DistServe,DistServe-2A100,distserve_2a100,realistic_pcie,0,short_extra_12,87.43005699943751,5334.730961010791,1.9915190059691668,89.42157600540668,5422.161018010229
mid_l10,mid,10,mistral-7b-instruct-v0.2,mistralai--Mistral-7B-Instruct-v0.2,DistServe,DistServe-2A100,distserve_2a100,realistic_pcie,0,short_extra_13,88.05750403553247,5315.334760001861,1.110125973355025,89.1676300088875,5403.392264037393
mid_l10,mid,10,mistral-7b-instruct-v0.2,mistralai--Mistral-7B-Instruct-v0.2,DistServe,DistServe-2A100,distserve_2a100,realistic_pcie,0,short_extra_14,87.65575202414766,5323.169837996829,1.496037992183119,89.15179001633078,5410.825590020977
mid_l10,mid,10,mistral-7b-instruct-v0.2,mistralai--Mistral-7B-Instruct-v0.2,DistServe,DistServe-2A100,distserve_2a100,realistic_pcie,0,short_extra_15,88.37569499155506,5320.279628038406,1.9402930047363043,90.31598799629137,5408.655323029961
mid_l10,mid,10,mistral-7b-instruct-v0.2,mistralai--Mistral-7B-Instruct-v0.2,DistServe,DistServe-2A100,distserve_2a100,realistic_pcie,0,short_extra_16,86.74238697858527,5298.023668001406,0.901219027582556,87.64360600616783,5384.766054979991
mid_l10,mid,10,mistral-7b-instruct-v0.2,mistralai--Mistral-7B-Instruct-v0.2,DistServe,DistServe-2A100,distserve_2a100,realistic_pcie,0,short_extra_17,208.03305495064706,5323.377472057473,7.251557079143822,215.28461202979088,5531.41052700812
mid_l10,mid,10,mistral-7b-instruct-v0.2,mistralai--Mistral-7B-Instruct-v0.2,DistServe,DistServe-2A100,distserve_2a100,realistic_pcie,0,short_extra_18,87.77399198152125,5309.8500479827635,1.4584279851987958,89.23241996672004,5397.624039964285
mid_l10,mid,10,mistral-7b-instruct-v0.2,mistralai--Mistral-7B-Instruct-v0.2,DistServe,DistServe-2A100,distserve_2a100,realistic_pcie,0,short_extra_19,87.82051899470389,5322.86502601346,1.1339689954183996,88.95448799012229,5410.685545008164
mid_l10,mid,10,mistral-7b-instruct-v0.2,mistralai--Mistral-7B-Instruct-v0.2,DistServe,DistServe-2A100,distserve_2a100,realistic_pcie,0,short_extra_20,88.17546704085544,5301.558701961767,0.7831279654055834,88.95859500626102,5389.734169002622
mid_l10,mid,10,mistral-7b-instruct-v0.2,mistralai--Mistral-7B-Instruct-v0.2,DistServe,DistServe-2A100,distserve_2a100,realistic_pcie,0,short_extra_21,87.28104794863611,5324.140124081168,1.258178090211004,88.53922603884712,5411.421172029804
mid_l10,mid,10,mistral-7b-instruct-v0.2,mistralai--Mistral-7B-Instruct-v0.2,DistServe,DistServe-2A100,distserve_2a100,realistic_pcie,0,short_extra_22,89.40309699391946,5322.883846005425,83.17006009383476,89.15616699960083,5412.286942999344
mid_l10,mid,10,mistral-7b-instruct-v0.2,mistralai--Mistral-7B-Instruct-v0.2,DistServe,DistServe-2A100,distserve_2a100,realistic_pcie,0,short_extra_23,87.5543580041267,5305.545067996718,1.8408140167593956,89.3951720208861,5393.099426000845
mid_l10,mid,10,mistral-7b-instruct-v0.2,mistralai--Mistral-7B-Instruct-v0.2,DistServe,DistServe-2A100,distserve_2a100,realistic_pcie,0,short_extra_24,87.78654702473432,5321.163120970596,2.564630995038897,90.35117801977322,5408.94966799533
mid_l10,mid,10,mistral-7b-instruct-v0.2,mistralai--Mistral-7B-Instruct-v0.2,DistServe,DistServe-2A100,distserve_2a100,realistic_pcie,0,short_extra_25,88.60973501577973,5326.49888395099,0.6218269700184464,89.23156198579818,5415.108618966769
mid_l10,mid,10,mistral-7b-instruct-v0.2,mistralai--Mistral-7B-Instruct-v0.2,DistServe,DistServe-2A100,distserve_2a100,realistic_pcie,0,short_extra_26,87.41903398185968,5338.981905020773,1.7957299714908004,89.21476395335048,5426.400939002633
mid_l10,mid,10,mistral-7b-instruct-v0.2,mistralai--Mistral-7B-Instruct-v0.2,DistServe,DistServe-2A100,distserve_2a100,realistic_pcie,0,short_extra_27,89.22520600026473,5320.226438983809,83.12853810912202,88.64064299268648,5409.451644984074
mid_l10,mid,10,mistral-7b-instruct-v0.2,mistralai--Mistral-7B-Instruct-v0.2,DistServe,DistServe-2A100,distserve_2a100,realistic_pcie,0,short_extra_28,88.5631240089424,5337.1997000067495,2.6130430051125586,91.17616701405495,5425.762824015692
mid_l10,mid,10,mistral-7b-instruct-v0.2,mistralai--Mistral-7B-Instruct-v0.2,DistServe,DistServe-2A100,distserve_2a100,realistic_pcie,0,short_extra_29,88.62283104099333,5310.783503984567,0.9150299592874944,89.53786100028083,5399.40633502556
mid_l10,mid,10,mistral-7b-instruct-v0.2,mistralai--Mistral-7B-Instruct-v0.2,DistServe,DistServe-2A100,distserve_2a100,realistic_pcie,0,short_extra_30,88.32494699163362,5313.109053007793,0.31803298043087125,88.6429799720645,5401.433999999426
mid_l10,mid,10,mistral-7b-instruct-v0.2,mistralai--Mistral-7B-Instruct-v0.2,DistServe,DistServe-2A100,distserve_2a100,realistic_pcie,0,short_extra_31,86.98028401704505,5305.625869950745,1.9096759497188032,88.88995996676385,5392.60615396779
mid_l10,mid,10,mistral-7b-instruct-v0.2,mistralai--Mistral-7B-Instruct-v0.2,DistServe,DistServe-2A100,distserve_2a100,realistic_pcie,0,short_extra_32,87.0693500037305,5322.487289027777,4.703150014393032,91.77250001812354,5409.556639031507
mid_l10,mid,10,mistral-7b-instruct-v0.2,mistralai--Mistral-7B-Instruct-v0.2,DistServe,DistServe-2A100,distserve_2a100,realistic_pcie,0,short_extra_33,93.49432797171175,5301.892265037168,82.84206664120575,89.94833199540153,5395.38659300888
mid_l10,mid,10,mistral-7b-instruct-v0.2,mistralai--Mistral-7B-Instruct-v0.2,DistServe,DistServe-2A100,distserve_2a100,realistic_pcie,1,long_a,228.61026303144172,5327.111860970035,9.890196961350739,238.50045999279246,5555.722124001477
mid_l10,mid,10,mistral-7b-instruct-v0.2,mistralai--Mistral-7B-Instruct-v0.2,DistServe,DistServe-2A100,distserve_2a100,realistic_pcie,1,long_b,298.1795499799773,5348.740469024051,9.696748980786651,307.87629896076396,5646.920019004028
mid_l10,mid,10,mistral-7b-instruct-v0.2,mistralai--Mistral-7B-Instruct-v0.2,DistServe,DistServe-2A100,distserve_2a100,realistic_pcie,1,long_extra_00,230.53328902460635,5357.3490209528245,10.203334968537092,240.73662399314344,5587.882309977431
mid_l10,mid,10,mistral-7b-instruct-v0.2,mistralai--Mistral-7B-Instruct-v0.2,DistServe,DistServe-2A100,distserve_2a100,realistic_pcie,1,long_extra_01,239.87469798885286,5329.1920379851945,1.9743689917959273,241.8490669806488,5569.066735974047
mid_l10,mid,10,mistral-7b-instruct-v0.2,mistralai--Mistral-7B-Instruct-v0.2,DistServe,DistServe-2A100,distserve_2a100,realistic_pcie,1,mid_b,86.55603200895712,5333.458556968253,2.81390396412462,89.36993597308174,5420.01458897721
mid_l10,mid,10,mistral-7b-instruct-v0.2,mistralai--Mistral-7B-Instruct-v0.2,DistServe,DistServe-2A100,distserve_2a100,realistic_pcie,1,short_a,88.36369897471741,5300.697472004686,0.22492004791274667,88.58861902263016,5389.061170979403
mid_l10,mid,10,mistral-7b-instruct-v0.2,mistralai--Mistral-7B-Instruct-v0.2,DistServe,DistServe-2A100,distserve_2a100,realistic_pcie,1,short_extra_00,88.10403500683606,5317.78130895691,1.1973429936915636,89.30137800052762,5405.885343963746
mid_l10,mid,10,mistral-7b-instruct-v0.2,mistralai--Mistral-7B-Instruct-v0.2,DistServe,DistServe-2A100,distserve_2a100,realistic_pcie,1,short_extra_01,86.84579801047221,5325.951484963298,5.059811985120177,91.90560999559239,5412.79728297377
mid_l10,mid,10,mistral-7b-instruct-v0.2,mistralai--Mistral-7B-Instruct-v0.2,DistServe,DistServe-2A100,distserve_2a100,realistic_pcie,1,short_extra_02,86.67975798016414,5327.849045046605,2.771986008156091,89.45174398832023,5414.528803026769
mid_l10,mid,10,mistral-7b-instruct-v0.2,mistralai--Mistral-7B-Instruct-v0.2,DistServe,DistServe-2A100,distserve_2a100,realistic_pcie,1,short_extra_03,86.28785301698372,5339.222981012426,2.2229909664019942,88.51084398338571,5425.51083402941
mid_l10,mid,10,mistral-7b-instruct-v0.2,mistralai--Mistral-7B-Instruct-v0.2,DistServe,DistServe-2A100,distserve_2a100,realistic_pcie,1,short_extra_04,87.03114098170772,5307.4026129907,2.7597000007517636,89.79084098245949,5394.433753972407
mid_l10,mid,10,mistral-7b-instruct-v0.2,mistralai--Mistral-7B-Instruct-v0.2,DistServe,DistServe-2A100,distserve_2a100,realistic_pcie,1,short_extra_05,88.773762981873,5330.584327050019,83.29038011015655,88.43185502337292,5419.358090031892
mid_l10,mid,10,mistral-7b-instruct-v0.2,mistralai--Mistral-7B-Instruct-v0.2,DistServe,DistServe-2A100,distserve_2a100,realistic_pcie,1,short_extra_06,88.48337997915223,5332.894944993313,0.7452029967680573,89.22858297592029,5421.378324972466
mid_l10,mid,10,mistral-7b-instruct-v0.2,mistralai--Mistral-7B-Instruct-v0.2,DistServe,DistServe-2A100,distserve_2a100,realistic_pcie,1,short_extra_07,86.38710103696212,5311.72042991966,4.64365491643548,91.0307559533976,5398.107530956622
mid_l10,mid,10,mistral-7b-instruct-v0.2,mistralai--Mistral-7B-Instruct-v0.2,DistServe,DistServe-2A100,distserve_2a100,realistic_pcie,1,short_extra_08,86.99042099760845,5323.189871036448,1.8770370515994728,88.86745804920793,5410.180292034056
mid_l10,mid,10,mistral-7b-instruct-v0.2,mistralai--Mistral-7B-Instruct-v0.2,DistServe,DistServe-2A100,distserve_2a100,realistic_pcie,1,short_extra_09,88.36846897611395,5290.2006300282665,2.428302017506212,90.79677099362016,5378.56909900438
mid_l10,mid,10,mistral-7b-instruct-v0.2,mistralai--Mistral-7B-Instruct-v0.2,DistServe,DistServe-2A100,distserve_2a100,realistic_pcie,1,short_extra_10,86.21607802342623,5344.132006983273,2.167066966649145,88.38314499007538,5430.348085006699
mid_l10,mid,10,mistral-7b-instruct-v0.2,mistralai--Mistral-7B-Instruct-v0.2,DistServe,DistServe-2A100,distserve_2a100,realistic_pcie,1,short_extra_11,88.24827201897278,5321.497414959595,1.4381869696080685,89.68645898858085,5409.745686978567
mid_l10,mid,10,mistral-7b-instruct-v0.2,mistralai--Mistral-7B-Instruct-v0.2,DistServe,DistServe-2A100,distserve_2a100,realistic_pcie,1,short_extra_12,86.89622802194208,5339.583452965599,1.8614979926496744,88.75772601459175,5426.479680987541
mid_l10,mid,10,mistral-7b-instruct-v0.2,mistralai--Mistral-7B-Instruct-v0.2,DistServe,DistServe-2A100,distserve_2a100,realistic_pcie,1,short_extra_13,86.5432900027372,5374.735838966444,5.146049952600151,91.68933995533735,5461.279128969181
mid_l10,mid,10,mistral-7b-instruct-v0.2,mistralai--Mistral-7B-Instruct-v0.2,DistServe,DistServe-2A100,distserve_2a100,realistic_pcie,1,short_extra_14,88.50496698869392,5340.13905696338,0.2210579696111381,88.72602495830506,5428.644023952074
mid_l10,mid,10,mistral-7b-instruct-v0.2,mistralai--Mistral-7B-Instruct-v0.2,DistServe,DistServe-2A100,distserve_2a100,realistic_pcie,1,short_extra_15,87.14670001063496,5362.41046100622,1.8780870013870299,89.02478701202199,5449.557161016855
mid_l10,mid,10,mistral-7b-instruct-v0.2,mistralai--Mistral-7B-Instruct-v0.2,DistServe,DistServe-2A100,distserve_2a100,realistic_pcie,1,short_extra_16,88.1393090239726,5326.485316967592,0.5186219932511449,88.65793101722375,5414.624625991564
mid_l10,mid,10,mistral-7b-instruct-v0.2,mistralai--Mistral-7B-Instruct-v0.2,DistServe,DistServe-2A100,distserve_2a100,realistic_pcie,1,short_extra_17,87.71392999915406,5328.886396018788,1.592429995071143,89.3063599942252,5416.600326017942
mid_l10,mid,10,mistral-7b-instruct-v0.2,mistralai--Mistral-7B-Instruct-v0.2,DistServe,DistServe-2A100,distserve_2a100,realistic_pcie,1,short_extra_18,87.31466496828943,5338.471441005822,2.1331729949451983,89.44783796323463,5425.786105974112
mid_l10,mid,10,mistral-7b-instruct-v0.2,mistralai--Mistral-7B-Instruct-v0.2,DistServe,DistServe-2A100,distserve_2a100,realistic_pcie,1,short_extra_19,87.23791997181252,5324.161090014968,2.2919910261407495,89.52991099795327,5411.399009986781
mid_l10,mid,10,mistral-7b-instruct-v0.2,mistralai--Mistral-7B-Instruct-v0.2,DistServe,DistServe-2A100,distserve_2a100,realistic_pcie,1,short_extra_20,86.0284980153665,5328.046448994428,2.7720669750124216,88.80056499037892,5414.074947009794
mid_l10,mid,10,mistral-7b-instruct-v0.2,mistralai--Mistral-7B-Instruct-v0.2,DistServe,DistServe-2A100,distserve_2a100,realistic_pcie,1,short_extra_21,85.98668896593153,5338.64530804567,4.252696002367884,90.23938496829942,5424.631997011602
mid_l10,mid,10,mistral-7b-instruct-v0.2,mistralai--Mistral-7B-Instruct-v0.2,DistServe,DistServe-2A100,distserve_2a100,realistic_pcie,1,short_extra_22,86.90576197113842,5322.709549043793,2.699048025533557,89.60480999667197,5409.615311014932
mid_l10,mid,10,mistral-7b-instruct-v0.2,mistralai--Mistral-7B-Instruct-v0.2,DistServe,DistServe-2A100,distserve_2a100,realistic_pcie,1,short_extra_23,86.22667501913384,5324.752224958502,2.639000944327563,88.8656759634614,5410.978899977636
mid_l10,mid,10,mistral-7b-instruct-v0.2,mistralai--Mistral-7B-Instruct-v0.2,DistServe,DistServe-2A100,distserve_2a100,realistic_pcie,1,short_extra_24,86.94637403823435,5343.229333986528,3.891330969054252,90.8377050072886,5430.175708024763
mid_l10,mid,10,mistral-7b-instruct-v0.2,mistralai--Mistral-7B-Instruct-v0.2,DistServe,DistServe-2A100,distserve_2a100,realistic_pcie,1,short_extra_25,86.51616197312251,5313.987636007369,4.138832038734108,90.65499401185662,5400.503797980491
mid_l10,mid,10,mistral-7b-instruct-v0.2,mistralai--Mistral-7B-Instruct-v0.2,DistServe,DistServe-2A100,distserve_2a100,realistic_pcie,1,short_extra_26,86.42062201397493,5333.191748941317,2.9069549636915326,89.32757697766647,5419.612370955292
mid_l10,mid,10,mistral-7b-instruct-v0.2,mistralai--Mistral-7B-Instruct-v0.2,DistServe,DistServe-2A100,distserve_2a100,realistic_pcie,1,short_extra_27,87.8679360030219,5314.847598958295,2.07994895754382,89.94788496056572,5402.715534961317
mid_l10,mid,10,mistral-7b-instruct-v0.2,mistralai--Mistral-7B-Instruct-v0.2,DistServe,DistServe-2A100,distserve_2a100,realistic_pcie,1,short_extra_28,86.65682398714125,5356.055258016568,1.8475209944881499,88.5043449816294,5442.712082003709
mid_l10,mid,10,mistral-7b-instruct-v0.2,mistralai--Mistral-7B-Instruct-v0.2,DistServe,DistServe-2A100,distserve_2a100,realistic_pcie,1,short_extra_29,88.57693400932476,5304.23880397575,1.3705849996767938,89.94751900900155,5392.8157379850745
mid_l10,mid,10,mistral-7b-instruct-v0.2,mistralai--Mistral-7B-Instruct-v0.2,DistServe,DistServe-2A100,distserve_2a100,realistic_pcie,1,short_extra_30,87.48302998719737,5326.021487999242,1.4192630187608302,88.9022930059582,5413.504517986439
mid_l10,mid,10,mistral-7b-instruct-v0.2,mistralai--Mistral-7B-Instruct-v0.2,DistServe,DistServe-2A100,distserve_2a100,realistic_pcie,1,short_extra_31,86.59651497146115,5317.648715048563,3.917898051440716,90.51441302290186,5404.245230020024
mid_l10,mid,10,mistral-7b-instruct-v0.2,mistralai--Mistral-7B-Instruct-v0.2,DistServe,DistServe-2A100,distserve_2a100,realistic_pcie,1,short_extra_32,86.45953400991857,5354.596095974557,3.0778279760852456,89.53736198600382,5441.055629984476
mid_l10,mid,10,mistral-7b-instruct-v0.2,mistralai--Mistral-7B-Instruct-v0.2,DistServe,DistServe-2A100,distserve_2a100,realistic_pcie,1,short_extra_33,86.4130060072057,5334.625348972622,5.849792971275747,92.26279897848144,5421.038354979828
mid_l10,mid,10,qwen2.5-7b-instruct,Qwen--Qwen2.5-7B-Instruct,DistServe,DistServe-2A100,distserve_2a100,realistic_pcie,0,long_a,204.6508069615811,4215.891185041983,16.30613807355985,220.95694503514096,4420.541992003564
mid_l10,mid,10,qwen2.5-7b-instruct,Qwen--Qwen2.5-7B-Instruct,DistServe,DistServe-2A100,distserve_2a100,realistic_pcie,0,long_b,267.2260839608498,4238.4665830177255,14.500107034109533,281.7261909949593,4505.692666978575
mid_l10,mid,10,qwen2.5-7b-instruct,Qwen--Qwen2.5-7B-Instruct,DistServe,DistServe-2A100,distserve_2a100,realistic_pcie,0,long_extra_00,213.9866969664581,4192.565355042461,11.87055604532361,225.85725301178172,4406.552052008919
mid_l10,mid,10,qwen2.5-7b-instruct,Qwen--Qwen2.5-7B-Instruct,DistServe,DistServe-2A100,distserve_2a100,realistic_pcie,0,long_extra_01,221.76593105541542,4186.6500419564545,6.394697993528098,228.16062904894352,4408.41597301187
mid_l10,mid,10,qwen2.5-7b-instruct,Qwen--Qwen2.5-7B-Instruct,DistServe,DistServe-2A100,distserve_2a100,realistic_pcie,0,mid_b,68.23104299837723,4091.3344580330886,0.36886101588606834,68.5999040142633,4159.565501031466
mid_l10,mid,10,qwen2.5-7b-instruct,Qwen--Qwen2.5-7B-Instruct,DistServe,DistServe-2A100,distserve_2a100,realistic_pcie,0,short_a,70.27266203658655,4184.539292997215,2.3439829819835722,72.61664501857013,4254.8119550338015
mid_l10,mid,10,qwen2.5-7b-instruct,Qwen--Qwen2.5-7B-Instruct,DistServe,DistServe-2A100,distserve_2a100,realistic_pcie,0,short_extra_00,71.21548597933725,4187.731785059441,0.020836014300584793,71.23632199363783,4258.947271038778
mid_l10,mid,10,qwen2.5-7b-instruct,Qwen--Qwen2.5-7B-Instruct,DistServe,DistServe-2A100,distserve_2a100,realistic_pcie,0,short_extra_01,69.1027760040015,4183.528057998046,1.5558250015601516,70.65860100556165,4252.630834002048
mid_l10,mid,10,qwen2.5-7b-instruct,Qwen--Qwen2.5-7B-Instruct,DistServe,DistServe-2A100,distserve_2a100,realistic_pcie,0,short_extra_02,69.84572898363695,4232.076639018487,3.7073350395075977,73.55306402314454,4301.922368002124
mid_l10,mid,10,qwen2.5-7b-instruct,Qwen--Qwen2.5-7B-Instruct,DistServe,DistServe-2A100,distserve_2a100,realistic_pcie,0,short_extra_03,70.44801401207224,4192.012780986261,0.7252089562825859,71.17322296835482,4262.460794998333
mid_l10,mid,10,qwen2.5-7b-instruct,Qwen--Qwen2.5-7B-Instruct,DistServe,DistServe-2A100,distserve_2a100,realistic_pcie,0,short_extra_04,68.38069902732968,4114.4361309707165,1.023471006192267,69.40417003352195,4182.816829998046
mid_l10,mid,10,qwen2.5-7b-instruct,Qwen--Qwen2.5-7B-Instruct,DistServe,DistServe-2A100,distserve_2a100,realistic_pcie,0,short_extra_05,70.38594997720793,4199.96431801701,0.07187202572822571,70.45782200293615,4270.350267994218
mid_l10,mid,10,qwen2.5-7b-instruct,Qwen--Qwen2.5-7B-Instruct,DistServe,DistServe-2A100,distserve_2a100,realistic_pcie,0,short_extra_06,70.48102101543918,4192.855636938475,1.4304709620773792,71.91149197751656,4263.336657953914
mid_l10,mid,10,qwen2.5-7b-instruct,Qwen--Qwen2.5-7B-Instruct,DistServe,DistServe-2A100,distserve_2a100,realistic_pcie,0,short_extra_07,75.9929430205375,4173.190343950409,65.20609912422515,71.05918199522421,4249.183286970947
mid_l10,mid,10,qwen2.5-7b-instruct,Qwen--Qwen2.5-7B-Instruct,DistServe,DistServe-2A100,distserve_2a100,realistic_pcie,0,short_extra_08,69.94990399107337,4198.78808199428,1.1317130411043763,71.08161703217775,4268.737985985354
mid_l10,mid,10,qwen2.5-7b-instruct,Qwen--Qwen2.5-7B-Instruct,DistServe,DistServe-2A100,distserve_2a100,realistic_pcie,0,short_extra_09,70.23725804174319,4117.342752986588,0.7633599452674389,71.00061798701063,4187.580011028331
mid_l10,mid,10,qwen2.5-7b-instruct,Qwen--Qwen2.5-7B-Instruct,DistServe,DistServe-2A100,distserve_2a100,realistic_pcie,0,short_extra_10,69.27158101461828,4191.034827963449,1.4820719370618463,70.75365295168012,4260.306408978067
mid_l10,mid,10,qwen2.5-7b-instruct,Qwen--Qwen2.5-7B-Instruct,DistServe,DistServe-2A100,distserve_2a100,realistic_pcie,0,short_extra_11,69.06406400958076,4176.481989969034,1.120659988373518,70.18472399795428,4245.5460539786145
mid_l10,mid,10,qwen2.5-7b-instruct,Qwen--Qwen2.5-7B-Instruct,DistServe,DistServe-2A100,distserve_2a100,realistic_pcie,0,short_extra_12,69.59976896177977,4126.366486074403,0.14849303988739848,69.74826200166717,4195.966255036183
mid_l10,mid,10,qwen2.5-7b-instruct,Qwen--Qwen2.5-7B-Instruct,DistServe,DistServe-2A100,distserve_2a100,realistic_pcie,0,short_extra_13,69.93112800410017,4198.54817900341,0.4167550359852612,70.34788304008543,4268.47930700751
mid_l10,mid,10,qwen2.5-7b-instruct,Qwen--Qwen2.5-7B-Instruct,DistServe,DistServe-2A100,distserve_2a100,realistic_pcie,0,short_extra_14,70.3402969520539,4115.877445030492,64.31058507860143,70.16310899052769,4186.217741982546
mid_l10,mid,10,qwen2.5-7b-instruct,Qwen--Qwen2.5-7B-Instruct,DistServe,DistServe-2A100,distserve_2a100,realistic_pcie,0,short_extra_15,70.64548297785223,4185.151820071042,0.34310604678466916,70.9885890246369,4255.797303048894
mid_l10,mid,10,qwen2.5-7b-instruct,Qwen--Qwen2.5-7B-Instruct,DistServe,DistServe-2A100,distserve_2a100,realistic_pcie,0,short_extra_16,70.91849995777011,4207.734267052729,65.74584792269889,70.18432702170685,4278.652767010499
mid_l10,mid,10,qwen2.5-7b-instruct,Qwen--Qwen2.5-7B-Instruct,DistServe,DistServe-2A100,distserve_2a100,realistic_pcie,0,short_extra_17,158.701479958836,4211.466546053998,1.6073350561782718,160.30881501501426,4370.168026012834
mid_l10,mid,10,qwen2.5-7b-instruct,Qwen--Qwen2.5-7B-Instruct,DistServe,DistServe-2A100,distserve_2a100,realistic_pcie,0,short_extra_18,69.55869297962636,4119.372871005908,64.36520110946731,69.47036198107526,4188.931563985534
mid_l10,mid,10,qwen2.5-7b-instruct,Qwen--Qwen2.5-7B-Instruct,DistServe,DistServe-2A100,distserve_2a100,realistic_pcie,0,short_extra_19,69.79359401157126,4192.622588947415,2.4540259619243443,72.2476199734956,4262.416182958987
mid_l10,mid,10,qwen2.5-7b-instruct,Qwen--Qwen2.5-7B-Instruct,DistServe,DistServe-2A100,distserve_2a100,realistic_pcie,0,short_extra_20,69.18895000126213,4122.551334963646,1.5604289947077632,70.74937899596989,4191.740284964908
mid_l10,mid,10,qwen2.5-7b-instruct,Qwen--Qwen2.5-7B-Instruct,DistServe,DistServe-2A100,distserve_2a100,realistic_pcie,0,short_extra_21,69.93527698796242,4122.602798044682,64.41566871944815,69.73172398284078,4192.538075032644
mid_l10,mid,10,qwen2.5-7b-instruct,Qwen--Qwen2.5-7B-Instruct,DistServe,DistServe-2A100,distserve_2a100,realistic_pcie,0,short_extra_22,69.29478095844388,4110.507308039814,1.2258220231160522,70.52060298155993,4179.802088998258
mid_l10,mid,10,qwen2.5-7b-instruct,Qwen--Qwen2.5-7B-Instruct,DistServe,DistServe-2A100,distserve_2a100,realistic_pcie,0,short_extra_23,74.30206798017025,4114.608501025941,64.29075782853033,69.74613800412044,4188.9105690061115
mid_l10,mid,10,qwen2.5-7b-instruct,Qwen--Qwen2.5-7B-Instruct,DistServe,DistServe-2A100,distserve_2a100,realistic_pcie,0,short_extra_24,69.62571601616219,4196.7370610218495,3.8845149683766067,73.5102309845388,4266.362777038012
mid_l10,mid,10,qwen2.5-7b-instruct,Qwen--Qwen2.5-7B-Instruct,DistServe,DistServe-2A100,distserve_2a100,realistic_pcie,0,short_extra_25,68.3237659977749,4115.952506021131,1.4022249961271882,69.72599099390209,4184.276272018906
mid_l10,mid,10,qwen2.5-7b-instruct,Qwen--Qwen2.5-7B-Instruct,DistServe,DistServe-2A100,distserve_2a100,realistic_pcie,0,short_extra_26,68.2721430202946,4174.161606992129,3.0015079537406564,71.27365097403526,4242.433750012424
mid_l10,mid,10,qwen2.5-7b-instruct,Qwen--Qwen2.5-7B-Instruct,DistServe,DistServe-2A100,distserve_2a100,realistic_pcie,0,short_extra_27,70.65508601954207,4186.363438027911,2.5329170166514814,73.18800303619355,4257.018524047453
mid_l10,mid,10,qwen2.5-7b-instruct,Qwen--Qwen2.5-7B-Instruct,DistServe,DistServe-2A100,distserve_2a100,realistic_pcie,0,short_extra_28,68.71333997696638,4124.389443022665,1.6437380108982325,70.35707798786461,4193.102782999631
mid_l10,mid,10,qwen2.5-7b-instruct,Qwen--Qwen2.5-7B-Instruct,DistServe,DistServe-2A100,distserve_2a100,realistic_pcie,0,short_extra_29,70.27298404136673,4209.021133952774,1.6800309531390667,71.95301499450579,4279.294117994141
mid_l10,mid,10,qwen2.5-7b-instruct,Qwen--Qwen2.5-7B-Instruct,DistServe,DistServe-2A100,distserve_2a100,realistic_pcie,0,short_extra_30,68.5251490212977,4183.556643023621,1.8127589719370008,70.3379079932347,4252.081792044919
mid_l10,mid,10,qwen2.5-7b-instruct,Qwen--Qwen2.5-7B-Instruct,DistServe,DistServe-2A100,distserve_2a100,realistic_pcie,0,short_extra_31,68.2844870025292,4169.747942010872,1.2768299784511328,69.56131698098034,4238.032429013401
mid_l10,mid,10,qwen2.5-7b-instruct,Qwen--Qwen2.5-7B-Instruct,DistServe,DistServe-2A100,distserve_2a100,realistic_pcie,0,short_extra_32,68.99655895540491,4169.542967050802,1.6407210496254265,70.63728000503033,4238.539526006207
mid_l10,mid,10,qwen2.5-7b-instruct,Qwen--Qwen2.5-7B-Instruct,DistServe,DistServe-2A100,distserve_2a100,realistic_pcie,0,short_extra_33,69.23123297747225,4183.1876750220545,2.67776200780645,71.9089949852787,4252.418907999527
mid_l10,mid,10,qwen2.5-7b-instruct,Qwen--Qwen2.5-7B-Instruct,DistServe,DistServe-2A100,distserve_2a100,realistic_pcie,1,long_a,209.67571600340307,4652.496137015987,17.64150202507153,227.3172180284746,4862.17185301939
mid_l10,mid,10,qwen2.5-7b-instruct,Qwen--Qwen2.5-7B-Instruct,DistServe,DistServe-2A100,distserve_2a100,realistic_pcie,1,long_b,268.0838909582235,4647.250426060054,14.85689403489232,282.9407849931158,4915.334317018278
mid_l10,mid,10,qwen2.5-7b-instruct,Qwen--Qwen2.5-7B-Instruct,DistServe,DistServe-2A100,distserve_2a100,realistic_pcie,1,long_extra_00,211.55673899920657,4669.086477020755,20.050676015671343,231.60741501487792,4880.643216019962
mid_l10,mid,10,qwen2.5-7b-instruct,Qwen--Qwen2.5-7B-Instruct,DistServe,DistServe-2A100,distserve_2a100,realistic_pcie,1,long_extra_01,218.31994300009683,4664.826511987485,13.56197101995349,231.88191402005032,4883.146454987582
mid_l10,mid,10,qwen2.5-7b-instruct,Qwen--Qwen2.5-7B-Instruct,DistServe,DistServe-2A100,distserve_2a100,realistic_pcie,1,mid_b,67.99212895566598,4608.085415035021,9.567951085045934,77.56008004071191,4676.0775439906865
mid_l10,mid,10,qwen2.5-7b-instruct,Qwen--Qwen2.5-7B-Instruct,DistServe,DistServe-2A100,distserve_2a100,realistic_pcie,1,short_a,69.16661601280794,4616.175457951613,8.561167982406914,77.72778399521485,4685.342073964421
mid_l10,mid,10,qwen2.5-7b-instruct,Qwen--Qwen2.5-7B-Instruct,DistServe,DistServe-2A100,distserve_2a100,realistic_pcie,1,short_extra_00,68.7362410244532,4635.093869990669,9.60752199171111,78.3437630161643,4703.830111015122
mid_l10,mid,10,qwen2.5-7b-instruct,Qwen--Qwen2.5-7B-Instruct,DistServe,DistServe-2A100,distserve_2a100,realistic_pcie,1,short_extra_01,68.70984396664426,4636.8111810297705,9.260396065656096,77.97024003230035,4705.521024996415
mid_l10,mid,10,qwen2.5-7b-instruct,Qwen--Qwen2.5-7B-Instruct,DistServe,DistServe-2A100,distserve_2a100,realistic_pcie,1,short_extra_02,68.9086260390468,4633.361622982193,10.088040959089994,78.99666699813679,4702.27024902124
mid_l10,mid,10,qwen2.5-7b-instruct,Qwen--Qwen2.5-7B-Instruct,DistServe,DistServe-2A100,distserve_2a100,realistic_pcie,1,short_extra_03,68.65999801084399,4639.440384984482,9.136823005974293,77.79682101681828,4708.100382995326
mid_l10,mid,10,qwen2.5-7b-instruct,Qwen--Qwen2.5-7B-Instruct,DistServe,DistServe-2A100,distserve_2a100,realistic_pcie,1,short_extra_04,68.00086703151464,4629.867257957812,11.141494964249432,79.14236199576408,4697.868124989327
mid_l10,mid,10,qwen2.5-7b-instruct,Qwen--Qwen2.5-7B-Instruct,DistServe,DistServe-2A100,distserve_2a100,realistic_pcie,1,short_extra_05,69.85444499878213,4634.558646008372,7.359253009781241,77.21369800856337,4704.413091007154
mid_l10,mid,10,qwen2.5-7b-instruct,Qwen--Qwen2.5-7B-Instruct,DistServe,DistServe-2A100,distserve_2a100,realistic_pcie,1,short_extra_06,69.12919599562883,4621.853112010285,10.158127988688648,79.28732398431748,4690.982308005914
mid_l10,mid,10,qwen2.5-7b-instruct,Qwen--Qwen2.5-7B-Instruct,DistServe,DistServe-2A100,distserve_2a100,realistic_pcie,1,short_extra_07,68.44417098909616,4623.714378976729,10.009985999204218,78.45415698830038,4692.158549965825
mid_l10,mid,10,qwen2.5-7b-instruct,Qwen--Qwen2.5-7B-Instruct,DistServe,DistServe-2A100,distserve_2a100,realistic_pcie,1,short_extra_08,68.40038497466594,4621.148560021538,9.073983004782349,77.47436797944829,4689.548944996204
mid_l10,mid,10,qwen2.5-7b-instruct,Qwen--Qwen2.5-7B-Instruct,DistServe,DistServe-2A100,distserve_2a100,realistic_pcie,1,short_extra_09,68.52944201091304,4608.457194000948,8.220516028814018,76.74995803972706,4676.986636011861
mid_l10,mid,10,qwen2.5-7b-instruct,Qwen--Qwen2.5-7B-Instruct,DistServe,DistServe-2A100,distserve_2a100,realistic_pcie,1,short_extra_10,70.44925499940291,4658.467416011263,6.992695038206875,77.44195003760979,4728.916671010666
mid_l10,mid,10,qwen2.5-7b-instruct,Qwen--Qwen2.5-7B-Instruct,DistServe,DistServe-2A100,distserve_2a100,realistic_pcie,1,short_extra_11,68.2548540062271,4605.930049030576,9.68830898636952,77.94316299259663,4674.184903036803
mid_l10,mid,10,qwen2.5-7b-instruct,Qwen--Qwen2.5-7B-Instruct,DistServe,DistServe-2A100,distserve_2a100,realistic_pcie,1,short_extra_12,68.13134899130091,4625.147014972754,8.940611965954304,77.07196095725521,4693.278363964055
mid_l10,mid,10,qwen2.5-7b-instruct,Qwen--Qwen2.5-7B-Instruct,DistServe,DistServe-2A100,distserve_2a100,realistic_pcie,1,short_extra_13,70.8751289639622,4605.763272033073,7.223566062748432,78.09869502671063,4676.638400997035
mid_l10,mid,10,qwen2.5-7b-instruct,Qwen--Qwen2.5-7B-Instruct,DistServe,DistServe-2A100,distserve_2a100,realistic_pcie,1,short_extra_14,68.21055500768125,4635.676751961,12.5459999544546,80.75655496213585,4703.8873069686815
mid_l10,mid,10,qwen2.5-7b-instruct,Qwen--Qwen2.5-7B-Instruct,DistServe,DistServe-2A100,distserve_2a100,realistic_pcie,1,short_extra_15,68.48094001179561,4621.693063003477,11.534313031006604,80.01525304280221,4690.174003015272
mid_l10,mid,10,qwen2.5-7b-instruct,Qwen--Qwen2.5-7B-Instruct,DistServe,DistServe-2A100,distserve_2a100,realistic_pcie,1,short_extra_16,68.4557170025073,4210.364248021506,0.9541820036247373,69.40989900613204,4278.819965024013
mid_l10,mid,10,qwen2.5-7b-instruct,Qwen--Qwen2.5-7B-Instruct,DistServe,DistServe-2A100,distserve_2a100,realistic_pcie,1,short_extra_17,68.80855601048097,4634.313021961134,10.034859005827457,78.84341501630843,4703.121577971615
mid_l10,mid,10,qwen2.5-7b-instruct,Qwen--Qwen2.5-7B-Instruct,DistServe,DistServe-2A100,distserve_2a100,realistic_pcie,1,short_extra_18,68.28101800056174,4609.092164959293,9.300300967879593,77.58131896844134,4677.373182959855
mid_l10,mid,10,qwen2.5-7b-instruct,Qwen--Qwen2.5-7B-Instruct,DistServe,DistServe-2A100,distserve_2a100,realistic_pcie,1,short_extra_19,69.32762905489653,4634.298658929765,9.191972902044654,78.51960195694119,4703.626287984662
mid_l10,mid,10,qwen2.5-7b-instruct,Qwen--Qwen2.5-7B-Instruct,DistServe,DistServe-2A100,distserve_2a100,realistic_pcie,1,short_extra_20,70.11437497567385,4619.623428035993,7.643404067493975,77.75777904316783,4689.737803011667
mid_l10,mid,10,qwen2.5-7b-instruct,Qwen--Qwen2.5-7B-Instruct,DistServe,DistServe-2A100,distserve_2a100,realistic_pcie,1,short_extra_21,68.4578760410659,4645.439742947929,8.861592912580818,77.31946895364672,4713.8976189889945
mid_l10,mid,10,qwen2.5-7b-instruct,Qwen--Qwen2.5-7B-Instruct,DistServe,DistServe-2A100,distserve_2a100,realistic_pcie,1,short_extra_22,68.76118498621508,4635.468295018654,10.417357028927654,79.17854201514274,4704.229480004869
mid_l10,mid,10,qwen2.5-7b-instruct,Qwen--Qwen2.5-7B-Instruct,DistServe,DistServe-2A100,distserve_2a100,realistic_pcie,1,short_extra_23,68.13567597419024,4607.970272016246,9.995565982535481,78.13124195672572,4676.105947990436
mid_l10,mid,10,qwen2.5-7b-instruct,Qwen--Qwen2.5-7B-Instruct,DistServe,DistServe-2A100,distserve_2a100,realistic_pcie,1,short_extra_24,68.94433300476521,4616.1334560019895,9.402817988302559,78.34715099306777,4685.077789006755
mid_l10,mid,10,qwen2.5-7b-instruct,Qwen--Qwen2.5-7B-Instruct,DistServe,DistServe-2A100,distserve_2a100,realistic_pcie,1,short_extra_25,69.16387297678739,4619.366220023949,9.296378993894905,78.4602519706823,4688.530093000736
mid_l10,mid,10,qwen2.5-7b-instruct,Qwen--Qwen2.5-7B-Instruct,DistServe,DistServe-2A100,distserve_2a100,realistic_pcie,1,short_extra_26,70.69337798748165,4634.40746802371,7.622608041856438,78.31598602933809,4705.100846011192
mid_l10,mid,10,qwen2.5-7b-instruct,Qwen--Qwen2.5-7B-Instruct,DistServe,DistServe-2A100,distserve_2a100,realistic_pcie,1,short_extra_27,68.21382796624675,4618.4861460351385,11.007313034497201,79.22114100074396,4686.699974001385
mid_l10,mid,10,qwen2.5-7b-instruct,Qwen--Qwen2.5-7B-Instruct,DistServe,DistServe-2A100,distserve_2a100,realistic_pcie,1,short_extra_28,68.35450301878154,4620.110825984739,9.76604997413233,78.12055299291387,4688.46532900352
mid_l10,mid,10,qwen2.5-7b-instruct,Qwen--Qwen2.5-7B-Instruct,DistServe,DistServe-2A100,distserve_2a100,realistic_pcie,1,short_extra_29,68.24902497464791,4613.465611007996,9.669434046372771,77.91845902102068,4681.714635982644
mid_l10,mid,10,qwen2.5-7b-instruct,Qwen--Qwen2.5-7B-Instruct,DistServe,DistServe-2A100,distserve_2a100,realistic_pcie,1,short_extra_30,68.51075903978199,4627.711079956498,8.487276965752244,76.99803600553423,4696.22183899628
mid_l10,mid,10,qwen2.5-7b-instruct,Qwen--Qwen2.5-7B-Instruct,DistServe,DistServe-2A100,distserve_2a100,realistic_pcie,1,short_extra_31,68.08755500242114,4612.941575993318,9.787274000700563,77.8748290031217,4681.029130995739
mid_l10,mid,10,qwen2.5-7b-instruct,Qwen--Qwen2.5-7B-Instruct,DistServe,DistServe-2A100,distserve_2a100,realistic_pcie,1,short_extra_32,68.0189379490912,4614.833344996441,10.398862010333687,78.41779995942488,4682.852282945532
mid_l10,mid,10,qwen2.5-7b-instruct,Qwen--Qwen2.5-7B-Instruct,DistServe,DistServe-2A100,distserve_2a100,realistic_pcie,1,short_extra_33,69.15041001047939,4630.6245509767905,9.288484987337142,78.43889499781653,4699.77496098727
mid_l30,mid,30,baichuan2-7b-chat,baichuan-inc--Baichuan2-7B-Chat,DistServe,DistServe-2A100,distserve_2a100,realistic_pcie,0,long_a,212.3864369932562,1040.0975529919378,8.789151965174824,221.17558895843104,1252.483989985194
mid_l30,mid,30,baichuan2-7b-chat,baichuan-inc--Baichuan2-7B-Chat,DistServe,DistServe-2A100,distserve_2a100,realistic_pcie,0,long_b,265.1249850168824,4599.525143974461,7.826284971088171,272.9512699879706,4864.650128991343
mid_l30,mid,30,baichuan2-7b-chat,baichuan-inc--Baichuan2-7B-Chat,DistServe,DistServe-2A100,distserve_2a100,realistic_pcie,0,long_extra_00,221.75238095223904,1325.8924620458856,5.819276033435017,227.57165698567405,1547.6448429981247
mid_l30,mid,30,baichuan2-7b-chat,baichuan-inc--Baichuan2-7B-Chat,DistServe,DistServe-2A100,distserve_2a100,realistic_pcie,0,long_extra_01,216.4118240470998,4600.2558039617725,11.122922995127738,227.53474704222754,4816.667628008872
mid_l30,mid,30,baichuan2-7b-chat,baichuan-inc--Baichuan2-7B-Chat,DistServe,DistServe-2A100,distserve_2a100,realistic_pcie,0,long_extra_02,262.32235704082996,11.02084293961525,11.02084293961525,273.3431999804452,273.3431999804452
mid_l30,mid,30,baichuan2-7b-chat,baichuan-inc--Baichuan2-7B-Chat,DistServe,DistServe-2A100,distserve_2a100,realistic_pcie,0,long_extra_03,254.051151976455,4600.272919051349,7.340674055740237,261.39182603219524,4854.324071027804
mid_l30,mid,30,baichuan2-7b-chat,baichuan-inc--Baichuan2-7B-Chat,DistServe,DistServe-2A100,distserve_2a100,realistic_pcie,0,long_extra_04,274.1132589871995,7.599447970278561,7.599447970278561,281.7127069574781,281.7127069574781
mid_l30,mid,30,baichuan2-7b-chat,baichuan-inc--Baichuan2-7B-Chat,DistServe,DistServe-2A100,distserve_2a100,realistic_pcie,0,long_extra_05,208.53918796638027,4611.4399450598285,7.564705039840192,216.10389300622046,4819.979133026209
mid_l30,mid,30,baichuan2-7b-chat,baichuan-inc--Baichuan2-7B-Chat,DistServe,DistServe-2A100,distserve_2a100,realistic_pcie,0,long_extra_06,224.79594795731828,807.3577170143835,4.987708991393447,229.78365694871172,1032.1536649717018
mid_l30,mid,30,baichuan2-7b-chat,baichuan-inc--Baichuan2-7B-Chat,DistServe,DistServe-2A100,distserve_2a100,realistic_pcie,0,long_extra_07,212.75674999924377,4607.695207989309,6.150725996121764,218.90747599536553,4820.451957988553
mid_l30,mid,30,baichuan2-7b-chat,baichuan-inc--Baichuan2-7B-Chat,DistServe,DistServe-2A100,distserve_2a100,realistic_pcie,0,long_extra_08,244.98509895056486,743.0081040365621,8.069076051469892,253.05417500203475,987.993202987127
mid_l30,mid,30,baichuan2-7b-chat,baichuan-inc--Baichuan2-7B-Chat,DistServe,DistServe-2A100,distserve_2a100,realistic_pcie,0,long_extra_09,214.42228701198474,4608.504262985662,6.596405990421772,221.0186930024065,4822.926549997646
mid_l30,mid,30,baichuan2-7b-chat,baichuan-inc--Baichuan2-7B-Chat,DistServe,DistServe-2A100,distserve_2a100,realistic_pcie,0,mid_b,77.04046199796721,4592.763157968875,0.43026998173445463,77.47073197970167,4669.803619966842
mid_l30,mid,30,baichuan2-7b-chat,baichuan-inc--Baichuan2-7B-Chat,DistServe,DistServe-2A100,distserve_2a100,realistic_pcie,0,short_a,76.05565298581496,4567.5937160267495,0.7071360596455634,76.76278904546052,4643.649369012564
mid_l30,mid,30,baichuan2-7b-chat,baichuan-inc--Baichuan2-7B-Chat,DistServe,DistServe-2A100,distserve_2a100,realistic_pcie,0,short_extra_00,77.18083704821765,4606.9423339213245,0.6842309376224875,77.86506798584014,4684.123170969542
mid_l30,mid,30,baichuan2-7b-chat,baichuan-inc--Baichuan2-7B-Chat,DistServe,DistServe-2A100,distserve_2a100,realistic_pcie,0,short_extra_01,79.3002310092561,4589.649681991432,71.71327628111612,76.60267199389637,4668.949913000688
mid_l30,mid,30,baichuan2-7b-chat,baichuan-inc--Baichuan2-7B-Chat,DistServe,DistServe-2A100,distserve_2a100,realistic_pcie,0,short_extra_02,77.25581101840362,4593.016744998749,0.621757993940264,77.87756901234388,4670.272556017153
mid_l30,mid,30,baichuan2-7b-chat,baichuan-inc--Baichuan2-7B-Chat,DistServe,DistServe-2A100,distserve_2a100,realistic_pcie,0,short_extra_03,77.09027902456,4610.587460920215,0.6655579200014472,77.75583694456145,4687.677739944775
mid_l30,mid,30,baichuan2-7b-chat,baichuan-inc--Baichuan2-7B-Chat,DistServe,DistServe-2A100,distserve_2a100,realistic_pcie,0,short_extra_04,77.64780498109758,4579.343610967044,71.55224392136006,76.02801296161488,4656.991415948141
mid_l30,mid,30,baichuan2-7b-chat,baichuan-inc--Baichuan2-7B-Chat,DistServe,DistServe-2A100,distserve_2a100,realistic_pcie,0,short_extra_05,76.52799400966614,4607.561871001963,0.6862179725430906,77.21421198220924,4684.089865011629
mid_l30,mid,30,baichuan2-7b-chat,baichuan-inc--Baichuan2-7B-Chat,DistServe,DistServe-2A100,distserve_2a100,realistic_pcie,0,short_extra_06,77.85769202746451,3977.045718987938,1.1526509770192206,79.01034300448373,4054.9034110154025
mid_l30,mid,30,baichuan2-7b-chat,baichuan-inc--Baichuan2-7B-Chat,DistServe,DistServe-2A100,distserve_2a100,realistic_pcie,0,short_extra_07,78.36982904700562,4603.6921559716575,71.93268993705715,76.42554101767018,4682.061985018663
mid_l30,mid,30,baichuan2-7b-chat,baichuan-inc--Baichuan2-7B-Chat,DistServe,DistServe-2A100,distserve_2a100,realistic_pcie,0,short_extra_08,76.57552300952375,4591.734830988571,1.596323971170932,78.17184698069468,4668.310353998095
mid_l30,mid,30,baichuan2-7b-chat,baichuan-inc--Baichuan2-7B-Chat,DistServe,DistServe-2A100,distserve_2a100,realistic_pcie,0,short_extra_09,76.14751200890169,4583.213240024634,0.8251380058936775,76.97265001479536,4659.360752033535
mid_l30,mid,30,baichuan2-7b-chat,baichuan-inc--Baichuan2-7B-Chat,DistServe,DistServe-2A100,distserve_2a100,realistic_pcie,0,short_extra_10,75.9164749761112,1975.892675051,1.714959042146802,77.631434018258,2051.809150027111
mid_l30,mid,30,baichuan2-7b-chat,baichuan-inc--Baichuan2-7B-Chat,DistServe,DistServe-2A100,distserve_2a100,realistic_pcie,0,short_extra_11,76.31415699142963,4587.584892986342,0.42745203245431185,76.74160902388394,4663.899049977772
mid_l30,mid,30,baichuan2-7b-chat,baichuan-inc--Baichuan2-7B-Chat,DistServe,DistServe-2A100,distserve_2a100,realistic_pcie,0,short_extra_12,75.95130405388772,4587.287893926259,1.1271399562247097,77.07844401011243,4663.239197980147
mid_l30,mid,30,baichuan2-7b-chat,baichuan-inc--Baichuan2-7B-Chat,DistServe,DistServe-2A100,distserve_2a100,realistic_pcie,0,short_extra_13,76.24295703135431,4581.776068953332,0.8048529853112996,77.04781001666561,4658.019025984686
mid_l30,mid,30,baichuan2-7b-chat,baichuan-inc--Baichuan2-7B-Chat,DistServe,DistServe-2A100,distserve_2a100,realistic_pcie,0,short_extra_14,77.7969800401479,4600.716113985982,71.88618928103097,77.5381940184161,4678.51309402613
mid_l30,mid,30,baichuan2-7b-chat,baichuan-inc--Baichuan2-7B-Chat,DistServe,DistServe-2A100,distserve_2a100,realistic_pcie,0,short_extra_15,77.00158201623708,4923.565689998213,0.5097260000184178,77.5113080162555,5000.56727201445
mid_l30,mid,30,baichuan2-7b-chat,baichuan-inc--Baichuan2-7B-Chat,DistServe,DistServe-2A100,distserve_2a100,realistic_pcie,0,short_extra_16,76.1559329694137,4615.813496056944,1.2196250609122217,77.37555803032592,4691.969429026358
mid_l30,mid,30,baichuan2-7b-chat,baichuan-inc--Baichuan2-7B-Chat,DistServe,DistServe-2A100,distserve_2a100,realistic_pcie,0,short_extra_17,78.36666196817532,4604.554810037371,71.94616890683392,76.3851500232704,4682.921472005546
mid_l30,mid,30,baichuan2-7b-chat,baichuan-inc--Baichuan2-7B-Chat,DistServe,DistServe-2A100,distserve_2a100,realistic_pcie,0,short_extra_18,76.62056299159303,4594.342468015384,0.7969260332174599,77.4174890248105,4670.963031006977
mid_l30,mid,30,baichuan2-7b-chat,baichuan-inc--Baichuan2-7B-Chat,DistServe,DistServe-2A100,distserve_2a100,realistic_pcie,0,short_extra_19,78.34209100110456,4599.7441170038655,71.8710018281854,78.26534804189578,4678.08620800497
mid_l30,mid,30,baichuan2-7b-chat,baichuan-inc--Baichuan2-7B-Chat,DistServe,DistServe-2A100,distserve_2a100,realistic_pcie,0,short_extra_20,77.52855401486158,4592.44071500143,71.75688617189735,77.02883100137115,4669.969269016292
mid_l30,mid,30,baichuan2-7b-chat,baichuan-inc--Baichuan2-7B-Chat,DistServe,DistServe-2A100,distserve_2a100,realistic_pcie,0,short_extra_21,75.5599660333246,4610.184635967016,1.0081599466502666,76.56812597997487,4685.744602000341
mid_l30,mid,30,baichuan2-7b-chat,baichuan-inc--Baichuan2-7B-Chat,DistServe,DistServe-2A100,distserve_2a100,realistic_pcie,0,short_extra_22,76.79040700895712,4599.463036982343,2.0608469494618475,78.85125395841897,4676.2534439913
mid_l30,mid,30,baichuan2-7b-chat,baichuan-inc--Baichuan2-7B-Chat,DistServe,DistServe-2A100,distserve_2a100,realistic_pcie,0,short_extra_23,76.25858200481161,4593.025771027897,0.9064440382644534,77.16502604307607,4669.284353032708
mid_l30,mid,30,baichuan2-7b-chat,baichuan-inc--Baichuan2-7B-Chat,DistServe,DistServe-2A100,distserve_2a100,realistic_pcie,0,short_extra_24,142.0433250023052,4592.184912005905,71.75288925009227,141.33117900928482,4734.22823700821
mid_l30,mid,30,baichuan2-7b-chat,baichuan-inc--Baichuan2-7B-Chat,DistServe,DistServe-2A100,distserve_2a100,realistic_pcie,0,short_extra_25,76.55361999059096,4584.809986001346,71.63765603127104,76.41338597750291,4661.363605991937
mid_l30,mid,30,baichuan2-7b-chat,baichuan-inc--Baichuan2-7B-Chat,DistServe,DistServe-2A100,distserve_2a100,realistic_pcie,1,long_a,212.7902369829826,1033.761308004614,9.576087002642453,222.36632398562506,1246.5515449875966
mid_l30,mid,30,baichuan2-7b-chat,baichuan-inc--Baichuan2-7B-Chat,DistServe,DistServe-2A100,distserve_2a100,realistic_pcie,1,long_b,264.5252050133422,4617.998128989711,8.18215194158256,272.70735695492476,4882.523334003054
mid_l30,mid,30,baichuan2-7b-chat,baichuan-inc--Baichuan2-7B-Chat,DistServe,DistServe-2A100,distserve_2a100,realistic_pcie,1,long_extra_00,219.9241080088541,1322.3781249835156,7.857869961299002,227.7819779701531,1542.3022329923697
mid_l30,mid,30,baichuan2-7b-chat,baichuan-inc--Baichuan2-7B-Chat,DistServe,DistServe-2A100,distserve_2a100,realistic_pcie,1,long_extra_01,214.31828697677702,4616.337901039515,9.616099065169692,223.9343860419467,4830.656188016292
mid_l30,mid,30,baichuan2-7b-chat,baichuan-inc--Baichuan2-7B-Chat,DistServe,DistServe-2A100,distserve_2a100,realistic_pcie,1,long_extra_02,265.9907619818114,6.13103702198714,6.13103702198714,272.1217990037985,272.1217990037985
mid_l30,mid,30,baichuan2-7b-chat,baichuan-inc--Baichuan2-7B-Chat,DistServe,DistServe-2A100,distserve_2a100,realistic_pcie,1,long_extra_03,251.85789802344516,4609.1602349770255,9.623672987800092,261.48157101124525,4861.018133000471
mid_l30,mid,30,baichuan2-7b-chat,baichuan-inc--Baichuan2-7B-Chat,DistServe,DistServe-2A100,distserve_2a100,realistic_pcie,1,long_extra_04,279.85069097485393,3.706132061779499,3.706132061779499,283.55682303663343,283.55682303663343
mid_l30,mid,30,baichuan2-7b-chat,baichuan-inc--Baichuan2-7B-Chat,DistServe,DistServe-2A100,distserve_2a100,realistic_pcie,1,long_extra_05,209.10833001835272,4609.106033982243,9.609457978513092,218.7177879968658,4818.214364000596
mid_l30,mid,30,baichuan2-7b-chat,baichuan-inc--Baichuan2-7B-Chat,DistServe,DistServe-2A100,distserve_2a100,realistic_pcie,1,long_extra_06,223.12818199861795,2488.864658982493,6.093600997701287,229.22178299631923,2711.992840981111
mid_l30,mid,30,baichuan2-7b-chat,baichuan-inc--Baichuan2-7B-Chat,DistServe,DistServe-2A100,distserve_2a100,realistic_pcie,1,long_extra_07,213.06061296490952,4615.350472042337,6.646544032264501,219.70715699717402,4828.411085007247
mid_l30,mid,30,baichuan2-7b-chat,baichuan-inc--Baichuan2-7B-Chat,DistServe,DistServe-2A100,distserve_2a100,realistic_pcie,1,long_extra_08,239.11890102317557,742.8812319412827,13.353385962545872,252.47228698572144,982.0001329644583
mid_l30,mid,30,baichuan2-7b-chat,baichuan-inc--Baichuan2-7B-Chat,DistServe,DistServe-2A100,distserve_2a100,realistic_pcie,1,long_extra_09,213.7376840109937,4611.285749007948,8.065559959504753,221.80324397049844,4825.023433018941
mid_l30,mid,30,baichuan2-7b-chat,baichuan-inc--Baichuan2-7B-Chat,DistServe,DistServe-2A100,distserve_2a100,realistic_pcie,1,mid_b,75.62354899710044,4611.996291030664,2.4729479919187725,78.09649698901922,4687.619840027764
mid_l30,mid,30,baichuan2-7b-chat,baichuan-inc--Baichuan2-7B-Chat,DistServe,DistServe-2A100,distserve_2a100,realistic_pcie,1,short_a,76.43784099491313,4586.26006700797,1.1843970278277993,77.62223802274093,4662.697908002883
mid_l30,mid,30,baichuan2-7b-chat,baichuan-inc--Baichuan2-7B-Chat,DistServe,DistServe-2A100,distserve_2a100,realistic_pcie,1,short_extra_00,75.97886899020523,4595.825553988107,0.4480229690670967,76.42689195927233,4671.804422978312
mid_l30,mid,30,baichuan2-7b-chat,baichuan-inc--Baichuan2-7B-Chat,DistServe,DistServe-2A100,distserve_2a100,realistic_pcie,1,short_extra_01,76.88322599278763,4596.015325980261,0.08803000673651695,76.97125599952415,4672.898551973049
mid_l30,mid,30,baichuan2-7b-chat,baichuan-inc--Baichuan2-7B-Chat,DistServe,DistServe-2A100,distserve_2a100,realistic_pcie,1,short_extra_02,77.2488759830594,4622.667370014824,0.8388850255869329,78.08776100864634,4699.916245997883
mid_l30,mid,30,baichuan2-7b-chat,baichuan-inc--Baichuan2-7B-Chat,DistServe,DistServe-2A100,distserve_2a100,realistic_pcie,1,short_extra_03,76.59060298465192,4742.09376500221,2.1650210255756974,78.75562401022762,4818.684367986862
mid_l30,mid,30,baichuan2-7b-chat,baichuan-inc--Baichuan2-7B-Chat,DistServe,DistServe-2A100,distserve_2a100,realistic_pcie,1,short_extra_04,75.38734603440389,4576.698759919964,1.2321359245106578,76.61948195891455,4652.086105954368
mid_l30,mid,30,baichuan2-7b-chat,baichuan-inc--Baichuan2-7B-Chat,DistServe,DistServe-2A100,distserve_2a100,realistic_pcie,1,short_extra_05,77.09944900125265,4901.860621001106,0.2115099923685193,77.31095899362117,4978.960070002358
mid_l30,mid,30,baichuan2-7b-chat,baichuan-inc--Baichuan2-7B-Chat,DistServe,DistServe-2A100,distserve_2a100,realistic_pcie,1,short_extra_06,77.49415299622342,3416.9656399753876,0.8504639845341444,78.34461698075756,3494.459792971611
mid_l30,mid,30,baichuan2-7b-chat,baichuan-inc--Baichuan2-7B-Chat,DistServe,DistServe-2A100,distserve_2a100,realistic_pcie,1,short_extra_07,75.79158002045006,4606.715656933375,0.4366159555502236,76.22819597600028,4682.507236953825
mid_l30,mid,30,baichuan2-7b-chat,baichuan-inc--Baichuan2-7B-Chat,DistServe,DistServe-2A100,distserve_2a100,realistic_pcie,1,short_extra_08,77.35314895398915,4619.3283320753835,72.17700518867787,77.17632903950289,4696.681481029373
mid_l30,mid,30,baichuan2-7b-chat,baichuan-inc--Baichuan2-7B-Chat,DistServe,DistServe-2A100,distserve_2a100,realistic_pcie,1,short_extra_09,76.64213498355821,4588.870708015747,0.5416180356405675,77.18375301919878,4665.512842999306
mid_l30,mid,30,baichuan2-7b-chat,baichuan-inc--Baichuan2-7B-Chat,DistServe,DistServe-2A100,distserve_2a100,realistic_pcie,1,short_extra_10,77.03891204437241,1978.188972978387,0.5671129911206663,77.60602503549308,2055.2278850227594
mid_l30,mid,30,baichuan2-7b-chat,baichuan-inc--Baichuan2-7B-Chat,DistServe,DistServe-2A100,distserve_2a100,realistic_pcie,1,short_extra_11,76.83607703074813,4603.7475719931535,0.17334200674667954,77.00941903749481,4680.583649023902
mid_l30,mid,30,baichuan2-7b-chat,baichuan-inc--Baichuan2-7B-Chat,DistServe,DistServe-2A100,distserve_2a100,realistic_pcie,1,short_extra_12,76.07868104241788,4589.2371839727275,1.403289963491261,77.48197100590914,4665.315865015145
mid_l30,mid,30,baichuan2-7b-chat,baichuan-inc--Baichuan2-7B-Chat,DistServe,DistServe-2A100,distserve_2a100,realistic_pcie,1,short_extra_13,77.52286596223712,4589.645285042934,0.22124103270471096,77.74410699494183,4667.168151005171
mid_l30,mid,30,baichuan2-7b-chat,baichuan-inc--Baichuan2-7B-Chat,DistServe,DistServe-2A100,distserve_2a100,realistic_pcie,1,short_extra_14,77.5398209807463,4594.239893020131,0.3242500242777169,77.86407100502402,4671.779714000877
mid_l30,mid,30,baichuan2-7b-chat,baichuan-inc--Baichuan2-7B-Chat,DistServe,DistServe-2A100,distserve_2a100,realistic_pcie,1,short_extra_15,76.03050203761086,4636.933960951865,1.2049069628119469,77.2354090004228,4712.964462989476
mid_l30,mid,30,baichuan2-7b-chat,baichuan-inc--Baichuan2-7B-Chat,DistServe,DistServe-2A100,distserve_2a100,realistic_pcie,1,short_extra_16,76.73371199052781,4627.324949018657,72.30195232841652,76.66080299532041,4704.058661009185
mid_l30,mid,30,baichuan2-7b-chat,baichuan-inc--Baichuan2-7B-Chat,DistServe,DistServe-2A100,distserve_2a100,realistic_pcie,1,short_extra_17,77.81095098471269,4596.4577900012955,0.23441301891580224,78.04536400362849,4674.268740986008
mid_l30,mid,30,baichuan2-7b-chat,baichuan-inc--Baichuan2-7B-Chat,DistServe,DistServe-2A100,distserve_2a100,realistic_pcie,1,short_extra_18,76.07767399167642,4593.630087038036,2.002911001909524,78.08058499358594,4669.707761029713
mid_l30,mid,30,baichuan2-7b-chat,baichuan-inc--Baichuan2-7B-Chat,DistServe,DistServe-2A100,distserve_2a100,realistic_pcie,1,short_extra_19,76.31188095547259,4603.328022058122,2.1004340960644186,78.412315051537,4679.639903013594
mid_l30,mid,30,baichuan2-7b-chat,baichuan-inc--Baichuan2-7B-Chat,DistServe,DistServe-2A100,distserve_2a100,realistic_pcie,1,short_extra_20,76.9010049989447,4588.1678509758785,71.6901226714981,76.3733689673245,4665.068855974823
mid_l30,mid,30,baichuan2-7b-chat,baichuan-inc--Baichuan2-7B-Chat,DistServe,DistServe-2A100,distserve_2a100,realistic_pcie,1,short_extra_21,76.75350602949038,4623.969699954614,0.5854199407622218,77.3389259702526,4700.723205984104
mid_l30,mid,30,baichuan2-7b-chat,baichuan-inc--Baichuan2-7B-Chat,DistServe,DistServe-2A100,distserve_2a100,realistic_pcie,1,short_extra_22,76.18450303561985,4616.395030927379,1.6228689346462488,77.8073719702661,4692.5795339629985
mid_l30,mid,30,baichuan2-7b-chat,baichuan-inc--Baichuan2-7B-Chat,DistServe,DistServe-2A100,distserve_2a100,realistic_pcie,1,short_extra_23,76.35831797961146,4593.640547071118,2.6095740613527596,78.96789204096422,4669.998865050729
mid_l30,mid,30,baichuan2-7b-chat,baichuan-inc--Baichuan2-7B-Chat,DistServe,DistServe-2A100,distserve_2a100,realistic_pcie,1,short_extra_24,77.08651898428798,4579.777620034292,0.7692070212215185,77.8557260055095,4656.86413901858
mid_l30,mid,30,baichuan2-7b-chat,baichuan-inc--Baichuan2-7B-Chat,DistServe,DistServe-2A100,distserve_2a100,realistic_pcie,1,short_extra_25,75.92262094840407,4601.24376101885,3.1114970333874226,79.0341179817915,4677.166381967254
mid_l30,mid,30,gemma-2-9b-it,google--gemma-2-9b-it,DistServe,DistServe-2A100,distserve_2a100,realistic_pcie,0,long_a,312.8608830156736,1909.6955609275028,6.477750954218209,319.3386339698918,2222.5564439431764
mid_l30,mid,30,gemma-2-9b-it,google--gemma-2-9b-it,DistServe,DistServe-2A100,distserve_2a100,realistic_pcie,0,long_b,359.28684897953644,7530.776080035139,8.125798020046204,367.41264699958265,7890.062929014675
mid_l30,mid,30,gemma-2-9b-it,google--gemma-2-9b-it,DistServe,DistServe-2A100,distserve_2a100,realistic_pcie,0,long_extra_00,317.7192810107954,1322.563701949548,8.221870986744761,325.94115199754015,1640.2829829603434
mid_l30,mid,30,gemma-2-9b-it,google--gemma-2-9b-it,DistServe,DistServe-2A100,distserve_2a100,realistic_pcie,0,long_extra_01,322.4982980173081,7498.03338496713,5.9042449574917555,328.40254297479987,7820.531682984438
mid_l30,mid,30,gemma-2-9b-it,google--gemma-2-9b-it,DistServe,DistServe-2A100,distserve_2a100,realistic_pcie,0,long_extra_02,336.63827303098515,7530.526849965099,9.236491925548762,345.8747649565339,7867.165122996084
mid_l30,mid,30,gemma-2-9b-it,google--gemma-2-9b-it,DistServe,DistServe-2A100,distserve_2a100,realistic_pcie,0,long_extra_03,336.00193000165746,7513.985658006277,9.096333000343293,345.09826300200075,7849.987588007934
mid_l30,mid,30,gemma-2-9b-it,google--gemma-2-9b-it,DistServe,DistServe-2A100,distserve_2a100,realistic_pcie,0,long_extra_04,357.66555496957153,7509.400514012668,8.291254984214902,365.95680995378643,7867.06606898224
mid_l30,mid,30,gemma-2-9b-it,google--gemma-2-9b-it,DistServe,DistServe-2A100,distserve_2a100,realistic_pcie,0,long_extra_05,312.91222100844607,7538.0388319608755,10.268196987453848,323.1804179958999,7850.951052969322
mid_l30,mid,30,gemma-2-9b-it,google--gemma-2-9b-it,DistServe,DistServe-2A100,distserve_2a100,realistic_pcie,0,long_extra_06,314.7632709587924,1316.0766410292126,5.767461028881371,320.5307319876738,1630.839911988005
mid_l30,mid,30,gemma-2-9b-it,google--gemma-2-9b-it,DistServe,DistServe-2A100,distserve_2a100,realistic_pcie,0,long_extra_07,316.4864259888418,7496.576011995785,7.5560580007731915,324.042483989615,7813.062437984627
mid_l30,mid,30,gemma-2-9b-it,google--gemma-2-9b-it,DistServe,DistServe-2A100,distserve_2a100,realistic_pcie,0,long_extra_08,318.7209059833549,1079.6846250304952,6.4898880664259195,325.2107940497808,1398.4055310138501
mid_l30,mid,30,gemma-2-9b-it,google--gemma-2-9b-it,DistServe,DistServe-2A100,distserve_2a100,realistic_pcie,0,long_extra_09,317.750749993138,7540.96238600323,10.731615999247879,328.4823659923859,7858.713135996368
mid_l30,mid,30,gemma-2-9b-it,google--gemma-2-9b-it,DistServe,DistServe-2A100,distserve_2a100,realistic_pcie,0,mid_b,127.40904599195346,7520.0670679914765,2.291821001563221,129.70086699351668,7647.47611398343
mid_l30,mid,30,gemma-2-9b-it,google--gemma-2-9b-it,DistServe,DistServe-2A100,distserve_2a100,realistic_pcie,0,short_a,128.02704103523865,7490.133593964856,0.5802999367006123,128.60734097193927,7618.160635000095
mid_l30,mid,30,gemma-2-9b-it,google--gemma-2-9b-it,DistServe,DistServe-2A100,distserve_2a100,realistic_pcie,0,short_extra_00,127.03984999097884,7486.934827989899,0.3846469917334616,127.4244969827123,7613.9746779808775
mid_l30,mid,30,gemma-2-9b-it,google--gemma-2-9b-it,DistServe,DistServe-2A100,distserve_2a100,realistic_pcie,0,short_extra_01,128.55891400249675,7479.709177976474,1.5960719902068377,130.1549859927036,7608.268091978971
mid_l30,mid,30,gemma-2-9b-it,google--gemma-2-9b-it,DistServe,DistServe-2A100,distserve_2a100,realistic_pcie,0,short_extra_02,128.00342997070402,7487.055749981664,1.6339520225301385,129.63738199323416,7615.059179952368
mid_l30,mid,30,gemma-2-9b-it,google--gemma-2-9b-it,DistServe,DistServe-2A100,distserve_2a100,realistic_pcie,0,short_extra_03,127.80492502497509,7507.131817925256,1.104250957723707,128.9091759826988,7634.936742950231
mid_l30,mid,30,gemma-2-9b-it,google--gemma-2-9b-it,DistServe,DistServe-2A100,distserve_2a100,realistic_pcie,0,short_extra_04,127.73030198877677,7475.527020986192,0.9281680104322731,128.65846999920905,7603.257322974969
mid_l30,mid,30,gemma-2-9b-it,google--gemma-2-9b-it,DistServe,DistServe-2A100,distserve_2a100,realistic_pcie,0,short_extra_05,128.84953198954463,7490.373275009915,3.3889319747686386,132.23846396431327,7619.22280699946
mid_l30,mid,30,gemma-2-9b-it,google--gemma-2-9b-it,DistServe,DistServe-2A100,distserve_2a100,realistic_pcie,0,short_extra_06,128.35809803800657,7508.449692977592,2.162518969271332,130.5206170072779,7636.807791015599
mid_l30,mid,30,gemma-2-9b-it,google--gemma-2-9b-it,DistServe,DistServe-2A100,distserve_2a100,realistic_pcie,0,short_extra_07,131.16442604223266,7495.06990192458,117.11046721757157,130.33694197656587,7626.234327966813
mid_l30,mid,30,gemma-2-9b-it,google--gemma-2-9b-it,DistServe,DistServe-2A100,distserve_2a100,realistic_pcie,0,short_extra_08,129.74025699077174,7484.046832018066,0.24642201606184244,129.98667900683358,7613.787089008838
mid_l30,mid,30,gemma-2-9b-it,google--gemma-2-9b-it,DistServe,DistServe-2A100,distserve_2a100,realistic_pcie,0,short_extra_09,127.45194096351042,7512.320688052569,117.38001075082138,126.9693830399774,7639.772629016079
mid_l30,mid,30,gemma-2-9b-it,google--gemma-2-9b-it,DistServe,DistServe-2A100,distserve_2a100,realistic_pcie,0,short_extra_10,128.30987002234906,7504.261448979378,1.5964459744282067,129.90631599677727,7632.571319001727
mid_l30,mid,30,gemma-2-9b-it,google--gemma-2-9b-it,DistServe,DistServe-2A100,distserve_2a100,realistic_pcie,0,short_extra_11,127.33563903020695,7527.503744990099,1.545885985251516,128.88152501545846,7654.839384020306
mid_l30,mid,30,gemma-2-9b-it,google--gemma-2-9b-it,DistServe,DistServe-2A100,distserve_2a100,realistic_pcie,0,short_extra_12,126.96218100609258,7493.45980695216,1.9541109795682132,128.9162919856608,7620.421987958252
mid_l30,mid,30,gemma-2-9b-it,google--gemma-2-9b-it,DistServe,DistServe-2A100,distserve_2a100,realistic_pcie,0,short_extra_13,129.4091580202803,7521.481291973032,1.849616994149983,131.25877501443028,7650.890449993312
mid_l30,mid,30,gemma-2-9b-it,google--gemma-2-9b-it,DistServe,DistServe-2A100,distserve_2a100,realistic_pcie,0,short_extra_14,128.02551803179085,7519.610336981714,0.7901829667389393,128.8157009985298,7647.635855013505
mid_l30,mid,30,gemma-2-9b-it,google--gemma-2-9b-it,DistServe,DistServe-2A100,distserve_2a100,realistic_pcie,0,short_extra_15,127.91046203346923,7483.883940964006,1.5865349560044706,129.4969969894737,7611.794402997475
mid_l30,mid,30,gemma-2-9b-it,google--gemma-2-9b-it,DistServe,DistServe-2A100,distserve_2a100,realistic_pcie,0,short_extra_16,128.4787849872373,7496.5621690498665,1.036031055264175,129.51481604250148,7625.040954037104
mid_l30,mid,30,gemma-2-9b-it,google--gemma-2-9b-it,DistServe,DistServe-2A100,distserve_2a100,realistic_pcie,0,short_extra_17,128.23875294998288,7485.997397045139,4.94187802542001,133.1806309754029,7614.236149995122
mid_l30,mid,30,gemma-2-9b-it,google--gemma-2-9b-it,DistServe,DistServe-2A100,distserve_2a100,realistic_pcie,0,short_extra_18,127.8474570135586,7481.36172798695,1.2144549982622266,129.06191201182082,7609.209185000509
mid_l30,mid,30,gemma-2-9b-it,google--gemma-2-9b-it,DistServe,DistServe-2A100,distserve_2a100,realistic_pcie,0,short_extra_19,129.4038700289093,7482.594646979123,116.9155413590488,129.24214702798054,7611.998517008033
mid_l30,mid,30,gemma-2-9b-it,google--gemma-2-9b-it,DistServe,DistServe-2A100,distserve_2a100,realistic_pcie,0,short_extra_20,126.98538397671655,7486.805301043205,116.98133282880008,126.88915198668838,7613.7906850199215
mid_l30,mid,30,gemma-2-9b-it,google--gemma-2-9b-it,DistServe,DistServe-2A100,distserve_2a100,realistic_pcie,0,short_extra_21,125.91930601047352,7507.1195409982465,2.2426319774240255,128.16193798789755,7633.03884700872
mid_l30,mid,30,gemma-2-9b-it,google--gemma-2-9b-it,DistServe,DistServe-2A100,distserve_2a100,realistic_pcie,0,short_extra_22,133.00629699369892,7497.658485022839,117.15091382848186,131.3693459960632,7630.664782016538
mid_l30,mid,30,gemma-2-9b-it,google--gemma-2-9b-it,DistServe,DistServe-2A100,distserve_2a100,realistic_pcie,0,short_extra_23,127.772104984615,7481.554641039111,2.647896995767951,130.42000198038295,7609.326746023726
mid_l30,mid,30,gemma-2-9b-it,google--gemma-2-9b-it,DistServe,DistServe-2A100,distserve_2a100,realistic_pcie,0,short_extra_24,234.89614599384367,7523.06730201235,10.424969019368291,245.32111501321197,7757.963448006194
mid_l30,mid,30,gemma-2-9b-it,google--gemma-2-9b-it,DistServe,DistServe-2A100,distserve_2a100,realistic_pcie,0,short_extra_25,128.4186689881608,7509.426313976292,1.2297420180402696,129.64841100620106,7637.844982964452
mid_l30,mid,30,gemma-2-9b-it,google--gemma-2-9b-it,DistServe,DistServe-2A100,distserve_2a100,realistic_pcie,1,long_a,311.4342630142346,1916.2550659966655,8.675791963469237,320.11005497770384,2227.6893290109
mid_l30,mid,30,gemma-2-9b-it,google--gemma-2-9b-it,DistServe,DistServe-2A100,distserve_2a100,realistic_pcie,1,long_b,358.99974999483675,7544.935935991816,8.21809598710388,367.2178459819406,7903.935685986653
mid_l30,mid,30,gemma-2-9b-it,google--gemma-2-9b-it,DistServe,DistServe-2A100,distserve_2a100,realistic_pcie,1,long_extra_00,315.14311901992187,1316.3937509525567,9.899972996208817,325.0430920161307,1631.5368699724786
mid_l30,mid,30,gemma-2-9b-it,google--gemma-2-9b-it,DistServe,DistServe-2A100,distserve_2a100,realistic_pcie,1,long_extra_01,326.17201103130355,7513.7695169541985,1.1405909899622202,327.3126020212658,7839.941527985502
mid_l30,mid,30,gemma-2-9b-it,google--gemma-2-9b-it,DistServe,DistServe-2A100,distserve_2a100,realistic_pcie,1,long_extra_02,335.12982400134206,7505.640376999509,8.183928963262588,343.31375296460465,7840.770201000851
mid_l30,mid,30,gemma-2-9b-it,google--gemma-2-9b-it,DistServe,DistServe-2A100,distserve_2a100,realistic_pcie,1,long_extra_03,338.1036010105163,7521.827105956618,8.391098002903163,346.49469901341945,7859.930706967134
mid_l30,mid,30,gemma-2-9b-it,google--gemma-2-9b-it,DistServe,DistServe-2A100,distserve_2a100,realistic_pcie,1,long_extra_04,355.65824899822474,7503.854120965116,9.769911004696041,365.4281600029208,7859.5123699633405
mid_l30,mid,30,gemma-2-9b-it,google--gemma-2-9b-it,DistServe,DistServe-2A100,distserve_2a100,realistic_pcie,1,long_extra_05,314.9420559639111,7483.196895045694,5.241190025117248,320.18324598902836,7798.138951009605
mid_l30,mid,30,gemma-2-9b-it,google--gemma-2-9b-it,DistServe,DistServe-2A100,distserve_2a100,realistic_pcie,1,long_extra_06,312.1611580136232,1317.191403999459,8.082436979748309,320.2435949933715,1629.3525620130822
mid_l30,mid,30,gemma-2-9b-it,google--gemma-2-9b-it,DistServe,DistServe-2A100,distserve_2a100,realistic_pcie,1,long_extra_07,315.8383629634045,7522.989338031039,7.4740120326168835,323.3123749960214,7838.827700994443
mid_l30,mid,30,gemma-2-9b-it,google--gemma-2-9b-it,DistServe,DistServe-2A100,distserve_2a100,realistic_pcie,1,long_extra_08,313.97792900679633,1094.355323992204,12.254167988430709,326.23209699522704,1408.3332529990003
mid_l30,mid,30,gemma-2-9b-it,google--gemma-2-9b-it,DistServe,DistServe-2A100,distserve_2a100,realistic_pcie,1,long_extra_09,318.6973790288903,7511.003409978002,6.08254800317809,324.7799270320684,7829.700789006893
mid_l30,mid,30,gemma-2-9b-it,google--gemma-2-9b-it,DistServe,DistServe-2A100,distserve_2a100,realistic_pcie,1,mid_b,127.35941598657519,7492.373896006029,0.358897028490901,127.71831301506609,7619.733311992604
mid_l30,mid,30,gemma-2-9b-it,google--gemma-2-9b-it,DistServe,DistServe-2A100,distserve_2a100,realistic_pcie,1,short_a,126.9443150376901,7501.609476923477,2.035595942288637,128.97991097997874,7628.553791961167
mid_l30,mid,30,gemma-2-9b-it,google--gemma-2-9b-it,DistServe,DistServe-2A100,distserve_2a100,realistic_pcie,1,short_extra_00,127.88314901990816,7508.620587992482,1.342425006441772,129.22557402634993,7636.50373701239
mid_l30,mid,30,gemma-2-9b-it,google--gemma-2-9b-it,DistServe,DistServe-2A100,distserve_2a100,realistic_pcie,1,short_extra_01,129.50472196098417,7479.828766081482,116.87232447002316,129.37279499601573,7609.333488042466
mid_l30,mid,30,gemma-2-9b-it,google--gemma-2-9b-it,DistServe,DistServe-2A100,distserve_2a100,realistic_pcie,1,short_extra_02,128.73685895465314,7471.488117065746,0.4160210373811424,129.1528799920343,7600.2249760203995
mid_l30,mid,30,gemma-2-9b-it,google--gemma-2-9b-it,DistServe,DistServe-2A100,distserve_2a100,realistic_pcie,1,short_extra_03,126.68618297902867,7521.705530991312,2.7139410376548767,129.40012401668355,7648.391713970341
mid_l30,mid,30,gemma-2-9b-it,google--gemma-2-9b-it,DistServe,DistServe-2A100,distserve_2a100,realistic_pcie,1,short_extra_04,126.69495498994365,7475.711413018871,116.80799082841986,126.612329040654,7602.406368008815
mid_l30,mid,30,gemma-2-9b-it,google--gemma-2-9b-it,DistServe,DistServe-2A100,distserve_2a100,realistic_pcie,1,short_extra_05,127.95728299533948,7507.132032013033,1.4863729593344033,129.4436559546739,7635.089315008372
mid_l30,mid,30,gemma-2-9b-it,google--gemma-2-9b-it,DistServe,DistServe-2A100,distserve_2a100,realistic_pcie,1,short_extra_06,129.62103204336017,7511.210786935408,1.956036954652518,131.5770689980127,7640.831818978768
mid_l30,mid,30,gemma-2-9b-it,google--gemma-2-9b-it,DistServe,DistServe-2A100,distserve_2a100,realistic_pcie,1,short_extra_07,128.3875869703479,7613.788207061589,1.4982570428401232,129.88584401318803,7742.175794031937
mid_l30,mid,30,gemma-2-9b-it,google--gemma-2-9b-it,DistServe,DistServe-2A100,distserve_2a100,realistic_pcie,1,short_extra_08,127.7528450009413,7486.299187992699,0.769652018789202,128.5224970197305,7614.052032993641
mid_l30,mid,30,gemma-2-9b-it,google--gemma-2-9b-it,DistServe,DistServe-2A100,distserve_2a100,realistic_pcie,1,short_extra_09,127.0521940314211,7480.299822986126,0.1251239445991814,127.17731797602028,7607.352017017547
mid_l30,mid,30,gemma-2-9b-it,google--gemma-2-9b-it,DistServe,DistServe-2A100,distserve_2a100,realistic_pcie,1,short_extra_10,127.78667698148638,7505.46417402802,2.5347400223836303,130.32141700387,7633.250851009507
mid_l30,mid,30,gemma-2-9b-it,google--gemma-2-9b-it,DistServe,DistServe-2A100,distserve_2a100,realistic_pcie,1,short_extra_11,128.71070398250595,7494.079995027278,1.563740021083504,130.27444400358945,7622.790699009784
mid_l30,mid,30,gemma-2-9b-it,google--gemma-2-9b-it,DistServe,DistServe-2A100,distserve_2a100,realistic_pcie,1,short_extra_12,129.46031597675756,7527.638565981761,117.61935259346501,127.80758296139538,7657.098881958518
mid_l30,mid,30,gemma-2-9b-it,google--gemma-2-9b-it,DistServe,DistServe-2A100,distserve_2a100,realistic_pcie,1,short_extra_13,127.81236099544913,7521.092680981383,1.2075149570591748,129.0198759525083,7648.905041976832
mid_l30,mid,30,gemma-2-9b-it,google--gemma-2-9b-it,DistServe,DistServe-2A100,distserve_2a100,realistic_pcie,1,short_extra_14,128.39797197375447,7507.334757014178,0.35169103648513556,128.7496630102396,7635.732728987932
mid_l30,mid,30,gemma-2-9b-it,google--gemma-2-9b-it,DistServe,DistServe-2A100,distserve_2a100,realistic_pcie,1,short_extra_15,127.94997199671343,7497.089701006189,2.5716560194268823,130.5216280161403,7625.039673002902
mid_l30,mid,30,gemma-2-9b-it,google--gemma-2-9b-it,DistServe,DistServe-2A100,distserve_2a100,realistic_pcie,1,short_extra_16,126.80361099774018,7663.037321995944,0.8177720010280609,127.62138299876824,7789.840932993684
mid_l30,mid,30,gemma-2-9b-it,google--gemma-2-9b-it,DistServe,DistServe-2A100,distserve_2a100,realistic_pcie,1,short_extra_17,127.94097000733018,7492.326142033562,0.8711550035513937,128.81212501088157,7620.267112040892
mid_l30,mid,30,gemma-2-9b-it,google--gemma-2-9b-it,DistServe,DistServe-2A100,distserve_2a100,realistic_pcie,1,short_extra_18,129.98805299866945,7642.188675003126,119.40919804692385,129.10443102009594,7772.176728001796
mid_l30,mid,30,gemma-2-9b-it,google--gemma-2-9b-it,DistServe,DistServe-2A100,distserve_2a100,realistic_pcie,1,short_extra_19,127.60698096826673,7470.002376008779,2.540166024118662,130.1471469923854,7597.6093569770455
mid_l30,mid,30,gemma-2-9b-it,google--gemma-2-9b-it,DistServe,DistServe-2A100,distserve_2a100,realistic_pcie,1,short_extra_20,131.48943899432197,7485.592263983563,116.96237912474317,127.70923099014908,7617.081702977885
mid_l30,mid,30,gemma-2-9b-it,google--gemma-2-9b-it,DistServe,DistServe-2A100,distserve_2a100,realistic_pcie,1,short_extra_21,127.27527401875705,7502.385423984379,1.302853983361274,128.57812800211832,7629.660698003136
mid_l30,mid,30,gemma-2-9b-it,google--gemma-2-9b-it,DistServe,DistServe-2A100,distserve_2a100,realistic_pcie,1,short_extra_22,127.2125419927761,7484.808412031271,1.8755749915726483,129.08811698434874,7612.020954024047
mid_l30,mid,30,gemma-2-9b-it,google--gemma-2-9b-it,DistServe,DistServe-2A100,distserve_2a100,realistic_pcie,1,short_extra_23,126.9783730385825,7510.936497943476,2.299276937264949,129.27764997584745,7637.914870982058
mid_l30,mid,30,gemma-2-9b-it,google--gemma-2-9b-it,DistServe,DistServe-2A100,distserve_2a100,realistic_pcie,1,short_extra_24,127.25075898924842,7504.715601040516,3.2595660304650664,130.5103250197135,7631.9663600297645
mid_l30,mid,30,gemma-2-9b-it,google--gemma-2-9b-it,DistServe,DistServe-2A100,distserve_2a100,realistic_pcie,1,short_extra_25,129.44097199942917,7506.173517031129,117.2839612036114,128.91700398176908,7635.614489030559
mid_l30,mid,30,gemma-7b-it,google--gemma-7b-it,DistServe,DistServe-2A100,distserve_2a100,realistic_pcie,0,long_a,296.9703850103542,4883.021582965739,12.77959899744019,309.7499840077944,5179.991967976093
mid_l30,mid,30,gemma-7b-it,google--gemma-7b-it,DistServe,DistServe-2A100,distserve_2a100,realistic_pcie,0,long_b,343.21522404206917,4890.675943985116,15.669115993659943,358.8843400357291,5233.891168027185
mid_l30,mid,30,gemma-7b-it,google--gemma-7b-it,DistServe,DistServe-2A100,distserve_2a100,realistic_pcie,0,long_extra_00,336.54333802405745,4785.552037938032,13.698993949219584,350.24233197327703,5122.09537596209
mid_l30,mid,30,gemma-7b-it,google--gemma-7b-it,DistServe,DistServe-2A100,distserve_2a100,realistic_pcie,0,long_extra_01,348.89481303980574,4815.308826917317,10.152933944482356,359.0477469842881,5164.2036399571225
mid_l30,mid,30,gemma-7b-it,google--gemma-7b-it,DistServe,DistServe-2A100,distserve_2a100,realistic_pcie,0,long_extra_02,340.6385430134833,2216.025013010949,12.270806008018553,352.90934902150184,2556.663556024432
mid_l30,mid,30,gemma-7b-it,google--gemma-7b-it,DistServe,DistServe-2A100,distserve_2a100,realistic_pcie,0,long_extra_03,348.24670100351796,4900.833799038082,8.408572000917047,356.655273004435,5249.0805000416
mid_l30,mid,30,gemma-7b-it,google--gemma-7b-it,DistServe,DistServe-2A100,distserve_2a100,realistic_pcie,0,long_extra_04,338.0598700023256,3671.8848469899967,15.024428023025393,353.084298025351,4009.9447169923224
mid_l30,mid,30,gemma-7b-it,google--gemma-7b-it,DistServe,DistServe-2A100,distserve_2a100,realistic_pcie,0,long_extra_05,301.922946004197,4901.400394970551,11.961615004111081,313.8845610083081,5203.323340974748
mid_l30,mid,30,gemma-7b-it,google--gemma-7b-it,DistServe,DistServe-2A100,distserve_2a100,realistic_pcie,0,long_extra_06,325.02567302435637,4788.015068974346,10.018543980550021,335.0442170049064,5113.040741998702
mid_l30,mid,30,gemma-7b-it,google--gemma-7b-it,DistServe,DistServe-2A100,distserve_2a100,realistic_pcie,0,long_extra_07,307.25073599023744,4856.553227989934,12.914332968648523,320.16506895888597,5163.803963980172
mid_l30,mid,30,gemma-7b-it,google--gemma-7b-it,DistServe,DistServe-2A100,distserve_2a100,realistic_pcie,0,long_extra_08,340.07407899480313,4859.132170968223,14.388140989467502,354.46221998427063,5199.2062499630265
mid_l30,mid,30,gemma-7b-it,google--gemma-7b-it,DistServe,DistServe-2A100,distserve_2a100,realistic_pcie,0,long_extra_09,328.4931849921122,4822.153947025072,12.801220000255853,341.2944049923681,5150.647132017184
mid_l30,mid,30,gemma-7b-it,google--gemma-7b-it,DistServe,DistServe-2A100,distserve_2a100,realistic_pcie,0,mid_b,79.2245150078088,4778.677758004051,1.114755985327065,80.33927099313587,4857.9022730118595
mid_l30,mid,30,gemma-7b-it,google--gemma-7b-it,DistServe,DistServe-2A100,distserve_2a100,realistic_pcie,0,short_a,78.39379698270932,4839.604861044791,2.3527240264229476,80.74652100913227,4917.9986580275
mid_l30,mid,30,gemma-7b-it,google--gemma-7b-it,DistServe,DistServe-2A100,distserve_2a100,realistic_pcie,0,short_extra_00,80.6156910257414,4854.961079952773,3.176063997671008,83.7917550234124,4935.576770978514
mid_l30,mid,30,gemma-7b-it,google--gemma-7b-it,DistServe,DistServe-2A100,distserve_2a100,realistic_pcie,0,short_extra_01,78.62892601406202,4877.608430979308,5.318870942573994,83.94779695663601,4956.23735699337
mid_l30,mid,30,gemma-7b-it,google--gemma-7b-it,DistServe,DistServe-2A100,distserve_2a100,realistic_pcie,0,short_extra_02,79.04964697081596,4796.857509063557,3.177899052388966,82.22754602320492,4875.907156034373
mid_l30,mid,30,gemma-7b-it,google--gemma-7b-it,DistServe,DistServe-2A100,distserve_2a100,realistic_pcie,0,short_extra_03,79.92461399408057,4781.035891966894,1.7577409744262695,81.68235496850684,4860.960505960975
mid_l30,mid,30,gemma-7b-it,google--gemma-7b-it,DistServe,DistServe-2A100,distserve_2a100,realistic_pcie,0,short_extra_04,79.1745749884285,4864.195200032555,3.5986550501547754,82.77323003858328,4943.369775020983
mid_l30,mid,30,gemma-7b-it,google--gemma-7b-it,DistServe,DistServe-2A100,distserve_2a100,realistic_pcie,0,short_extra_05,78.96848901873454,4783.874806016684,2.611021976917982,81.57951099565253,4862.843295035418
mid_l30,mid,30,gemma-7b-it,google--gemma-7b-it,DistServe,DistServe-2A100,distserve_2a100,realistic_pcie,0,short_extra_06,80.10178903350607,4797.309325949755,4.5792709570378065,84.68105999054387,4877.411114983261
mid_l30,mid,30,gemma-7b-it,google--gemma-7b-it,DistServe,DistServe-2A100,distserve_2a100,realistic_pcie,0,short_extra_07,79.84884601319209,4798.170592985116,5.415022023953497,85.26386803714558,4878.019438998308
mid_l30,mid,30,gemma-7b-it,google--gemma-7b-it,DistServe,DistServe-2A100,distserve_2a100,realistic_pcie,0,short_extra_08,80.04222100134939,4901.336483017076,2.4849509936757386,82.52717199502513,4981.378704018425
mid_l30,mid,30,gemma-7b-it,google--gemma-7b-it,DistServe,DistServe-2A100,distserve_2a100,realistic_pcie,0,short_extra_09,80.20711300196126,4887.84713903442,1.0441610356792808,81.25127403764054,4968.0542520363815
mid_l30,mid,30,gemma-7b-it,google--gemma-7b-it,DistServe,DistServe-2A100,distserve_2a100,realistic_pcie,0,short_extra_10,78.77252699108794,4876.496249984484,4.813736013602465,83.58626300469041,4955.268776975572
mid_l30,mid,30,gemma-7b-it,google--gemma-7b-it,DistServe,DistServe-2A100,distserve_2a100,realistic_pcie,0,short_extra_11,79.74830997409299,4780.332964030094,1.5104100457392633,81.25872001983225,4860.081274004187
mid_l30,mid,30,gemma-7b-it,google--gemma-7b-it,DistServe,DistServe-2A100,distserve_2a100,realistic_pcie,0,short_extra_12,78.4417069517076,4854.727560013998,3.8514070329256356,82.29311398463324,4933.169266965706
mid_l30,mid,30,gemma-7b-it,google--gemma-7b-it,DistServe,DistServe-2A100,distserve_2a100,realistic_pcie,0,short_extra_13,78.63823702791706,4864.188480947632,4.952953953761607,83.59119098167866,4942.826717975549
mid_l30,mid,30,gemma-7b-it,google--gemma-7b-it,DistServe,DistServe-2A100,distserve_2a100,realistic_pcie,0,short_extra_14,83.30212702276185,4885.226049926132,0.21816696971654892,83.5202939924784,4968.528176948894
mid_l30,mid,30,gemma-7b-it,google--gemma-7b-it,DistServe,DistServe-2A100,distserve_2a100,realistic_pcie,0,short_extra_15,80.58694802457467,4846.779311017599,3.343324991874397,83.93027301644906,4927.366259042174
mid_l30,mid,30,gemma-7b-it,google--gemma-7b-it,DistServe,DistServe-2A100,distserve_2a100,realistic_pcie,0,short_extra_16,81.18778601055965,4853.83171698777,1.2773569906130433,82.46514300117269,4935.01950299833
mid_l30,mid,30,gemma-7b-it,google--gemma-7b-it,DistServe,DistServe-2A100,distserve_2a100,realistic_pcie,0,short_extra_17,79.6087040216662,4799.316723016091,1.7840799991972744,81.39278402086347,4878.925427037757
mid_l30,mid,30,gemma-7b-it,google--gemma-7b-it,DistServe,DistServe-2A100,distserve_2a100,realistic_pcie,0,short_extra_18,80.5417489609681,4848.737274063751,1.9073810544796288,82.44913001544774,4929.279023024719
mid_l30,mid,30,gemma-7b-it,google--gemma-7b-it,DistServe,DistServe-2A100,distserve_2a100,realistic_pcie,0,short_extra_19,79.40678100567311,4853.390828997362,3.753349999897182,83.16013100557029,4932.7976100030355
mid_l30,mid,30,gemma-7b-it,google--gemma-7b-it,DistServe,DistServe-2A100,distserve_2a100,realistic_pcie,0,short_extra_20,78.52128602098674,4844.815420976374,4.568503994960338,83.08979001594707,4923.336706997361
mid_l30,mid,30,gemma-7b-it,google--gemma-7b-it,DistServe,DistServe-2A100,distserve_2a100,realistic_pcie,0,short_extra_21,78.51196301635355,4798.075230966788,4.438759991899133,82.95072300825268,4876.587193983141
mid_l30,mid,30,gemma-7b-it,google--gemma-7b-it,DistServe,DistServe-2A100,distserve_2a100,realistic_pcie,0,short_extra_22,78.6807379918173,4849.995816999581,3.8017790066078305,82.48251699842513,4928.676554991398
mid_l30,mid,30,gemma-7b-it,google--gemma-7b-it,DistServe,DistServe-2A100,distserve_2a100,realistic_pcie,0,short_extra_23,79.85614001518115,4847.743252001237,3.1734119984321296,83.02955201361328,4927.599392016418
mid_l30,mid,30,gemma-7b-it,google--gemma-7b-it,DistServe,DistServe-2A100,distserve_2a100,realistic_pcie,0,short_extra_24,163.51459204452112,4785.72413494112,6.679888931103051,170.19448097562417,4949.238726985641
mid_l30,mid,30,gemma-7b-it,google--gemma-7b-it,DistServe,DistServe-2A100,distserve_2a100,realistic_pcie,0,short_extra_25,80.11880499543622,4788.123956997879,0.6557470187544823,80.7745520141907,4868.242761993315
mid_l30,mid,30,gemma-7b-it,google--gemma-7b-it,DistServe,DistServe-2A100,distserve_2a100,realistic_pcie,1,long_a,299.12009701365605,4878.590522974264,9.848903981037438,308.9690009946935,5177.71061998792
mid_l30,mid,30,gemma-7b-it,google--gemma-7b-it,DistServe,DistServe-2A100,distserve_2a100,realistic_pcie,1,long_b,346.250329981558,4878.104237024672,11.631915054749697,357.8822450363077,5224.35456700623
mid_l30,mid,30,gemma-7b-it,google--gemma-7b-it,DistServe,DistServe-2A100,distserve_2a100,realistic_pcie,1,long_extra_00,336.60012402106076,4846.164376998786,12.483721948228776,349.08384596928954,5182.764501019847
mid_l30,mid,30,gemma-7b-it,google--gemma-7b-it,DistServe,DistServe-2A100,distserve_2a100,realistic_pcie,1,long_extra_01,345.14646604657173,4851.580152986571,15.57880500331521,360.72527104988694,5196.726619033143
mid_l30,mid,30,gemma-7b-it,google--gemma-7b-it,DistServe,DistServe-2A100,distserve_2a100,realistic_pcie,1,long_extra_02,335.16449097078294,2930.936880002264,18.278026022017002,353.44251699279994,3266.101370973047
mid_l30,mid,30,gemma-7b-it,google--gemma-7b-it,DistServe,DistServe-2A100,distserve_2a100,realistic_pcie,1,long_extra_03,351.9846019917168,4842.048871039879,4.438702017068863,356.42330400878564,5194.033473031595
mid_l30,mid,30,gemma-7b-it,google--gemma-7b-it,DistServe,DistServe-2A100,distserve_2a100,realistic_pcie,1,long_extra_04,337.41104102227837,3091.947241977323,16.359993955120444,353.7710349773988,3429.358282999601
mid_l30,mid,30,gemma-7b-it,google--gemma-7b-it,DistServe,DistServe-2A100,distserve_2a100,realistic_pcie,1,long_extra_05,301.2931370176375,4886.345546983648,8.57220299076289,309.8653400084004,5187.638684001286
mid_l30,mid,30,gemma-7b-it,google--gemma-7b-it,DistServe,DistServe-2A100,distserve_2a100,realistic_pcie,1,long_extra_06,327.35099602723494,4837.611551978625,6.9358679465949535,334.2868639738299,5164.96254800586
mid_l30,mid,30,gemma-7b-it,google--gemma-7b-it,DistServe,DistServe-2A100,distserve_2a100,realistic_pcie,1,long_extra_07,308.0947409616783,4847.71325904876,9.960162045899779,318.0549030075781,5155.808000010438
mid_l30,mid,30,gemma-7b-it,google--gemma-7b-it,DistServe,DistServe-2A100,distserve_2a100,realistic_pcie,1,long_extra_08,339.0197950066067,4873.578099999577,9.677203022874892,348.6969980294816,5212.5978950061835
mid_l30,mid,30,gemma-7b-it,google--gemma-7b-it,DistServe,DistServe-2A100,distserve_2a100,realistic_pcie,1,long_extra_09,330.78900404507294,4864.292126963846,11.28959096968174,342.0785950147547,5195.081131008919
mid_l30,mid,30,gemma-7b-it,google--gemma-7b-it,DistServe,DistServe-2A100,distserve_2a100,realistic_pcie,1,mid_b,78.77899700542912,4844.77974998299,2.622184983920306,81.40118198934942,4923.558746988419
mid_l30,mid,30,gemma-7b-it,google--gemma-7b-it,DistServe,DistServe-2A100,distserve_2a100,realistic_pcie,1,short_a,79.40773200243711,4850.99635500228,1.5267570270225406,80.93448902945966,4930.404087004717
mid_l30,mid,30,gemma-7b-it,google--gemma-7b-it,DistServe,DistServe-2A100,distserve_2a100,realistic_pcie,1,short_extra_00,79.21281101880595,4857.769524969626,2.4809459573589265,81.69375697616488,4936.982335988432
mid_l30,mid,30,gemma-7b-it,google--gemma-7b-it,DistServe,DistServe-2A100,distserve_2a100,realistic_pcie,1,short_extra_01,79.184683971107,4891.730913019273,3.6412080517038703,82.82589202281088,4970.91559699038
mid_l30,mid,30,gemma-7b-it,google--gemma-7b-it,DistServe,DistServe-2A100,distserve_2a100,realistic_pcie,1,short_extra_02,78.15633504651487,4844.965254946146,5.418573971837759,83.57490901835263,4923.121589992661
mid_l30,mid,30,gemma-7b-it,google--gemma-7b-it,DistServe,DistServe-2A100,distserve_2a100,realistic_pcie,1,short_extra_03,78.95224599633366,4842.762389045674,2.64244299614802,81.59468899248168,4921.714635042008
mid_l30,mid,30,gemma-7b-it,google--gemma-7b-it,DistServe,DistServe-2A100,distserve_2a100,realistic_pcie,1,short_extra_04,78.50489398697391,4873.687124985736,3.2007130212150514,81.70560700818896,4952.19201897271
mid_l30,mid,30,gemma-7b-it,google--gemma-7b-it,DistServe,DistServe-2A100,distserve_2a100,realistic_pcie,1,short_extra_05,78.21763295214623,4861.576678056736,3.7018160219304264,81.91944897407666,4939.794311008882
mid_l30,mid,30,gemma-7b-it,google--gemma-7b-it,DistServe,DistServe-2A100,distserve_2a100,realistic_pcie,1,short_extra_06,79.60768399061635,4861.217817990109,5.441123037599027,85.04880702821538,4940.825501980726
mid_l30,mid,30,gemma-7b-it,google--gemma-7b-it,DistServe,DistServe-2A100,distserve_2a100,realistic_pcie,1,short_extra_07,79.153981001582,4844.700309971813,5.320823984220624,84.47480498580262,4923.854290973395
mid_l30,mid,30,gemma-7b-it,google--gemma-7b-it,DistServe,DistServe-2A100,distserve_2a100,realistic_pcie,1,short_extra_08,79.44204495288432,4858.268639072776,1.5465300530195236,80.98857500590384,4937.71068402566
mid_l30,mid,30,gemma-7b-it,google--gemma-7b-it,DistServe,DistServe-2A100,distserve_2a100,realistic_pcie,1,short_extra_09,79.44858097471297,4853.286056022625,2.542937989346683,81.99151896405965,4932.734636997338
mid_l30,mid,30,gemma-7b-it,google--gemma-7b-it,DistServe,DistServe-2A100,distserve_2a100,realistic_pcie,1,short_extra_10,80.75005502905697,4864.786827005446,1.5222089714370668,82.27226400049403,4945.536882034503
mid_l30,mid,30,gemma-7b-it,google--gemma-7b-it,DistServe,DistServe-2A100,distserve_2a100,realistic_pcie,1,short_extra_11,81.41644898569211,4883.340278058313,76.30219184466114,80.76719101518393,4964.756727044005
mid_l30,mid,30,gemma-7b-it,google--gemma-7b-it,DistServe,DistServe-2A100,distserve_2a100,realistic_pcie,1,short_extra_12,79.0094809490256,4886.22500107158,3.5083990660496056,82.5178800150752,4965.234482020605
mid_l30,mid,30,gemma-7b-it,google--gemma-7b-it,DistServe,DistServe-2A100,distserve_2a100,realistic_pcie,1,short_extra_13,80.69740200880915,4867.65224597184,3.7908069789409637,84.48820898775011,4948.349647980649
mid_l30,mid,30,gemma-7b-it,google--gemma-7b-it,DistServe,DistServe-2A100,distserve_2a100,realistic_pcie,1,short_extra_14,79.2060949606821,4465.667140029836,3.352130064740777,82.55822502542287,4544.8732349905185
mid_l30,mid,30,gemma-7b-it,google--gemma-7b-it,DistServe,DistServe-2A100,distserve_2a100,realistic_pcie,1,short_extra_15,81.52256702305749,4846.946400939487,1.8483479507267475,83.37091497378424,4928.468967962544
mid_l30,mid,30,gemma-7b-it,google--gemma-7b-it,DistServe,DistServe-2A100,distserve_2a100,realistic_pcie,1,short_extra_16,81.76519896369427,4869.798266037833,0.45371800661087036,82.21891697030514,4951.563465001527
mid_l30,mid,30,gemma-7b-it,google--gemma-7b-it,DistServe,DistServe-2A100,distserve_2a100,realistic_pcie,1,short_extra_17,80.21393499802798,4868.996079952922,2.391796966549009,82.60573196457699,4949.21001495095
mid_l30,mid,30,gemma-7b-it,google--gemma-7b-it,DistServe,DistServe-2A100,distserve_2a100,realistic_pcie,1,short_extra_18,80.21121402271092,4835.8457569847815,1.9980189390480518,82.20923296175897,4916.056971007492
mid_l30,mid,30,gemma-7b-it,google--gemma-7b-it,DistServe,DistServe-2A100,distserve_2a100,realistic_pcie,1,short_extra_19,80.11877199169248,4890.214595012367,3.54515400249511,83.6639259941876,4970.333367004059
mid_l30,mid,30,gemma-7b-it,google--gemma-7b-it,DistServe,DistServe-2A100,distserve_2a100,realistic_pcie,1,short_extra_20,78.80131795536727,4891.814259055536,3.2036550692282617,82.00497302459553,4970.6155770109035
mid_l30,mid,30,gemma-7b-it,google--gemma-7b-it,DistServe,DistServe-2A100,distserve_2a100,realistic_pcie,1,short_extra_21,79.24675196409225,4836.9957730174065,4.15027403505519,83.39702599914744,4916.242524981499
mid_l30,mid,30,gemma-7b-it,google--gemma-7b-it,DistServe,DistServe-2A100,distserve_2a100,realistic_pcie,1,short_extra_22,78.97454197518528,4892.583678010851,3.5445510293357074,82.51909300452098,4971.558219986036
mid_l30,mid,30,gemma-7b-it,google--gemma-7b-it,DistServe,DistServe-2A100,distserve_2a100,realistic_pcie,1,short_extra_23,79.71466798335314,4842.627734004054,4.052462987601757,83.7671309709549,4922.342401987407
mid_l30,mid,30,gemma-7b-it,google--gemma-7b-it,DistServe,DistServe-2A100,distserve_2a100,realistic_pcie,1,short_extra_24,78.98049801588058,4876.776037970558,2.3739049793221056,81.35440299520269,4955.756535986438
mid_l30,mid,30,gemma-7b-it,google--gemma-7b-it,DistServe,DistServe-2A100,distserve_2a100,realistic_pcie,1,short_extra_25,78.890741977375,4853.271407017019,2.321337000466883,81.21207897784188,4932.162148994394
mid_l30,mid,30,mistral-7b-instruct-v0.2,mistralai--Mistral-7B-Instruct-v0.2,DistServe,DistServe-2A100,distserve_2a100,realistic_pcie,0,long_a,227.14897198602557,5315.535309026018,11.050985020119697,238.19995700614527,5542.684281012043
mid_l30,mid,30,mistral-7b-instruct-v0.2,mistralai--Mistral-7B-Instruct-v0.2,DistServe,DistServe-2A100,distserve_2a100,realistic_pcie,0,long_b,300.7834160234779,5362.276914936956,7.458541949745268,308.2419579732232,5663.060330960434
mid_l30,mid,30,mistral-7b-instruct-v0.2,mistralai--Mistral-7B-Instruct-v0.2,DistServe,DistServe-2A100,distserve_2a100,realistic_pcie,0,long_extra_00,245.86657900363207,5314.70145098865,83.04221017169766,241.0148630151525,5560.568029992282
mid_l30,mid,30,mistral-7b-instruct-v0.2,mistralai--Mistral-7B-Instruct-v0.2,DistServe,DistServe-2A100,distserve_2a100,realistic_pcie,0,long_extra_01,245.77508895890787,5320.773495011963,83.13708585956192,243.67116298526525,5566.548583970871
mid_l30,mid,30,mistral-7b-instruct-v0.2,mistralai--Mistral-7B-Instruct-v0.2,DistServe,DistServe-2A100,distserve_2a100,realistic_pcie,0,long_extra_02,277.60933100944385,5305.885389971081,5.42965397471562,283.03898498415947,5583.494720980525
mid_l30,mid,30,mistral-7b-instruct-v0.2,mistralai--Mistral-7B-Instruct-v0.2,DistServe,DistServe-2A100,distserve_2a100,realistic_pcie,0,long_extra_03,281.48980799596757,5359.820895013399,4.643879015929997,286.13368701189756,5641.310703009367
mid_l30,mid,30,mistral-7b-instruct-v0.2,mistralai--Mistral-7B-Instruct-v0.2,DistServe,DistServe-2A100,distserve_2a100,realistic_pcie,0,long_extra_04,298.9371829899028,5319.337873021141,7.53987004281953,306.4770530327223,5618.2750560110435
mid_l30,mid,30,mistral-7b-instruct-v0.2,mistralai--Mistral-7B-Instruct-v0.2,DistServe,DistServe-2A100,distserve_2a100,realistic_pcie,0,long_extra_05,237.5175300403498,5323.7851219601,2.7909089694730937,240.3084390098229,5561.30265200045
mid_l30,mid,30,mistral-7b-instruct-v0.2,mistralai--Mistral-7B-Instruct-v0.2,DistServe,DistServe-2A100,distserve_2a100,realistic_pcie,0,long_extra_06,235.30828399816528,5311.286529991776,5.0861400086432695,240.39442400680855,5546.594813989941
mid_l30,mid,30,mistral-7b-instruct-v0.2,mistralai--Mistral-7B-Instruct-v0.2,DistServe,DistServe-2A100,distserve_2a100,realistic_pcie,0,long_extra_07,237.1632510330528,5340.487180976197,3.51097498787567,240.67422602092847,5577.65043200925
mid_l30,mid,30,mistral-7b-instruct-v0.2,mistralai--Mistral-7B-Instruct-v0.2,DistServe,DistServe-2A100,distserve_2a100,realistic_pcie,0,long_extra_08,250.73447002796456,5343.823590956163,9.41444793716073,260.1489179651253,5594.558060984127
mid_l30,mid,30,mistral-7b-instruct-v0.2,mistralai--Mistral-7B-Instruct-v0.2,DistServe,DistServe-2A100,distserve_2a100,realistic_pcie,0,long_extra_09,240.25401804829016,5342.508697940502,83.47669840532035,238.95434098085389,5582.7627159887925
mid_l30,mid,30,mistral-7b-instruct-v0.2,mistralai--Mistral-7B-Instruct-v0.2,DistServe,DistServe-2A100,distserve_2a100,realistic_pcie,0,mid_b,88.79639999940991,5324.198004964273,83.19059382756677,88.64257897948846,5412.994404963683
mid_l30,mid,30,mistral-7b-instruct-v0.2,mistralai--Mistral-7B-Instruct-v0.2,DistServe,DistServe-2A100,distserve_2a100,realistic_pcie,0,short_a,87.58618601132184,5282.155360968318,1.1505009606480598,88.7366869719699,5369.74154697964
mid_l30,mid,30,mistral-7b-instruct-v0.2,mistralai--Mistral-7B-Instruct-v0.2,DistServe,DistServe-2A100,distserve_2a100,realistic_pcie,0,short_extra_00,90.11980699142441,5306.28246703418,2.9448550194501877,93.0646620108746,5396.402274025604
mid_l30,mid,30,mistral-7b-instruct-v0.2,mistralai--Mistral-7B-Instruct-v0.2,DistServe,DistServe-2A100,distserve_2a100,realistic_pcie,0,short_extra_01,89.03889497742057,5307.631993026007,0.16096100443974137,89.19985598186031,5396.6708880034275
mid_l30,mid,30,mistral-7b-instruct-v0.2,mistralai--Mistral-7B-Instruct-v0.2,DistServe,DistServe-2A100,distserve_2a100,realistic_pcie,0,short_extra_02,87.14041003258899,5324.633270967752,2.629461989272386,89.76987202186137,5411.773681000341
mid_l30,mid,30,mistral-7b-instruct-v0.2,mistralai--Mistral-7B-Instruct-v0.2,DistServe,DistServe-2A100,distserve_2a100,realistic_pcie,0,short_extra_03,81.80934097617865,5312.7577200648375,6.447429012041539,88.25676998822019,5394.567061041016
mid_l30,mid,30,mistral-7b-instruct-v0.2,mistralai--Mistral-7B-Instruct-v0.2,DistServe,DistServe-2A100,distserve_2a100,realistic_pcie,0,short_extra_04,93.09410402784124,5291.7518700123765,82.68362296894338,89.995660004206,5384.845974040218
mid_l30,mid,30,mistral-7b-instruct-v0.2,mistralai--Mistral-7B-Instruct-v0.2,DistServe,DistServe-2A100,distserve_2a100,realistic_pcie,0,short_extra_05,118.43665497144684,5277.829431986902,82.46608487479534,89.52917699934915,5396.266086958349
mid_l30,mid,30,mistral-7b-instruct-v0.2,mistralai--Mistral-7B-Instruct-v0.2,DistServe,DistServe-2A100,distserve_2a100,realistic_pcie,0,short_extra_06,86.8929399875924,5311.260144982953,3.4866950009018183,90.37963498849422,5398.153084970545
mid_l30,mid,30,mistral-7b-instruct-v0.2,mistralai--Mistral-7B-Instruct-v0.2,DistServe,DistServe-2A100,distserve_2a100,realistic_pcie,0,short_extra_07,93.83869799785316,5309.22939197626,82.95670924962906,88.75954197719693,5403.068089974113
mid_l30,mid,30,mistral-7b-instruct-v0.2,mistralai--Mistral-7B-Instruct-v0.2,DistServe,DistServe-2A100,distserve_2a100,realistic_pcie,0,short_extra_08,86.71797096030787,5327.724460046738,3.883587021846324,90.60155798215419,5414.442431007046
mid_l30,mid,30,mistral-7b-instruct-v0.2,mistralai--Mistral-7B-Instruct-v0.2,DistServe,DistServe-2A100,distserve_2a100,realistic_pcie,0,short_extra_09,90.22608102532104,5313.046165974811,83.01634634335642,89.56938300980255,5403.272247000132
mid_l30,mid,30,mistral-7b-instruct-v0.2,mistralai--Mistral-7B-Instruct-v0.2,DistServe,DistServe-2A100,distserve_2a100,realistic_pcie,0,short_extra_10,90.4035420389846,5308.5388979525305,82.94592028050829,88.65930401952937,5398.942439991515
mid_l30,mid,30,mistral-7b-instruct-v0.2,mistralai--Mistral-7B-Instruct-v0.2,DistServe,DistServe-2A100,distserve_2a100,realistic_pcie,0,short_extra_11,91.9295140192844,5298.321201931685,82.78626878018258,90.4717439552769,5390.25071595097
mid_l30,mid,30,mistral-7b-instruct-v0.2,mistralai--Mistral-7B-Instruct-v0.2,DistServe,DistServe-2A100,distserve_2a100,realistic_pcie,0,short_extra_12,88.3455749717541,5310.9059650450945,0.1882470678538084,88.53382203960791,5399.251540016849
mid_l30,mid,30,mistral-7b-instruct-v0.2,mistralai--Mistral-7B-Instruct-v0.2,DistServe,DistServe-2A100,distserve_2a100,realistic_pcie,0,short_extra_13,88.43112603062764,5298.530636995565,1.1156270047649741,89.54675303539261,5386.961763026193
mid_l30,mid,30,mistral-7b-instruct-v0.2,mistralai--Mistral-7B-Instruct-v0.2,DistServe,DistServe-2A100,distserve_2a100,realistic_pcie,0,short_extra_14,87.91090297745541,5346.638546034228,1.2163730571046472,89.12727603456005,5434.5494490116835
mid_l30,mid,30,mistral-7b-instruct-v0.2,mistralai--Mistral-7B-Instruct-v0.2,DistServe,DistServe-2A100,distserve_2a100,realistic_pcie,0,short_extra_15,87.38799497950822,5318.108981999103,1.5571980038657784,88.945192983374,5405.496976978611
mid_l30,mid,30,mistral-7b-instruct-v0.2,mistralai--Mistral-7B-Instruct-v0.2,DistServe,DistServe-2A100,distserve_2a100,realistic_pcie,0,short_extra_16,87.25471602519974,5341.510308964644,1.211716968100518,88.46643299330026,5428.765024989843
mid_l30,mid,30,mistral-7b-instruct-v0.2,mistralai--Mistral-7B-Instruct-v0.2,DistServe,DistServe-2A100,distserve_2a100,realistic_pcie,0,short_extra_17,87.84632699098438,5320.2372990199365,1.256974006537348,89.10330099752173,5408.083626010921
mid_l30,mid,30,mistral-7b-instruct-v0.2,mistralai--Mistral-7B-Instruct-v0.2,DistServe,DistServe-2A100,distserve_2a100,realistic_pcie,0,short_extra_18,90.37595900008455,5295.217828999739,82.73777857812092,90.0432329508476,5385.593787999824
mid_l30,mid,30,mistral-7b-instruct-v0.2,mistralai--Mistral-7B-Instruct-v0.2,DistServe,DistServe-2A100,distserve_2a100,realistic_pcie,0,short_extra_19,89.89498094888404,5309.914140030742,82.96740843798034,89.57247697981074,5399.809120979626
mid_l30,mid,30,mistral-7b-instruct-v0.2,mistralai--Mistral-7B-Instruct-v0.2,DistServe,DistServe-2A100,distserve_2a100,realistic_pcie,0,short_extra_20,89.81290302472189,5318.129915976897,0.4791119717992842,90.29201499652117,5407.942819001619
mid_l30,mid,30,mistral-7b-instruct-v0.2,mistralai--Mistral-7B-Instruct-v0.2,DistServe,DistServe-2A100,distserve_2a100,realistic_pcie,0,short_extra_21,90.88883199729025,5295.3030110220425,82.73910954721941,88.27855699928477,5386.191843019333
mid_l30,mid,30,mistral-7b-instruct-v0.2,mistralai--Mistral-7B-Instruct-v0.2,DistServe,DistServe-2A100,distserve_2a100,realistic_pcie,0,short_extra_22,88.91393203521147,5321.185923938174,0.7888439577072859,89.70277599291876,5410.099855973385
mid_l30,mid,30,mistral-7b-instruct-v0.2,mistralai--Mistral-7B-Instruct-v0.2,DistServe,DistServe-2A100,distserve_2a100,realistic_pcie,0,short_extra_23,87.29638101067394,5315.625900984742,1.1872230097651482,88.48360402043909,5402.922281995416
mid_l30,mid,30,mistral-7b-instruct-v0.2,mistralai--Mistral-7B-Instruct-v0.2,DistServe,DistServe-2A100,distserve_2a100,realistic_pcie,0,short_extra_24,185.96506700851023,5348.282741964795,15.323475992772728,201.28854300128296,5534.247808973305
mid_l30,mid,30,mistral-7b-instruct-v0.2,mistralai--Mistral-7B-Instruct-v0.2,DistServe,DistServe-2A100,distserve_2a100,realistic_pcie,0,short_extra_25,96.23065899359062,5299.754720006604,82.80866750010318,89.4024390145205,5395.985379000194
mid_l30,mid,30,mistral-7b-instruct-v0.2,mistralai--Mistral-7B-Instruct-v0.2,DistServe,DistServe-2A100,distserve_2a100,realistic_pcie,1,long_a,229.66469899984077,5303.071434027515,7.465024013072252,237.12972301291302,5532.736133027356
mid_l30,mid,30,mistral-7b-instruct-v0.2,mistralai--Mistral-7B-Instruct-v0.2,DistServe,DistServe-2A100,distserve_2a100,realistic_pcie,1,long_b,301.35654797777534,5338.00519205397,8.983532025013119,310.34008000278845,5639.361740031745
mid_l30,mid,30,mistral-7b-instruct-v0.2,mistralai--Mistral-7B-Instruct-v0.2,DistServe,DistServe-2A100,distserve_2a100,realistic_pcie,1,long_extra_00,231.21212498517707,5335.690588981379,9.132582985330373,240.34470797050744,5566.902713966556
mid_l30,mid,30,mistral-7b-instruct-v0.2,mistralai--Mistral-7B-Instruct-v0.2,DistServe,DistServe-2A100,distserve_2a100,realistic_pcie,1,long_extra_01,235.8255260041915,5316.435511980671,6.2059779884293675,242.03150399262086,5552.261037984863
mid_l30,mid,30,mistral-7b-instruct-v0.2,mistralai--Mistral-7B-Instruct-v0.2,DistServe,DistServe-2A100,distserve_2a100,realistic_pcie,1,long_extra_02,277.2828169981949,5381.891686003655,7.573896960821003,284.8567139590159,5659.17450300185
mid_l30,mid,30,mistral-7b-instruct-v0.2,mistralai--Mistral-7B-Instruct-v0.2,DistServe,DistServe-2A100,distserve_2a100,realistic_pcie,1,long_extra_03,278.0550760217011,5327.102012990508,8.81860195659101,286.8736779782921,5605.157089012209
mid_l30,mid,30,mistral-7b-instruct-v0.2,mistralai--Mistral-7B-Instruct-v0.2,DistServe,DistServe-2A100,distserve_2a100,realistic_pcie,1,long_extra_04,298.7173789879307,5316.8338959803805,6.634196033701301,305.351575021632,5615.551274968311
mid_l30,mid,30,mistral-7b-instruct-v0.2,mistralai--Mistral-7B-Instruct-v0.2,DistServe,DistServe-2A100,distserve_2a100,realistic_pcie,1,long_extra_05,232.93892096262425,5333.849124028347,5.828934023156762,238.767854985781,5566.788044990972
mid_l30,mid,30,mistral-7b-instruct-v0.2,mistralai--Mistral-7B-Instruct-v0.2,DistServe,DistServe-2A100,distserve_2a100,realistic_pcie,1,long_extra_06,231.86571494443342,5324.664061074145,8.911091077607125,240.77680602204055,5556.529776018579
mid_l30,mid,30,mistral-7b-instruct-v0.2,mistralai--Mistral-7B-Instruct-v0.2,DistServe,DistServe-2A100,distserve_2a100,realistic_pcie,1,long_extra_07,234.8879179917276,5358.894739008974,14.084863010793924,248.97278100252151,5593.782657000702
mid_l30,mid,30,mistral-7b-instruct-v0.2,mistralai--Mistral-7B-Instruct-v0.2,DistServe,DistServe-2A100,distserve_2a100,realistic_pcie,1,long_extra_08,250.68867101799697,5334.032493992709,11.649041960481554,262.3377129784785,5584.721165010706
mid_l30,mid,30,mistral-7b-instruct-v0.2,mistralai--Mistral-7B-Instruct-v0.2,DistServe,DistServe-2A100,distserve_2a100,realistic_pcie,1,long_extra_09,233.69983700104058,5330.780563002918,7.190565986093134,240.8904029871337,5564.4804000039585
mid_l30,mid,30,mistral-7b-instruct-v0.2,mistralai--Mistral-7B-Instruct-v0.2,DistServe,DistServe-2A100,distserve_2a100,realistic_pcie,1,mid_b,88.23874004883692,5304.477583966218,2.201923984102905,90.44066403293982,5392.716324015055
mid_l30,mid,30,mistral-7b-instruct-v0.2,mistralai--Mistral-7B-Instruct-v0.2,DistServe,DistServe-2A100,distserve_2a100,realistic_pcie,1,short_a,87.3408269835636,5303.315104043577,1.2949650408700109,88.63579202443361,5390.6559310271405
mid_l30,mid,30,mistral-7b-instruct-v0.2,mistralai--Mistral-7B-Instruct-v0.2,DistServe,DistServe-2A100,distserve_2a100,realistic_pcie,1,short_extra_00,88.05330097675323,5308.168932038825,0.6762900156900287,88.72959099244326,5396.222233015578
mid_l30,mid,30,mistral-7b-instruct-v0.2,mistralai--Mistral-7B-Instruct-v0.2,DistServe,DistServe-2A100,distserve_2a100,realistic_pcie,1,short_extra_01,87.66426600050181,5312.6886280369945,2.8691860497929156,90.53345205029473,5400.352894037496
mid_l30,mid,30,mistral-7b-instruct-v0.2,mistralai--Mistral-7B-Instruct-v0.2,DistServe,DistServe-2A100,distserve_2a100,realistic_pcie,1,short_extra_02,87.95191498938948,5306.486522022169,2.330554008949548,90.28246899833903,5394.438437011559
mid_l30,mid,30,mistral-7b-instruct-v0.2,mistralai--Mistral-7B-Instruct-v0.2,DistServe,DistServe-2A100,distserve_2a100,realistic_pcie,1,short_extra_03,86.55035903211683,5323.262046964373,3.7591519649140537,90.30951099703088,5409.81240599649
mid_l30,mid,30,mistral-7b-instruct-v0.2,mistralai--Mistral-7B-Instruct-v0.2,DistServe,DistServe-2A100,distserve_2a100,realistic_pcie,1,short_extra_04,88.77324702916667,5291.537678975146,0.21696195472031832,88.99020898388699,5380.310926004313
mid_l30,mid,30,mistral-7b-instruct-v0.2,mistralai--Mistral-7B-Instruct-v0.2,DistServe,DistServe-2A100,distserve_2a100,realistic_pcie,1,short_extra_05,88.49016099702567,5312.129625992384,0.7949930150061846,89.28515401203185,5400.6197869894095
mid_l30,mid,30,mistral-7b-instruct-v0.2,mistralai--Mistral-7B-Instruct-v0.2,DistServe,DistServe-2A100,distserve_2a100,realistic_pcie,1,short_extra_06,88.2148880045861,5314.399857015815,1.9278160179965198,90.14270402258262,5402.614745020401
mid_l30,mid,30,mistral-7b-instruct-v0.2,mistralai--Mistral-7B-Instruct-v0.2,DistServe,DistServe-2A100,distserve_2a100,realistic_pcie,1,short_extra_07,87.34361501410604,5314.777792955283,3.3474399824626744,90.69105499656871,5402.121407969389
mid_l30,mid,30,mistral-7b-instruct-v0.2,mistralai--Mistral-7B-Instruct-v0.2,DistServe,DistServe-2A100,distserve_2a100,realistic_pcie,1,short_extra_08,86.25412097899243,5328.468086023349,4.173919034656137,90.42804001364857,5414.722207002342
mid_l30,mid,30,mistral-7b-instruct-v0.2,mistralai--Mistral-7B-Instruct-v0.2,DistServe,DistServe-2A100,distserve_2a100,realistic_pcie,1,short_extra_09,87.549657037016,5302.012868982274,0.6288109580054879,88.17846799502149,5389.56252601929
mid_l30,mid,30,mistral-7b-instruct-v0.2,mistralai--Mistral-7B-Instruct-v0.2,DistServe,DistServe-2A100,distserve_2a100,realistic_pcie,1,short_extra_10,88.63809000467882,5304.865690995939,0.027698988560587168,88.6657889932394,5393.503781000618
mid_l30,mid,30,mistral-7b-instruct-v0.2,mistralai--Mistral-7B-Instruct-v0.2,DistServe,DistServe-2A100,distserve_2a100,realistic_pcie,1,short_extra_11,90.31255199806765,5314.359260955825,83.03686345243477,88.72871595667675,5404.671812953893
mid_l30,mid,30,mistral-7b-instruct-v0.2,mistralai--Mistral-7B-Instruct-v0.2,DistServe,DistServe-2A100,distserve_2a100,realistic_pcie,1,short_extra_12,86.67411905480549,5320.195190957747,3.5981989349238575,90.27231798972934,5406.869310012553
mid_l30,mid,30,mistral-7b-instruct-v0.2,mistralai--Mistral-7B-Instruct-v0.2,DistServe,DistServe-2A100,distserve_2a100,realistic_pcie,1,short_extra_13,89.6537650260143,5298.3332759467885,0.3793029463849962,90.0330679723993,5387.987040972803
mid_l30,mid,30,mistral-7b-instruct-v0.2,mistralai--Mistral-7B-Instruct-v0.2,DistServe,DistServe-2A100,distserve_2a100,realistic_pcie,1,short_extra_14,87.03128597699106,5309.776865062304,2.64607003191486,89.67735600890592,5396.808151039295
mid_l30,mid,30,mistral-7b-instruct-v0.2,mistralai--Mistral-7B-Instruct-v0.2,DistServe,DistServe-2A100,distserve_2a100,realistic_pcie,1,short_extra_15,87.55174098769203,5319.199280987959,0.7940179784782231,88.34575896617025,5406.751021975651
mid_l30,mid,30,mistral-7b-instruct-v0.2,mistralai--Mistral-7B-Instruct-v0.2,DistServe,DistServe-2A100,distserve_2a100,realistic_pcie,1,short_extra_16,90.49639798467979,5302.360825065989,82.84938789165608,88.99190503871068,5392.857223050669
mid_l30,mid,30,mistral-7b-instruct-v0.2,mistralai--Mistral-7B-Instruct-v0.2,DistServe,DistServe-2A100,distserve_2a100,realistic_pcie,1,short_extra_17,89.36087001347914,5317.451468959916,1.054638996720314,90.41550901019946,5406.8123389733955
mid_l30,mid,30,mistral-7b-instruct-v0.2,mistralai--Mistral-7B-Instruct-v0.2,DistServe,DistServe-2A100,distserve_2a100,realistic_pcie,1,short_extra_18,87.84205897245556,5307.457750022877,1.1523290304467082,88.99438800290227,5395.299808995333
mid_l30,mid,30,mistral-7b-instruct-v0.2,mistralai--Mistral-7B-Instruct-v0.2,DistServe,DistServe-2A100,distserve_2a100,realistic_pcie,1,short_extra_19,88.21933896979317,5329.329777043313,4.316055041272193,92.53539401106536,5417.549116013106
mid_l30,mid,30,mistral-7b-instruct-v0.2,mistralai--Mistral-7B-Instruct-v0.2,DistServe,DistServe-2A100,distserve_2a100,realistic_pcie,1,short_extra_20,87.1047840337269,5322.031535964925,1.4993170043453574,88.60410103807226,5409.136319998652
mid_l30,mid,30,mistral-7b-instruct-v0.2,mistralai--Mistral-7B-Instruct-v0.2,DistServe,DistServe-2A100,distserve_2a100,realistic_pcie,1,short_extra_21,86.94800495868549,5300.457975070458,2.744936035014689,89.69294099370018,5387.405980029143
mid_l30,mid,30,mistral-7b-instruct-v0.2,mistralai--Mistral-7B-Instruct-v0.2,DistServe,DistServe-2A100,distserve_2a100,realistic_pcie,1,short_extra_22,88.0002030171454,5326.775144960266,1.5602049534209073,89.5604079705663,5414.775347977411
mid_l30,mid,30,mistral-7b-instruct-v0.2,mistralai--Mistral-7B-Instruct-v0.2,DistServe,DistServe-2A100,distserve_2a100,realistic_pcie,1,short_extra_23,88.52905797539279,5290.851388999727,1.217879995238036,89.74693797063082,5379.380446975119
mid_l30,mid,30,mistral-7b-instruct-v0.2,mistralai--Mistral-7B-Instruct-v0.2,DistServe,DistServe-2A100,distserve_2a100,realistic_pcie,1,short_extra_24,86.95905498461798,5336.326716002077,2.006141992751509,88.96519697736949,5423.285770986695
mid_l30,mid,30,mistral-7b-instruct-v0.2,mistralai--Mistral-7B-Instruct-v0.2,DistServe,DistServe-2A100,distserve_2a100,realistic_pcie,1,short_extra_25,88.25327502563596,5323.312575928867,2.4046069593168795,90.65788198495284,5411.565850954503
mid_l30,mid,30,qwen2.5-7b-instruct,Qwen--Qwen2.5-7B-Instruct,DistServe,DistServe-2A100,distserve_2a100,realistic_pcie,0,long_a,219.17799301445484,4136.740505986381,64.63657040603721,218.86523603461683,4355.918499000836
mid_l30,mid,30,qwen2.5-7b-instruct,Qwen--Qwen2.5-7B-Instruct,DistServe,DistServe-2A100,distserve_2a100,realistic_pcie,0,long_b,267.7144889603369,4158.994938014075,10.316360043361783,278.0308490036987,4426.709426974412
mid_l30,mid,30,qwen2.5-7b-instruct,Qwen--Qwen2.5-7B-Instruct,DistServe,DistServe-2A100,distserve_2a100,realistic_pcie,0,long_extra_00,222.18894300749525,4656.514199043158,12.484730046708137,234.6736730542034,4878.703142050654
mid_l30,mid,30,qwen2.5-7b-instruct,Qwen--Qwen2.5-7B-Instruct,DistServe,DistServe-2A100,distserve_2a100,realistic_pcie,0,long_extra_01,228.7257479620166,4665.965753025375,8.346795046236366,237.07254300825298,4894.691500987392
mid_l30,mid,30,qwen2.5-7b-instruct,Qwen--Qwen2.5-7B-Instruct,DistServe,DistServe-2A100,distserve_2a100,realistic_pcie,0,long_extra_02,260.52367204101756,4666.074633947574,15.254197991453111,275.7778700324707,4926.598305988591
mid_l30,mid,30,qwen2.5-7b-instruct,Qwen--Qwen2.5-7B-Instruct,DistServe,DistServe-2A100,distserve_2a100,realistic_pcie,0,long_extra_03,257.0545520284213,4659.396738978103,12.767486972734332,269.82203900115564,4916.451291006524
mid_l30,mid,30,qwen2.5-7b-instruct,Qwen--Qwen2.5-7B-Instruct,DistServe,DistServe-2A100,distserve_2a100,realistic_pcie,0,long_extra_04,266.6968679986894,4679.248187982012,17.868525988887995,284.5653939875774,4945.945055980701
mid_l30,mid,30,qwen2.5-7b-instruct,Qwen--Qwen2.5-7B-Instruct,DistServe,DistServe-2A100,distserve_2a100,realistic_pcie,0,long_extra_05,216.29076200770214,4648.262928007171,14.411579992156476,230.70234199985862,4864.553690014873
mid_l30,mid,30,qwen2.5-7b-instruct,Qwen--Qwen2.5-7B-Instruct,DistServe,DistServe-2A100,distserve_2a100,realistic_pcie,0,long_extra_06,221.437566971872,4656.179022043943,10.13888604938984,231.57645302126184,4877.616589015815
mid_l30,mid,30,qwen2.5-7b-instruct,Qwen--Qwen2.5-7B-Instruct,DistServe,DistServe-2A100,distserve_2a100,realistic_pcie,0,long_extra_07,225.00291699543595,4657.743263000157,7.692574989050627,232.69549198448658,4882.746179995593
mid_l30,mid,30,qwen2.5-7b-instruct,Qwen--Qwen2.5-7B-Instruct,DistServe,DistServe-2A100,distserve_2a100,realistic_pcie,0,long_extra_08,222.9111019987613,4661.650214984547,12.099993997253478,235.01109599601477,4884.561316983309
mid_l30,mid,30,qwen2.5-7b-instruct,Qwen--Qwen2.5-7B-Instruct,DistServe,DistServe-2A100,distserve_2a100,realistic_pcie,0,long_extra_09,218.0653850082308,4660.137347993441,12.026290991343558,230.09167599957436,4878.202733001672
mid_l30,mid,30,qwen2.5-7b-instruct,Qwen--Qwen2.5-7B-Instruct,DistServe,DistServe-2A100,distserve_2a100,realistic_pcie,0,mid_b,75.8037400082685,4618.3259949903,2.356983022764325,78.16072303103283,4694.129734998569
mid_l30,mid,30,qwen2.5-7b-instruct,Qwen--Qwen2.5-7B-Instruct,DistServe,DistServe-2A100,distserve_2a100,realistic_pcie,0,short_a,75.71774499956518,4107.223769999109,64.17537140623608,70.26945299003273,4182.941514998674
mid_l30,mid,30,qwen2.5-7b-instruct,Qwen--Qwen2.5-7B-Instruct,DistServe,DistServe-2A100,distserve_2a100,realistic_pcie,0,short_extra_00,76.39763999031857,4651.43387397984,2.2789930226281285,78.6766330129467,4727.831513970159
mid_l30,mid,30,qwen2.5-7b-instruct,Qwen--Qwen2.5-7B-Instruct,DistServe,DistServe-2A100,distserve_2a100,realistic_pcie,0,short_extra_01,77.23053800873458,4154.846117016859,64.91947057838843,70.13737398665398,4232.076655025594
mid_l30,mid,30,qwen2.5-7b-instruct,Qwen--Qwen2.5-7B-Instruct,DistServe,DistServe-2A100,distserve_2a100,realistic_pcie,0,short_extra_02,76.87967299716547,4681.105657014996,2.2096410393714905,79.08931403653696,4757.985330012161
mid_l30,mid,30,qwen2.5-7b-instruct,Qwen--Qwen2.5-7B-Instruct,DistServe,DistServe-2A100,distserve_2a100,realistic_pcie,0,short_extra_03,77.8844109736383,4657.565028988756,0.9286879794672132,78.81309895310551,4735.4494399623945
mid_l30,mid,30,qwen2.5-7b-instruct,Qwen--Qwen2.5-7B-Instruct,DistServe,DistServe-2A100,distserve_2a100,realistic_pcie,0,short_extra_04,76.46249094977975,4643.9438800443895,1.477508048992604,77.93999899877235,4720.406370994169
mid_l30,mid,30,qwen2.5-7b-instruct,Qwen--Qwen2.5-7B-Instruct,DistServe,DistServe-2A100,distserve_2a100,realistic_pcie,0,short_extra_05,77.23958900896832,4674.128112965263,2.8471839614212513,80.08677297038957,4751.367701974232
mid_l30,mid,30,qwen2.5-7b-instruct,Qwen--Qwen2.5-7B-Instruct,DistServe,DistServe-2A100,distserve_2a100,realistic_pcie,0,short_extra_06,77.84092501970008,4695.096482988447,3.090612997766584,80.93153801746666,4772.937408008147
mid_l30,mid,30,qwen2.5-7b-instruct,Qwen--Qwen2.5-7B-Instruct,DistServe,DistServe-2A100,distserve_2a100,realistic_pcie,0,short_extra_07,77.46424002107233,4642.365249979775,0.4010109696537256,77.86525099072605,4719.829490000848
mid_l30,mid,30,qwen2.5-7b-instruct,Qwen--Qwen2.5-7B-Instruct,DistServe,DistServe-2A100,distserve_2a100,realistic_pcie,0,short_extra_08,75.91298199258745,4142.251088982448,64.72267326535075,69.40832099644467,4218.164070975035
mid_l30,mid,30,qwen2.5-7b-instruct,Qwen--Qwen2.5-7B-Instruct,DistServe,DistServe-2A100,distserve_2a100,realistic_pcie,0,short_extra_09,78.60063901171088,4107.976655999664,64.18713524999475,68.41444701422006,4186.577295011375
mid_l30,mid,30,qwen2.5-7b-instruct,Qwen--Qwen2.5-7B-Instruct,DistServe,DistServe-2A100,distserve_2a100,realistic_pcie,0,short_extra_10,76.10876200487837,4130.876047012862,64.54493823457597,70.47969801351428,4206.98480901774
mid_l30,mid,30,qwen2.5-7b-instruct,Qwen--Qwen2.5-7B-Instruct,DistServe,DistServe-2A100,distserve_2a100,realistic_pcie,0,short_extra_11,76.61382399965078,4628.207579022273,5.259877012576908,81.87370101222768,4704.821403021924
mid_l30,mid,30,qwen2.5-7b-instruct,Qwen--Qwen2.5-7B-Instruct,DistServe,DistServe-2A100,distserve_2a100,realistic_pcie,0,short_extra_12,76.35222503449768,4118.096843943931,64.34526318662392,69.48477996047586,4194.449068978429
mid_l30,mid,30,qwen2.5-7b-instruct,Qwen--Qwen2.5-7B-Instruct,DistServe,DistServe-2A100,distserve_2a100,realistic_pcie,0,short_extra_13,75.43434901162982,4142.73195900023,64.73018685937859,69.34677995741367,4218.16630801186
mid_l30,mid,30,qwen2.5-7b-instruct,Qwen--Qwen2.5-7B-Instruct,DistServe,DistServe-2A100,distserve_2a100,realistic_pcie,0,short_extra_14,76.82243501767516,4134.308628970757,64.59857232766808,70.03046601312235,4211.131063988432
mid_l30,mid,30,qwen2.5-7b-instruct,Qwen--Qwen2.5-7B-Instruct,DistServe,DistServe-2A100,distserve_2a100,realistic_pcie,0,short_extra_15,77.57712702732533,4660.77434894396,0.9300059755332768,78.50713300285861,4738.351475971285
mid_l30,mid,30,qwen2.5-7b-instruct,Qwen--Qwen2.5-7B-Instruct,DistServe,DistServe-2A100,distserve_2a100,realistic_pcie,0,short_extra_16,76.12308498937637,4158.277756010648,3.1472129630856216,79.27029795246199,4234.400841000024
mid_l30,mid,30,qwen2.5-7b-instruct,Qwen--Qwen2.5-7B-Instruct,DistServe,DistServe-2A100,distserve_2a100,realistic_pcie,0,short_extra_17,77.46876799501479,4652.115161996335,0.7948679849505424,78.26363597996533,4729.58392999135
mid_l30,mid,30,qwen2.5-7b-instruct,Qwen--Qwen2.5-7B-Instruct,DistServe,DistServe-2A100,distserve_2a100,realistic_pcie,0,short_extra_18,77.71090400638059,4626.7459049704485,0.7623819983564317,78.47328600473702,4704.456808976829
mid_l30,mid,30,qwen2.5-7b-instruct,Qwen--Qwen2.5-7B-Instruct,DistServe,DistServe-2A100,distserve_2a100,realistic_pcie,0,short_extra_19,77.321900986135,4652.633644000161,2.344264998100698,79.6661659842357,4729.955544986296
mid_l30,mid,30,qwen2.5-7b-instruct,Qwen--Qwen2.5-7B-Instruct,DistServe,DistServe-2A100,distserve_2a100,realistic_pcie,0,short_extra_20,76.89604698680341,4127.514059015084,64.49240717211069,69.85164398793131,4204.4101060018875
mid_l30,mid,30,qwen2.5-7b-instruct,Qwen--Qwen2.5-7B-Instruct,DistServe,DistServe-2A100,distserve_2a100,realistic_pcie,0,short_extra_21,77.27509597316384,4653.266259992961,72.70728531239001,77.09899701876566,4730.541355966125
mid_l30,mid,30,qwen2.5-7b-instruct,Qwen--Qwen2.5-7B-Instruct,DistServe,DistServe-2A100,distserve_2a100,realistic_pcie,0,short_extra_22,76.75238000229001,4651.921972981654,2.600557985715568,79.35293798800558,4728.674352983944
mid_l30,mid,30,qwen2.5-7b-instruct,Qwen--Qwen2.5-7B-Instruct,DistServe,DistServe-2A100,distserve_2a100,realistic_pcie,0,short_extra_23,75.80758398398757,4131.5259850234725,64.55509351599176,69.34498797636479,4207.33356900746
mid_l30,mid,30,qwen2.5-7b-instruct,Qwen--Qwen2.5-7B-Instruct,DistServe,DistServe-2A100,distserve_2a100,realistic_pcie,0,short_extra_24,168.69552998105064,4681.941441027448,6.7999850725755095,175.49551505362615,4850.636971008498
mid_l30,mid,30,qwen2.5-7b-instruct,Qwen--Qwen2.5-7B-Instruct,DistServe,DistServe-2A100,distserve_2a100,realistic_pcie,0,short_extra_25,76.25067804474384,4649.945932906121,2.032718912232667,78.2833969569765,4726.196610950865
mid_l30,mid,30,qwen2.5-7b-instruct,Qwen--Qwen2.5-7B-Instruct,DistServe,DistServe-2A100,distserve_2a100,realistic_pcie,1,long_a,216.7672630166635,4159.6134069841355,64.99395948412712,215.61441698577255,4376.380670000799
mid_l30,mid,30,qwen2.5-7b-instruct,Qwen--Qwen2.5-7B-Instruct,DistServe,DistServe-2A100,distserve_2a100,realistic_pcie,1,long_b,268.31120799761266,4167.967251036316,11.115567001979798,279.42677499959245,4436.278459033929
mid_l30,mid,30,qwen2.5-7b-instruct,Qwen--Qwen2.5-7B-Instruct,DistServe,DistServe-2A100,distserve_2a100,realistic_pcie,1,long_extra_00,220.72990896413103,4154.0515690576285,5.002291058190167,225.7322000223212,4374.7814780217595
mid_l30,mid,30,qwen2.5-7b-instruct,Qwen--Qwen2.5-7B-Instruct,DistServe,DistServe-2A100,distserve_2a100,realistic_pcie,1,long_extra_01,219.30559701286256,4152.041741006542,5.231674003880471,224.53727101674303,4371.347338019405
mid_l30,mid,30,qwen2.5-7b-instruct,Qwen--Qwen2.5-7B-Instruct,DistServe,DistServe-2A100,distserve_2a100,realistic_pcie,1,long_extra_02,256.85437803622335,4162.816945987288,10.73975401232019,267.59413204854354,4419.671324023511
mid_l30,mid,30,qwen2.5-7b-instruct,Qwen--Qwen2.5-7B-Instruct,DistServe,DistServe-2A100,distserve_2a100,realistic_pcie,1,long_extra_03,258.6533560534008,4155.418355949223,10.092969925608486,268.74632597900927,4414.071712002624
mid_l30,mid,30,qwen2.5-7b-instruct,Qwen--Qwen2.5-7B-Instruct,DistServe,DistServe-2A100,distserve_2a100,realistic_pcie,1,long_extra_04,266.5159460157156,4164.550336950924,10.191110952291638,276.70705696800724,4431.06628296664
mid_l30,mid,30,qwen2.5-7b-instruct,Qwen--Qwen2.5-7B-Instruct,DistServe,DistServe-2A100,distserve_2a100,realistic_pcie,1,long_extra_05,217.0763459871523,4176.040623977315,2.661878999788314,219.73822498694062,4393.116969964467
mid_l30,mid,30,qwen2.5-7b-instruct,Qwen--Qwen2.5-7B-Instruct,DistServe,DistServe-2A100,distserve_2a100,realistic_pcie,1,long_extra_06,217.82807499403134,4153.5698199877515,4.098956007510424,221.92703100154176,4371.397894981783
mid_l30,mid,30,qwen2.5-7b-instruct,Qwen--Qwen2.5-7B-Instruct,DistServe,DistServe-2A100,distserve_2a100,realistic_pcie,1,long_extra_07,223.92040898557752,4161.1965270130895,65.01869573457952,220.3523560310714,4385.116935998667
mid_l30,mid,30,qwen2.5-7b-instruct,Qwen--Qwen2.5-7B-Instruct,DistServe,DistServe-2A100,distserve_2a100,realistic_pcie,1,long_extra_08,223.28999900491908,4150.344020978082,9.747113974299282,233.03711297921836,4373.634019983001
mid_l30,mid,30,qwen2.5-7b-instruct,Qwen--Qwen2.5-7B-Instruct,DistServe,DistServe-2A100,distserve_2a100,realistic_pcie,1,long_extra_09,217.78807794908062,4142.45570107596,2.7052140794694424,220.49329202855006,4360.243779025041
mid_l30,mid,30,qwen2.5-7b-instruct,Qwen--Qwen2.5-7B-Instruct,DistServe,DistServe-2A100,distserve_2a100,realistic_pcie,1,mid_b,75.56933694286272,4123.404622077942,64.42819721996784,69.19289898360148,4198.973959020805
mid_l30,mid,30,qwen2.5-7b-instruct,Qwen--Qwen2.5-7B-Instruct,DistServe,DistServe-2A100,distserve_2a100,realistic_pcie,1,short_a,75.90194296790287,4129.369881062303,64.52140439159848,69.17890801560134,4205.271824030206
mid_l30,mid,30,qwen2.5-7b-instruct,Qwen--Qwen2.5-7B-Instruct,DistServe,DistServe-2A100,distserve_2a100,realistic_pcie,1,short_extra_00,77.34464399982244,4143.48935597809,64.74202118715766,70.82629599608481,4220.833999977913
mid_l30,mid,30,qwen2.5-7b-instruct,Qwen--Qwen2.5-7B-Instruct,DistServe,DistServe-2A100,distserve_2a100,realistic_pcie,1,short_extra_01,76.65593002457172,4122.25455098087,64.41022735907609,70.15391997992992,4198.910481005441
mid_l30,mid,30,qwen2.5-7b-instruct,Qwen--Qwen2.5-7B-Instruct,DistServe,DistServe-2A100,distserve_2a100,realistic_pcie,1,short_extra_02,78.19542195647955,4156.45354706794,64.94458667293657,70.25533600244671,4234.64896902442
mid_l30,mid,30,qwen2.5-7b-instruct,Qwen--Qwen2.5-7B-Instruct,DistServe,DistServe-2A100,distserve_2a100,realistic_pcie,1,short_extra_03,76.55173999955878,4131.292482023127,64.55144503161137,69.8005750309676,4207.844222022686
mid_l30,mid,30,qwen2.5-7b-instruct,Qwen--Qwen2.5-7B-Instruct,DistServe,DistServe-2A100,distserve_2a100,realistic_pcie,1,short_extra_04,76.89707400277257,4117.122319992632,64.33003624988487,70.1234060106799,4194.019393995404
mid_l30,mid,30,qwen2.5-7b-instruct,Qwen--Qwen2.5-7B-Instruct,DistServe,DistServe-2A100,distserve_2a100,realistic_pcie,1,short_extra_05,77.91066000936553,4129.839587025344,64.528743547271,70.04584500100464,4207.75024703471
mid_l30,mid,30,qwen2.5-7b-instruct,Qwen--Qwen2.5-7B-Instruct,DistServe,DistServe-2A100,distserve_2a100,realistic_pcie,1,short_extra_06,78.47019901964813,4134.757712949067,64.60558926482918,70.5177349736914,4213.2279119687155
mid_l30,mid,30,qwen2.5-7b-instruct,Qwen--Qwen2.5-7B-Instruct,DistServe,DistServe-2A100,distserve_2a100,realistic_pcie,1,short_extra_07,76.38842397136614,4128.6383050028235,64.50997351566912,70.78923599328846,4205.02672897419
mid_l30,mid,30,qwen2.5-7b-instruct,Qwen--Qwen2.5-7B-Instruct,DistServe,DistServe-2A100,distserve_2a100,realistic_pcie,1,short_extra_08,76.09283097553998,4134.1836280189455,64.59661918779602,69.29657998261973,4210.276458994485
mid_l30,mid,30,qwen2.5-7b-instruct,Qwen--Qwen2.5-7B-Instruct,DistServe,DistServe-2A100,distserve_2a100,realistic_pcie,1,short_extra_09,77.01283995993435,4143.842596036848,64.74754056307575,68.51882196497172,4220.855435996782
mid_l30,mid,30,qwen2.5-7b-instruct,Qwen--Qwen2.5-7B-Instruct,DistServe,DistServe-2A100,distserve_2a100,realistic_pcie,1,short_extra_10,76.72313501825556,4164.395560976118,65.06868064025184,69.7915920172818,4241.118695994373
mid_l30,mid,30,qwen2.5-7b-instruct,Qwen--Qwen2.5-7B-Instruct,DistServe,DistServe-2A100,distserve_2a100,realistic_pcie,1,short_extra_11,76.6431069932878,4168.154309038073,65.12741107871989,69.91184398066252,4244.797416031361
mid_l30,mid,30,qwen2.5-7b-instruct,Qwen--Qwen2.5-7B-Instruct,DistServe,DistServe-2A100,distserve_2a100,realistic_pcie,1,short_extra_12,75.83258498925716,4128.3130120136775,64.50489081271371,70.12345897965133,4204.145597002935
mid_l30,mid,30,qwen2.5-7b-instruct,Qwen--Qwen2.5-7B-Instruct,DistServe,DistServe-2A100,distserve_2a100,realistic_pcie,1,short_extra_13,77.09799101576209,4109.213628980797,64.20646295282495,69.20786801492795,4186.311619996559
mid_l30,mid,30,qwen2.5-7b-instruct,Qwen--Qwen2.5-7B-Instruct,DistServe,DistServe-2A100,distserve_2a100,realistic_pcie,1,short_extra_14,77.07167998887599,4129.606179019902,64.52509654718597,70.73744101217017,4206.677859008778
mid_l30,mid,30,qwen2.5-7b-instruct,Qwen--Qwen2.5-7B-Instruct,DistServe,DistServe-2A100,distserve_2a100,realistic_pcie,1,short_extra_15,77.19999202527106,4138.934604998212,64.67085320309707,69.59059002110735,4216.134597023483
mid_l30,mid,30,qwen2.5-7b-instruct,Qwen--Qwen2.5-7B-Instruct,DistServe,DistServe-2A100,distserve_2a100,realistic_pcie,1,short_extra_16,76.30909996805713,4132.590092020109,64.57172018781421,70.44169900473207,4208.899191988166
mid_l30,mid,30,qwen2.5-7b-instruct,Qwen--Qwen2.5-7B-Instruct,DistServe,DistServe-2A100,distserve_2a100,realistic_pcie,1,short_extra_17,77.59398396592587,4133.036857005209,64.57870089070639,70.56908600497991,4210.630840971135
mid_l30,mid,30,qwen2.5-7b-instruct,Qwen--Qwen2.5-7B-Instruct,DistServe,DistServe-2A100,distserve_2a100,realistic_pcie,1,short_extra_18,76.32505096262321,4186.153870075941,65.40865421993658,69.78923303540796,4262.478921038564
mid_l30,mid,30,qwen2.5-7b-instruct,Qwen--Qwen2.5-7B-Instruct,DistServe,DistServe-2A100,distserve_2a100,realistic_pcie,1,short_extra_19,76.73852500738576,4137.828667997383,64.6535729374591,71.05765404412523,4214.567193004768
mid_l30,mid,30,qwen2.5-7b-instruct,Qwen--Qwen2.5-7B-Instruct,DistServe,DistServe-2A100,distserve_2a100,realistic_pcie,1,short_extra_20,75.95359196420759,4124.699420062825,64.44842843848164,69.22308402135968,4200.653012027033
mid_l30,mid,30,qwen2.5-7b-instruct,Qwen--Qwen2.5-7B-Instruct,DistServe,DistServe-2A100,distserve_2a100,realistic_pcie,1,short_extra_21,76.36625500163063,4123.318316007499,64.42684868761717,69.97327599674463,4199.684571009129
mid_l30,mid,30,qwen2.5-7b-instruct,Qwen--Qwen2.5-7B-Instruct,DistServe,DistServe-2A100,distserve_2a100,realistic_pcie,1,short_extra_22,76.88567304285243,4156.053012935445,64.93832832711632,70.05187700269744,4232.938685978297
mid_l30,mid,30,qwen2.5-7b-instruct,Qwen--Qwen2.5-7B-Instruct,DistServe,DistServe-2A100,distserve_2a100,realistic_pcie,1,short_extra_23,75.79838501987979,4117.5747129600495,64.33710489000077,69.65364399366081,4193.373097979929
mid_l30,mid,30,qwen2.5-7b-instruct,Qwen--Qwen2.5-7B-Instruct,DistServe,DistServe-2A100,distserve_2a100,realistic_pcie,1,short_extra_24,76.43143000314012,4142.9229700006545,64.73317140626023,69.89799602888525,4219.354400003795
mid_l30,mid,30,qwen2.5-7b-instruct,Qwen--Qwen2.5-7B-Instruct,DistServe,DistServe-2A100,distserve_2a100,realistic_pcie,1,short_extra_25,76.00365101825446,4113.714054983575,64.27678210911836,70.1861489797011,4189.717706001829
mid_l50,mid,50,baichuan2-7b-chat,baichuan-inc--Baichuan2-7B-Chat,DistServe,DistServe-2A100,distserve_2a100,realistic_pcie,0,long_a,218.81210198625922,1027.4780400213785,1.8933810060843825,220.7054829923436,1246.2901420076378
mid_l50,mid,50,baichuan2-7b-chat,baichuan-inc--Baichuan2-7B-Chat,DistServe,DistServe-2A100,distserve_2a100,realistic_pcie,0,long_b,268.9132369705476,4607.346905046143,71.98979539134598,267.44107401464134,4876.26014201669
mid_l50,mid,50,baichuan2-7b-chat,baichuan-inc--Baichuan2-7B-Chat,DistServe,DistServe-2A100,distserve_2a100,realistic_pcie,0,long_extra_00,221.69594099977985,1312.7653829869814,20.511959109171585,217.22321497509256,1534.4613239867613
mid_l50,mid,50,baichuan2-7b-chat,baichuan-inc--Baichuan2-7B-Chat,DistServe,DistServe-2A100,distserve_2a100,realistic_pcie,0,long_extra_01,215.72714496869594,4632.472384022549,10.328750009648502,226.05589497834444,4848.199528991245
mid_l50,mid,50,baichuan2-7b-chat,baichuan-inc--Baichuan2-7B-Chat,DistServe,DistServe-2A100,distserve_2a100,realistic_pcie,0,long_extra_02,265.3283289982937,8.426228014286608,8.426228014286608,273.75455701258034,273.75455701258034
mid_l50,mid,50,baichuan2-7b-chat,baichuan-inc--Baichuan2-7B-Chat,DistServe,DistServe-2A100,distserve_2a100,realistic_pcie,0,long_extra_03,255.06170600419864,4623.176491004415,8.810036000795662,263.8717420049943,4878.2381970086135
mid_l50,mid,50,baichuan2-7b-chat,baichuan-inc--Baichuan2-7B-Chat,DistServe,DistServe-2A100,distserve_2a100,realistic_pcie,0,long_extra_04,274.1646609501913,165.78663705149665,165.78663705149665,439.951298001688,439.951298001688
mid_l50,mid,50,baichuan2-7b-chat,baichuan-inc--Baichuan2-7B-Chat,DistServe,DistServe-2A100,distserve_2a100,realistic_pcie,0,long_extra_05,209.82675097184256,4634.269873029552,7.14763900032267,216.97438997216523,4844.096624001395
mid_l50,mid,50,baichuan2-7b-chat,baichuan-inc--Baichuan2-7B-Chat,DistServe,DistServe-2A100,distserve_2a100,realistic_pcie,0,long_extra_06,225.8064430207014,4627.438145980705,7.072010019328445,232.87845304002985,4853.244589001406
mid_l50,mid,50,baichuan2-7b-chat,baichuan-inc--Baichuan2-7B-Chat,DistServe,DistServe-2A100,distserve_2a100,realistic_pcie,0,long_extra_07,212.7534489845857,4635.6269720126875,6.54528004815802,219.29872903274372,4848.380420997273
mid_l50,mid,50,baichuan2-7b-chat,baichuan-inc--Baichuan2-7B-Chat,DistServe,DistServe-2A100,distserve_2a100,realistic_pcie,0,long_extra_08,246.16340000648052,745.4584499937482,8.92879202729091,255.09219203377143,991.6218500002287
mid_l50,mid,50,baichuan2-7b-chat,baichuan-inc--Baichuan2-7B-Chat,DistServe,DistServe-2A100,distserve_2a100,realistic_pcie,0,long_extra_09,216.92667697789147,4602.469067031052,71.91357917236019,213.6315840180032,4819.395744008943
mid_l50,mid,50,baichuan2-7b-chat,baichuan-inc--Baichuan2-7B-Chat,DistServe,DistServe-2A100,distserve_2a100,realistic_pcie,0,long_extra_10,216.81603998877108,1173.7102510523982,7.526143046561629,224.3421830353327,1390.5262910411693
mid_l50,mid,50,baichuan2-7b-chat,baichuan-inc--Baichuan2-7B-Chat,DistServe,DistServe-2A100,distserve_2a100,realistic_pcie,0,long_extra_11,212.86292502190918,4622.784866951406,4.141934972722083,217.00485999463126,4835.647791973315
mid_l50,mid,50,baichuan2-7b-chat,baichuan-inc--Baichuan2-7B-Chat,DistServe,DistServe-2A100,distserve_2a100,realistic_pcie,0,long_extra_12,221.4027229929343,0.01,0.00015625,217.49784296844155,217.49784296844155
mid_l50,mid,50,baichuan2-7b-chat,baichuan-inc--Baichuan2-7B-Chat,DistServe,DistServe-2A100,distserve_2a100,realistic_pcie,0,long_extra_13,216.34339197771624,4614.116897049826,72.09557651640353,214.53608199954033,4830.460289027542
mid_l50,mid,50,baichuan2-7b-chat,baichuan-inc--Baichuan2-7B-Chat,DistServe,DistServe-2A100,distserve_2a100,realistic_pcie,0,long_extra_14,264.5651850034483,7.02790601644665,7.02790601644665,271.5930910198949,271.5930910198949
mid_l50,mid,50,baichuan2-7b-chat,baichuan-inc--Baichuan2-7B-Chat,DistServe,DistServe-2A100,distserve_2a100,realistic_pcie,0,long_extra_15,215.85233299992979,4653.4113850211725,6.459765019826591,222.31209801975638,4869.263718021102
mid_l50,mid,50,baichuan2-7b-chat,baichuan-inc--Baichuan2-7B-Chat,DistServe,DistServe-2A100,distserve_2a100,realistic_pcie,0,long_extra_16,273.6317290109582,9.723890980239958,9.723890980239958,283.3556199911982,283.3556199911982
mid_l50,mid,50,baichuan2-7b-chat,baichuan-inc--Baichuan2-7B-Chat,DistServe,DistServe-2A100,distserve_2a100,realistic_pcie,0,long_extra_17,215.60515702003613,4644.908479996957,72.57669499995245,215.58810997521505,4860.513637016993
mid_l50,mid,50,baichuan2-7b-chat,baichuan-inc--Baichuan2-7B-Chat,DistServe,DistServe-2A100,distserve_2a100,realistic_pcie,0,mid_b,76.80944498861209,4629.388615023345,1.9065790111199021,78.71602399973199,4706.198060011957
mid_l50,mid,50,baichuan2-7b-chat,baichuan-inc--Baichuan2-7B-Chat,DistServe,DistServe-2A100,distserve_2a100,realistic_pcie,0,short_a,76.29455503774807,4596.509795985185,1.405046961735934,77.699601999484,4672.804351022933
mid_l50,mid,50,baichuan2-7b-chat,baichuan-inc--Baichuan2-7B-Chat,DistServe,DistServe-2A100,distserve_2a100,realistic_pcie,0,short_extra_00,79.41996899899095,4627.068714005873,72.29794865634176,77.37403200007975,4706.488683004864
mid_l50,mid,50,baichuan2-7b-chat,baichuan-inc--Baichuan2-7B-Chat,DistServe,DistServe-2A100,distserve_2a100,realistic_pcie,0,short_extra_01,77.53613201202825,4615.064231038559,0.6981890182942152,78.23432103032246,4692.6003630505875
mid_l50,mid,50,baichuan2-7b-chat,baichuan-inc--Baichuan2-7B-Chat,DistServe,DistServe-2A100,distserve_2a100,realistic_pcie,0,short_extra_02,77.60030595818534,4641.768149042036,3.345445089507848,80.9457510476932,4719.368455000222
mid_l50,mid,50,baichuan2-7b-chat,baichuan-inc--Baichuan2-7B-Chat,DistServe,DistServe-2A100,distserve_2a100,realistic_pcie,0,short_extra_03,77.32523500453681,4646.671466995031,0.42098999256268144,77.74622499709949,4723.996701999567
mid_l50,mid,50,baichuan2-7b-chat,baichuan-inc--Baichuan2-7B-Chat,DistServe,DistServe-2A100,distserve_2a100,realistic_pcie,0,short_extra_04,77.48960400931537,4622.842138982378,1.3018149766139686,78.79141898592934,4700.331742991693
mid_l50,mid,50,baichuan2-7b-chat,baichuan-inc--Baichuan2-7B-Chat,DistServe,DistServe-2A100,distserve_2a100,realistic_pcie,0,short_extra_05,76.73655299004167,4618.074652040377,0.9738620137795806,77.71041500382125,4694.811205030419
mid_l50,mid,50,baichuan2-7b-chat,baichuan-inc--Baichuan2-7B-Chat,DistServe,DistServe-2A100,distserve_2a100,realistic_pcie,0,short_extra_06,78.94288800889626,3952.3431549896486,1.220881997141987,80.16377000603825,4031.286042998545
mid_l50,mid,50,baichuan2-7b-chat,baichuan-inc--Baichuan2-7B-Chat,DistServe,DistServe-2A100,distserve_2a100,realistic_pcie,0,short_extra_07,77.24034501006827,4631.458208954427,0.2527689794078469,77.49311398947611,4708.698553964496
mid_l50,mid,50,baichuan2-7b-chat,baichuan-inc--Baichuan2-7B-Chat,DistServe,DistServe-2A100,distserve_2a100,realistic_pcie,0,short_extra_08,80.47972497297451,4621.315870026592,72.2080604691655,79.56141902832314,4701.795594999567
mid_l50,mid,50,baichuan2-7b-chat,baichuan-inc--Baichuan2-7B-Chat,DistServe,DistServe-2A100,distserve_2a100,realistic_pcie,0,short_extra_09,76.96602499345317,4640.276063000783,0.2553759841248393,77.22140097757801,4717.2420879942365
mid_l50,mid,50,baichuan2-7b-chat,baichuan-inc--Baichuan2-7B-Chat,DistServe,DistServe-2A100,distserve_2a100,realistic_pcie,0,short_extra_10,78.321672976017,1984.5450600259937,31.008516562906152,77.91281398385763,2062.8667330020107
mid_l50,mid,50,baichuan2-7b-chat,baichuan-inc--Baichuan2-7B-Chat,DistServe,DistServe-2A100,distserve_2a100,realistic_pcie,0,short_extra_11,150.93798603629693,4619.538665981963,4.596301994752139,155.53428803104907,4770.47665201826
mid_l50,mid,50,baichuan2-7b-chat,baichuan-inc--Baichuan2-7B-Chat,DistServe,DistServe-2A100,distserve_2a100,realistic_pcie,0,short_extra_12,75.84442297229543,4615.385299024638,12.83888501347974,88.68330798577517,4691.229721996933
mid_l50,mid,50,baichuan2-7b-chat,baichuan-inc--Baichuan2-7B-Chat,DistServe,DistServe-2A100,distserve_2a100,realistic_pcie,0,short_extra_13,77.0254249800928,4618.005475029349,0.4792740219272673,77.50469900202006,4695.030900009442
mid_l50,mid,50,baichuan2-7b-chat,baichuan-inc--Baichuan2-7B-Chat,DistServe,DistServe-2A100,distserve_2a100,realistic_pcie,0,short_extra_14,77.1411859896034,4658.568546001334,1.5205260133370757,78.66171200294048,4735.709731990937
mid_l50,mid,50,baichuan2-7b-chat,baichuan-inc--Baichuan2-7B-Chat,DistServe,DistServe-2A100,distserve_2a100,realistic_pcie,0,short_extra_15,76.82870200369507,4633.72049597092,1.9794710096903145,78.80817301338539,4710.549197974615
mid_l50,mid,50,baichuan2-7b-chat,baichuan-inc--Baichuan2-7B-Chat,DistServe,DistServe-2A100,distserve_2a100,realistic_pcie,0,short_extra_16,76.95494598010555,4610.760050010867,1.2636160245165229,78.21856200462207,4687.714995990973
mid_l50,mid,50,baichuan2-7b-chat,baichuan-inc--Baichuan2-7B-Chat,DistServe,DistServe-2A100,distserve_2a100,realistic_pcie,0,short_extra_17,77.18130201101303,4619.620854966342,0.8244859636761248,78.00578797468916,4696.8021569773555
mid_l50,mid,50,baichuan2-7b-chat,baichuan-inc--Baichuan2-7B-Chat,DistServe,DistServe-2A100,distserve_2a100,realistic_pcie,1,long_a,219.557763019111,1031.9914219435304,4.155213944613934,223.71297696372494,1251.5491849626414
mid_l50,mid,50,baichuan2-7b-chat,baichuan-inc--Baichuan2-7B-Chat,DistServe,DistServe-2A100,distserve_2a100,realistic_pcie,1,long_b,268.6169530497864,4606.471314968076,71.97611429637618,266.13772596465424,4875.088268017862
mid_l50,mid,50,baichuan2-7b-chat,baichuan-inc--Baichuan2-7B-Chat,DistServe,DistServe-2A100,distserve_2a100,realistic_pcie,1,long_extra_00,222.2084949607961,1323.1481410330161,2.713591034989804,224.9220859957859,1545.3566359938122
mid_l50,mid,50,baichuan2-7b-chat,baichuan-inc--Baichuan2-7B-Chat,DistServe,DistServe-2A100,distserve_2a100,realistic_pcie,1,long_extra_01,215.226829983294,4631.619923049584,7.3088580393232405,222.53568802261725,4846.846753032878
mid_l50,mid,50,baichuan2-7b-chat,baichuan-inc--Baichuan2-7B-Chat,DistServe,DistServe-2A100,distserve_2a100,realistic_pcie,1,long_extra_02,262.70489901071414,9.880847006570548,9.880847006570548,272.5857460172847,272.5857460172847
mid_l50,mid,50,baichuan2-7b-chat,baichuan-inc--Baichuan2-7B-Chat,DistServe,DistServe-2A100,distserve_2a100,realistic_pcie,1,long_extra_03,255.26532699586824,4626.748693990521,7.909022970125079,263.1743499659933,4882.014020986389
mid_l50,mid,50,baichuan2-7b-chat,baichuan-inc--Baichuan2-7B-Chat,DistServe,DistServe-2A100,distserve_2a100,realistic_pcie,1,long_extra_04,279.19969498179853,7.928480044938624,7.928480044938624,287.12817502673715,287.12817502673715
mid_l50,mid,50,baichuan2-7b-chat,baichuan-inc--Baichuan2-7B-Chat,DistServe,DistServe-2A100,distserve_2a100,realistic_pcie,1,long_extra_05,210.6811039848253,4619.656608032528,7.017822994384915,217.69892697921023,4830.337712017354
mid_l50,mid,50,baichuan2-7b-chat,baichuan-inc--Baichuan2-7B-Chat,DistServe,DistServe-2A100,distserve_2a100,realistic_pcie,1,long_extra_06,223.50306599400938,813.1858119741082,8.541992981918156,232.04505897592753,1036.6888779681176
mid_l50,mid,50,baichuan2-7b-chat,baichuan-inc--Baichuan2-7B-Chat,DistServe,DistServe-2A100,distserve_2a100,realistic_pcie,1,long_extra_07,214.24826397560537,4627.115677052643,8.528714068233967,222.77697804383934,4841.3639410282485
mid_l50,mid,50,baichuan2-7b-chat,baichuan-inc--Baichuan2-7B-Chat,DistServe,DistServe-2A100,distserve_2a100,realistic_pcie,1,long_extra_08,246.71970400959253,741.4642469957471,7.482904999051243,254.20260900864378,988.1839510053396
mid_l50,mid,50,baichuan2-7b-chat,baichuan-inc--Baichuan2-7B-Chat,DistServe,DistServe-2A100,distserve_2a100,realistic_pcie,1,long_extra_09,215.18687304342166,4620.702977990732,72.19848403110518,213.94007903290913,4835.889851034153
mid_l50,mid,50,baichuan2-7b-chat,baichuan-inc--Baichuan2-7B-Chat,DistServe,DistServe-2A100,distserve_2a100,realistic_pcie,1,long_extra_10,218.24411198031157,1177.2488910355605,5.541571008507162,223.78568298881873,1395.493003015872
mid_l50,mid,50,baichuan2-7b-chat,baichuan-inc--Baichuan2-7B-Chat,DistServe,DistServe-2A100,distserve_2a100,realistic_pcie,1,long_extra_11,212.26590796140954,4621.769833029248,5.487414076924324,217.75332203833386,4834.035740990657
mid_l50,mid,50,baichuan2-7b-chat,baichuan-inc--Baichuan2-7B-Chat,DistServe,DistServe-2A100,distserve_2a100,realistic_pcie,1,long_extra_12,220.53167095873505,2.5570220313966274,2.5570220313966274,223.08869299013168,223.08869299013168
mid_l50,mid,50,baichuan2-7b-chat,baichuan-inc--Baichuan2-7B-Chat,DistServe,DistServe-2A100,distserve_2a100,realistic_pcie,1,long_extra_13,216.2256189621985,4628.82011703914,72.32531432873657,215.45173902995884,4845.045736001339
mid_l50,mid,50,baichuan2-7b-chat,baichuan-inc--Baichuan2-7B-Chat,DistServe,DistServe-2A100,distserve_2a100,realistic_pcie,1,long_extra_14,263.6594949872233,7.9278150224126875,7.9278150224126875,271.587310009636,271.587310009636
mid_l50,mid,50,baichuan2-7b-chat,baichuan-inc--Baichuan2-7B-Chat,DistServe,DistServe-2A100,distserve_2a100,realistic_pcie,1,long_extra_15,215.46734200092033,4630.969115998596,8.486555947456509,223.95389794837683,4846.436457999516
mid_l50,mid,50,baichuan2-7b-chat,baichuan-inc--Baichuan2-7B-Chat,DistServe,DistServe-2A100,distserve_2a100,realistic_pcie,1,long_extra_16,276.58301999326795,8.544949989300221,8.544949989300221,285.1279699825682,285.1279699825682
mid_l50,mid,50,baichuan2-7b-chat,baichuan-inc--Baichuan2-7B-Chat,DistServe,DistServe-2A100,distserve_2a100,realistic_pcie,1,long_extra_17,215.12389497365803,4631.466742022894,6.6715090069919825,221.79540398065,4846.590636996552
mid_l50,mid,50,baichuan2-7b-chat,baichuan-inc--Baichuan2-7B-Chat,DistServe,DistServe-2A100,distserve_2a100,realistic_pcie,1,mid_b,75.90501301456243,4609.9726489628665,0.6295929779298604,76.53460599249229,4685.877661977429
mid_l50,mid,50,baichuan2-7b-chat,baichuan-inc--Baichuan2-7B-Chat,DistServe,DistServe-2A100,distserve_2a100,realistic_pcie,1,short_a,76.15303999045864,4608.246541989502,1.9128579879179597,78.0658979783766,4684.39958197996
mid_l50,mid,50,baichuan2-7b-chat,baichuan-inc--Baichuan2-7B-Chat,DistServe,DistServe-2A100,distserve_2a100,realistic_pcie,1,short_extra_00,76.34925603633747,4619.874883966986,1.5200389898382127,77.86929502617568,4696.224140003324
mid_l50,mid,50,baichuan2-7b-chat,baichuan-inc--Baichuan2-7B-Chat,DistServe,DistServe-2A100,distserve_2a100,realistic_pcie,1,short_extra_01,76.47127599921077,4612.522085022647,1.3500999775715172,77.82137597678229,4688.993361021858
mid_l50,mid,50,baichuan2-7b-chat,baichuan-inc--Baichuan2-7B-Chat,DistServe,DistServe-2A100,distserve_2a100,realistic_pcie,1,short_extra_02,76.59501698799431,3219.5684380130842,1.064984011463821,77.66000099945813,3296.1634550010785
mid_l50,mid,50,baichuan2-7b-chat,baichuan-inc--Baichuan2-7B-Chat,DistServe,DistServe-2A100,distserve_2a100,realistic_pcie,1,short_extra_03,77.1131599904038,4652.08058297867,1.2238210183568299,78.33698100876063,4729.193742969073
mid_l50,mid,50,baichuan2-7b-chat,baichuan-inc--Baichuan2-7B-Chat,DistServe,DistServe-2A100,distserve_2a100,realistic_pcie,1,short_extra_04,76.04534400161356,4597.1462890156545,1.4544239966198802,77.49976799823344,4673.191633017268
mid_l50,mid,50,baichuan2-7b-chat,baichuan-inc--Baichuan2-7B-Chat,DistServe,DistServe-2A100,distserve_2a100,realistic_pcie,1,short_extra_05,77.08698394708335,4620.973741053604,1.2350120232440531,78.32199597032741,4698.060725000687
mid_l50,mid,50,baichuan2-7b-chat,baichuan-inc--Baichuan2-7B-Chat,DistServe,DistServe-2A100,distserve_2a100,realistic_pcie,1,short_extra_06,78.17758998135105,3591.5068259928375,0.860858999658376,79.03844898100942,3669.6844159741886
mid_l50,mid,50,baichuan2-7b-chat,baichuan-inc--Baichuan2-7B-Chat,DistServe,DistServe-2A100,distserve_2a100,realistic_pcie,1,short_extra_07,76.30146702285856,4627.653473988175,1.836392970290035,78.1378599931486,4703.954941011034
mid_l50,mid,50,baichuan2-7b-chat,baichuan-inc--Baichuan2-7B-Chat,DistServe,DistServe-2A100,distserve_2a100,realistic_pcie,1,short_extra_08,77.24856300046667,4611.951537954155,0.7710789795964956,78.01964198006317,4689.200100954622
mid_l50,mid,50,baichuan2-7b-chat,baichuan-inc--Baichuan2-7B-Chat,DistServe,DistServe-2A100,distserve_2a100,realistic_pcie,1,short_extra_09,76.16180897457525,4611.354287015274,72.05241073461366,75.79045201418921,4687.516095989849
mid_l50,mid,50,baichuan2-7b-chat,baichuan-inc--Baichuan2-7B-Chat,DistServe,DistServe-2A100,distserve_2a100,realistic_pcie,1,short_extra_10,76.44804200390354,2418.4641059837304,0.71838399162516,77.1664259955287,2494.912147987634
mid_l50,mid,50,baichuan2-7b-chat,baichuan-inc--Baichuan2-7B-Chat,DistServe,DistServe-2A100,distserve_2a100,realistic_pcie,1,short_extra_11,76.39197300886735,4615.246166998986,1.129926007706672,77.52189901657403,4691.6381400078535
mid_l50,mid,50,baichuan2-7b-chat,baichuan-inc--Baichuan2-7B-Chat,DistServe,DistServe-2A100,distserve_2a100,realistic_pcie,1,short_extra_12,76.51117496425286,4618.2884509908035,0.5669870297424495,77.07816199399531,4694.799625955056
mid_l50,mid,50,baichuan2-7b-chat,baichuan-inc--Baichuan2-7B-Chat,DistServe,DistServe-2A100,distserve_2a100,realistic_pcie,1,short_extra_13,76.80047600297257,4607.07257402828,1.1851339950226247,77.9856099979952,4683.873050031252
mid_l50,mid,50,baichuan2-7b-chat,baichuan-inc--Baichuan2-7B-Chat,DistServe,DistServe-2A100,distserve_2a100,realistic_pcie,1,short_extra_14,76.44179300405085,4621.322266000789,2.8412179672159255,79.28301097126678,4697.7640590048395
mid_l50,mid,50,baichuan2-7b-chat,baichuan-inc--Baichuan2-7B-Chat,DistServe,DistServe-2A100,distserve_2a100,realistic_pcie,1,short_extra_15,76.57706702593714,4624.201924947556,3.0740259680896997,79.65109299402684,4700.778991973493
mid_l50,mid,50,baichuan2-7b-chat,baichuan-inc--Baichuan2-7B-Chat,DistServe,DistServe-2A100,distserve_2a100,realistic_pcie,1,short_extra_16,77.36429903889075,4646.129592962097,1.7784669762477279,79.14276601513848,4723.493892000988
mid_l50,mid,50,baichuan2-7b-chat,baichuan-inc--Baichuan2-7B-Chat,DistServe,DistServe-2A100,distserve_2a100,realistic_pcie,1,short_extra_17,77.2264389670454,4616.753574984614,0.6843280280008912,77.91076699504629,4693.980013951659
mid_l50,mid,50,gemma-2-9b-it,google--gemma-2-9b-it,DistServe,DistServe-2A100,distserve_2a100,realistic_pcie,0,long_a,317.25449999794364,1911.7910909699276,2.8242190019227564,320.0787189998664,2229.0455909678712
mid_l50,mid,50,gemma-2-9b-it,google--gemma-2-9b-it,DistServe,DistServe-2A100,distserve_2a100,realistic_pcie,0,long_b,362.12234903359786,7502.691047964618,117.22954762444715,360.38864601869136,7864.8133969982155
mid_l50,mid,50,gemma-2-9b-it,google--gemma-2-9b-it,DistServe,DistServe-2A100,distserve_2a100,realistic_pcie,0,long_extra_00,315.79514796612784,1313.2216600351967,3.9705850649625063,319.76573303109035,1629.0168080013245
mid_l50,mid,50,gemma-2-9b-it,google--gemma-2-9b-it,DistServe,DistServe-2A100,distserve_2a100,realistic_pcie,0,long_extra_01,317.7787160384469,7494.599960977212,9.206977963913232,326.9856940023601,7812.3786770156585
mid_l50,mid,50,gemma-2-9b-it,google--gemma-2-9b-it,DistServe,DistServe-2A100,distserve_2a100,realistic_pcie,0,long_extra_02,337.005774024874,7507.2511789621785,8.297274995129555,345.3030490200035,7844.2569529870525
mid_l50,mid,50,gemma-2-9b-it,google--gemma-2-9b-it,DistServe,DistServe-2A100,distserve_2a100,realistic_pcie,0,long_extra_03,339.8111129645258,7559.559172019362,6.57344504725188,346.3845580117777,7899.370284983888
mid_l50,mid,50,gemma-2-9b-it,google--gemma-2-9b-it,DistServe,DistServe-2A100,distserve_2a100,realistic_pcie,0,long_extra_04,357.1852899622172,7533.195901021827,7.7933340216986835,364.9786239839159,7890.381190984044
mid_l50,mid,50,gemma-2-9b-it,google--gemma-2-9b-it,DistServe,DistServe-2A100,distserve_2a100,realistic_pcie,0,long_extra_05,311.8752969894558,7513.4311389992945,9.538556972984225,321.41385396244004,7825.30643598875
mid_l50,mid,50,gemma-2-9b-it,google--gemma-2-9b-it,DistServe,DistServe-2A100,distserve_2a100,realistic_pcie,0,long_extra_06,317.15799297671765,1317.2490510623902,7.068652019370347,324.226644996088,1634.4070440391079
mid_l50,mid,50,gemma-2-9b-it,google--gemma-2-9b-it,DistServe,DistServe-2A100,distserve_2a100,realistic_pcie,0,long_extra_07,317.11035303305835,7510.116527962964,6.590655946638435,323.7010089796968,7827.226880996022
mid_l50,mid,50,gemma-2-9b-it,google--gemma-2-9b-it,DistServe,DistServe-2A100,distserve_2a100,realistic_pcie,0,long_extra_08,316.24460499733686,1080.7904499815777,10.083958972245455,326.3285639695823,1397.0350549789146
mid_l50,mid,50,gemma-2-9b-it,google--gemma-2-9b-it,DistServe,DistServe-2A100,distserve_2a100,realistic_pcie,0,long_extra_09,319.1004440304823,7486.31252796622,116.97363324947219,314.5745840156451,7805.412971996702
mid_l50,mid,50,gemma-2-9b-it,google--gemma-2-9b-it,DistServe,DistServe-2A100,distserve_2a100,realistic_pcie,0,long_extra_10,316.00772903766483,7513.072927948087,10.933849960565567,326.9415789982304,7829.080656985752
mid_l50,mid,50,gemma-2-9b-it,google--gemma-2-9b-it,DistServe,DistServe-2A100,distserve_2a100,realistic_pcie,0,long_extra_11,313.5049979900941,7482.6045840163715,9.793963050469756,323.2989610405639,7796.109582006466
mid_l50,mid,50,gemma-2-9b-it,google--gemma-2-9b-it,DistServe,DistServe-2A100,distserve_2a100,realistic_pcie,0,long_extra_12,319.4409920251928,3207.169810018968,6.093066011089832,325.53405803628266,3526.6108020441607
mid_l50,mid,50,gemma-2-9b-it,google--gemma-2-9b-it,DistServe,DistServe-2A100,distserve_2a100,realistic_pcie,0,long_extra_13,313.72286897385493,7494.405961071607,9.061727032531053,322.784596006386,7808.128830045462
mid_l50,mid,50,gemma-2-9b-it,google--gemma-2-9b-it,DistServe,DistServe-2A100,distserve_2a100,realistic_pcie,0,long_extra_14,336.3063369761221,7528.807747003157,9.733433020301163,346.0397699964233,7865.114083979279
mid_l50,mid,50,gemma-2-9b-it,google--gemma-2-9b-it,DistServe,DistServe-2A100,distserve_2a100,realistic_pcie,0,long_extra_15,316.8218140490353,7516.934305953328,9.615591901820153,326.43740595085546,7833.756120002363
mid_l50,mid,50,gemma-2-9b-it,google--gemma-2-9b-it,DistServe,DistServe-2A100,distserve_2a100,realistic_pcie,0,long_extra_16,357.73220303235576,7501.51458196342,9.638879972044379,367.37108300440013,7859.246784995776
mid_l50,mid,50,gemma-2-9b-it,google--gemma-2-9b-it,DistServe,DistServe-2A100,distserve_2a100,realistic_pcie,0,long_extra_17,319.595479988493,7487.642020976637,2.0946639706380665,321.6901439591311,7807.23750096513
mid_l50,mid,50,gemma-2-9b-it,google--gemma-2-9b-it,DistServe,DistServe-2A100,distserve_2a100,realistic_pcie,0,mid_b,126.63202697876841,7510.056364058983,1.990561024285853,128.62258800305426,7636.688391037751
mid_l50,mid,50,gemma-2-9b-it,google--gemma-2-9b-it,DistServe,DistServe-2A100,distserve_2a100,realistic_pcie,0,short_a,126.93422404117882,7513.17729591392,1.7897579236887395,128.72398196486756,7640.111519955099
mid_l50,mid,50,gemma-2-9b-it,google--gemma-2-9b-it,DistServe,DistServe-2A100,distserve_2a100,realistic_pcie,0,short_extra_00,127.35140998847783,7536.423563025892,1.2249310384504497,128.57634102692828,7663.77497301437
mid_l50,mid,50,gemma-2-9b-it,google--gemma-2-9b-it,DistServe,DistServe-2A100,distserve_2a100,realistic_pcie,0,short_extra_01,128.7464129854925,7482.100426976103,116.90781917150161,128.70006897719577,7610.846839961596
mid_l50,mid,50,gemma-2-9b-it,google--gemma-2-9b-it,DistServe,DistServe-2A100,distserve_2a100,realistic_pcie,0,short_extra_02,128.08018596842885,7474.422623985447,1.194876036606729,129.27506200503558,7602.502809953876
mid_l50,mid,50,gemma-2-9b-it,google--gemma-2-9b-it,DistServe,DistServe-2A100,distserve_2a100,realistic_pcie,0,short_extra_03,128.18424199940637,7485.155614966061,2.402864978648722,130.5871069780551,7613.339856965467
mid_l50,mid,50,gemma-2-9b-it,google--gemma-2-9b-it,DistServe,DistServe-2A100,distserve_2a100,realistic_pcie,0,short_extra_04,127.12186999851838,7504.203761985991,1.0814620181918144,128.2033320167102,7631.3256319845095
mid_l50,mid,50,gemma-2-9b-it,google--gemma-2-9b-it,DistServe,DistServe-2A100,distserve_2a100,realistic_pcie,0,short_extra_05,129.06315602594987,7490.157195948996,1.5087389620020986,130.57189498795196,7619.2203519749455
mid_l50,mid,50,gemma-2-9b-it,google--gemma-2-9b-it,DistServe,DistServe-2A100,distserve_2a100,realistic_pcie,0,short_extra_06,128.8909650174901,7482.658181979787,1.8430280033499002,130.73399302084,7611.549146997277
mid_l50,mid,50,gemma-2-9b-it,google--gemma-2-9b-it,DistServe,DistServe-2A100,distserve_2a100,realistic_pcie,0,short_extra_07,129.08959796186537,7524.199252016842,0.7056560134515166,129.79525397531688,7653.288849978708
mid_l50,mid,50,gemma-2-9b-it,google--gemma-2-9b-it,DistServe,DistServe-2A100,distserve_2a100,realistic_pcie,0,short_extra_08,127.1317899809219,7497.162050043698,2.7083310415036976,129.8401210224256,7624.29384002462
mid_l50,mid,50,gemma-2-9b-it,google--gemma-2-9b-it,DistServe,DistServe-2A100,distserve_2a100,realistic_pcie,0,short_extra_09,129.05003898777068,7484.981385059655,116.9528341415571,127.98437604214996,7614.031424047425
mid_l50,mid,50,gemma-2-9b-it,google--gemma-2-9b-it,DistServe,DistServe-2A100,distserve_2a100,realistic_pcie,0,short_extra_10,130.01729303505272,7481.79915396031,116.90311178062984,129.75544098298997,7611.816446995363
mid_l50,mid,50,gemma-2-9b-it,google--gemma-2-9b-it,DistServe,DistServe-2A100,distserve_2a100,realistic_pcie,0,short_extra_11,265.6853399821557,7547.000687045511,117.92188573508611,261.06982899364084,7812.686027027667
mid_l50,mid,50,gemma-2-9b-it,google--gemma-2-9b-it,DistServe,DistServe-2A100,distserve_2a100,realistic_pcie,0,short_extra_12,126.81517301825806,7496.898928948212,1.1189839569851756,127.93415697524324,7623.7141019664705
mid_l50,mid,50,gemma-2-9b-it,google--gemma-2-9b-it,DistServe,DistServe-2A100,distserve_2a100,realistic_pcie,0,short_extra_13,129.27304999902844,7488.198875042144,117.0031074225335,128.81216104142368,7617.471925041173
mid_l50,mid,50,gemma-2-9b-it,google--gemma-2-9b-it,DistServe,DistServe-2A100,distserve_2a100,realistic_pcie,0,short_extra_14,126.97700498392805,7473.538029007614,1.4271319960244,128.40413697995245,7600.515033991542
mid_l50,mid,50,gemma-2-9b-it,google--gemma-2-9b-it,DistServe,DistServe-2A100,distserve_2a100,realistic_pcie,0,short_extra_15,128.49893898237497,7492.725090996828,0.12731197057291865,128.62625095294788,7621.224029979203
mid_l50,mid,50,gemma-2-9b-it,google--gemma-2-9b-it,DistServe,DistServe-2A100,distserve_2a100,realistic_pcie,0,short_extra_16,128.81616002414376,7527.851092978381,4.748234990984201,133.56439501512796,7656.667253002524
mid_l50,mid,50,gemma-2-9b-it,google--gemma-2-9b-it,DistServe,DistServe-2A100,distserve_2a100,realistic_pcie,0,short_extra_17,128.94528795732185,7471.592237066943,116.74362870417099,127.84397305222228,7600.537525024265
mid_l50,mid,50,gemma-2-9b-it,google--gemma-2-9b-it,DistServe,DistServe-2A100,distserve_2a100,realistic_pcie,1,long_a,318.8497520168312,1900.272261002101,29.691754078157828,318.4344560140744,2219.122013018932
mid_l50,mid,50,gemma-2-9b-it,google--gemma-2-9b-it,DistServe,DistServe-2A100,distserve_2a100,realistic_pcie,1,long_b,362.082791980356,7485.068214999046,116.9541908593601,359.29596598725766,7847.151006979402
mid_l50,mid,50,gemma-2-9b-it,google--gemma-2-9b-it,DistServe,DistServe-2A100,distserve_2a100,realistic_pcie,1,long_extra_00,317.5310189835727,1318.3364910073578,7.663385011255741,325.19440399482846,1635.8675099909306
mid_l50,mid,50,gemma-2-9b-it,google--gemma-2-9b-it,DistServe,DistServe-2A100,distserve_2a100,realistic_pcie,1,long_extra_01,317.48479104135185,7509.976263972931,6.367329973727465,323.8521210150793,7827.4610550142825
mid_l50,mid,50,gemma-2-9b-it,google--gemma-2-9b-it,DistServe,DistServe-2A100,distserve_2a100,realistic_pcie,1,long_extra_02,334.7730729728937,7527.69271901343,9.35886800289154,344.13194097578526,7862.465791986324
mid_l50,mid,50,gemma-2-9b-it,google--gemma-2-9b-it,DistServe,DistServe-2A100,distserve_2a100,realistic_pcie,1,long_extra_03,337.17203501146287,7532.888293964788,9.734258987009525,346.9062939984724,7870.060328976251
mid_l50,mid,50,gemma-2-9b-it,google--gemma-2-9b-it,DistServe,DistServe-2A100,distserve_2a100,realistic_pcie,1,long_extra_04,357.62144799809903,7538.134999980684,10.116434015799314,367.73788201389834,7895.756447978783
mid_l50,mid,50,gemma-2-9b-it,google--gemma-2-9b-it,DistServe,DistServe-2A100,distserve_2a100,realistic_pcie,1,long_extra_05,311.51733599836007,7495.284414035268,10.797789029311389,322.31512502767146,7806.801750033628
mid_l50,mid,50,gemma-2-9b-it,google--gemma-2-9b-it,DistServe,DistServe-2A100,distserve_2a100,realistic_pcie,1,long_extra_06,314.0291810268536,247.22288397606462,7.355574984103441,321.38475601095706,561.2520650029182
mid_l50,mid,50,gemma-2-9b-it,google--gemma-2-9b-it,DistServe,DistServe-2A100,distserve_2a100,realistic_pcie,1,long_extra_07,318.19726998219267,7505.849896057043,5.874434020370245,324.0717040025629,7824.047166039236
mid_l50,mid,50,gemma-2-9b-it,google--gemma-2-9b-it,DistServe,DistServe-2A100,distserve_2a100,realistic_pcie,1,long_extra_08,317.5617820234038,1082.1342279668897,11.20532996719703,328.7671119906008,1399.6960099902935
mid_l50,mid,50,gemma-2-9b-it,google--gemma-2-9b-it,DistServe,DistServe-2A100,distserve_2a100,realistic_pcie,1,long_extra_09,315.808315994218,7498.871958989184,117.169874359206,314.178621978499,7814.680274983402
mid_l50,mid,50,gemma-2-9b-it,google--gemma-2-9b-it,DistServe,DistServe-2A100,distserve_2a100,realistic_pcie,1,long_extra_10,323.23476497549564,7491.598078049719,3.769315080717206,327.00408005621284,7814.832843025215
mid_l50,mid,50,gemma-2-9b-it,google--gemma-2-9b-it,DistServe,DistServe-2A100,distserve_2a100,realistic_pcie,1,long_extra_11,313.3137690019794,7520.879389019683,10.397114034276456,323.71088303625584,7834.193158021662
mid_l50,mid,50,gemma-2-9b-it,google--gemma-2-9b-it,DistServe,DistServe-2A100,distserve_2a100,realistic_pcie,1,long_extra_12,319.39022097503766,3216.9147200183943,2.4671609862707555,321.8573819613084,3536.304940993432
mid_l50,mid,50,gemma-2-9b-it,google--gemma-2-9b-it,DistServe,DistServe-2A100,distserve_2a100,realistic_pcie,1,long_extra_13,318.8270010286942,7579.759827931412,3.033327928278595,321.8603289569728,7898.586828960106
mid_l50,mid,50,gemma-2-9b-it,google--gemma-2-9b-it,DistServe,DistServe-2A100,distserve_2a100,realistic_pcie,1,long_extra_14,334.6705450094305,7515.430216968525,10.597859974950552,345.26840498438105,7850.100761977956
mid_l50,mid,50,gemma-2-9b-it,google--gemma-2-9b-it,DistServe,DistServe-2A100,distserve_2a100,realistic_pcie,1,long_extra_15,318.3590659755282,7543.932748027146,10.159547033254057,328.51861300878227,7862.291814002674
mid_l50,mid,50,gemma-2-9b-it,google--gemma-2-9b-it,DistServe,DistServe-2A100,distserve_2a100,realistic_pcie,1,long_extra_16,356.2858320074156,7498.294842953328,11.464535957202315,367.7503679646179,7854.580674960744
mid_l50,mid,50,gemma-2-9b-it,google--gemma-2-9b-it,DistServe,DistServe-2A100,distserve_2a100,realistic_pcie,1,long_extra_17,318.5526899760589,7475.606580032036,4.392838047351688,322.9455280234106,7794.159270008095
mid_l50,mid,50,gemma-2-9b-it,google--gemma-2-9b-it,DistServe,DistServe-2A100,distserve_2a100,realistic_pcie,1,mid_b,128.72715102275833,7485.17311795149,116.95582996799203,127.86579498788342,7613.900268974248
mid_l50,mid,50,gemma-2-9b-it,google--gemma-2-9b-it,DistServe,DistServe-2A100,distserve_2a100,realistic_pcie,1,short_a,128.56968597043306,7491.710916045122,0.34585304092615843,128.91553901135921,7620.280602015555
mid_l50,mid,50,gemma-2-9b-it,google--gemma-2-9b-it,DistServe,DistServe-2A100,distserve_2a100,realistic_pcie,1,short_extra_00,127.65011994633824,7482.473427022342,2.2344220196828246,129.88454196602106,7610.12354696868
mid_l50,mid,50,gemma-2-9b-it,google--gemma-2-9b-it,DistServe,DistServe-2A100,distserve_2a100,realistic_pcie,1,short_extra_01,127.39101704210043,7486.036037968006,1.7654479597695172,129.15646500186995,7613.427055010106
mid_l50,mid,50,gemma-2-9b-it,google--gemma-2-9b-it,DistServe,DistServe-2A100,distserve_2a100,realistic_pcie,1,short_extra_02,130.40459604235366,7480.347463977523,116.8804291246488,129.96109505183995,7610.752060019877
mid_l50,mid,50,gemma-2-9b-it,google--gemma-2-9b-it,DistServe,DistServe-2A100,distserve_2a100,realistic_pcie,1,short_extra_03,127.37277097767219,7497.8026110329665,4.174929053988308,131.5477000316605,7625.175382010639
mid_l50,mid,50,gemma-2-9b-it,google--gemma-2-9b-it,DistServe,DistServe-2A100,distserve_2a100,realistic_pcie,1,short_extra_04,128.48636897979304,7489.078129990958,1.2136230361647904,129.69999201595783,7617.564498970751
mid_l50,mid,50,gemma-2-9b-it,google--gemma-2-9b-it,DistServe,DistServe-2A100,distserve_2a100,realistic_pcie,1,short_extra_05,128.24645603541285,7485.595045960508,0.6228769198060036,128.86933295521885,7613.841501995921
mid_l50,mid,50,gemma-2-9b-it,google--gemma-2-9b-it,DistServe,DistServe-2A100,distserve_2a100,realistic_pcie,1,short_extra_06,131.38603197876364,7478.976354002953,116.85900553129613,129.03031095629558,7610.362385981716
mid_l50,mid,50,gemma-2-9b-it,google--gemma-2-9b-it,DistServe,DistServe-2A100,distserve_2a100,realistic_pcie,1,short_extra_07,126.6788889770396,7472.8749269852415,2.362472005188465,129.04136098222807,7599.553815962281
mid_l50,mid,50,gemma-2-9b-it,google--gemma-2-9b-it,DistServe,DistServe-2A100,distserve_2a100,realistic_pcie,1,short_extra_08,128.31501301843673,7486.962784954812,116.98379351491894,128.18159902235493,7615.277797973249
mid_l50,mid,50,gemma-2-9b-it,google--gemma-2-9b-it,DistServe,DistServe-2A100,distserve_2a100,realistic_pcie,1,short_extra_09,126.86871900223196,7487.444086000323,0.9008370107039809,127.76955601293594,7614.312805002555
mid_l50,mid,50,gemma-2-9b-it,google--gemma-2-9b-it,DistServe,DistServe-2A100,distserve_2a100,realistic_pcie,1,short_extra_10,129.53722896054387,7479.063702048734,116.86037034451147,128.37920401943848,7608.600931009278
mid_l50,mid,50,gemma-2-9b-it,google--gemma-2-9b-it,DistServe,DistServe-2A100,distserve_2a100,realistic_pcie,1,short_extra_11,128.18689900450408,7510.959750041366,1.199128048028797,129.38602705253288,7639.14664904587
mid_l50,mid,50,gemma-2-9b-it,google--gemma-2-9b-it,DistServe,DistServe-2A100,distserve_2a100,realistic_pcie,1,short_extra_12,127.22568499157205,7484.046775032766,0.9892710368148983,128.21495602838695,7611.272460024338
mid_l50,mid,50,gemma-2-9b-it,google--gemma-2-9b-it,DistServe,DistServe-2A100,distserve_2a100,realistic_pcie,1,short_extra_13,130.61260897666216,7520.647875033319,117.51012304739561,129.82527498388663,7651.260484009981
mid_l50,mid,50,gemma-2-9b-it,google--gemma-2-9b-it,DistServe,DistServe-2A100,distserve_2a100,realistic_pcie,1,short_extra_14,127.66856799134985,7498.977744020522,0.9392100037075579,128.6077779950574,7626.6463120118715
mid_l50,mid,50,gemma-2-9b-it,google--gemma-2-9b-it,DistServe,DistServe-2A100,distserve_2a100,realistic_pcie,1,short_extra_15,127.36905901692808,7486.54670297401,1.5539779560640454,128.92303697299212,7613.915761990938
mid_l50,mid,50,gemma-2-9b-it,google--gemma-2-9b-it,DistServe,DistServe-2A100,distserve_2a100,realistic_pcie,1,short_extra_16,128.42290999833494,7470.150547975209,0.5393750034272671,128.9622850017622,7598.573457973544
mid_l50,mid,50,gemma-2-9b-it,google--gemma-2-9b-it,DistServe,DistServe-2A100,distserve_2a100,realistic_pcie,1,short_extra_17,127.81218002783135,7468.652782961726,2.0923599950037897,129.90454002283514,7596.4649629895575
mid_l50,mid,50,gemma-7b-it,google--gemma-7b-it,DistServe,DistServe-2A100,distserve_2a100,realistic_pcie,0,long_a,303.23676101397723,4780.970701016486,3.843039972707629,307.07980098668486,5084.207462030463
mid_l50,mid,50,gemma-7b-it,google--gemma-7b-it,DistServe,DistServe-2A100,distserve_2a100,realistic_pcie,0,long_b,347.66313899308443,4814.214384998195,7.3977099964395165,355.06084898952395,5161.877523991279
mid_l50,mid,50,gemma-7b-it,google--gemma-7b-it,DistServe,DistServe-2A100,distserve_2a100,realistic_pcie,0,long_extra_00,342.7362000220455,4774.132707971148,9.943564014974982,352.6797640370205,5116.868907993194
mid_l50,mid,50,gemma-7b-it,google--gemma-7b-it,DistServe,DistServe-2A100,distserve_2a100,realistic_pcie,0,long_extra_01,350.09959305170923,4790.010700991843,5.067961988970637,355.1675550406799,5140.110294043552
mid_l50,mid,50,gemma-7b-it,google--gemma-7b-it,DistServe,DistServe-2A100,distserve_2a100,realistic_pcie,0,long_extra_02,336.3450429751538,4791.916827030946,13.507121067959815,349.8521640431136,5128.261870006099
mid_l50,mid,50,gemma-7b-it,google--gemma-7b-it,DistServe,DistServe-2A100,distserve_2a100,realistic_pcie,0,long_extra_03,346.60466795321554,4793.327697028872,10.272572049871087,356.8772400030866,5139.932364982087
mid_l50,mid,50,gemma-7b-it,google--gemma-7b-it,DistServe,DistServe-2A100,distserve_2a100,realistic_pcie,0,long_extra_04,340.90119099710137,3425.7009680150077,17.05759100150317,357.95878199860454,3766.602159012109
mid_l50,mid,50,gemma-7b-it,google--gemma-7b-it,DistServe,DistServe-2A100,distserve_2a100,realistic_pcie,0,long_extra_05,310.5721279862337,4775.3003960242495,0.506826036144048,311.07895402237773,5085.872524010483
mid_l50,mid,50,gemma-7b-it,google--gemma-7b-it,DistServe,DistServe-2A100,distserve_2a100,realistic_pcie,0,long_extra_06,324.99148399801925,4795.412551029585,10.738179029431194,335.72966302745044,5120.404035027605
mid_l50,mid,50,gemma-7b-it,google--gemma-7b-it,DistServe,DistServe-2A100,distserve_2a100,realistic_pcie,0,long_extra_07,299.57866901531816,4793.829628964886,14.976075966842473,314.5547449821606,5093.408297980204
mid_l50,mid,50,gemma-7b-it,google--gemma-7b-it,DistServe,DistServe-2A100,distserve_2a100,realistic_pcie,0,long_extra_08,337.8703710041009,4777.381883002818,14.359977038111538,352.2303480422124,5115.2522540069185
mid_l50,mid,50,gemma-7b-it,google--gemma-7b-it,DistServe,DistServe-2A100,distserve_2a100,realistic_pcie,0,long_extra_09,336.29740396281704,4787.084723007865,4.213690001051873,340.5110939638689,5123.382126970682
mid_l50,mid,50,gemma-7b-it,google--gemma-7b-it,DistServe,DistServe-2A100,distserve_2a100,realistic_pcie,0,long_extra_10,341.37104998808354,4792.571869969834,10.73717197868973,352.10822196677327,5133.942919957917
mid_l50,mid,50,gemma-7b-it,google--gemma-7b-it,DistServe,DistServe-2A100,distserve_2a100,realistic_pcie,0,long_extra_11,309.00638800812885,4806.293165020179,0.6437540287151933,309.65014203684404,5115.299553028308
mid_l50,mid,50,gemma-7b-it,google--gemma-7b-it,DistServe,DistServe-2A100,distserve_2a100,realistic_pcie,0,long_extra_12,307.43445199914277,3712.741991970688,1.902411982882768,309.33686398202553,4020.176443969831
mid_l50,mid,50,gemma-7b-it,google--gemma-7b-it,DistServe,DistServe-2A100,distserve_2a100,realistic_pcie,0,long_extra_13,309.43350098095834,4788.009459967725,4.980677971616387,314.41417895257473,5097.442960948683
mid_l50,mid,50,gemma-7b-it,google--gemma-7b-it,DistServe,DistServe-2A100,distserve_2a100,realistic_pcie,0,long_extra_14,343.6669379589148,2664.479853992816,8.320262015331537,351.9871999742463,3008.146791951731
mid_l50,mid,50,gemma-7b-it,google--gemma-7b-it,DistServe,DistServe-2A100,distserve_2a100,realistic_pcie,0,long_extra_15,344.0246889949776,4820.537780004088,7.950775034260005,351.9754640292376,5164.5624689990655
mid_l50,mid,50,gemma-7b-it,google--gemma-7b-it,DistServe,DistServe-2A100,distserve_2a100,realistic_pcie,0,long_extra_16,338.1792129948735,2825.9019809775054,13.68430198635906,351.8635149812326,3164.081193972379
mid_l50,mid,50,gemma-7b-it,google--gemma-7b-it,DistServe,DistServe-2A100,distserve_2a100,realistic_pcie,0,long_extra_17,311.3475139834918,4813.79470002139,2.8886860236525536,314.23620000714436,5125.142214004882
mid_l50,mid,50,gemma-7b-it,google--gemma-7b-it,DistServe,DistServe-2A100,distserve_2a100,realistic_pcie,0,mid_b,81.67183701880276,4811.819700000342,0.10867399396374822,81.78051101276651,4893.491537019145
mid_l50,mid,50,gemma-7b-it,google--gemma-7b-it,DistServe,DistServe-2A100,distserve_2a100,realistic_pcie,0,short_a,78.63682199968025,4779.680014995392,4.569831013213843,83.2066530128941,4858.316836995073
mid_l50,mid,50,gemma-7b-it,google--gemma-7b-it,DistServe,DistServe-2A100,distserve_2a100,realistic_pcie,0,short_extra_00,81.78479201160371,4769.742976990528,0.31295197550207376,82.09774398710579,4851.527769002132
mid_l50,mid,50,gemma-7b-it,google--gemma-7b-it,DistServe,DistServe-2A100,distserve_2a100,realistic_pcie,0,short_extra_01,79.95127397589386,4809.13158605108,2.0711710094474256,82.02244498534128,4889.082860026974
mid_l50,mid,50,gemma-7b-it,google--gemma-7b-it,DistServe,DistServe-2A100,distserve_2a100,realistic_pcie,0,short_extra_02,80.91875299578533,4772.951097984333,1.459763036109507,82.37851603189483,4853.869850980118
mid_l50,mid,50,gemma-7b-it,google--gemma-7b-it,DistServe,DistServe-2A100,distserve_2a100,realistic_pcie,0,short_extra_03,78.70308100245893,4807.384543993976,2.7597740408964455,81.46285504335538,4886.087624996435
mid_l50,mid,50,gemma-7b-it,google--gemma-7b-it,DistServe,DistServe-2A100,distserve_2a100,realistic_pcie,0,short_extra_04,79.96375998482108,4769.621138984803,1.541891018860042,81.50565100368112,4849.584898969624
mid_l50,mid,50,gemma-7b-it,google--gemma-7b-it,DistServe,DistServe-2A100,distserve_2a100,realistic_pcie,0,short_extra_05,80.11884900042787,4812.724845018238,3.3953990205191076,83.51424802094698,4892.843694018666
mid_l50,mid,50,gemma-7b-it,google--gemma-7b-it,DistServe,DistServe-2A100,distserve_2a100,realistic_pcie,0,short_extra_06,79.43311898270622,4802.647866017651,2.6334949652664363,82.06661394797266,4882.080985000357
mid_l50,mid,50,gemma-7b-it,google--gemma-7b-it,DistServe,DistServe-2A100,distserve_2a100,realistic_pcie,0,short_extra_07,79.42590297898278,4763.456192042213,2.527271048165858,81.95317402714863,4842.882095021196
mid_l50,mid,50,gemma-7b-it,google--gemma-7b-it,DistServe,DistServe-2A100,distserve_2a100,realistic_pcie,0,short_extra_08,81.78648201283067,4766.80599496467,2.0473289769142866,83.83381098974496,4848.592476977501
mid_l50,mid,50,gemma-7b-it,google--gemma-7b-it,DistServe,DistServe-2A100,distserve_2a100,realistic_pcie,0,short_extra_09,79.08479397883639,4853.9030170068145,0.8245420176535845,79.90933599648997,4932.987810985651
mid_l50,mid,50,gemma-7b-it,google--gemma-7b-it,DistServe,DistServe-2A100,distserve_2a100,realistic_pcie,0,short_extra_10,79.54833097755909,4796.615619037766,2.040419029071927,81.58875000663102,4876.163950015325
mid_l50,mid,50,gemma-7b-it,google--gemma-7b-it,DistServe,DistServe-2A100,distserve_2a100,realistic_pcie,0,short_extra_11,184.13297802908346,4765.237455954775,74.45683524929336,177.8085230034776,4949.370433983859
mid_l50,mid,50,gemma-7b-it,google--gemma-7b-it,DistServe,DistServe-2A100,distserve_2a100,realistic_pcie,0,short_extra_12,79.44118801970035,5026.875409996137,1.1902970145456493,80.631485034246,5106.316598015837
mid_l50,mid,50,gemma-7b-it,google--gemma-7b-it,DistServe,DistServe-2A100,distserve_2a100,realistic_pcie,0,short_extra_13,79.38415498938411,4791.644602024462,2.482765994500369,81.86692098388448,4871.028757013846
mid_l50,mid,50,gemma-7b-it,google--gemma-7b-it,DistServe,DistServe-2A100,distserve_2a100,realistic_pcie,0,short_extra_14,79.70541797112674,4779.810602020007,3.0827410519123077,82.78815902303904,4859.516019991133
mid_l50,mid,50,gemma-7b-it,google--gemma-7b-it,DistServe,DistServe-2A100,distserve_2a100,realistic_pcie,0,short_extra_15,80.04145004088059,4835.82358394051,1.2839489500038326,81.32539899088442,4915.86503398139
mid_l50,mid,50,gemma-7b-it,google--gemma-7b-it,DistServe,DistServe-2A100,distserve_2a100,realistic_pcie,0,short_extra_16,82.62156404089183,4784.328379959334,74.75513093686459,81.71051397221163,4866.9499440002255
mid_l50,mid,50,gemma-7b-it,google--gemma-7b-it,DistServe,DistServe-2A100,distserve_2a100,realistic_pcie,0,short_extra_17,80.8834420167841,4800.405795976985,2.085873973555863,82.96931599033996,4881.289237993769
mid_l50,mid,50,gemma-7b-it,google--gemma-7b-it,DistServe,DistServe-2A100,distserve_2a100,realistic_pcie,1,long_a,304.4195980182849,3596.0079659707844,5.0724599859677255,309.4920580042526,3900.4275639890693
mid_l50,mid,50,gemma-7b-it,google--gemma-7b-it,DistServe,DistServe-2A100,distserve_2a100,realistic_pcie,1,long_b,347.90642699226737,5345.128176966682,2.494513988494873,350.40094098076224,5693.034603958949
mid_l50,mid,50,gemma-7b-it,google--gemma-7b-it,DistServe,DistServe-2A100,distserve_2a100,realistic_pcie,1,long_extra_00,341.9033440295607,5333.195651997812,3.580152988433838,345.4834970179945,5675.098996027373
mid_l50,mid,50,gemma-7b-it,google--gemma-7b-it,DistServe,DistServe-2A100,distserve_2a100,realistic_pcie,1,long_extra_01,343.7144170165993,4806.107137992512,12.880283000413328,356.59470001701266,5149.821555009112
mid_l50,mid,50,gemma-7b-it,google--gemma-7b-it,DistServe,DistServe-2A100,distserve_2a100,realistic_pcie,1,long_extra_02,341.540037014056,2359.381374961231,9.164443938061595,350.7044809521176,2700.921411975287
mid_l50,mid,50,gemma-7b-it,google--gemma-7b-it,DistServe,DistServe-2A100,distserve_2a100,realistic_pcie,1,long_extra_03,343.9356399467215,5332.073184021283,8.799926028586924,352.7355659753084,5676.008823968004
mid_l50,mid,50,gemma-7b-it,google--gemma-7b-it,DistServe,DistServe-2A100,distserve_2a100,realistic_pcie,1,long_extra_04,342.2901179874316,2897.70855702227,7.828924048226327,350.1190420356579,3239.9986750097014
mid_l50,mid,50,gemma-7b-it,google--gemma-7b-it,DistServe,DistServe-2A100,distserve_2a100,realistic_pcie,1,long_extra_05,301.19380296673626,4808.7414799956605,13.501305016689003,314.69510798342526,5109.935282962397
mid_l50,mid,50,gemma-7b-it,google--gemma-7b-it,DistServe,DistServe-2A100,distserve_2a100,realistic_pcie,1,long_extra_06,324.77089896565303,4777.280308015179,10.878433007746935,335.64933197339997,5102.051206980832
mid_l50,mid,50,gemma-7b-it,google--gemma-7b-it,DistServe,DistServe-2A100,distserve_2a100,realistic_pcie,1,long_extra_07,299.5121940039098,5340.3647389495745,15.070497989654541,314.58269199356437,5639.876932953484
mid_l50,mid,50,gemma-7b-it,google--gemma-7b-it,DistServe,DistServe-2A100,distserve_2a100,realistic_pcie,1,long_extra_08,336.81888197315857,3485.842741036322,16.615317028481513,353.4341990016401,3822.6616230094805
mid_l50,mid,50,gemma-7b-it,google--gemma-7b-it,DistServe,DistServe-2A100,distserve_2a100,realistic_pcie,1,long_extra_09,333.9245020179078,5333.2351379795,3.9039719849824905,337.8284740028903,5667.159639997408
mid_l50,mid,50,gemma-7b-it,google--gemma-7b-it,DistServe,DistServe-2A100,distserve_2a100,realistic_pcie,1,long_extra_10,345.47783696325496,4786.65947902482,5.317663017194718,350.7954999804497,5132.137315988075
mid_l50,mid,50,gemma-7b-it,google--gemma-7b-it,DistServe,DistServe-2A100,distserve_2a100,realistic_pcie,1,long_extra_11,307.8779359930195,5345.6328640459105,5.712923011742532,313.590859004762,5653.51080003893
mid_l50,mid,50,gemma-7b-it,google--gemma-7b-it,DistServe,DistServe-2A100,distserve_2a100,realistic_pcie,1,long_extra_12,307.5700949993916,2032.0171280181967,2.3410319699905813,309.91112696938217,2339.5872230175883
mid_l50,mid,50,gemma-7b-it,google--gemma-7b-it,DistServe,DistServe-2A100,distserve_2a100,realistic_pcie,1,long_extra_13,306.49633501889184,5335.974032990634,2.8127379482612014,309.30907296715304,5642.470368009526
mid_l50,mid,50,gemma-7b-it,google--gemma-7b-it,DistServe,DistServe-2A100,distserve_2a100,realistic_pcie,1,long_extra_14,342.1343680238351,3134.436049964279,8.013990998733789,350.1483590225689,3476.570417988114
mid_l50,mid,50,gemma-7b-it,google--gemma-7b-it,DistServe,DistServe-2A100,distserve_2a100,realistic_pcie,1,long_extra_15,341.3035820121877,5444.795350951608,10.48459397861734,351.78817599080503,5786.098932963796
mid_l50,mid,50,gemma-7b-it,google--gemma-7b-it,DistServe,DistServe-2A100,distserve_2a100,realistic_pcie,1,long_extra_16,340.50314797786996,5342.9462109925225,10.347197006922215,350.8503449847922,5683.4493589703925
mid_l50,mid,50,gemma-7b-it,google--gemma-7b-it,DistServe,DistServe-2A100,distserve_2a100,realistic_pcie,1,long_extra_17,312.9940800135955,4929.763354011811,77.02755240643455,310.35794998751953,5242.757434025407
mid_l50,mid,50,gemma-7b-it,google--gemma-7b-it,DistServe,DistServe-2A100,distserve_2a100,realistic_pcie,1,mid_b,81.52582496404648,4784.344168030657,1.3874400756321847,82.91326503967866,4865.869992994703
mid_l50,mid,50,gemma-7b-it,google--gemma-7b-it,DistServe,DistServe-2A100,distserve_2a100,realistic_pcie,1,short_a,78.1456109834835,5381.338890001643,11.471790028735995,89.61740101221949,5459.484500985127
mid_l50,mid,50,gemma-7b-it,google--gemma-7b-it,DistServe,DistServe-2A100,distserve_2a100,realistic_pcie,1,short_extra_00,79.25867103040218,4811.25713896472,1.7344469670206308,80.99311799742281,4890.515809995122
mid_l50,mid,50,gemma-7b-it,google--gemma-7b-it,DistServe,DistServe-2A100,distserve_2a100,realistic_pcie,1,short_extra_01,79.94894299190491,5338.869312021416,11.119090020656586,91.0680330125615,5418.818255013321
mid_l50,mid,50,gemma-7b-it,google--gemma-7b-it,DistServe,DistServe-2A100,distserve_2a100,realistic_pcie,1,short_extra_02,80.34560398664325,4767.428282997571,2.604976005386561,82.95057999202982,4847.773886984214
mid_l50,mid,50,gemma-7b-it,google--gemma-7b-it,DistServe,DistServe-2A100,distserve_2a100,realistic_pcie,1,short_extra_03,79.09879699582234,5386.955163034145,11.570825008675456,90.6696220044978,5466.053960029967
mid_l50,mid,50,gemma-7b-it,google--gemma-7b-it,DistServe,DistServe-2A100,distserve_2a100,realistic_pcie,1,short_extra_04,78.88731197454035,4776.8899270449765,2.2405540221370757,81.12786599667743,4855.777239019517
mid_l50,mid,50,gemma-7b-it,google--gemma-7b-it,DistServe,DistServe-2A100,distserve_2a100,realistic_pcie,1,short_extra_05,80.90152498334646,5337.684033962432,10.504595993552357,91.40612097689882,5418.585558945779
mid_l50,mid,50,gemma-7b-it,google--gemma-7b-it,DistServe,DistServe-2A100,distserve_2a100,realistic_pcie,1,short_extra_06,79.65276500908658,5350.416233006399,13.539450999815017,93.1922160089016,5430.068998015486
mid_l50,mid,50,gemma-7b-it,google--gemma-7b-it,DistServe,DistServe-2A100,distserve_2a100,realistic_pcie,1,short_extra_07,79.57196800271049,4774.93506699102,2.3714849958196282,81.94345299853012,4854.5070349937305
mid_l50,mid,50,gemma-7b-it,google--gemma-7b-it,DistServe,DistServe-2A100,distserve_2a100,realistic_pcie,1,short_extra_08,79.87440400756896,5334.471865033265,10.51156100584194,90.3859650134109,5414.346269040834
mid_l50,mid,50,gemma-7b-it,google--gemma-7b-it,DistServe,DistServe-2A100,distserve_2a100,realistic_pcie,1,short_extra_09,79.82498197816312,5349.861522030551,12.183259066659957,92.00824104482308,5429.686504008714
mid_l50,mid,50,gemma-7b-it,google--gemma-7b-it,DistServe,DistServe-2A100,distserve_2a100,realistic_pcie,1,short_extra_10,80.39732096949592,5328.008968033828,9.94413805892691,90.34145902842283,5408.406289003324
mid_l50,mid,50,gemma-7b-it,google--gemma-7b-it,DistServe,DistServe-2A100,distserve_2a100,realistic_pcie,1,short_extra_11,80.25693998206407,4775.066786038224,1.767380046658218,82.02432002872229,4855.323726020288
mid_l50,mid,50,gemma-7b-it,google--gemma-7b-it,DistServe,DistServe-2A100,distserve_2a100,realistic_pcie,1,short_extra_12,80.33699000952765,4769.705124024767,0.9837470133788884,81.32073702290654,4850.042114034295
mid_l50,mid,50,gemma-7b-it,google--gemma-7b-it,DistServe,DistServe-2A100,distserve_2a100,realistic_pcie,1,short_extra_13,79.1321590077132,5354.933950991835,12.210150016471744,91.34230902418494,5434.066109999549
mid_l50,mid,50,gemma-7b-it,google--gemma-7b-it,DistServe,DistServe-2A100,distserve_2a100,realistic_pcie,1,short_extra_14,78.63887102575973,4799.247257004026,2.245059993583709,80.88393101934344,4877.886128029786
mid_l50,mid,50,gemma-7b-it,google--gemma-7b-it,DistServe,DistServe-2A100,distserve_2a100,realistic_pcie,1,short_extra_15,80.85097896400839,5375.492499035317,9.593317052349448,90.44429601635784,5456.343477999326
mid_l50,mid,50,gemma-7b-it,google--gemma-7b-it,DistServe,DistServe-2A100,distserve_2a100,realistic_pcie,1,short_extra_16,80.24404098978266,4770.129547978286,0.7696159882470965,81.01365697802976,4850.373588968068
mid_l50,mid,50,gemma-7b-it,google--gemma-7b-it,DistServe,DistServe-2A100,distserve_2a100,realistic_pcie,1,short_extra_17,78.87269498314708,4782.78762602713,3.7644580006599426,82.63715298380703,4861.660321010277
mid_l50,mid,50,mistral-7b-instruct-v0.2,mistralai--Mistral-7B-Instruct-v0.2,DistServe,DistServe-2A100,distserve_2a100,realistic_pcie,0,long_a,232.59483597939834,5347.503625031095,5.769625015091151,238.3644609944895,5580.098461010493
mid_l50,mid,50,mistral-7b-instruct-v0.2,mistralai--Mistral-7B-Instruct-v0.2,DistServe,DistServe-2A100,distserve_2a100,realistic_pcie,0,long_b,301.9526670104824,5338.8248039991595,6.000969035085291,307.9536360455677,5640.777471009642
mid_l50,mid,50,mistral-7b-instruct-v0.2,mistralai--Mistral-7B-Instruct-v0.2,DistServe,DistServe-2A100,distserve_2a100,realistic_pcie,0,long_extra_00,230.4926699725911,5343.247789074667,10.55465207900852,241.04732205159962,5573.740459047258
mid_l50,mid,50,mistral-7b-instruct-v0.2,mistralai--Mistral-7B-Instruct-v0.2,DistServe,DistServe-2A100,distserve_2a100,realistic_pcie,0,long_extra_01,232.71340201608837,5324.390590947587,9.004618972539902,241.71802098862827,5557.103992963675
mid_l50,mid,50,mistral-7b-instruct-v0.2,mistralai--Mistral-7B-Instruct-v0.2,DistServe,DistServe-2A100,distserve_2a100,realistic_pcie,0,long_extra_02,273.51696899859235,5329.325612983666,12.947526993229985,286.46449599182233,5602.842581982259
mid_l50,mid,50,mistral-7b-instruct-v0.2,mistralai--Mistral-7B-Instruct-v0.2,DistServe,DistServe-2A100,distserve_2a100,realistic_pcie,0,long_extra_03,275.82972100935876,5330.117934965529,13.787286006845534,289.6170070162043,5605.947655974887
mid_l50,mid,50,mistral-7b-instruct-v0.2,mistralai--Mistral-7B-Instruct-v0.2,DistServe,DistServe-2A100,distserve_2a100,realistic_pcie,0,long_extra_04,294.1870639915578,5325.551764050033,11.254684010054916,305.4417480016127,5619.738828041591
mid_l50,mid,50,mistral-7b-instruct-v0.2,mistralai--Mistral-7B-Instruct-v0.2,DistServe,DistServe-2A100,distserve_2a100,realistic_pcie,0,long_extra_05,228.09841501293704,5328.256409033202,11.09101198380813,239.18942699674517,5556.354824046139
mid_l50,mid,50,mistral-7b-instruct-v0.2,mistralai--Mistral-7B-Instruct-v0.2,DistServe,DistServe-2A100,distserve_2a100,realistic_pcie,0,long_extra_06,236.2856210093014,5320.313072006684,5.6948200217448175,241.9804410310462,5556.598693015985
mid_l50,mid,50,mistral-7b-instruct-v0.2,mistralai--Mistral-7B-Instruct-v0.2,DistServe,DistServe-2A100,distserve_2a100,realistic_pcie,0,long_extra_07,228.6426320206374,5353.158798010554,12.552912987302989,241.19554500794038,5581.801430031192
mid_l50,mid,50,mistral-7b-instruct-v0.2,mistralai--Mistral-7B-Instruct-v0.2,DistServe,DistServe-2A100,distserve_2a100,realistic_pcie,0,long_extra_08,250.08703902130947,5353.17809600383,11.176301981322467,261.26334100263193,5603.26513502514
mid_l50,mid,50,mistral-7b-instruct-v0.2,mistralai--Mistral-7B-Instruct-v0.2,DistServe,DistServe-2A100,distserve_2a100,realistic_pcie,0,long_extra_09,233.63129200879484,5324.911983974744,9.055104979779571,242.68639698857442,5558.5432759835385
mid_l50,mid,50,mistral-7b-instruct-v0.2,mistralai--Mistral-7B-Instruct-v0.2,DistServe,DistServe-2A100,distserve_2a100,realistic_pcie,0,long_extra_10,230.56704399641603,5336.50293800747,8.389559981878847,238.95660397829488,5567.069982003886
mid_l50,mid,50,mistral-7b-instruct-v0.2,mistralai--Mistral-7B-Instruct-v0.2,DistServe,DistServe-2A100,distserve_2a100,realistic_pcie,0,long_extra_11,232.9376699635759,5321.958162996452,4.606989037711173,237.54465900128707,5554.895832960028
mid_l50,mid,50,mistral-7b-instruct-v0.2,mistralai--Mistral-7B-Instruct-v0.2,DistServe,DistServe-2A100,distserve_2a100,realistic_pcie,0,long_extra_12,232.69488796358928,5322.512290033046,6.208537030033767,238.90342499362305,5555.207177996635
mid_l50,mid,50,mistral-7b-instruct-v0.2,mistralai--Mistral-7B-Instruct-v0.2,DistServe,DistServe-2A100,distserve_2a100,realistic_pcie,0,long_extra_13,232.23696398781613,5333.353861991782,9.772913006599993,242.00987699441612,5565.590825979598
mid_l50,mid,50,mistral-7b-instruct-v0.2,mistralai--Mistral-7B-Instruct-v0.2,DistServe,DistServe-2A100,distserve_2a100,realistic_pcie,0,long_extra_14,276.38030302478,5331.130452919751,8.11288895783946,284.49319198261946,5607.510755944531
mid_l50,mid,50,mistral-7b-instruct-v0.2,mistralai--Mistral-7B-Instruct-v0.2,DistServe,DistServe-2A100,distserve_2a100,realistic_pcie,0,long_extra_15,234.05471601290628,5334.047730953898,9.756368002854288,243.81108401576057,5568.102446966805
mid_l50,mid,50,mistral-7b-instruct-v0.2,mistralai--Mistral-7B-Instruct-v0.2,DistServe,DistServe-2A100,distserve_2a100,realistic_pcie,0,long_extra_16,293.75521797919646,5347.936887992546,13.758340035565197,307.51355801476166,5641.692105971742
mid_l50,mid,50,mistral-7b-instruct-v0.2,mistralai--Mistral-7B-Instruct-v0.2,DistServe,DistServe-2A100,distserve_2a100,realistic_pcie,0,long_extra_17,231.08713200781494,5305.865244008601,7.452655001543462,238.5397870093584,5536.952376016416
mid_l50,mid,50,mistral-7b-instruct-v0.2,mistralai--Mistral-7B-Instruct-v0.2,DistServe,DistServe-2A100,distserve_2a100,realistic_pcie,0,mid_b,87.95161300804466,5290.695036004763,1.1438819929026067,89.09549500094727,5378.646649012808
mid_l50,mid,50,mistral-7b-instruct-v0.2,mistralai--Mistral-7B-Instruct-v0.2,DistServe,DistServe-2A100,distserve_2a100,realistic_pcie,0,short_a,88.50417303619906,5321.7819149722345,83.15284242144116,88.44854502240196,5410.286088008434
mid_l50,mid,50,mistral-7b-instruct-v0.2,mistralai--Mistral-7B-Instruct-v0.2,DistServe,DistServe-2A100,distserve_2a100,realistic_pcie,0,short_extra_00,91.61011199466884,5312.476956052706,83.00745243832353,88.4471390163526,5404.0870680473745
mid_l50,mid,50,mistral-7b-instruct-v0.2,mistralai--Mistral-7B-Instruct-v0.2,DistServe,DistServe-2A100,distserve_2a100,realistic_pcie,0,short_extra_01,88.9984910027124,5298.155032971408,0.12024398893117905,89.11873499164358,5387.153523974121
mid_l50,mid,50,mistral-7b-instruct-v0.2,mistralai--Mistral-7B-Instruct-v0.2,DistServe,DistServe-2A100,distserve_2a100,realistic_pcie,0,short_extra_02,88.30263296840712,5356.750864069909,83.69923225109233,87.73054502671584,5445.053497038316
mid_l50,mid,50,mistral-7b-instruct-v0.2,mistralai--Mistral-7B-Instruct-v0.2,DistServe,DistServe-2A100,distserve_2a100,realistic_pcie,0,short_extra_03,87.2964349691756,5310.240799037274,3.4528400283306837,90.74927499750629,5397.53723400645
mid_l50,mid,50,mistral-7b-instruct-v0.2,mistralai--Mistral-7B-Instruct-v0.2,DistServe,DistServe-2A100,distserve_2a100,realistic_pcie,0,short_extra_04,87.27429300779477,5339.028960966971,1.6686329618096352,88.9429259696044,5426.3032539747655
mid_l50,mid,50,mistral-7b-instruct-v0.2,mistralai--Mistral-7B-Instruct-v0.2,DistServe,DistServe-2A100,distserve_2a100,realistic_pcie,0,short_extra_05,86.9083350407891,5318.377502961084,5.492302938364446,92.40063797915354,5405.285838001873
mid_l50,mid,50,mistral-7b-instruct-v0.2,mistralai--Mistral-7B-Instruct-v0.2,DistServe,DistServe-2A100,distserve_2a100,realistic_pcie,0,short_extra_06,87.22452400252223,5307.229900965467,5.588546977378428,92.81307097990066,5394.454424967989
mid_l50,mid,50,mistral-7b-instruct-v0.2,mistralai--Mistral-7B-Instruct-v0.2,DistServe,DistServe-2A100,distserve_2a100,realistic_pcie,0,short_extra_07,87.3020279686898,5294.129029032774,1.0336320265196264,88.33565999520943,5381.431057001464
mid_l50,mid,50,mistral-7b-instruct-v0.2,mistralai--Mistral-7B-Instruct-v0.2,DistServe,DistServe-2A100,distserve_2a100,realistic_pcie,0,short_extra_08,86.53135999338701,5313.5155410273,1.738127029966563,88.26948702335358,5400.046901020687
mid_l50,mid,50,mistral-7b-instruct-v0.2,mistralai--Mistral-7B-Instruct-v0.2,DistServe,DistServe-2A100,distserve_2a100,realistic_pcie,0,short_extra_09,88.22928299196064,5332.481255987659,0.36440097028389573,88.59368396224454,5420.71053897962
mid_l50,mid,50,mistral-7b-instruct-v0.2,mistralai--Mistral-7B-Instruct-v0.2,DistServe,DistServe-2A100,distserve_2a100,realistic_pcie,0,short_extra_10,86.13161399262026,5329.168196010869,3.815966018009931,89.94758001063019,5415.299810003489
mid_l50,mid,50,mistral-7b-instruct-v0.2,mistralai--Mistral-7B-Instruct-v0.2,DistServe,DistServe-2A100,distserve_2a100,realistic_pcie,0,short_extra_11,214.4590030075051,5311.515374982264,0.30186696676537395,214.76086997427046,5525.974377989769
mid_l50,mid,50,mistral-7b-instruct-v0.2,mistralai--Mistral-7B-Instruct-v0.2,DistServe,DistServe-2A100,distserve_2a100,realistic_pcie,0,short_extra_12,86.01689495844766,5313.545311044436,1.2214280432090163,87.23832300165668,5399.562206002884
mid_l50,mid,50,mistral-7b-instruct-v0.2,mistralai--Mistral-7B-Instruct-v0.2,DistServe,DistServe-2A100,distserve_2a100,realistic_pcie,0,short_extra_13,86.93554496858269,5298.93368302146,3.026947029866278,89.96249199844897,5385.869227990042
mid_l50,mid,50,mistral-7b-instruct-v0.2,mistralai--Mistral-7B-Instruct-v0.2,DistServe,DistServe-2A100,distserve_2a100,realistic_pcie,0,short_extra_14,87.19037804985419,5341.667158936616,4.166797909419984,91.35717595927417,5428.85753698647
mid_l50,mid,50,mistral-7b-instruct-v0.2,mistralai--Mistral-7B-Instruct-v0.2,DistServe,DistServe-2A100,distserve_2a100,realistic_pcie,0,short_extra_15,87.780328001827,5309.275436971802,2.473958011250943,90.25428601307794,5397.055764973629
mid_l50,mid,50,mistral-7b-instruct-v0.2,mistralai--Mistral-7B-Instruct-v0.2,DistServe,DistServe-2A100,distserve_2a100,realistic_pcie,0,short_extra_16,87.44981099152938,5303.434722009115,1.5165350050665438,88.96634599659592,5390.884533000644
mid_l50,mid,50,mistral-7b-instruct-v0.2,mistralai--Mistral-7B-Instruct-v0.2,DistServe,DistServe-2A100,distserve_2a100,realistic_pcie,0,short_extra_17,87.15214300900698,5314.580133999698,2.1075260010547936,89.25966901006177,5401.732277008705
mid_l50,mid,50,mistral-7b-instruct-v0.2,mistralai--Mistral-7B-Instruct-v0.2,DistServe,DistServe-2A100,distserve_2a100,realistic_pcie,1,long_a,232.1641140151769,5316.870578972157,5.5750979809090495,237.73921199608594,5549.034692987334
mid_l50,mid,50,mistral-7b-instruct-v0.2,mistralai--Mistral-7B-Instruct-v0.2,DistServe,DistServe-2A100,distserve_2a100,realistic_pcie,1,long_b,302.40057001356035,5329.491759010125,4.83864702982828,307.23921704338863,5631.892329023685
mid_l50,mid,50,mistral-7b-instruct-v0.2,mistralai--Mistral-7B-Instruct-v0.2,DistServe,DistServe-2A100,distserve_2a100,realistic_pcie,1,long_extra_00,231.25976498704404,5333.360540040303,10.551818006206304,241.81158299325034,5564.620305027347
mid_l50,mid,50,mistral-7b-instruct-v0.2,mistralai--Mistral-7B-Instruct-v0.2,DistServe,DistServe-2A100,distserve_2a100,realistic_pcie,1,long_extra_01,231.51622101431713,5357.278269017115,12.015521002467722,243.53174201678485,5588.794490031432
mid_l50,mid,50,mistral-7b-instruct-v0.2,mistralai--Mistral-7B-Instruct-v0.2,DistServe,DistServe-2A100,distserve_2a100,realistic_pcie,1,long_extra_02,274.6857589809224,5342.805958993267,11.124986980576068,285.81074596149847,5617.49171797419
mid_l50,mid,50,mistral-7b-instruct-v0.2,mistralai--Mistral-7B-Instruct-v0.2,DistServe,DistServe-2A100,distserve_2a100,realistic_pcie,1,long_extra_03,276.86477795941755,5351.4012080268,9.85173403751105,286.7165119969286,5628.265985986218
mid_l50,mid,50,mistral-7b-instruct-v0.2,mistralai--Mistral-7B-Instruct-v0.2,DistServe,DistServe-2A100,distserve_2a100,realistic_pcie,1,long_extra_04,295.4971439903602,5331.109617021866,10.164458013605326,305.6616020039655,5626.606761012226
mid_l50,mid,50,mistral-7b-instruct-v0.2,mistralai--Mistral-7B-Instruct-v0.2,DistServe,DistServe-2A100,distserve_2a100,realistic_pcie,1,long_extra_05,229.6026210533455,5331.412889936473,9.341662982478738,238.94428403582424,5561.015510989819
mid_l50,mid,50,mistral-7b-instruct-v0.2,mistralai--Mistral-7B-Instruct-v0.2,DistServe,DistServe-2A100,distserve_2a100,realistic_pcie,1,long_extra_06,230.32496904488653,5331.093139946461,12.263444950804114,242.58841399569064,5561.418108991347
mid_l50,mid,50,mistral-7b-instruct-v0.2,mistralai--Mistral-7B-Instruct-v0.2,DistServe,DistServe-2A100,distserve_2a100,realistic_pcie,1,long_extra_07,231.71548795653507,5345.944839064032,9.826647059526294,241.54213501606137,5577.660327020567
mid_l50,mid,50,mistral-7b-instruct-v0.2,mistralai--Mistral-7B-Instruct-v0.2,DistServe,DistServe-2A100,distserve_2a100,realistic_pcie,1,long_extra_08,250.00182300573215,5341.531448008027,11.57634804258123,261.5781710483134,5591.533271013759
mid_l50,mid,50,mistral-7b-instruct-v0.2,mistralai--Mistral-7B-Instruct-v0.2,DistServe,DistServe-2A100,distserve_2a100,realistic_pcie,1,long_extra_09,233.31432801205665,5318.990900996141,5.741947039496154,239.0562750515528,5552.305229008198
mid_l50,mid,50,mistral-7b-instruct-v0.2,mistralai--Mistral-7B-Instruct-v0.2,DistServe,DistServe-2A100,distserve_2a100,realistic_pcie,1,long_extra_10,228.60213200328872,5332.021384965628,9.11141897086054,237.71355097414926,5560.623516968917
mid_l50,mid,50,mistral-7b-instruct-v0.2,mistralai--Mistral-7B-Instruct-v0.2,DistServe,DistServe-2A100,distserve_2a100,realistic_pcie,1,long_extra_11,233.12478000298142,5316.974615037907,6.6062770201824605,239.73105702316388,5550.099395040888
mid_l50,mid,50,mistral-7b-instruct-v0.2,mistralai--Mistral-7B-Instruct-v0.2,DistServe,DistServe-2A100,distserve_2a100,realistic_pcie,1,long_extra_12,235.089224006515,5302.806337946095,2.9680009465664625,238.05722495308146,5537.89556195261
mid_l50,mid,50,mistral-7b-instruct-v0.2,mistralai--Mistral-7B-Instruct-v0.2,DistServe,DistServe-2A100,distserve_2a100,realistic_pcie,1,long_extra_13,232.8836529632099,5333.2916930667125,5.875102069694549,238.75875503290445,5566.175346029922
mid_l50,mid,50,mistral-7b-instruct-v0.2,mistralai--Mistral-7B-Instruct-v0.2,DistServe,DistServe-2A100,distserve_2a100,realistic_pcie,1,long_extra_14,277.4239989812486,5328.726890031248,9.264425025321543,286.68842400657013,5606.150889012497
mid_l50,mid,50,mistral-7b-instruct-v0.2,mistralai--Mistral-7B-Instruct-v0.2,DistServe,DistServe-2A100,distserve_2a100,realistic_pcie,1,long_extra_15,233.71016001328826,5327.798872021958,6.7824129946529865,240.49257300794125,5561.5090320352465
mid_l50,mid,50,mistral-7b-instruct-v0.2,mistralai--Mistral-7B-Instruct-v0.2,DistServe,DistServe-2A100,distserve_2a100,realistic_pcie,1,long_extra_16,295.0831849593669,5330.018647015095,10.261605028063059,305.34478998743,5625.101831974462
mid_l50,mid,50,mistral-7b-instruct-v0.2,mistralai--Mistral-7B-Instruct-v0.2,DistServe,DistServe-2A100,distserve_2a100,realistic_pcie,1,long_extra_17,233.27556997537613,5320.885683060624,4.345195018686354,237.62076499406248,5554.161253036
mid_l50,mid,50,mistral-7b-instruct-v0.2,mistralai--Mistral-7B-Instruct-v0.2,DistServe,DistServe-2A100,distserve_2a100,realistic_pcie,1,mid_b,87.18949399190024,5349.92907900596,3.689801029395312,90.87929502129555,5437.118572997861
mid_l50,mid,50,mistral-7b-instruct-v0.2,mistralai--Mistral-7B-Instruct-v0.2,DistServe,DistServe-2A100,distserve_2a100,realistic_pcie,1,short_a,86.43432299140841,5301.361061981879,2.838933956809342,89.27325694821775,5387.795384973288
mid_l50,mid,50,mistral-7b-instruct-v0.2,mistralai--Mistral-7B-Instruct-v0.2,DistServe,DistServe-2A100,distserve_2a100,realistic_pcie,1,short_extra_00,89.79985397309065,5314.531389041804,1.9640960381366313,91.76395001122728,5404.331243014894
mid_l50,mid,50,mistral-7b-instruct-v0.2,mistralai--Mistral-7B-Instruct-v0.2,DistServe,DistServe-2A100,distserve_2a100,realistic_pcie,1,short_extra_01,87.00901799602434,5298.49469603505,3.0941300210542977,90.10314801707864,5385.503714031074
mid_l50,mid,50,mistral-7b-instruct-v0.2,mistralai--Mistral-7B-Instruct-v0.2,DistServe,DistServe-2A100,distserve_2a100,realistic_pcie,1,short_extra_02,88.24863901827484,5310.007182008121,1.1356390314176679,89.38427804969251,5398.255821026396
mid_l50,mid,50,mistral-7b-instruct-v0.2,mistralai--Mistral-7B-Instruct-v0.2,DistServe,DistServe-2A100,distserve_2a100,realistic_pcie,1,short_extra_03,87.23798301070929,5306.372750957962,1.7589019844308496,88.99688499514014,5393.610733968671
mid_l50,mid,50,mistral-7b-instruct-v0.2,mistralai--Mistral-7B-Instruct-v0.2,DistServe,DistServe-2A100,distserve_2a100,realistic_pcie,1,short_extra_04,91.99881198583171,5313.812481006607,83.02832001572824,88.97378901019692,5405.811292992439
mid_l50,mid,50,mistral-7b-instruct-v0.2,mistralai--Mistral-7B-Instruct-v0.2,DistServe,DistServe-2A100,distserve_2a100,realistic_pcie,1,short_extra_05,88.63588300300762,5310.997060965747,0.7612519548274577,89.39713495783508,5399.632943968754
mid_l50,mid,50,mistral-7b-instruct-v0.2,mistralai--Mistral-7B-Instruct-v0.2,DistServe,DistServe-2A100,distserve_2a100,realistic_pcie,1,short_extra_06,87.10388600593433,5329.808469978161,3.4091759589500725,90.5130619648844,5416.9123559840955
mid_l50,mid,50,mistral-7b-instruct-v0.2,mistralai--Mistral-7B-Instruct-v0.2,DistServe,DistServe-2A100,distserve_2a100,realistic_pcie,1,short_extra_07,87.8406889969483,5315.015293017495,2.3293339763768017,90.1700229733251,5402.855982014444
mid_l50,mid,50,mistral-7b-instruct-v0.2,mistralai--Mistral-7B-Instruct-v0.2,DistServe,DistServe-2A100,distserve_2a100,realistic_pcie,1,short_extra_08,87.38867996726185,5306.923693977296,0.5250810063444078,87.91376097360626,5394.312373944558
mid_l50,mid,50,mistral-7b-instruct-v0.2,mistralai--Mistral-7B-Instruct-v0.2,DistServe,DistServe-2A100,distserve_2a100,realistic_pcie,1,short_extra_09,88.7281890027225,5327.236277982593,2.2531969589181244,90.98138596164063,5415.964466985315
mid_l50,mid,50,mistral-7b-instruct-v0.2,mistralai--Mistral-7B-Instruct-v0.2,DistServe,DistServe-2A100,distserve_2a100,realistic_pcie,1,short_extra_10,87.54889399278909,5315.962189983111,0.7716069812886417,88.32050097407773,5403.5110839759
mid_l50,mid,50,mistral-7b-instruct-v0.2,mistralai--Mistral-7B-Instruct-v0.2,DistServe,DistServe-2A100,distserve_2a100,realistic_pcie,1,short_extra_11,88.33484904607758,5304.317398928106,0.5788139533251524,88.91366299940273,5392.652247974183
mid_l50,mid,50,mistral-7b-instruct-v0.2,mistralai--Mistral-7B-Instruct-v0.2,DistServe,DistServe-2A100,distserve_2a100,realistic_pcie,1,short_extra_12,88.52119598304853,5327.246754022781,1.2951860553584993,89.81638203840703,5415.767950005829
mid_l50,mid,50,mistral-7b-instruct-v0.2,mistralai--Mistral-7B-Instruct-v0.2,DistServe,DistServe-2A100,distserve_2a100,realistic_pcie,1,short_extra_13,87.03389897709712,5294.417243043426,7.097254041582346,94.13115301867947,5381.451142020524
mid_l50,mid,50,mistral-7b-instruct-v0.2,mistralai--Mistral-7B-Instruct-v0.2,DistServe,DistServe-2A100,distserve_2a100,realistic_pcie,1,short_extra_14,88.47268397221342,5314.067583007272,0.14154601376503706,88.61422998597845,5402.540266979486
mid_l50,mid,50,mistral-7b-instruct-v0.2,mistralai--Mistral-7B-Instruct-v0.2,DistServe,DistServe-2A100,distserve_2a100,realistic_pcie,1,short_extra_15,86.4574890001677,5330.643660039641,3.3744710381142795,89.83196003828198,5417.101149039809
mid_l50,mid,50,mistral-7b-instruct-v0.2,mistralai--Mistral-7B-Instruct-v0.2,DistServe,DistServe-2A100,distserve_2a100,realistic_pcie,1,short_extra_16,86.66060300311074,5302.994066034444,1.6425650101155043,88.30316801322624,5389.654669037554
mid_l50,mid,50,mistral-7b-instruct-v0.2,mistralai--Mistral-7B-Instruct-v0.2,DistServe,DistServe-2A100,distserve_2a100,realistic_pcie,1,short_extra_17,87.0721039827913,5321.980882028583,3.2075170311145484,90.27962101390585,5409.052986011375
mid_l50,mid,50,qwen2.5-7b-instruct,Qwen--Qwen2.5-7B-Instruct,DistServe,DistServe-2A100,distserve_2a100,realistic_pcie,0,long_a,219.84886401332915,4650.951866002288,4.54423000337556,224.3930940167047,4870.800730015617
mid_l50,mid,50,qwen2.5-7b-instruct,Qwen--Qwen2.5-7B-Instruct,DistServe,DistServe-2A100,distserve_2a100,realistic_pcie,0,long_b,272.92141801444814,4657.889281981625,4.857748979702592,277.7791669941507,4930.810699996073
mid_l50,mid,50,qwen2.5-7b-instruct,Qwen--Qwen2.5-7B-Instruct,DistServe,DistServe-2A100,distserve_2a100,realistic_pcie,0,long_extra_00,222.23990299971774,4665.987286018208,9.045240993145853,231.2851439928636,4888.227189017925
mid_l50,mid,50,qwen2.5-7b-instruct,Qwen--Qwen2.5-7B-Instruct,DistServe,DistServe-2A100,distserve_2a100,realistic_pcie,0,long_extra_01,223.2693869736977,4683.5674939793535,10.559223999734968,233.82861097343266,4906.836880953051
mid_l50,mid,50,qwen2.5-7b-instruct,Qwen--Qwen2.5-7B-Instruct,DistServe,DistServe-2A100,distserve_2a100,realistic_pcie,0,long_extra_02,264.74369200877845,4654.4541149633005,7.283090963028371,272.0267829718068,4919.197806972079
mid_l50,mid,50,qwen2.5-7b-instruct,Qwen--Qwen2.5-7B-Instruct,DistServe,DistServe-2A100,distserve_2a100,realistic_pcie,0,long_extra_03,263.2364630117081,4654.532390995882,7.848116976674646,271.08457998838276,4917.768854007591
mid_l50,mid,50,qwen2.5-7b-instruct,Qwen--Qwen2.5-7B-Instruct,DistServe,DistServe-2A100,distserve_2a100,realistic_pcie,0,long_extra_04,272.93689199723303,4653.106209007092,10.81937097478658,283.7562629720196,4926.043101004325
mid_l50,mid,50,qwen2.5-7b-instruct,Qwen--Qwen2.5-7B-Instruct,DistServe,DistServe-2A100,distserve_2a100,realistic_pcie,0,long_extra_05,220.40329000446945,4673.203036014456,9.180900000501424,229.58419000497088,4893.606326018926
mid_l50,mid,50,qwen2.5-7b-instruct,Qwen--Qwen2.5-7B-Instruct,DistServe,DistServe-2A100,distserve_2a100,realistic_pcie,0,long_extra_06,230.98451900295913,4686.995344993193,2.84300500061363,233.82752400357276,4917.979863996152
mid_l50,mid,50,qwen2.5-7b-instruct,Qwen--Qwen2.5-7B-Instruct,DistServe,DistServe-2A100,distserve_2a100,realistic_pcie,0,long_extra_07,226.51673998916522,4678.5516870440915,6.680516060441732,233.19725604960695,4905.068427033257
mid_l50,mid,50,qwen2.5-7b-instruct,Qwen--Qwen2.5-7B-Instruct,DistServe,DistServe-2A100,distserve_2a100,realistic_pcie,0,long_extra_08,229.64742803014815,4660.812018963043,6.015172984916717,235.66260101506487,4890.459446993191
mid_l50,mid,50,qwen2.5-7b-instruct,Qwen--Qwen2.5-7B-Instruct,DistServe,DistServe-2A100,distserve_2a100,realistic_pcie,0,long_extra_09,222.0943669672124,4640.62136906432,6.754483038093895,228.8488500053063,4862.715736031532
mid_l50,mid,50,qwen2.5-7b-instruct,Qwen--Qwen2.5-7B-Instruct,DistServe,DistServe-2A100,distserve_2a100,realistic_pcie,0,long_extra_10,224.42853800021112,4655.152977036778,6.804625038057566,231.23316303826869,4879.581515036989
mid_l50,mid,50,qwen2.5-7b-instruct,Qwen--Qwen2.5-7B-Instruct,DistServe,DistServe-2A100,distserve_2a100,realistic_pcie,0,long_extra_11,220.43423197465017,4655.037583026569,3.883680037688464,224.31791201233864,4875.4718150012195
mid_l50,mid,50,qwen2.5-7b-instruct,Qwen--Qwen2.5-7B-Instruct,DistServe,DistServe-2A100,distserve_2a100,realistic_pcie,0,long_extra_12,225.83402099553496,4659.220751025714,4.373854026198387,230.20787502173334,4885.054772021249
mid_l50,mid,50,qwen2.5-7b-instruct,Qwen--Qwen2.5-7B-Instruct,DistServe,DistServe-2A100,distserve_2a100,realistic_pcie,0,long_extra_13,222.38281497266144,4655.328806024045,8.427201013546437,230.81001598620787,4877.711620996706
mid_l50,mid,50,qwen2.5-7b-instruct,Qwen--Qwen2.5-7B-Instruct,DistServe,DistServe-2A100,distserve_2a100,realistic_pcie,0,long_extra_14,259.84364398755133,4656.364371010568,12.303443043492734,272.14708703104407,4916.208014998119
mid_l50,mid,50,qwen2.5-7b-instruct,Qwen--Qwen2.5-7B-Instruct,DistServe,DistServe-2A100,distserve_2a100,realistic_pcie,0,long_extra_15,221.88754298258573,4663.390589004848,13.282190018799156,235.16973300138488,4885.278131987434
mid_l50,mid,50,qwen2.5-7b-instruct,Qwen--Qwen2.5-7B-Instruct,DistServe,DistServe-2A100,distserve_2a100,realistic_pcie,0,long_extra_16,269.43637599470094,4652.7660739957355,12.017550994642079,281.453926989343,4922.202449990436
mid_l50,mid,50,qwen2.5-7b-instruct,Qwen--Qwen2.5-7B-Instruct,DistServe,DistServe-2A100,distserve_2a100,realistic_pcie,0,long_extra_17,223.20889495313168,4652.24897506414,5.311996093951166,228.52089104708284,4875.4578700172715
mid_l50,mid,50,qwen2.5-7b-instruct,Qwen--Qwen2.5-7B-Instruct,DistServe,DistServe-2A100,distserve_2a100,realistic_pcie,0,mid_b,77.69984396873042,4642.762424016837,1.0968350106850266,78.79667897941545,4720.462267985567
mid_l50,mid,50,qwen2.5-7b-instruct,Qwen--Qwen2.5-7B-Instruct,DistServe,DistServe-2A100,distserve_2a100,realistic_pcie,0,short_a,80.56895900517702,4638.660055003129,72.47906335942389,78.1425530440174,4719.229014008306
mid_l50,mid,50,qwen2.5-7b-instruct,Qwen--Qwen2.5-7B-Instruct,DistServe,DistServe-2A100,distserve_2a100,realistic_pcie,0,short_extra_00,78.43702397076413,4635.620683024172,1.807284017559141,80.24430798832327,4714.057706994936
mid_l50,mid,50,qwen2.5-7b-instruct,Qwen--Qwen2.5-7B-Instruct,DistServe,DistServe-2A100,distserve_2a100,realistic_pcie,0,short_extra_01,77.95116200577468,4676.403695018962,1.1902620317414403,79.14142403751612,4754.354857024737
mid_l50,mid,50,qwen2.5-7b-instruct,Qwen--Qwen2.5-7B-Instruct,DistServe,DistServe-2A100,distserve_2a100,realistic_pcie,0,short_extra_02,80.34305297769606,4693.927461048588,73.34261657888419,78.78580101532862,4774.270514026284
mid_l50,mid,50,qwen2.5-7b-instruct,Qwen--Qwen2.5-7B-Instruct,DistServe,DistServe-2A100,distserve_2a100,realistic_pcie,0,short_extra_03,77.94769195606932,4649.964260053821,2.851500059477985,80.7991920155473,4727.91195200989
mid_l50,mid,50,qwen2.5-7b-instruct,Qwen--Qwen2.5-7B-Instruct,DistServe,DistServe-2A100,distserve_2a100,realistic_pcie,0,short_extra_04,78.25520297046751,4640.376805036794,72.50588757869991,77.87167001515627,4718.632008007262
mid_l50,mid,50,qwen2.5-7b-instruct,Qwen--Qwen2.5-7B-Instruct,DistServe,DistServe-2A100,distserve_2a100,realistic_pcie,0,short_extra_05,79.44874302484095,4683.402855007444,0.5205139750614762,79.96925699990243,4762.8515980322845
mid_l50,mid,50,qwen2.5-7b-instruct,Qwen--Qwen2.5-7B-Instruct,DistServe,DistServe-2A100,distserve_2a100,realistic_pcie,0,short_extra_06,79.13700299104676,4659.985912963748,0.8096889941953123,79.94669198524207,4739.122915954795
mid_l50,mid,50,qwen2.5-7b-instruct,Qwen--Qwen2.5-7B-Instruct,DistServe,DistServe-2A100,distserve_2a100,realistic_pcie,0,short_extra_07,80.31357999425381,4671.516139002051,72.99243967190705,78.39574996614829,4751.829718996305
mid_l50,mid,50,qwen2.5-7b-instruct,Qwen--Qwen2.5-7B-Instruct,DistServe,DistServe-2A100,distserve_2a100,realistic_pcie,0,short_extra_08,78.06295697810128,4653.398427995853,0.2182199968956411,78.28117697499692,4731.461384973954
mid_l50,mid,50,qwen2.5-7b-instruct,Qwen--Qwen2.5-7B-Instruct,DistServe,DistServe-2A100,distserve_2a100,realistic_pcie,0,short_extra_09,77.39828899502754,4625.787787023,72.27793417223438,77.07085204310715,4703.186076018028
mid_l50,mid,50,qwen2.5-7b-instruct,Qwen--Qwen2.5-7B-Instruct,DistServe,DistServe-2A100,distserve_2a100,realistic_pcie,0,short_extra_10,77.29355903575197,4664.55867793411,1.650279969908297,78.94383900566027,4741.852236969862
mid_l50,mid,50,qwen2.5-7b-instruct,Qwen--Qwen2.5-7B-Instruct,DistServe,DistServe-2A100,distserve_2a100,realistic_pcie,0,short_extra_11,184.97316201683134,4667.197133996524,11.473790975287557,196.4469529921189,4852.170296013355
mid_l50,mid,50,qwen2.5-7b-instruct,Qwen--Qwen2.5-7B-Instruct,DistServe,DistServe-2A100,distserve_2a100,realistic_pcie,0,short_extra_12,81.26421697670594,4676.376473042183,73.0683823912841,78.03385198349133,4757.640690018889
mid_l50,mid,50,qwen2.5-7b-instruct,Qwen--Qwen2.5-7B-Instruct,DistServe,DistServe-2A100,distserve_2a100,realistic_pcie,0,short_extra_13,76.5076749958098,4652.4968620506115,2.7923680027015507,79.30004299851134,4729.004537046421
mid_l50,mid,50,qwen2.5-7b-instruct,Qwen--Qwen2.5-7B-Instruct,DistServe,DistServe-2A100,distserve_2a100,realistic_pcie,0,short_extra_14,77.94979098252952,4686.28925899975,1.3693320215679705,79.31912300409749,4764.2390499822795
mid_l50,mid,50,qwen2.5-7b-instruct,Qwen--Qwen2.5-7B-Instruct,DistServe,DistServe-2A100,distserve_2a100,realistic_pcie,0,short_extra_15,77.5825459859334,4635.195292008575,1.3262429856695235,78.90878897160292,4712.777837994508
mid_l50,mid,50,qwen2.5-7b-instruct,Qwen--Qwen2.5-7B-Instruct,DistServe,DistServe-2A100,distserve_2a100,realistic_pcie,0,short_extra_16,81.20441000210121,4670.855123957153,72.98211131183052,78.03405198501423,4752.059533959255
mid_l50,mid,50,qwen2.5-7b-instruct,Qwen--Qwen2.5-7B-Instruct,DistServe,DistServe-2A100,distserve_2a100,realistic_pcie,0,short_extra_17,83.23587296763435,4658.805396000389,72.79383431250608,80.21546195959672,4742.041268968023
mid_l50,mid,50,qwen2.5-7b-instruct,Qwen--Qwen2.5-7B-Instruct,DistServe,DistServe-2A100,distserve_2a100,realistic_pcie,1,long_a,223.82288496010005,4647.296936018392,1.8347090226598084,225.65759398275986,4871.1198209784925
mid_l50,mid,50,qwen2.5-7b-instruct,Qwen--Qwen2.5-7B-Instruct,DistServe,DistServe-2A100,distserve_2a100,realistic_pcie,1,long_b,271.26907504862174,4671.247757971287,3.3624269417487085,274.63150199037045,4942.5168330199085
mid_l50,mid,50,qwen2.5-7b-instruct,Qwen--Qwen2.5-7B-Instruct,DistServe,DistServe-2A100,distserve_2a100,realistic_pcie,1,long_extra_00,222.95940801268443,4677.342133014463,6.888350995723158,229.8477590084076,4900.301541027147
mid_l50,mid,50,qwen2.5-7b-instruct,Qwen--Qwen2.5-7B-Instruct,DistServe,DistServe-2A100,distserve_2a100,realistic_pcie,1,long_extra_01,221.14539798349142,4657.372607034631,10.171429021283984,231.3168270047754,4878.5180050181225
mid_l50,mid,50,qwen2.5-7b-instruct,Qwen--Qwen2.5-7B-Instruct,DistServe,DistServe-2A100,distserve_2a100,realistic_pcie,1,long_extra_02,259.4417560030706,4677.842926001176,13.598238001577556,273.0399940046482,4937.284682004247
mid_l50,mid,50,qwen2.5-7b-instruct,Qwen--Qwen2.5-7B-Instruct,DistServe,DistServe-2A100,distserve_2a100,realistic_pcie,1,long_extra_03,260.5398310115561,4674.676927970722,14.002523967064917,274.542354978621,4935.216758982278
mid_l50,mid,50,qwen2.5-7b-instruct,Qwen--Qwen2.5-7B-Instruct,DistServe,DistServe-2A100,distserve_2a100,realistic_pcie,1,long_extra_04,267.95957499416545,4662.921037059277,12.22874503582716,280.1883200299926,4930.880612053443
mid_l50,mid,50,qwen2.5-7b-instruct,Qwen--Qwen2.5-7B-Instruct,DistServe,DistServe-2A100,distserve_2a100,realistic_pcie,1,long_extra_05,217.77129505062476,4670.725818956271,11.138350935652852,228.9096459862776,4888.497114006896
mid_l50,mid,50,qwen2.5-7b-instruct,Qwen--Qwen2.5-7B-Instruct,DistServe,DistServe-2A100,distserve_2a100,realistic_pcie,1,long_extra_06,221.85245901346207,4660.724556015339,7.488876988645643,229.3413360021077,4882.577015028801
mid_l50,mid,50,qwen2.5-7b-instruct,Qwen--Qwen2.5-7B-Instruct,DistServe,DistServe-2A100,distserve_2a100,realistic_pcie,1,long_extra_07,221.55754000414163,4651.833260024432,10.19001699751243,231.74755700165406,4873.390800028574
mid_l50,mid,50,qwen2.5-7b-instruct,Qwen--Qwen2.5-7B-Instruct,DistServe,DistServe-2A100,distserve_2a100,realistic_pcie,1,long_extra_08,222.68794401315972,4672.571015020367,11.295837990473956,233.98378200363368,4895.2589590335265
mid_l50,mid,50,qwen2.5-7b-instruct,Qwen--Qwen2.5-7B-Instruct,DistServe,DistServe-2A100,distserve_2a100,realistic_pcie,1,long_extra_09,221.5257660136558,4653.414520027582,5.934816028457135,227.46058204211295,4874.940286041237
mid_l50,mid,50,qwen2.5-7b-instruct,Qwen--Qwen2.5-7B-Instruct,DistServe,DistServe-2A100,distserve_2a100,realistic_pcie,1,long_extra_10,220.60349298408255,4695.116849034093,12.298745044972748,232.9022380290553,4915.720342018176
mid_l50,mid,50,qwen2.5-7b-instruct,Qwen--Qwen2.5-7B-Instruct,DistServe,DistServe-2A100,distserve_2a100,realistic_pcie,1,long_extra_11,221.55605599982664,4657.647503016051,3.7663800176233053,225.32243601744995,4879.2035590158775
mid_l50,mid,50,qwen2.5-7b-instruct,Qwen--Qwen2.5-7B-Instruct,DistServe,DistServe-2A100,distserve_2a100,realistic_pcie,1,long_extra_12,225.591937021818,4676.300532009918,1.4194520190358162,227.01138904085383,4901.892469031736
mid_l50,mid,50,qwen2.5-7b-instruct,Qwen--Qwen2.5-7B-Instruct,DistServe,DistServe-2A100,distserve_2a100,realistic_pcie,1,long_extra_13,220.94650799408555,4682.20282101538,5.847721011377871,226.79422900546342,4903.149329009466
mid_l50,mid,50,qwen2.5-7b-instruct,Qwen--Qwen2.5-7B-Instruct,DistServe,DistServe-2A100,distserve_2a100,realistic_pcie,1,long_extra_14,261.63163100136444,4662.4772399663925,6.3362259534187615,267.9678569547832,4924.108870967757
mid_l50,mid,50,qwen2.5-7b-instruct,Qwen--Qwen2.5-7B-Instruct,DistServe,DistServe-2A100,distserve_2a100,realistic_pcie,1,long_extra_15,218.98148499894887,4674.290290044155,14.685027010273188,233.66651200922206,4893.271775043104
mid_l50,mid,50,qwen2.5-7b-instruct,Qwen--Qwen2.5-7B-Instruct,DistServe,DistServe-2A100,distserve_2a100,realistic_pcie,1,long_extra_16,267.72530999733135,4667.685289983638,10.484630009159446,278.2099400064908,4935.410599980969
mid_l50,mid,50,qwen2.5-7b-instruct,Qwen--Qwen2.5-7B-Instruct,DistServe,DistServe-2A100,distserve_2a100,realistic_pcie,1,long_extra_17,225.53348599467427,4641.260827018414,0.26885297847911716,225.80233897315338,4866.794313013088
mid_l50,mid,50,qwen2.5-7b-instruct,Qwen--Qwen2.5-7B-Instruct,DistServe,DistServe-2A100,distserve_2a100,realistic_pcie,1,mid_b,76.0021370369941,4665.07422097493,1.2543079792521894,77.25644501624629,4741.076358011924
mid_l50,mid,50,qwen2.5-7b-instruct,Qwen--Qwen2.5-7B-Instruct,DistServe,DistServe-2A100,distserve_2a100,realistic_pcie,1,short_a,75.8544440031983,4751.814656949136,1.8844399601221085,77.7388839633204,4827.669100952335
mid_l50,mid,50,qwen2.5-7b-instruct,Qwen--Qwen2.5-7B-Instruct,DistServe,DistServe-2A100,distserve_2a100,realistic_pcie,1,short_extra_00,77.22259900765494,4656.09158098232,0.9921409655362368,78.21473997319117,4733.314179989975
mid_l50,mid,50,qwen2.5-7b-instruct,Qwen--Qwen2.5-7B-Instruct,DistServe,DistServe-2A100,distserve_2a100,realistic_pcie,1,short_extra_01,76.73082099063322,4645.159247040283,0.6583590293303132,77.38918001996353,4721.890068030916
mid_l50,mid,50,qwen2.5-7b-instruct,Qwen--Qwen2.5-7B-Instruct,DistServe,DistServe-2A100,distserve_2a100,realistic_pcie,1,short_extra_02,78.79620103631169,4647.7293579955585,0.5330679705366492,79.32926900684834,4726.52555903187
mid_l50,mid,50,qwen2.5-7b-instruct,Qwen--Qwen2.5-7B-Instruct,DistServe,DistServe-2A100,distserve_2a100,realistic_pcie,1,short_extra_03,76.86234702123329,4671.100040024612,4.256987012922764,81.11933403415605,4747.962387045845
mid_l50,mid,50,qwen2.5-7b-instruct,Qwen--Qwen2.5-7B-Instruct,DistServe,DistServe-2A100,distserve_2a100,realistic_pcie,1,short_extra_04,76.34047098690644,4627.489359991159,2.032709016930312,78.37318000383675,4703.829830978066
mid_l50,mid,50,qwen2.5-7b-instruct,Qwen--Qwen2.5-7B-Instruct,DistServe,DistServe-2A100,distserve_2a100,realistic_pcie,1,short_extra_05,77.15489401016384,4654.208781023044,2.3399899946525693,79.49488400481641,4731.363675033208
mid_l50,mid,50,qwen2.5-7b-instruct,Qwen--Qwen2.5-7B-Instruct,DistServe,DistServe-2A100,distserve_2a100,realistic_pcie,1,short_extra_06,79.18835204327479,4655.011390976142,0.023398955818265676,79.21175099909306,4734.199743019417
mid_l50,mid,50,qwen2.5-7b-instruct,Qwen--Qwen2.5-7B-Instruct,DistServe,DistServe-2A100,distserve_2a100,realistic_pcie,1,short_extra_07,78.95181997446343,4630.551879003178,72.35237310942466,78.51638895226642,4709.503698977642
mid_l50,mid,50,qwen2.5-7b-instruct,Qwen--Qwen2.5-7B-Instruct,DistServe,DistServe-2A100,distserve_2a100,realistic_pcie,1,short_extra_08,77.14746100828052,4642.584612942301,1.0515789617784321,78.19903997005895,4719.732073950581
mid_l50,mid,50,qwen2.5-7b-instruct,Qwen--Qwen2.5-7B-Instruct,DistServe,DistServe-2A100,distserve_2a100,realistic_pcie,1,short_extra_09,76.83162699686363,4613.832749018911,0.5655019776895642,77.3971289745532,4690.664376015775
mid_l50,mid,50,qwen2.5-7b-instruct,Qwen--Qwen2.5-7B-Instruct,DistServe,DistServe-2A100,distserve_2a100,realistic_pcie,1,short_extra_10,77.78693601721898,4661.367633962072,0.5422869580797851,78.32922297529876,4739.154569979291
mid_l50,mid,50,qwen2.5-7b-instruct,Qwen--Qwen2.5-7B-Instruct,DistServe,DistServe-2A100,distserve_2a100,realistic_pcie,1,short_extra_11,78.27952300431207,4636.704810021911,0.6747230072505772,78.95424601156265,4714.984333026223
mid_l50,mid,50,qwen2.5-7b-instruct,Qwen--Qwen2.5-7B-Instruct,DistServe,DistServe-2A100,distserve_2a100,realistic_pcie,1,short_extra_12,76.85431197751313,4652.277315035462,0.8436210337094963,77.69793301122263,4729.1316270129755
mid_l50,mid,50,qwen2.5-7b-instruct,Qwen--Qwen2.5-7B-Instruct,DistServe,DistServe-2A100,distserve_2a100,realistic_pcie,1,short_extra_13,76.54859300237149,4633.825900033116,1.6438120510429144,78.1924050534144,4710.374493035488
mid_l50,mid,50,qwen2.5-7b-instruct,Qwen--Qwen2.5-7B-Instruct,DistServe,DistServe-2A100,distserve_2a100,realistic_pcie,1,short_extra_14,104.81255600461736,4607.896200963296,71.9983781400515,78.54114600922912,4712.708756967913
mid_l50,mid,50,qwen2.5-7b-instruct,Qwen--Qwen2.5-7B-Instruct,DistServe,DistServe-2A100,distserve_2a100,realistic_pcie,1,short_extra_15,76.50296995416284,4660.329797014128,3.289975051302463,79.7929450054653,4736.832766968291
mid_l50,mid,50,qwen2.5-7b-instruct,Qwen--Qwen2.5-7B-Instruct,DistServe,DistServe-2A100,distserve_2a100,realistic_pcie,1,short_extra_16,77.22462399397045,4637.8209959948435,2.8429190278984606,80.06754302186891,4715.045619988814
mid_l50,mid,50,qwen2.5-7b-instruct,Qwen--Qwen2.5-7B-Instruct,DistServe,DistServe-2A100,distserve_2a100,realistic_pcie,1,short_extra_17,76.75578899215907,4660.271102038678,1.8976000137627125,78.65338900592178,4737.026891030837
mid_l70,mid,70,baichuan2-7b-chat,baichuan-inc--Baichuan2-7B-Chat,DistServe,DistServe-2A100,distserve_2a100,realistic_pcie,0,long_a,218.13289396231994,1023.7586860312149,2.260450040921569,220.3933440032415,1241.8915799935348
mid_l70,mid,70,baichuan2-7b-chat,baichuan-inc--Baichuan2-7B-Chat,DistServe,DistServe-2A100,distserve_2a100,realistic_pcie,0,long_b,266.60212699789554,4606.356961012352,71.974327515818,265.7520559732802,4872.959088010248
mid_l70,mid,70,baichuan2-7b-chat,baichuan-inc--Baichuan2-7B-Chat,DistServe,DistServe-2A100,distserve_2a100,realistic_pcie,0,long_extra_00,222.9209840297699,1315.8630509860814,20.56036017165752,220.4205659800209,1538.7840350158513
mid_l70,mid,70,baichuan2-7b-chat,baichuan-inc--Baichuan2-7B-Chat,DistServe,DistServe-2A100,distserve_2a100,realistic_pcie,0,long_extra_01,215.6546510523185,4637.913004960865,6.51025993283838,222.1649109851569,4853.567656013183
mid_l70,mid,70,baichuan2-7b-chat,baichuan-inc--Baichuan2-7B-Chat,DistServe,DistServe-2A100,distserve_2a100,realistic_pcie,0,long_extra_02,266.160341037903,2.8714269283227623,2.8714269283227623,269.03176796622574,269.03176796622574
mid_l70,mid,70,baichuan2-7b-chat,baichuan-inc--Baichuan2-7B-Chat,DistServe,DistServe-2A100,distserve_2a100,realistic_pcie,0,long_extra_03,256.96244003484026,4618.756196927279,3.335860965307802,260.29830100014806,4875.7186369621195
mid_l70,mid,70,baichuan2-7b-chat,baichuan-inc--Baichuan2-7B-Chat,DistServe,DistServe-2A100,distserve_2a100,realistic_pcie,0,long_extra_04,272.69162295851856,8.981445047538728,8.981445047538728,281.6730680060573,281.6730680060573
mid_l70,mid,70,baichuan2-7b-chat,baichuan-inc--Baichuan2-7B-Chat,DistServe,DistServe-2A100,distserve_2a100,realistic_pcie,0,long_extra_05,211.13094297470525,4606.3104280037805,4.4768210500478745,215.60776402475312,4817.441370978486
mid_l70,mid,70,baichuan2-7b-chat,baichuan-inc--Baichuan2-7B-Chat,DistServe,DistServe-2A100,distserve_2a100,realistic_pcie,0,long_extra_06,287.0778400101699,2497.6461339974776,4.980834026355296,292.0586740365252,2784.7239740076475
mid_l70,mid,70,baichuan2-7b-chat,baichuan-inc--Baichuan2-7B-Chat,DistServe,DistServe-2A100,distserve_2a100,realistic_pcie,0,long_extra_07,212.84466900397092,4617.549624003004,9.274284006096423,222.11895301006734,4830.394293006975
mid_l70,mid,70,baichuan2-7b-chat,baichuan-inc--Baichuan2-7B-Chat,DistServe,DistServe-2A100,distserve_2a100,realistic_pcie,0,long_extra_08,248.50136297754943,778.605547035113,12.16571167242364,242.50594101613387,1027.1069100126624
mid_l70,mid,70,baichuan2-7b-chat,baichuan-inc--Baichuan2-7B-Chat,DistServe,DistServe-2A100,distserve_2a100,realistic_pcie,0,long_extra_09,215.55795101448894,4621.340162993874,1.5490480000153184,217.10699901450425,4836.898114008363
mid_l70,mid,70,baichuan2-7b-chat,baichuan-inc--Baichuan2-7B-Chat,DistServe,DistServe-2A100,distserve_2a100,realistic_pcie,0,long_extra_10,220.81951604923233,0.01,0.00015625,219.78296100860462,219.78296100860462
mid_l70,mid,70,baichuan2-7b-chat,baichuan-inc--Baichuan2-7B-Chat,DistServe,DistServe-2A100,distserve_2a100,realistic_pcie,0,long_extra_11,213.72341498499736,4607.714090961963,3.7249570013955235,217.44837198639289,4821.43750594696
mid_l70,mid,70,baichuan2-7b-chat,baichuan-inc--Baichuan2-7B-Chat,DistServe,DistServe-2A100,distserve_2a100,realistic_pcie,0,long_extra_12,224.04290497070178,0.01,0.00015625,222.9162179864943,222.9162179864943
mid_l70,mid,70,baichuan2-7b-chat,baichuan-inc--Baichuan2-7B-Chat,DistServe,DistServe-2A100,distserve_2a100,realistic_pcie,0,long_extra_13,217.1888949815184,4611.76548502408,72.05883570350125,217.04045898513868,4828.954380005598
mid_l70,mid,70,baichuan2-7b-chat,baichuan-inc--Baichuan2-7B-Chat,DistServe,DistServe-2A100,distserve_2a100,realistic_pcie,0,long_extra_14,262.4848930281587,7.095338020008057,7.095338020008057,269.58023104816675,269.58023104816675
mid_l70,mid,70,baichuan2-7b-chat,baichuan-inc--Baichuan2-7B-Chat,DistServe,DistServe-2A100,distserve_2a100,realistic_pcie,0,long_extra_15,219.1189950099215,4603.473356983159,3.0107629718258977,222.1297579817474,4822.59235199308
mid_l70,mid,70,baichuan2-7b-chat,baichuan-inc--Baichuan2-7B-Chat,DistServe,DistServe-2A100,distserve_2a100,realistic_pcie,0,long_extra_16,273.9780959673226,9.728569071739912,9.728569071739912,283.7066650390625,283.7066650390625
mid_l70,mid,70,baichuan2-7b-chat,baichuan-inc--Baichuan2-7B-Chat,DistServe,DistServe-2A100,distserve_2a100,realistic_pcie,0,long_extra_17,216.46706899628043,4608.338584017474,72.00529037527303,214.00295797502622,4824.805653013755
mid_l70,mid,70,baichuan2-7b-chat,baichuan-inc--Baichuan2-7B-Chat,DistServe,DistServe-2A100,distserve_2a100,realistic_pcie,0,long_extra_18,223.41044497443363,808.5515120183118,4.0968520333990455,227.50729700783268,1031.9619569927454
mid_l70,mid,70,baichuan2-7b-chat,baichuan-inc--Baichuan2-7B-Chat,DistServe,DistServe-2A100,distserve_2a100,realistic_pcie,0,long_extra_19,209.49736097827554,4620.523648045491,11.716534034349024,221.21389501262456,4830.021009023767
mid_l70,mid,70,baichuan2-7b-chat,baichuan-inc--Baichuan2-7B-Chat,DistServe,DistServe-2A100,distserve_2a100,realistic_pcie,0,long_extra_20,224.8314330354333,1681.2166489544325,26.269010139913007,224.5294899912551,1906.0480819898658
mid_l70,mid,70,baichuan2-7b-chat,baichuan-inc--Baichuan2-7B-Chat,DistServe,DistServe-2A100,distserve_2a100,realistic_pcie,0,long_extra_21,240.66621897509322,4613.2314200513065,72.08174093830166,239.61966700153425,4853.8976390264
mid_l70,mid,70,baichuan2-7b-chat,baichuan-inc--Baichuan2-7B-Chat,DistServe,DistServe-2A100,distserve_2a100,realistic_pcie,0,long_extra_22,217.32608001912013,8.047411974985152,8.047411974985152,225.37349199410528,225.37349199410528
mid_l70,mid,70,baichuan2-7b-chat,baichuan-inc--Baichuan2-7B-Chat,DistServe,DistServe-2A100,distserve_2a100,realistic_pcie,0,long_extra_23,212.26354700047523,4618.571721948683,5.912776978220791,218.17632397869602,4830.8352689491585
mid_l70,mid,70,baichuan2-7b-chat,baichuan-inc--Baichuan2-7B-Chat,DistServe,DistServe-2A100,distserve_2a100,realistic_pcie,0,long_extra_24,265.3530899551697,5.556270072702318,5.556270072702318,270.909360027872,270.909360027872
mid_l70,mid,70,baichuan2-7b-chat,baichuan-inc--Baichuan2-7B-Chat,DistServe,DistServe-2A100,distserve_2a100,realistic_pcie,0,long_extra_25,215.37150000222027,4609.703319962136,5.929269944317639,221.3007699465379,4825.074819964357
mid_l70,mid,70,baichuan2-7b-chat,baichuan-inc--Baichuan2-7B-Chat,DistServe,DistServe-2A100,distserve_2a100,realistic_pcie,0,mid_b,76.51637902017683,4607.187404995784,1.9694680231623352,78.48584704333916,4683.703784015961
mid_l70,mid,70,baichuan2-7b-chat,baichuan-inc--Baichuan2-7B-Chat,DistServe,DistServe-2A100,distserve_2a100,realistic_pcie,0,short_a,76.11750200157985,4609.377672022674,0.9755329811014235,77.09303498268127,4685.495174024254
mid_l70,mid,70,baichuan2-7b-chat,baichuan-inc--Baichuan2-7B-Chat,DistServe,DistServe-2A100,distserve_2a100,realistic_pcie,0,short_extra_00,77.42131198756397,4613.630080013536,0.6133950082585216,78.03470699582249,4691.0513920011
mid_l70,mid,70,baichuan2-7b-chat,baichuan-inc--Baichuan2-7B-Chat,DistServe,DistServe-2A100,distserve_2a100,realistic_pcie,0,short_extra_01,77.07350701093674,4614.276476961095,72.09806995251711,76.6505780047737,4691.349983972032
mid_l70,mid,70,baichuan2-7b-chat,baichuan-inc--Baichuan2-7B-Chat,DistServe,DistServe-2A100,distserve_2a100,realistic_pcie,0,short_extra_02,76.88089902512729,3304.258671007119,0.884292006958276,77.76519103208557,3381.1395700322464
mid_l70,mid,70,baichuan2-7b-chat,baichuan-inc--Baichuan2-7B-Chat,DistServe,DistServe-2A100,distserve_2a100,realistic_pcie,0,short_extra_03,77.3988589644432,4603.936038038228,0.2071130438707769,77.60597200831398,4681.334897002671
mid_l70,mid,70,baichuan2-7b-chat,baichuan-inc--Baichuan2-7B-Chat,DistServe,DistServe-2A100,distserve_2a100,realistic_pcie,0,short_extra_04,76.32510003168136,4588.658988010138,0.07420696783810854,76.39930699951947,4664.98408804182
mid_l70,mid,70,baichuan2-7b-chat,baichuan-inc--Baichuan2-7B-Chat,DistServe,DistServe-2A100,distserve_2a100,realistic_pcie,0,short_extra_05,76.64350798586383,4650.712955975905,1.050519000273198,77.69402698613703,4727.356463961769
mid_l70,mid,70,baichuan2-7b-chat,baichuan-inc--Baichuan2-7B-Chat,DistServe,DistServe-2A100,distserve_2a100,realistic_pcie,0,short_extra_06,77.93231401592493,3661.435153975617,57.20992428086902,77.82094000140205,3739.367467991542
mid_l70,mid,70,baichuan2-7b-chat,baichuan-inc--Baichuan2-7B-Chat,DistServe,DistServe-2A100,distserve_2a100,realistic_pcie,0,short_extra_07,77.05449702916667,4604.789100005291,71.94982968758268,76.66469301329926,4681.843597034458
mid_l70,mid,70,baichuan2-7b-chat,baichuan-inc--Baichuan2-7B-Chat,DistServe,DistServe-2A100,distserve_2a100,realistic_pcie,0,short_extra_08,77.38620997406542,4613.174264028203,0.6079170270822942,77.99412700114772,4690.560474002268
mid_l70,mid,70,baichuan2-7b-chat,baichuan-inc--Baichuan2-7B-Chat,DistServe,DistServe-2A100,distserve_2a100,realistic_pcie,0,short_extra_09,77.17878802213818,4612.556173990015,0.5516869714483619,77.73047499358654,4689.734962012153
mid_l70,mid,70,baichuan2-7b-chat,baichuan-inc--Baichuan2-7B-Chat,DistServe,DistServe-2A100,distserve_2a100,realistic_pcie,1,long_a,218.8608880387619,1023.7025140086189,1.8040449940599501,220.66493303282186,1242.5634020473808
mid_l70,mid,70,baichuan2-7b-chat,baichuan-inc--Baichuan2-7B-Chat,DistServe,DistServe-2A100,distserve_2a100,realistic_pcie,1,long_b,268.68968800408766,4624.705662019551,72.26102596905548,267.5131470314227,4893.3953500236385
mid_l70,mid,70,baichuan2-7b-chat,baichuan-inc--Baichuan2-7B-Chat,DistServe,DistServe-2A100,distserve_2a100,realistic_pcie,1,long_extra_00,220.01666197320446,1317.8250310011208,1.8283459939993918,221.84500796720386,1537.8416929743253
mid_l70,mid,70,baichuan2-7b-chat,baichuan-inc--Baichuan2-7B-Chat,DistServe,DistServe-2A100,distserve_2a100,realistic_pcie,1,long_extra_01,220.1186210149899,4617.658043978736,4.657604033127427,224.77622504811734,4837.776664993726
mid_l70,mid,70,baichuan2-7b-chat,baichuan-inc--Baichuan2-7B-Chat,DistServe,DistServe-2A100,distserve_2a100,realistic_pcie,1,long_extra_02,266.7028220021166,0.01,0.00015625,265.90691099409014,265.90691099409014
mid_l70,mid,70,baichuan2-7b-chat,baichuan-inc--Baichuan2-7B-Chat,DistServe,DistServe-2A100,distserve_2a100,realistic_pcie,1,long_extra_03,255.70739601971582,4622.289956023451,5.914553010370582,261.6219490300864,4877.997352043167
mid_l70,mid,70,baichuan2-7b-chat,baichuan-inc--Baichuan2-7B-Chat,DistServe,DistServe-2A100,distserve_2a100,realistic_pcie,1,long_extra_04,275.22258000681177,9.177323954645544,9.177323954645544,284.3999039614573,284.3999039614573
mid_l70,mid,70,baichuan2-7b-chat,baichuan-inc--Baichuan2-7B-Chat,DistServe,DistServe-2A100,distserve_2a100,realistic_pcie,1,long_extra_05,210.81035496899858,4617.28328303434,7.887160056270659,218.69751502526924,4828.093638003338
mid_l70,mid,70,baichuan2-7b-chat,baichuan-inc--Baichuan2-7B-Chat,DistServe,DistServe-2A100,distserve_2a100,realistic_pcie,1,long_extra_06,222.88626903900877,4599.365269939881,6.742484925780445,229.6287539647892,4822.25153897889
mid_l70,mid,70,baichuan2-7b-chat,baichuan-inc--Baichuan2-7B-Chat,DistServe,DistServe-2A100,distserve_2a100,realistic_pcie,1,long_extra_07,213.4127959725447,4611.553937022109,7.554481038823724,220.96727701136842,4824.966732994653
mid_l70,mid,70,baichuan2-7b-chat,baichuan-inc--Baichuan2-7B-Chat,DistServe,DistServe-2A100,distserve_2a100,realistic_pcie,1,long_extra_08,251.99480296578258,732.7337529859506,11.448964890405477,249.96513599762693,984.7285559517331
mid_l70,mid,70,baichuan2-7b-chat,baichuan-inc--Baichuan2-7B-Chat,DistServe,DistServe-2A100,distserve_2a100,realistic_pcie,1,long_extra_09,219.29814899340272,4602.196899999399,71.9093265624906,214.34381295694038,4821.4950489928015
mid_l70,mid,70,baichuan2-7b-chat,baichuan-inc--Baichuan2-7B-Chat,DistServe,DistServe-2A100,distserve_2a100,realistic_pcie,1,long_extra_10,219.9054359807633,1174.667044018861,3.929340047761798,223.83477602852508,1394.5724799996242
mid_l70,mid,70,baichuan2-7b-chat,baichuan-inc--Baichuan2-7B-Chat,DistServe,DistServe-2A100,distserve_2a100,realistic_pcie,1,long_extra_11,216.0062569892034,4605.263411998749,1.6628560260869563,217.66911301529035,4821.269668987952
mid_l70,mid,70,baichuan2-7b-chat,baichuan-inc--Baichuan2-7B-Chat,DistServe,DistServe-2A100,distserve_2a100,realistic_pcie,1,long_extra_12,222.9706150246784,0.24791294708848,0.24791294708848,223.2185279717669,223.2185279717669
mid_l70,mid,70,baichuan2-7b-chat,baichuan-inc--Baichuan2-7B-Chat,DistServe,DistServe-2A100,distserve_2a100,realistic_pcie,1,long_extra_13,217.23007201217115,4603.193957998883,71.92490559373255,214.74371501244605,4820.424030011054
mid_l70,mid,70,baichuan2-7b-chat,baichuan-inc--Baichuan2-7B-Chat,DistServe,DistServe-2A100,distserve_2a100,realistic_pcie,1,long_extra_14,265.9875879762694,2.9691680101677775,2.9691680101677775,268.9567559864372,268.9567559864372
mid_l70,mid,70,baichuan2-7b-chat,baichuan-inc--Baichuan2-7B-Chat,DistServe,DistServe-2A100,distserve_2a100,realistic_pcie,1,long_extra_15,219.41672899993137,4605.871389969252,3.5610420163720846,222.97777101630345,4825.288118969183
mid_l70,mid,70,baichuan2-7b-chat,baichuan-inc--Baichuan2-7B-Chat,DistServe,DistServe-2A100,distserve_2a100,realistic_pcie,1,long_extra_16,277.89513900643215,4.997274954803288,4.997274954803288,282.89241396123543,282.89241396123543
mid_l70,mid,70,baichuan2-7b-chat,baichuan-inc--Baichuan2-7B-Chat,DistServe,DistServe-2A100,distserve_2a100,realistic_pcie,1,long_extra_17,215.46300098998472,4600.612538983114,71.88457092161116,214.83297197846696,4816.075539973099
mid_l70,mid,70,baichuan2-7b-chat,baichuan-inc--Baichuan2-7B-Chat,DistServe,DistServe-2A100,distserve_2a100,realistic_pcie,1,long_extra_18,226.5962939709425,3154.127227026038,5.480548075865954,232.07684204680845,3380.7235209969804
mid_l70,mid,70,baichuan2-7b-chat,baichuan-inc--Baichuan2-7B-Chat,DistServe,DistServe-2A100,distserve_2a100,realistic_pcie,1,long_extra_19,213.49334303522483,4610.679356963374,6.0224279295653105,219.51577096479014,4824.172699998599
mid_l70,mid,70,baichuan2-7b-chat,baichuan-inc--Baichuan2-7B-Chat,DistServe,DistServe-2A100,distserve_2a100,realistic_pcie,1,long_extra_20,224.19636498671025,1686.330437019933,4.2088350164704025,228.40520000318065,1910.5268020066433
mid_l70,mid,70,baichuan2-7b-chat,baichuan-inc--Baichuan2-7B-Chat,DistServe,DistServe-2A100,distserve_2a100,realistic_pcie,1,long_extra_21,244.45912399096414,4611.000917037018,72.0468893287034,238.3173790294677,4855.460041027982
mid_l70,mid,70,baichuan2-7b-chat,baichuan-inc--Baichuan2-7B-Chat,DistServe,DistServe-2A100,distserve_2a100,realistic_pcie,1,long_extra_22,216.0852340166457,8.624783949926496,8.624783949926496,224.7100179665722,224.7100179665722
mid_l70,mid,70,baichuan2-7b-chat,baichuan-inc--Baichuan2-7B-Chat,DistServe,DistServe-2A100,distserve_2a100,realistic_pcie,1,long_extra_23,212.2326039825566,4613.014598027803,7.069924031384289,219.3025280139409,4825.24720201036
mid_l70,mid,70,baichuan2-7b-chat,baichuan-inc--Baichuan2-7B-Chat,DistServe,DistServe-2A100,distserve_2a100,realistic_pcie,1,long_extra_24,263.40003398945555,6.858238019049168,6.858238019049168,270.2582720085047,270.2582720085047
mid_l70,mid,70,baichuan2-7b-chat,baichuan-inc--Baichuan2-7B-Chat,DistServe,DistServe-2A100,distserve_2a100,realistic_pcie,1,long_extra_25,217.34127798117697,4618.284197058529,4.434964037500322,221.7762420186773,4835.625475039706
mid_l70,mid,70,baichuan2-7b-chat,baichuan-inc--Baichuan2-7B-Chat,DistServe,DistServe-2A100,distserve_2a100,realistic_pcie,1,mid_b,76.14142895909026,4609.391865029465,1.1678580194711685,77.30928697856143,4685.533293988556
mid_l70,mid,70,baichuan2-7b-chat,baichuan-inc--Baichuan2-7B-Chat,DistServe,DistServe-2A100,distserve_2a100,realistic_pcie,1,short_a,76.08192600309849,4580.181083991192,0.854021986015141,76.93594798911363,4656.263009994291
mid_l70,mid,70,baichuan2-7b-chat,baichuan-inc--Baichuan2-7B-Chat,DistServe,DistServe-2A100,distserve_2a100,realistic_pcie,1,short_extra_00,77.04353000735864,4593.567297968548,71.77448903075856,77.01666897628456,4670.610827975906
mid_l70,mid,70,baichuan2-7b-chat,baichuan-inc--Baichuan2-7B-Chat,DistServe,DistServe-2A100,distserve_2a100,realistic_pcie,1,short_extra_01,76.55826100381091,4594.402285991237,0.5048959865234792,77.06315699033439,4670.9605469950475
mid_l70,mid,70,baichuan2-7b-chat,baichuan-inc--Baichuan2-7B-Chat,DistServe,DistServe-2A100,distserve_2a100,realistic_pcie,1,short_extra_02,77.25964597193524,4600.554880977143,1.432398974429816,78.69204494636506,4677.814526949078
mid_l70,mid,70,baichuan2-7b-chat,baichuan-inc--Baichuan2-7B-Chat,DistServe,DistServe-2A100,distserve_2a100,realistic_pcie,1,short_extra_03,76.52904401766136,4614.057739963755,1.0316839907318354,77.5607280083932,4690.586783981416
mid_l70,mid,70,baichuan2-7b-chat,baichuan-inc--Baichuan2-7B-Chat,DistServe,DistServe-2A100,distserve_2a100,realistic_pcie,1,short_extra_04,76.72577101038769,4582.091495976783,71.59517962463724,75.43694198830053,4658.817266987171
mid_l70,mid,70,baichuan2-7b-chat,baichuan-inc--Baichuan2-7B-Chat,DistServe,DistServe-2A100,distserve_2a100,realistic_pcie,1,short_extra_05,77.14832096826285,4624.908283003606,1.7649999936111271,78.91332096187398,4702.056603971869
mid_l70,mid,70,baichuan2-7b-chat,baichuan-inc--Baichuan2-7B-Chat,DistServe,DistServe-2A100,distserve_2a100,realistic_pcie,1,short_extra_06,77.32438301900402,3445.6191759672947,0.04298397107049823,77.36736699007452,3522.9435589862987
mid_l70,mid,70,baichuan2-7b-chat,baichuan-inc--Baichuan2-7B-Chat,DistServe,DistServe-2A100,distserve_2a100,realistic_pcie,1,short_extra_07,77.28418899932876,4601.747319975402,71.90230187461566,76.97535795159638,4679.031508974731
mid_l70,mid,70,baichuan2-7b-chat,baichuan-inc--Baichuan2-7B-Chat,DistServe,DistServe-2A100,distserve_2a100,realistic_pcie,1,short_extra_08,76.77951600635424,4592.760251020081,0.5844950210303068,77.36401102738455,4669.539767026436
mid_l70,mid,70,baichuan2-7b-chat,baichuan-inc--Baichuan2-7B-Chat,DistServe,DistServe-2A100,distserve_2a100,realistic_pcie,1,short_extra_09,76.39327098149806,4603.025756019633,0.6464170292019844,77.03968801070005,4679.419027001131
mid_l70,mid,70,gemma-2-9b-it,google--gemma-2-9b-it,DistServe,DistServe-2A100,distserve_2a100,realistic_pcie,0,long_a,315.9641829552129,1907.3228240013123,2.7553310501389205,318.7195140053518,2223.287006956525
mid_l70,mid,70,gemma-2-9b-it,google--gemma-2-9b-it,DistServe,DistServe-2A100,distserve_2a100,realistic_pcie,0,long_b,361.66153399972245,7474.945798981935,116.79602810909273,360.7239460106939,7836.607332981657
mid_l70,mid,70,gemma-2-9b-it,google--gemma-2-9b-it,DistServe,DistServe-2A100,distserve_2a100,realistic_pcie,0,long_extra_00,315.26796298567206,1317.8320670267567,7.0142310578376055,322.28219404350966,1633.1000300124288
mid_l70,mid,70,gemma-2-9b-it,google--gemma-2-9b-it,DistServe,DistServe-2A100,distserve_2a100,realistic_pcie,0,long_extra_01,317.8234380320646,7510.670313960873,8.585073926951736,326.4085119590163,7828.493751992937
mid_l70,mid,70,gemma-2-9b-it,google--gemma-2-9b-it,DistServe,DistServe-2A100,distserve_2a100,realistic_pcie,0,long_extra_02,335.2213919861242,7497.719033039175,9.53501503681764,344.75640702294186,7832.940425025299
mid_l70,mid,70,gemma-2-9b-it,google--gemma-2-9b-it,DistServe,DistServe-2A100,distserve_2a100,realistic_pcie,0,long_extra_03,338.79703195998445,7523.179980053101,7.1370720397681,345.93410399975255,7861.977012013085
mid_l70,mid,70,gemma-2-9b-it,google--gemma-2-9b-it,DistServe,DistServe-2A100,distserve_2a100,realistic_pcie,0,long_extra_04,355.95182701945305,7535.674154991284,13.118889997713268,369.0707170171663,7891.625982010737
mid_l70,mid,70,gemma-2-9b-it,google--gemma-2-9b-it,DistServe,DistServe-2A100,distserve_2a100,realistic_pcie,0,long_extra_05,314.9375229841098,7508.119052974507,8.600789005868137,323.53831198997796,7823.056575958617
mid_l70,mid,70,gemma-2-9b-it,google--gemma-2-9b-it,DistServe,DistServe-2A100,distserve_2a100,realistic_pcie,0,long_extra_06,428.88497398234904,1319.9346180190332,4.637267964426428,433.52224194677547,1748.8195920013823
mid_l70,mid,70,gemma-2-9b-it,google--gemma-2-9b-it,DistServe,DistServe-2A100,distserve_2a100,realistic_pcie,0,long_extra_07,313.66877403343096,7491.2436149897985,11.08566700713709,324.75444104056805,7804.9123890232295
mid_l70,mid,70,gemma-2-9b-it,google--gemma-2-9b-it,DistServe,DistServe-2A100,distserve_2a100,realistic_pcie,0,long_extra_08,316.4955739630386,834.0845540515147,1.1297240271233022,317.6252979901619,1150.5801280145533
mid_l70,mid,70,gemma-2-9b-it,google--gemma-2-9b-it,DistServe,DistServe-2A100,distserve_2a100,realistic_pcie,0,long_extra_09,316.39800500124693,7510.508027044125,117.35168792256445,313.76655504573137,7826.906032045372
mid_l70,mid,70,gemma-2-9b-it,google--gemma-2-9b-it,DistServe,DistServe-2A100,distserve_2a100,realistic_pcie,0,long_extra_10,318.43230401864275,7487.913765013218,7.033651985693723,325.4659560043365,7806.346069031861
mid_l70,mid,70,gemma-2-9b-it,google--gemma-2-9b-it,DistServe,DistServe-2A100,distserve_2a100,realistic_pcie,0,long_extra_11,315.04709500586614,7499.6813659672625,5.60023495927453,320.64732996514067,7814.728460973129
mid_l70,mid,70,gemma-2-9b-it,google--gemma-2-9b-it,DistServe,DistServe-2A100,distserve_2a100,realistic_pcie,0,long_extra_12,317.6192350219935,3206.0748789808713,1.9564389949664474,319.57567401695997,3523.694114002865
mid_l70,mid,70,gemma-2-9b-it,google--gemma-2-9b-it,DistServe,DistServe-2A100,distserve_2a100,realistic_pcie,0,long_extra_13,315.4107939917594,7483.223588031251,7.298354059457779,322.7091480512172,7798.63438202301
mid_l70,mid,70,gemma-2-9b-it,google--gemma-2-9b-it,DistServe,DistServe-2A100,distserve_2a100,realistic_pcie,0,long_extra_14,336.39670797856525,7494.059279037174,9.038541000336409,345.43524897890165,7830.455987015739
mid_l70,mid,70,gemma-2-9b-it,google--gemma-2-9b-it,DistServe,DistServe-2A100,distserve_2a100,realistic_pcie,0,long_extra_15,325.23230399237946,7486.2469579675235,2.8071269625797868,328.03943095495924,7811.479261959903
mid_l70,mid,70,gemma-2-9b-it,google--gemma-2-9b-it,DistServe,DistServe-2A100,distserve_2a100,realistic_pcie,0,long_extra_16,355.8038729825057,7482.412174984347,10.333181009627879,366.1370539921336,7838.216047966853
mid_l70,mid,70,gemma-2-9b-it,google--gemma-2-9b-it,DistServe,DistServe-2A100,distserve_2a100,realistic_pcie,0,long_extra_17,317.57983402349055,7502.459292998537,4.699732002336532,322.2795660258271,7820.039127022028
mid_l70,mid,70,gemma-2-9b-it,google--gemma-2-9b-it,DistServe,DistServe-2A100,distserve_2a100,realistic_pcie,0,long_extra_18,313.6474789935164,243.46179800340906,5.232770054135472,318.8802490476519,557.1092769969255
mid_l70,mid,70,gemma-2-9b-it,google--gemma-2-9b-it,DistServe,DistServe-2A100,distserve_2a100,realistic_pcie,0,long_extra_19,315.2967600035481,7510.295717976987,10.400497005321085,325.6972570088692,7825.5924779805355
mid_l70,mid,70,gemma-2-9b-it,google--gemma-2-9b-it,DistServe,DistServe-2A100,distserve_2a100,realistic_pcie,0,long_extra_20,319.2609639954753,2977.3125530336984,4.343642038293183,323.6046060337685,3296.5735170291737
mid_l70,mid,70,gemma-2-9b-it,google--gemma-2-9b-it,DistServe,DistServe-2A100,distserve_2a100,realistic_pcie,0,long_extra_21,320.2453799895011,7488.854503026232,5.232373019680381,325.47775300918147,7809.099883015733
mid_l70,mid,70,gemma-2-9b-it,google--gemma-2-9b-it,DistServe,DistServe-2A100,distserve_2a100,realistic_pcie,0,long_extra_22,315.9865710185841,7518.509351997636,8.203980978578329,324.1905519971624,7834.49592301622
mid_l70,mid,70,gemma-2-9b-it,google--gemma-2-9b-it,DistServe,DistServe-2A100,distserve_2a100,realistic_pcie,0,long_extra_23,320.7997640129179,7516.071072022896,6.854243983980268,327.65400799689814,7836.870836035814
mid_l70,mid,70,gemma-2-9b-it,google--gemma-2-9b-it,DistServe,DistServe-2A100,distserve_2a100,realistic_pcie,0,long_extra_24,338.51674699690193,7522.913159977179,6.396426004357636,344.91317300125957,7861.429906974081
mid_l70,mid,70,gemma-2-9b-it,google--gemma-2-9b-it,DistServe,DistServe-2A100,distserve_2a100,realistic_pcie,0,long_extra_25,316.9626129674725,7504.169809049927,6.242618022952229,323.20523099042475,7821.132422017399
mid_l70,mid,70,gemma-2-9b-it,google--gemma-2-9b-it,DistServe,DistServe-2A100,distserve_2a100,realistic_pcie,0,mid_b,127.02990701654926,7502.8145289979875,2.120752993505448,129.1506600100547,7629.844436014537
mid_l70,mid,70,gemma-2-9b-it,google--gemma-2-9b-it,DistServe,DistServe-2A100,distserve_2a100,realistic_pcie,0,short_a,128.017635026481,7528.305204003118,1.0901520145125687,129.10778704099357,7656.322839029599
mid_l70,mid,70,gemma-2-9b-it,google--gemma-2-9b-it,DistServe,DistServe-2A100,distserve_2a100,realistic_pcie,0,short_extra_00,127.60080501902848,7492.708756937645,1.256338960956782,128.85714397998527,7620.309561956674
mid_l70,mid,70,gemma-2-9b-it,google--gemma-2-9b-it,DistServe,DistServe-2A100,distserve_2a100,realistic_pcie,0,short_extra_01,128.17283300682902,7486.024583980907,0.6651360308751464,128.83796903770417,7614.197416987736
mid_l70,mid,70,gemma-2-9b-it,google--gemma-2-9b-it,DistServe,DistServe-2A100,distserve_2a100,realistic_pcie,0,short_extra_02,127.77372100390494,7526.669324957766,2.7598189772106707,130.5335399811156,7654.443045961671
mid_l70,mid,70,gemma-2-9b-it,google--gemma-2-9b-it,DistServe,DistServe-2A100,distserve_2a100,realistic_pcie,0,short_extra_03,128.55022901203483,7521.534261992201,0.978934986051172,129.529163998086,7650.084491004236
mid_l70,mid,70,gemma-2-9b-it,google--gemma-2-9b-it,DistServe,DistServe-2A100,distserve_2a100,realistic_pcie,0,short_extra_04,126.89161399612203,7524.826067034155,6.112694041803479,133.0043080379255,7651.717681030277
mid_l70,mid,70,gemma-2-9b-it,google--gemma-2-9b-it,DistServe,DistServe-2A100,distserve_2a100,realistic_pcie,0,short_extra_05,127.5494130095467,7475.509060954209,1.236087002325803,128.7855000118725,7603.058473963756
mid_l70,mid,70,gemma-2-9b-it,google--gemma-2-9b-it,DistServe,DistServe-2A100,distserve_2a100,realistic_pcie,0,short_extra_06,129.8933340003714,7505.897042981815,0.505029980558902,130.3983639809303,7635.790376982186
mid_l70,mid,70,gemma-2-9b-it,google--gemma-2-9b-it,DistServe,DistServe-2A100,distserve_2a100,realistic_pcie,0,short_extra_07,128.57931101461872,7500.049978960305,0.503344985190779,129.0826559998095,7628.629289974924
mid_l70,mid,70,gemma-2-9b-it,google--gemma-2-9b-it,DistServe,DistServe-2A100,distserve_2a100,realistic_pcie,0,short_extra_08,127.89094203617424,7493.239088973496,117.08186076521088,127.393689006567,7621.13003100967
mid_l70,mid,70,gemma-2-9b-it,google--gemma-2-9b-it,DistServe,DistServe-2A100,distserve_2a100,realistic_pcie,0,short_extra_09,128.96589701995254,7469.430544006173,116.70985225009645,127.6011070003733,7598.396441026125
mid_l70,mid,70,gemma-2-9b-it,google--gemma-2-9b-it,DistServe,DistServe-2A100,distserve_2a100,realistic_pcie,1,long_a,319.25427698297426,1906.4533640048467,29.78833381257573,317.4915009876713,2225.707640987821
mid_l70,mid,70,gemma-2-9b-it,google--gemma-2-9b-it,DistServe,DistServe-2A100,distserve_2a100,realistic_pcie,1,long_b,363.1446370272897,7513.427631987724,117.3973067498082,358.4780340315774,7876.572269015014
mid_l70,mid,70,gemma-2-9b-it,google--gemma-2-9b-it,DistServe,DistServe-2A100,distserve_2a100,realistic_pcie,1,long_extra_00,317.62728601461276,1317.7978669991717,3.0323059763759375,320.6595919909887,1635.4251530137844
mid_l70,mid,70,gemma-2-9b-it,google--gemma-2-9b-it,DistServe,DistServe-2A100,distserve_2a100,realistic_pcie,1,long_extra_01,322.92017398867756,7521.211450977717,1.806762011256069,324.72693599993363,7844.131624966394
mid_l70,mid,70,gemma-2-9b-it,google--gemma-2-9b-it,DistServe,DistServe-2A100,distserve_2a100,realistic_pcie,1,long_extra_02,337.072467955295,7541.390156024136,3.841639030724764,340.91410698601976,7878.462623979431
mid_l70,mid,70,gemma-2-9b-it,google--gemma-2-9b-it,DistServe,DistServe-2A100,distserve_2a100,realistic_pcie,1,long_extra_03,340.60968103585765,7523.755776986945,3.8419569609686732,344.4516379968263,7864.365458022803
mid_l70,mid,70,gemma-2-9b-it,google--gemma-2-9b-it,DistServe,DistServe-2A100,distserve_2a100,realistic_pcie,1,long_extra_04,358.6701729800552,7517.098923039157,9.451079007703811,368.121251987759,7875.769096019212
mid_l70,mid,70,gemma-2-9b-it,google--gemma-2-9b-it,DistServe,DistServe-2A100,distserve_2a100,realistic_pcie,1,long_extra_05,312.5383850419894,7778.884102939628,9.091610962059349,321.62999600404873,8091.422487981617
mid_l70,mid,70,gemma-2-9b-it,google--gemma-2-9b-it,DistServe,DistServe-2A100,distserve_2a100,realistic_pcie,1,long_extra_06,313.4425909956917,1316.6352129774168,8.129541005473584,321.5721320011653,1630.0778039731085
mid_l70,mid,70,gemma-2-9b-it,google--gemma-2-9b-it,DistServe,DistServe-2A100,distserve_2a100,realistic_pcie,1,long_extra_07,317.5584439886734,7484.6912900102325,5.790679017081857,323.34912300575525,7802.249733998906
mid_l70,mid,70,gemma-2-9b-it,google--gemma-2-9b-it,DistServe,DistServe-2A100,distserve_2a100,realistic_pcie,1,long_extra_08,316.94637198233977,838.3069119881839,13.098545499815373,316.15366600453854,1155.2532839705236
mid_l70,mid,70,gemma-2-9b-it,google--gemma-2-9b-it,DistServe,DistServe-2A100,distserve_2a100,realistic_pcie,1,long_extra_09,317.53537501208484,7508.899698965251,0.017181970179080963,317.5525569822639,7826.435073977336
mid_l70,mid,70,gemma-2-9b-it,google--gemma-2-9b-it,DistServe,DistServe-2A100,distserve_2a100,realistic_pcie,1,long_extra_10,319.8731709853746,7519.48821102269,7.678440015297383,327.551611000672,7839.3613820080645
mid_l70,mid,70,gemma-2-9b-it,google--gemma-2-9b-it,DistServe,DistServe-2A100,distserve_2a100,realistic_pcie,1,long_extra_11,317.179920966737,7507.177272986155,8.766796032432467,325.94671699916944,7824.357193952892
mid_l70,mid,70,gemma-2-9b-it,google--gemma-2-9b-it,DistServe,DistServe-2A100,distserve_2a100,realistic_pcie,1,long_extra_12,316.5630459552631,3251.4069390599616,4.1410200647078454,320.7040660199709,3567.9699850152247
mid_l70,mid,70,gemma-2-9b-it,google--gemma-2-9b-it,DistServe,DistServe-2A100,distserve_2a100,realistic_pcie,1,long_extra_13,315.07711799349636,7536.21526400093,6.154806993436068,321.2319249869324,7851.292381994426
mid_l70,mid,70,gemma-2-9b-it,google--gemma-2-9b-it,DistServe,DistServe-2A100,distserve_2a100,realistic_pcie,1,long_extra_14,339.41013499861583,7526.5694400295615,4.6201139921322465,344.0302489907481,7865.979575028177
mid_l70,mid,70,gemma-2-9b-it,google--gemma-2-9b-it,DistServe,DistServe-2A100,distserve_2a100,realistic_pcie,1,long_extra_15,323.61239299643785,7509.688068996184,1.2976379948668182,324.91003099130467,7833.300461992621
mid_l70,mid,70,gemma-2-9b-it,google--gemma-2-9b-it,DistServe,DistServe-2A100,distserve_2a100,realistic_pcie,1,long_extra_16,357.45688003953546,7504.633523931261,11.06345996959135,368.5203400091268,7862.090403970797
mid_l70,mid,70,gemma-2-9b-it,google--gemma-2-9b-it,DistServe,DistServe-2A100,distserve_2a100,realistic_pcie,1,long_extra_17,316.55243696877733,7495.103640016168,4.853942024055868,321.4063789928332,7811.656076984946
mid_l70,mid,70,gemma-2-9b-it,google--gemma-2-9b-it,DistServe,DistServe-2A100,distserve_2a100,realistic_pcie,1,long_extra_18,314.6655020536855,1313.9311369741336,5.903634941205382,320.56913699489087,1628.596639027819
mid_l70,mid,70,gemma-2-9b-it,google--gemma-2-9b-it,DistServe,DistServe-2A100,distserve_2a100,realistic_pcie,1,long_extra_19,312.7614000113681,7487.519819987938,8.119171019643545,320.88057103101164,7800.281219999306
mid_l70,mid,70,gemma-2-9b-it,google--gemma-2-9b-it,DistServe,DistServe-2A100,distserve_2a100,realistic_pcie,1,long_extra_20,322.46143103111535,2990.3539329534397,1.8271719454787672,324.2886029765941,3312.815363984555
mid_l70,mid,70,gemma-2-9b-it,google--gemma-2-9b-it,DistServe,DistServe-2A100,distserve_2a100,realistic_pcie,1,long_extra_21,326.4357069856487,7507.814479002263,2.882565022446215,329.31827200809494,7834.250185987912
mid_l70,mid,70,gemma-2-9b-it,google--gemma-2-9b-it,DistServe,DistServe-2A100,distserve_2a100,realistic_pcie,1,long_extra_22,318.78054898697883,7510.487953026313,5.133645026944578,323.9141940139234,7829.268502013292
mid_l70,mid,70,gemma-2-9b-it,google--gemma-2-9b-it,DistServe,DistServe-2A100,distserve_2a100,realistic_pcie,1,long_extra_23,322.3274829797447,7538.988618005533,3.2942750258371234,325.6217580055818,7861.316100985277
mid_l70,mid,70,gemma-2-9b-it,google--gemma-2-9b-it,DistServe,DistServe-2A100,distserve_2a100,realistic_pcie,1,long_extra_24,334.9218710209243,7546.909469005186,9.562402963638306,344.4842739845626,7881.83134002611
mid_l70,mid,70,gemma-2-9b-it,google--gemma-2-9b-it,DistServe,DistServe-2A100,distserve_2a100,realistic_pcie,1,long_extra_25,317.3506240127608,7542.539595975541,8.923877961933613,326.27450197469443,7859.890219988301
mid_l70,mid,70,gemma-2-9b-it,google--gemma-2-9b-it,DistServe,DistServe-2A100,distserve_2a100,realistic_pcie,1,mid_b,127.64896103180945,7445.027184963692,0.8247239748016,128.47368500661105,7572.676145995501
mid_l70,mid,70,gemma-2-9b-it,google--gemma-2-9b-it,DistServe,DistServe-2A100,distserve_2a100,realistic_pcie,1,short_a,128.3665329683572,7518.694803991821,117.4796063123722,127.92997399810702,7647.061336960178
mid_l70,mid,70,gemma-2-9b-it,google--gemma-2-9b-it,DistServe,DistServe-2A100,distserve_2a100,realistic_pcie,1,short_extra_00,126.4504010323435,7479.84387393808,2.9232619563117623,129.37366298865527,7606.294274970423
mid_l70,mid,70,gemma-2-9b-it,google--gemma-2-9b-it,DistServe,DistServe-2A100,distserve_2a100,realistic_pcie,1,short_extra_01,129.15243598399684,7531.955446000211,117.6868038437533,128.9882300188765,7661.107881984208
mid_l70,mid,70,gemma-2-9b-it,google--gemma-2-9b-it,DistServe,DistServe-2A100,distserve_2a100,realistic_pcie,1,short_extra_02,128.82926099700853,7493.721181002911,0.06045703776180744,128.88971803477034,7622.55044199992
mid_l70,mid,70,gemma-2-9b-it,google--gemma-2-9b-it,DistServe,DistServe-2A100,distserve_2a100,realistic_pcie,1,short_extra_03,128.1996889738366,7494.485782051925,1.1299080215394497,129.32959699537605,7622.685471025761
mid_l70,mid,70,gemma-2-9b-it,google--gemma-2-9b-it,DistServe,DistServe-2A100,distserve_2a100,realistic_pcie,1,short_extra_04,126.959299959708,7508.833831059746,0.42082503205165267,127.38012499175966,7635.793131019454
mid_l70,mid,70,gemma-2-9b-it,google--gemma-2-9b-it,DistServe,DistServe-2A100,distserve_2a100,realistic_pcie,1,short_extra_05,128.64968000212684,7463.170344999526,1.0489459964446723,129.69862599857152,7591.8200250016525
mid_l70,mid,70,gemma-2-9b-it,google--gemma-2-9b-it,DistServe,DistServe-2A100,distserve_2a100,realistic_pcie,1,short_extra_06,128.22689802851528,7474.6270349714905,3.188428992871195,131.41532702138647,7602.853933000006
mid_l70,mid,70,gemma-2-9b-it,google--gemma-2-9b-it,DistServe,DistServe-2A100,distserve_2a100,realistic_pcie,1,short_extra_07,127.66366999130696,7510.01509296475,117.34398582757422,127.20744998659939,7637.678762956057
mid_l70,mid,70,gemma-2-9b-it,google--gemma-2-9b-it,DistServe,DistServe-2A100,distserve_2a100,realistic_pcie,1,short_extra_08,126.8835740047507,7465.381579007953,0.12330798199400306,127.0068819867447,7592.265153012704
mid_l70,mid,70,gemma-2-9b-it,google--gemma-2-9b-it,DistServe,DistServe-2A100,distserve_2a100,realistic_pcie,1,short_extra_09,128.39398899814114,7473.793481010944,116.778023140796,126.41915399581194,7602.187470009085
mid_l70,mid,70,gemma-7b-it,google--gemma-7b-it,DistServe,DistServe-2A100,distserve_2a100,realistic_pcie,0,long_a,307.9659700160846,2941.166799981147,0.9888799977488816,308.9548500138335,3249.1327699972317
mid_l70,mid,70,gemma-7b-it,google--gemma-7b-it,DistServe,DistServe-2A100,distserve_2a100,realistic_pcie,0,long_b,355.23315699538216,4911.849314987194,1.3732549850828946,356.60641198046505,5267.082471982576
mid_l70,mid,70,gemma-7b-it,google--gemma-7b-it,DistServe,DistServe-2A100,distserve_2a100,realistic_pcie,0,long_extra_00,347.0102160354145,4514.467711967882,70.53855799949815,345.29066598042846,4861.477928003296
mid_l70,mid,70,gemma-7b-it,google--gemma-7b-it,DistServe,DistServe-2A100,distserve_2a100,realistic_pcie,0,long_extra_01,347.87945996504277,4886.145473050419,7.937122019939125,355.8165819849819,5234.024933015462
mid_l70,mid,70,gemma-7b-it,google--gemma-7b-it,DistServe,DistServe-2A100,distserve_2a100,realistic_pcie,0,long_extra_02,348.2489320449531,4891.048856952693,1.188889960758388,349.4378220057115,5239.297788997646
mid_l70,mid,70,gemma-7b-it,google--gemma-7b-it,DistServe,DistServe-2A100,distserve_2a100,realistic_pcie,0,long_extra_03,354.8760350095108,4897.351277002599,2.8009609668515623,357.6769959763624,5252.22731201211
mid_l70,mid,70,gemma-7b-it,google--gemma-7b-it,DistServe,DistServe-2A100,distserve_2a100,realistic_pcie,0,long_extra_04,345.0746039743535,1956.3594530336559,5.498142039868981,350.5727460142225,2301.4340570080094
mid_l70,mid,70,gemma-7b-it,google--gemma-7b-it,DistServe,DistServe-2A100,distserve_2a100,realistic_pcie,0,long_extra_05,309.3470599851571,4942.535259004217,5.262960039544851,314.61002002470195,5251.882318989374
mid_l70,mid,70,gemma-7b-it,google--gemma-7b-it,DistServe,DistServe-2A100,distserve_2a100,realistic_pcie,0,long_extra_06,402.2427999880165,4963.893602020107,25.224476994480938,427.4672769824974,5366.136402008124
mid_l70,mid,70,gemma-7b-it,google--gemma-7b-it,DistServe,DistServe-2A100,distserve_2a100,realistic_pcie,0,long_extra_07,306.94968602620065,4874.351893959101,6.8899120087735355,313.8395980349742,5181.301579985302
mid_l70,mid,70,gemma-7b-it,google--gemma-7b-it,DistServe,DistServe-2A100,distserve_2a100,realistic_pcie,0,long_extra_08,345.8809619769454,4899.400241032708,6.731707020662725,352.6126689976081,5245.281203009654
mid_l70,mid,70,gemma-7b-it,google--gemma-7b-it,DistServe,DistServe-2A100,distserve_2a100,realistic_pcie,0,long_extra_09,337.7899740007706,4899.43425898673,2.979439974296838,340.76941397506744,5237.224232987501
mid_l70,mid,70,gemma-7b-it,google--gemma-7b-it,DistServe,DistServe-2A100,distserve_2a100,realistic_pcie,0,long_extra_10,347.00724499998614,4907.376704970375,4.96894697425887,351.976191974245,5254.383949970361
mid_l70,mid,70,gemma-7b-it,google--gemma-7b-it,DistServe,DistServe-2A100,distserve_2a100,realistic_pcie,0,long_extra_11,314.0045329928398,4881.342499051243,1.1569950147531927,315.161528007593,5195.347032044083
mid_l70,mid,70,gemma-7b-it,google--gemma-7b-it,DistServe,DistServe-2A100,distserve_2a100,realistic_pcie,0,long_extra_12,311.3899509771727,2385.5565569829196,37.27432120285812,308.6846249643713,2696.9465079600923
mid_l70,mid,70,gemma-7b-it,google--gemma-7b-it,DistServe,DistServe-2A100,distserve_2a100,realistic_pcie,0,long_extra_13,314.83281403779984,4890.971084998455,0.4154189955443144,315.24823303334415,5205.803899036255
mid_l70,mid,70,gemma-7b-it,google--gemma-7b-it,DistServe,DistServe-2A100,distserve_2a100,realistic_pcie,0,long_extra_14,349.2958409478888,4495.044423034415,4.486512043513358,353.78235299140215,4844.340263982303
mid_l70,mid,70,gemma-7b-it,google--gemma-7b-it,DistServe,DistServe-2A100,distserve_2a100,realistic_pcie,0,long_extra_15,354.7599429730326,4883.541128074285,76.3053301261607,353.65283401915804,5238.301071047317
mid_l70,mid,70,gemma-7b-it,google--gemma-7b-it,DistServe,DistServe-2A100,distserve_2a100,realistic_pcie,0,long_extra_16,344.20417400542647,4898.0008700164035,8.044582966249436,352.2487569716759,5242.20504402183
mid_l70,mid,70,gemma-7b-it,google--gemma-7b-it,DistServe,DistServe-2A100,distserve_2a100,realistic_pcie,0,long_extra_17,311.48768501589075,4895.708334981464,76.49544273408537,309.26246201852337,5207.196019997355
mid_l70,mid,70,gemma-7b-it,google--gemma-7b-it,DistServe,DistServe-2A100,distserve_2a100,realistic_pcie,0,long_extra_18,334.5263720257208,4875.473845982924,2.569385978858918,337.0957580045797,5210.000218008645
mid_l70,mid,70,gemma-7b-it,google--gemma-7b-it,DistServe,DistServe-2A100,distserve_2a100,realistic_pcie,0,long_extra_19,307.64764902414754,4935.270149959251,9.597365919034928,317.24501494318247,5242.917798983399
mid_l70,mid,70,gemma-7b-it,google--gemma-7b-it,DistServe,DistServe-2A100,distserve_2a100,realistic_pcie,0,long_extra_20,349.0436489810236,4888.323827995919,0.22352999076247215,349.26717897178605,5237.367476976942
mid_l70,mid,70,gemma-7b-it,google--gemma-7b-it,DistServe,DistServe-2A100,distserve_2a100,realistic_pcie,0,long_extra_21,354.03564397711307,4977.293547010049,102.58315101964399,456.61879499675706,5331.329190987162
mid_l70,mid,70,gemma-7b-it,google--gemma-7b-it,DistServe,DistServe-2A100,distserve_2a100,realistic_pcie,0,long_extra_22,304.8711830051616,1549.4200539542362,4.976067983079702,309.8472509882413,1854.2912369593978
mid_l70,mid,70,gemma-7b-it,google--gemma-7b-it,DistServe,DistServe-2A100,distserve_2a100,realistic_pcie,0,long_extra_23,355.1531900302507,4877.250719990116,0.6258179782889783,355.7790080085397,5232.403910020366
mid_l70,mid,70,gemma-7b-it,google--gemma-7b-it,DistServe,DistServe-2A100,distserve_2a100,realistic_pcie,0,long_extra_24,341.5971670183353,4910.604523029178,11.416978028137237,353.01414504647255,5252.201690047514
mid_l70,mid,70,gemma-7b-it,google--gemma-7b-it,DistServe,DistServe-2A100,distserve_2a100,realistic_pcie,0,long_extra_25,340.69784899475053,4888.237608014606,76.37871262522822,340.5341620091349,5228.9354570093565
mid_l70,mid,70,gemma-7b-it,google--gemma-7b-it,DistServe,DistServe-2A100,distserve_2a100,realistic_pcie,0,mid_b,80.46744199236855,4893.160048057325,1.1623720056377351,81.62981399800628,4973.627490049694
mid_l70,mid,70,gemma-7b-it,google--gemma-7b-it,DistServe,DistServe-2A100,distserve_2a100,realistic_pcie,0,short_a,81.42673800466582,4891.845397010911,76.43508432829549,80.99544001743197,4973.272135015577
mid_l70,mid,70,gemma-7b-it,google--gemma-7b-it,DistServe,DistServe-2A100,distserve_2a100,realistic_pcie,0,short_extra_00,82.36684801522642,4893.586384016089,76.46228725025139,82.23370800260454,4975.953232031316
mid_l70,mid,70,gemma-7b-it,google--gemma-7b-it,DistServe,DistServe-2A100,distserve_2a100,realistic_pcie,0,short_extra_01,84.13271000608802,4880.735004961025,76.26148445251602,82.03809795668349,4964.867714967113
mid_l70,mid,70,gemma-7b-it,google--gemma-7b-it,DistServe,DistServe-2A100,distserve_2a100,realistic_pcie,0,short_extra_02,83.39315396733582,4887.388720992021,76.36544876550033,83.09141598874703,4970.781874959357
mid_l70,mid,70,gemma-7b-it,google--gemma-7b-it,DistServe,DistServe-2A100,distserve_2a100,realistic_pcie,0,short_extra_03,81.38664701255038,4896.544659975916,1.2211439898237586,82.60779100237414,4977.9313069884665
mid_l70,mid,70,gemma-7b-it,google--gemma-7b-it,DistServe,DistServe-2A100,distserve_2a100,realistic_pcie,0,short_extra_04,80.4918420035392,4900.513347995002,1.9906910019926727,82.48253300553188,4981.005189998541
mid_l70,mid,70,gemma-7b-it,google--gemma-7b-it,DistServe,DistServe-2A100,distserve_2a100,realistic_pcie,0,short_extra_05,79.23368597403169,4892.426298989449,5.838532990310341,85.07221896434203,4971.65998496348
mid_l70,mid,70,gemma-7b-it,google--gemma-7b-it,DistServe,DistServe-2A100,distserve_2a100,realistic_pcie,0,short_extra_06,85.05348098697141,4894.219226029236,76.47217540670681,83.80362804746255,4979.272707016207
mid_l70,mid,70,gemma-7b-it,google--gemma-7b-it,DistServe,DistServe-2A100,distserve_2a100,realistic_pcie,0,short_extra_07,78.24007602175698,4884.855056996457,4.466173995751888,82.70625001750886,4963.095133018214
mid_l70,mid,70,gemma-7b-it,google--gemma-7b-it,DistServe,DistServe-2A100,distserve_2a100,realistic_pcie,0,short_extra_08,78.73106998158619,4883.741254045162,5.0286740297451615,83.75974401133135,4962.4723240267485
mid_l70,mid,70,gemma-7b-it,google--gemma-7b-it,DistServe,DistServe-2A100,distserve_2a100,realistic_pcie,0,short_extra_09,79.4722160208039,4862.182924000081,4.158411989919841,83.63062801072374,4941.655140020885
mid_l70,mid,70,gemma-7b-it,google--gemma-7b-it,DistServe,DistServe-2A100,distserve_2a100,realistic_pcie,1,long_a,303.9241429651156,4880.709078046493,3.9014610811136663,307.8256040462293,5184.633221011609
mid_l70,mid,70,gemma-7b-it,google--gemma-7b-it,DistServe,DistServe-2A100,distserve_2a100,realistic_pcie,1,long_b,348.44238101504743,4931.276472983882,7.040532946120948,355.4829139611684,5279.718853998929
mid_l70,mid,70,gemma-7b-it,google--gemma-7b-it,DistServe,DistServe-2A100,distserve_2a100,realistic_pcie,1,long_extra_00,342.71440003067255,4890.672867943067,5.679619964212179,348.39401999488473,5233.38726797374
mid_l70,mid,70,gemma-7b-it,google--gemma-7b-it,DistServe,DistServe-2A100,distserve_2a100,realistic_pcie,1,long_extra_01,355.31587596051395,4921.272391045932,0.376052048522979,355.6919280090369,5276.588267006446
mid_l70,mid,70,gemma-7b-it,google--gemma-7b-it,DistServe,DistServe-2A100,distserve_2a100,realistic_pcie,1,long_extra_02,349.5528670027852,4872.607683995739,76.13449506243342,348.6223310464993,5222.160550998524
mid_l70,mid,70,gemma-7b-it,google--gemma-7b-it,DistServe,DistServe-2A100,distserve_2a100,realistic_pcie,1,long_extra_03,350.97378003410995,4898.652940988541,2.7674779412336648,353.7412579753436,5249.626721022651
mid_l70,mid,70,gemma-7b-it,google--gemma-7b-it,DistServe,DistServe-2A100,distserve_2a100,realistic_pcie,1,long_extra_04,341.5632509859279,3822.01681897277,13.929088017903268,355.49233900383115,4163.580069958698
mid_l70,mid,70,gemma-7b-it,google--gemma-7b-it,DistServe,DistServe-2A100,distserve_2a100,realistic_pcie,1,long_extra_05,305.6278239819221,4899.008329026401,6.552052043844014,312.17987602576613,5204.636153008323
mid_l70,mid,70,gemma-7b-it,google--gemma-7b-it,DistServe,DistServe-2A100,distserve_2a100,realistic_pcie,1,long_extra_06,330.154949973803,4907.640757039189,6.6538730170577765,336.8088229908608,5237.795707012992
mid_l70,mid,70,gemma-7b-it,google--gemma-7b-it,DistServe,DistServe-2A100,distserve_2a100,realistic_pcie,1,long_extra_07,305.57021999266,4882.377730042208,10.157292999792844,315.72751299245283,5187.947950034868
mid_l70,mid,70,gemma-7b-it,google--gemma-7b-it,DistServe,DistServe-2A100,distserve_2a100,realistic_pcie,1,long_extra_08,348.84755400707945,4889.411202981137,5.3890879498794675,354.2366419569589,5238.258756988216
mid_l70,mid,70,gemma-7b-it,google--gemma-7b-it,DistServe,DistServe-2A100,distserve_2a100,realistic_pcie,1,long_extra_09,340.0879420223646,4915.759093011729,1.0395480203442276,341.1274900427088,5255.847035034094
mid_l70,mid,70,gemma-7b-it,google--gemma-7b-it,DistServe,DistServe-2A100,distserve_2a100,realistic_pcie,1,long_extra_10,349.1479699732736,1863.82897204021,4.382805025670677,353.53077499894425,2212.9769420134835
mid_l70,mid,70,gemma-7b-it,google--gemma-7b-it,DistServe,DistServe-2A100,distserve_2a100,realistic_pcie,1,long_extra_11,313.98514600005,4861.675467982423,0.676914001815021,314.66206000186503,5175.660613982473
mid_l70,mid,70,gemma-7b-it,google--gemma-7b-it,DistServe,DistServe-2A100,distserve_2a100,realistic_pcie,1,long_extra_12,310.40505500277504,4859.72796700662,75.93324948447844,309.8051429842599,5170.133022009395
mid_l70,mid,70,gemma-7b-it,google--gemma-7b-it,DistServe,DistServe-2A100,distserve_2a100,realistic_pcie,1,long_extra_13,374.63253299938515,4800.769274996128,75.0120199218145,313.08394396910444,5175.401807995513
mid_l70,mid,70,gemma-7b-it,google--gemma-7b-it,DistServe,DistServe-2A100,distserve_2a100,realistic_pcie,1,long_extra_14,346.2255990016274,4873.241792956833,2.9655990074388683,349.1911980090663,5219.46739195846
mid_l70,mid,70,gemma-7b-it,google--gemma-7b-it,DistServe,DistServe-2A100,distserve_2a100,realistic_pcie,1,long_extra_15,352.62450197478756,4900.3622570307925,76.56816026610613,349.1836130269803,5252.98675900558
mid_l70,mid,70,gemma-7b-it,google--gemma-7b-it,DistServe,DistServe-2A100,distserve_2a100,realistic_pcie,1,long_extra_16,342.7708889939822,3420.683166012168,9.360661031678319,352.13155002566054,3763.45405500615
mid_l70,mid,70,gemma-7b-it,google--gemma-7b-it,DistServe,DistServe-2A100,distserve_2a100,realistic_pcie,1,long_extra_17,309.6590769710019,4883.069769013673,2.5260469992645085,312.18512397026643,5192.728845984675
mid_l70,mid,70,gemma-7b-it,google--gemma-7b-it,DistServe,DistServe-2A100,distserve_2a100,realistic_pcie,1,long_extra_18,332.6611930388026,4874.702490924392,5.0352029502391815,337.6963959890418,5207.3636839631945
mid_l70,mid,70,gemma-7b-it,google--gemma-7b-it,DistServe,DistServe-2A100,distserve_2a100,realistic_pcie,1,long_extra_19,308.3409889950417,4869.8638420319185,5.127829033881426,313.4688180289231,5178.20483102696
mid_l70,mid,70,gemma-7b-it,google--gemma-7b-it,DistServe,DistServe-2A100,distserve_2a100,realistic_pcie,1,long_extra_20,352.57583402562886,4886.565279972274,2.615567995235324,355.1914020208642,5239.141113997903
mid_l70,mid,70,gemma-7b-it,google--gemma-7b-it,DistServe,DistServe-2A100,distserve_2a100,realistic_pcie,1,long_extra_21,353.3605440170504,4888.8971459819,4.174666944891214,357.53521096194163,5242.257689998951
mid_l70,mid,70,gemma-7b-it,google--gemma-7b-it,DistServe,DistServe-2A100,distserve_2a100,realistic_pcie,1,long_extra_22,304.9010210088454,4844.730789016467,6.324666028376669,311.2256870372221,5149.631810025312
mid_l70,mid,70,gemma-7b-it,google--gemma-7b-it,DistServe,DistServe-2A100,distserve_2a100,realistic_pcie,1,long_extra_23,356.28649598220363,4961.812348046806,77.52831793823134,355.79964000498876,5318.098844029009
mid_l70,mid,70,gemma-7b-it,google--gemma-7b-it,DistServe,DistServe-2A100,distserve_2a100,realistic_pcie,1,long_extra_24,342.6686369930394,5179.864432022441,8.978750032838434,351.64738702587783,5522.533069015481
mid_l70,mid,70,gemma-7b-it,google--gemma-7b-it,DistServe,DistServe-2A100,distserve_2a100,realistic_pcie,1,long_extra_25,334.1656380216591,4916.7145600076765,26.17217000806704,360.33780802972615,5250.880198029336
mid_l70,mid,70,gemma-7b-it,google--gemma-7b-it,DistServe,DistServe-2A100,distserve_2a100,realistic_pcie,1,mid_b,80.38234896957874,4874.562626064289,2.3404050152748823,82.72275398485363,4954.944975033868
mid_l70,mid,70,gemma-7b-it,google--gemma-7b-it,DistServe,DistServe-2A100,distserve_2a100,realistic_pcie,1,short_a,79.41376400412992,4869.691098982003,1.3848969829268754,80.79866098705679,4949.1048629861325
mid_l70,mid,70,gemma-7b-it,google--gemma-7b-it,DistServe,DistServe-2A100,distserve_2a100,realistic_pcie,1,short_extra_00,81.66714798426256,4898.367179033812,2.7528550126589835,84.42000299692154,4980.034327018075
mid_l70,mid,70,gemma-7b-it,google--gemma-7b-it,DistServe,DistServe-2A100,distserve_2a100,realistic_pcie,1,short_extra_01,82.37423800164834,4885.633473051712,0.964708044193685,83.33894604584202,4968.00771105336
mid_l70,mid,70,gemma-7b-it,google--gemma-7b-it,DistServe,DistServe-2A100,distserve_2a100,realistic_pcie,1,short_extra_02,82.35843799775466,4915.446166007314,0.3004020545631647,82.65884005231783,4997.8046040050685
mid_l70,mid,70,gemma-7b-it,google--gemma-7b-it,DistServe,DistServe-2A100,distserve_2a100,realistic_pcie,1,short_extra_03,83.94589700037614,4888.24218098307,76.37878407786047,82.19552499940619,4972.188077983446
mid_l70,mid,70,gemma-7b-it,google--gemma-7b-it,DistServe,DistServe-2A100,distserve_2a100,realistic_pcie,1,short_extra_04,80.62698697904125,4877.714772999752,0.2895049983635545,80.9164919774048,4958.341759978794
mid_l70,mid,70,gemma-7b-it,google--gemma-7b-it,DistServe,DistServe-2A100,distserve_2a100,realistic_pcie,1,short_extra_05,80.43522498337552,4875.29610702768,2.3289769887924194,82.76420197216794,4955.731332011055
mid_l70,mid,70,gemma-7b-it,google--gemma-7b-it,DistServe,DistServe-2A100,distserve_2a100,realistic_pcie,1,short_extra_06,85.83462296519428,4883.501551055815,76.30471173524711,84.02281400049105,4969.336174021009
mid_l70,mid,70,gemma-7b-it,google--gemma-7b-it,DistServe,DistServe-2A100,distserve_2a100,realistic_pcie,1,short_extra_07,81.64580602897331,4891.46889897529,2.0856859628111124,83.73149199178442,4973.114705004264
mid_l70,mid,70,gemma-7b-it,google--gemma-7b-it,DistServe,DistServe-2A100,distserve_2a100,realistic_pcie,1,short_extra_08,80.88559698080644,4898.184039047919,2.1671030553989112,83.05270003620535,4979.069636028726
mid_l70,mid,70,gemma-7b-it,google--gemma-7b-it,DistServe,DistServe-2A100,distserve_2a100,realistic_pcie,1,short_extra_09,83.29322998179123,4870.212399982847,76.09706874973199,83.24441500008106,4953.5056299646385
mid_l70,mid,70,mistral-7b-instruct-v0.2,mistralai--Mistral-7B-Instruct-v0.2,DistServe,DistServe-2A100,distserve_2a100,realistic_pcie,0,long_a,233.13334601698443,5333.890151989181,2.899451006669551,236.03279702365398,5567.023498006165
mid_l70,mid,70,mistral-7b-instruct-v0.2,mistralai--Mistral-7B-Instruct-v0.2,DistServe,DistServe-2A100,distserve_2a100,realistic_pcie,0,long_b,300.83541403291747,5360.227691999171,8.89625697163865,309.7316710045561,5661.063106032088
mid_l70,mid,70,mistral-7b-instruct-v0.2,mistralai--Mistral-7B-Instruct-v0.2,DistServe,DistServe-2A100,distserve_2a100,realistic_pcie,0,long_extra_00,231.36152199003845,5332.5229120091535,8.131853013765067,239.49337500380352,5563.884433999192
mid_l70,mid,70,mistral-7b-instruct-v0.2,mistralai--Mistral-7B-Instruct-v0.2,DistServe,DistServe-2A100,distserve_2a100,realistic_pcie,0,long_extra_01,232.61834197910503,5331.60954102641,8.391067036427557,241.00940901553258,5564.227883005515
mid_l70,mid,70,mistral-7b-instruct-v0.2,mistralai--Mistral-7B-Instruct-v0.2,DistServe,DistServe-2A100,distserve_2a100,realistic_pcie,0,long_extra_02,282.4111069785431,5333.864385029301,1.6145980334840715,284.0257050120272,5616.275492007844
mid_l70,mid,70,mistral-7b-instruct-v0.2,mistralai--Mistral-7B-Instruct-v0.2,DistServe,DistServe-2A100,distserve_2a100,realistic_pcie,0,long_extra_03,280.12443997431546,5341.886275040451,7.14385905303061,287.2682990273461,5622.010715014767
mid_l70,mid,70,mistral-7b-instruct-v0.2,mistralai--Mistral-7B-Instruct-v0.2,DistServe,DistServe-2A100,distserve_2a100,realistic_pcie,0,long_extra_04,295.4841119935736,5321.9484470319,9.036780043970793,304.5208920375444,5617.432559025474
mid_l70,mid,70,mistral-7b-instruct-v0.2,mistralai--Mistral-7B-Instruct-v0.2,DistServe,DistServe-2A100,distserve_2a100,realistic_pcie,0,long_extra_05,230.80258403206244,5324.5246049482375,10.50631795078516,241.3089019828476,5555.3271889803
mid_l70,mid,70,mistral-7b-instruct-v0.2,mistralai--Mistral-7B-Instruct-v0.2,DistServe,DistServe-2A100,distserve_2a100,realistic_pcie,0,long_extra_06,344.96078500524163,5347.6885840063915,7.684927026275545,352.6457120315172,5692.649369011633
mid_l70,mid,70,mistral-7b-instruct-v0.2,mistralai--Mistral-7B-Instruct-v0.2,DistServe,DistServe-2A100,distserve_2a100,realistic_pcie,0,long_extra_07,231.18564899777994,5331.7465399741195,9.659599978476763,240.8452489762567,5562.932188971899
mid_l70,mid,70,mistral-7b-instruct-v0.2,mistralai--Mistral-7B-Instruct-v0.2,DistServe,DistServe-2A100,distserve_2a100,realistic_pcie,0,long_extra_08,253.11239901930094,5353.4356849850155,4.066554014571011,257.17895303387195,5606.5480840043165
mid_l70,mid,70,mistral-7b-instruct-v0.2,mistralai--Mistral-7B-Instruct-v0.2,DistServe,DistServe-2A100,distserve_2a100,realistic_pcie,0,long_extra_09,237.71934199612588,5323.657967965119,2.0043099648319185,239.7236519609578,5561.3773099612445
mid_l70,mid,70,mistral-7b-instruct-v0.2,mistralai--Mistral-7B-Instruct-v0.2,DistServe,DistServe-2A100,distserve_2a100,realistic_pcie,0,long_extra_10,235.70314998505637,5352.959476003889,2.842762041836977,238.54591202689335,5588.662625988945
mid_l70,mid,70,mistral-7b-instruct-v0.2,mistralai--Mistral-7B-Instruct-v0.2,DistServe,DistServe-2A100,distserve_2a100,realistic_pcie,0,long_extra_11,233.64247399149463,5350.089423998725,4.96247602859512,238.60495002008975,5583.731897990219
mid_l70,mid,70,mistral-7b-instruct-v0.2,mistralai--Mistral-7B-Instruct-v0.2,DistServe,DistServe-2A100,distserve_2a100,realistic_pcie,0,long_extra_12,234.08703797031194,5326.571034034714,4.5718070468865335,238.65884501719847,5560.658072005026
mid_l70,mid,70,mistral-7b-instruct-v0.2,mistralai--Mistral-7B-Instruct-v0.2,DistServe,DistServe-2A100,distserve_2a100,realistic_pcie,0,long_extra_13,232.30369202792645,5401.585198007524,11.097427981439978,243.40112000936642,5633.8888900354505
mid_l70,mid,70,mistral-7b-instruct-v0.2,mistralai--Mistral-7B-Instruct-v0.2,DistServe,DistServe-2A100,distserve_2a100,realistic_pcie,0,long_extra_14,279.0499560069293,5341.439677984454,4.408536944538355,283.45849295146763,5620.489633991383
mid_l70,mid,70,mistral-7b-instruct-v0.2,mistralai--Mistral-7B-Instruct-v0.2,DistServe,DistServe-2A100,distserve_2a100,realistic_pcie,0,long_extra_15,235.84139201557264,5464.220725989435,7.2797469911165535,243.1211390066892,5700.0621180050075
mid_l70,mid,70,mistral-7b-instruct-v0.2,mistralai--Mistral-7B-Instruct-v0.2,DistServe,DistServe-2A100,distserve_2a100,realistic_pcie,0,long_extra_16,293.9268960035406,5360.610371979419,12.429310998413712,306.3562070019543,5654.53726798296
mid_l70,mid,70,mistral-7b-instruct-v0.2,mistralai--Mistral-7B-Instruct-v0.2,DistServe,DistServe-2A100,distserve_2a100,realistic_pcie,0,long_extra_17,231.9937360007316,5327.1748020197265,9.128902980592102,241.1226389813237,5559.168538020458
mid_l70,mid,70,mistral-7b-instruct-v0.2,mistralai--Mistral-7B-Instruct-v0.2,DistServe,DistServe-2A100,distserve_2a100,realistic_pcie,0,long_extra_18,233.59806701773778,5329.5481849927455,6.451193010434508,240.04926002817228,5563.146252010483
mid_l70,mid,70,mistral-7b-instruct-v0.2,mistralai--Mistral-7B-Instruct-v0.2,DistServe,DistServe-2A100,distserve_2a100,realistic_pcie,0,long_extra_19,230.76803400181234,5343.783245014492,9.636597998905927,240.40463200071827,5574.551279016305
mid_l70,mid,70,mistral-7b-instruct-v0.2,mistralai--Mistral-7B-Instruct-v0.2,DistServe,DistServe-2A100,distserve_2a100,realistic_pcie,0,long_extra_20,234.5480569638312,5350.397331058048,5.0120060332119465,239.56006299704313,5584.945388021879
mid_l70,mid,70,mistral-7b-instruct-v0.2,mistralai--Mistral-7B-Instruct-v0.2,DistServe,DistServe-2A100,distserve_2a100,realistic_pcie,0,long_extra_21,259.3855070299469,5345.275091007352,5.227938003372401,264.6134450333193,5604.660598037299
mid_l70,mid,70,mistral-7b-instruct-v0.2,mistralai--Mistral-7B-Instruct-v0.2,DistServe,DistServe-2A100,distserve_2a100,realistic_pcie,0,long_extra_22,228.87297597480938,5328.018939995673,11.776830011513084,240.64980598632246,5556.891915970482
mid_l70,mid,70,mistral-7b-instruct-v0.2,mistralai--Mistral-7B-Instruct-v0.2,DistServe,DistServe-2A100,distserve_2a100,realistic_pcie,0,long_extra_23,233.57247601961717,5319.092002988327,5.498785001691431,239.0712610213086,5552.6644790079445
mid_l70,mid,70,mistral-7b-instruct-v0.2,mistralai--Mistral-7B-Instruct-v0.2,DistServe,DistServe-2A100,distserve_2a100,realistic_pcie,0,long_extra_24,275.8265169686638,5323.738876031712,8.920607040636241,284.7471240093,5599.5653930003755
mid_l70,mid,70,mistral-7b-instruct-v0.2,mistralai--Mistral-7B-Instruct-v0.2,DistServe,DistServe-2A100,distserve_2a100,realistic_pcie,0,long_extra_25,234.051994048059,5336.463345971424,5.235269956756383,239.28726400481537,5570.515340019483
mid_l70,mid,70,mistral-7b-instruct-v0.2,mistralai--Mistral-7B-Instruct-v0.2,DistServe,DistServe-2A100,distserve_2a100,realistic_pcie,0,mid_b,87.44512998964638,5334.877808985766,1.549692009575665,88.99482199922204,5422.322938975412
mid_l70,mid,70,mistral-7b-instruct-v0.2,mistralai--Mistral-7B-Instruct-v0.2,DistServe,DistServe-2A100,distserve_2a100,realistic_pcie,0,short_a,89.17383500374854,5300.62558001373,0.13276602840051055,89.30660103214905,5389.799415017478
mid_l70,mid,70,mistral-7b-instruct-v0.2,mistralai--Mistral-7B-Instruct-v0.2,DistServe,DistServe-2A100,distserve_2a100,realistic_pcie,0,short_extra_00,87.7420169999823,5330.297733016778,0.8119670092128217,88.55398400919512,5418.03975001676
mid_l70,mid,70,mistral-7b-instruct-v0.2,mistralai--Mistral-7B-Instruct-v0.2,DistServe,DistServe-2A100,distserve_2a100,realistic_pcie,0,short_extra_01,87.16668898705393,5322.082371043507,1.9411870162002742,89.1078760032542,5409.249060030561
mid_l70,mid,70,mistral-7b-instruct-v0.2,mistralai--Mistral-7B-Instruct-v0.2,DistServe,DistServe-2A100,distserve_2a100,realistic_pcie,0,short_extra_02,87.49963599257171,5321.386712021194,1.2411270290613174,88.74076302163303,5408.886348013766
mid_l70,mid,70,mistral-7b-instruct-v0.2,mistralai--Mistral-7B-Instruct-v0.2,DistServe,DistServe-2A100,distserve_2a100,realistic_pcie,0,short_extra_03,88.37164897704497,5323.623849079013,0.3442480228841305,88.7158969999291,5411.995498056058
mid_l70,mid,70,mistral-7b-instruct-v0.2,mistralai--Mistral-7B-Instruct-v0.2,DistServe,DistServe-2A100,distserve_2a100,realistic_pcie,0,short_extra_04,88.39194098254666,5311.8304060189985,0.8804740500636399,89.2724150326103,5400.222347001545
mid_l70,mid,70,mistral-7b-instruct-v0.2,mistralai--Mistral-7B-Instruct-v0.2,DistServe,DistServe-2A100,distserve_2a100,realistic_pcie,0,short_extra_05,87.43836497887969,5326.805981050711,2.9963760171085596,90.43474099598825,5414.244346029591
mid_l70,mid,70,mistral-7b-instruct-v0.2,mistralai--Mistral-7B-Instruct-v0.2,DistServe,DistServe-2A100,distserve_2a100,realistic_pcie,0,short_extra_06,88.64345395704731,5323.372505081352,1.123960071709007,89.76741402875632,5412.015959038399
mid_l70,mid,70,mistral-7b-instruct-v0.2,mistralai--Mistral-7B-Instruct-v0.2,DistServe,DistServe-2A100,distserve_2a100,realistic_pcie,0,short_extra_07,87.28389895986766,5325.923755066469,1.2284600525163114,88.51235901238397,5413.207654026337
mid_l70,mid,70,mistral-7b-instruct-v0.2,mistralai--Mistral-7B-Instruct-v0.2,DistServe,DistServe-2A100,distserve_2a100,realistic_pcie,0,short_extra_08,88.43348699156195,5304.447714006528,82.881995531352,87.9824860021472,5392.88120099809
mid_l70,mid,70,mistral-7b-instruct-v0.2,mistralai--Mistral-7B-Instruct-v0.2,DistServe,DistServe-2A100,distserve_2a100,realistic_pcie,0,short_extra_09,88.9743710285984,5304.244491970167,0.5723820067942142,89.54675303539261,5393.218862998765
mid_l70,mid,70,mistral-7b-instruct-v0.2,mistralai--Mistral-7B-Instruct-v0.2,DistServe,DistServe-2A100,distserve_2a100,realistic_pcie,1,long_a,233.65248902700841,4719.230061979033,73.73796971842239,226.68782901018858,4952.8825510060415
mid_l70,mid,70,mistral-7b-instruct-v0.2,mistralai--Mistral-7B-Instruct-v0.2,DistServe,DistServe-2A100,distserve_2a100,realistic_pcie,1,long_b,304.95045200223103,4742.924159974791,1.3390620006248355,306.28951400285587,5047.874611977022
mid_l70,mid,70,mistral-7b-instruct-v0.2,mistralai--Mistral-7B-Instruct-v0.2,DistServe,DistServe-2A100,distserve_2a100,realistic_pcie,1,long_extra_00,230.84554099477828,4724.858997040428,5.118202010635287,235.96374300541356,4955.7045380352065
mid_l70,mid,70,mistral-7b-instruct-v0.2,mistralai--Mistral-7B-Instruct-v0.2,DistServe,DistServe-2A100,distserve_2a100,realistic_pcie,1,long_extra_01,237.19033400993794,4740.82854099106,1.9997640047222376,239.19009801466018,4978.018875000998
mid_l70,mid,70,mistral-7b-instruct-v0.2,mistralai--Mistral-7B-Instruct-v0.2,DistServe,DistServe-2A100,distserve_2a100,realistic_pcie,1,long_extra_02,278.5809810156934,4750.185846991371,5.543454957660288,284.1244359733537,5028.766828007065
mid_l70,mid,70,mistral-7b-instruct-v0.2,mistralai--Mistral-7B-Instruct-v0.2,DistServe,DistServe-2A100,distserve_2a100,realistic_pcie,1,long_extra_03,280.58177698403597,4782.307968009263,2.8979950002394617,283.47977198427543,5062.889744993299
mid_l70,mid,70,mistral-7b-instruct-v0.2,mistralai--Mistral-7B-Instruct-v0.2,DistServe,DistServe-2A100,distserve_2a100,realistic_pcie,1,long_extra_04,296.34785995585844,4775.992280046921,8.427885069977492,304.77574502583593,5072.34014000278
mid_l70,mid,70,mistral-7b-instruct-v0.2,mistralai--Mistral-7B-Instruct-v0.2,DistServe,DistServe-2A100,distserve_2a100,realistic_pcie,1,long_extra_05,229.60868902737275,4761.4846069482155,74.39819698356587,228.2225659582764,4991.093295975588
mid_l70,mid,70,mistral-7b-instruct-v0.2,mistralai--Mistral-7B-Instruct-v0.2,DistServe,DistServe-2A100,distserve_2a100,realistic_pcie,1,long_extra_06,233.16886101383716,4745.702097949106,1.2468239874579012,234.41568500129506,4978.870958962943
mid_l70,mid,70,mistral-7b-instruct-v0.2,mistralai--Mistral-7B-Instruct-v0.2,DistServe,DistServe-2A100,distserve_2a100,realistic_pcie,1,long_extra_07,232.3019129689783,4739.772904023994,74.0589516253749,231.4779270091094,4972.074816992972
mid_l70,mid,70,mistral-7b-instruct-v0.2,mistralai--Mistral-7B-Instruct-v0.2,DistServe,DistServe-2A100,distserve_2a100,realistic_pcie,1,long_extra_08,252.13560700649396,4741.885548981372,9.199801948852837,261.3354089553468,4994.021155987866
mid_l70,mid,70,mistral-7b-instruct-v0.2,mistralai--Mistral-7B-Instruct-v0.2,DistServe,DistServe-2A100,distserve_2a100,realistic_pcie,1,long_extra_09,234.93974498705938,4743.644014000893,74.11943771876395,229.28711998974904,4978.583758987952
mid_l70,mid,70,mistral-7b-instruct-v0.2,mistralai--Mistral-7B-Instruct-v0.2,DistServe,DistServe-2A100,distserve_2a100,realistic_pcie,1,long_extra_10,234.0409749886021,4740.446479991078,74.0694762498606,230.1761789713055,4974.4874549796805
mid_l70,mid,70,mistral-7b-instruct-v0.2,mistralai--Mistral-7B-Instruct-v0.2,DistServe,DistServe-2A100,distserve_2a100,realistic_pcie,1,long_extra_11,235.09418702451512,4714.898078003898,73.67028246881091,226.6828230349347,4949.992265028413
mid_l70,mid,70,mistral-7b-instruct-v0.2,mistralai--Mistral-7B-Instruct-v0.2,DistServe,DistServe-2A100,distserve_2a100,realistic_pcie,1,long_extra_12,233.93830098211765,4726.525024045259,73.85195350070717,230.2959940279834,4960.463325027376
mid_l70,mid,70,mistral-7b-instruct-v0.2,mistralai--Mistral-7B-Instruct-v0.2,DistServe,DistServe-2A100,distserve_2a100,realistic_pcie,1,long_extra_13,231.58061498543248,4725.066455022898,0.2077480312436819,231.78836301667616,4956.64707000833
mid_l70,mid,70,mistral-7b-instruct-v0.2,mistralai--Mistral-7B-Instruct-v0.2,DistServe,DistServe-2A100,distserve_2a100,realistic_pcie,1,long_extra_14,278.6668250337243,4758.741089957766,4.383467952720821,283.05029298644513,5037.4079149914905
mid_l70,mid,70,mistral-7b-instruct-v0.2,mistralai--Mistral-7B-Instruct-v0.2,DistServe,DistServe-2A100,distserve_2a100,realistic_pcie,1,long_extra_15,237.41471499670297,4733.7901429855265,1.7545740120112896,239.16928900871426,4971.204857982229
mid_l70,mid,70,mistral-7b-instruct-v0.2,mistralai--Mistral-7B-Instruct-v0.2,DistServe,DistServe-2A100,distserve_2a100,realistic_pcie,1,long_extra_16,297.6935100159608,4759.161004971247,7.067611964885145,304.7611219808459,5056.854514987208
mid_l70,mid,70,mistral-7b-instruct-v0.2,mistralai--Mistral-7B-Instruct-v0.2,DistServe,DistServe-2A100,distserve_2a100,realistic_pcie,1,long_extra_17,235.55251496145502,4731.939397985116,73.93655309351743,229.0406829561107,4967.491912946571
mid_l70,mid,70,mistral-7b-instruct-v0.2,mistralai--Mistral-7B-Instruct-v0.2,DistServe,DistServe-2A100,distserve_2a100,realistic_pcie,1,long_extra_18,242.04071296844631,4714.651317044627,73.6664268288223,232.47665900271386,4956.692030013073
mid_l70,mid,70,mistral-7b-instruct-v0.2,mistralai--Mistral-7B-Instruct-v0.2,DistServe,DistServe-2A100,distserve_2a100,realistic_pcie,1,long_extra_19,232.81314800260589,4746.884329942986,74.17006765535916,230.69760599173605,4979.697477945592
mid_l70,mid,70,mistral-7b-instruct-v0.2,mistralai--Mistral-7B-Instruct-v0.2,DistServe,DistServe-2A100,distserve_2a100,realistic_pcie,1,long_extra_20,238.71998902177438,4726.361679029651,73.8494012348383,237.3031080351211,4965.081668051425
mid_l70,mid,70,mistral-7b-instruct-v0.2,mistralai--Mistral-7B-Instruct-v0.2,DistServe,DistServe-2A100,distserve_2a100,realistic_pcie,1,long_extra_21,257.10319104837254,4717.849288950674,2.9192929505370557,260.0224839989096,4974.952479999047
mid_l70,mid,70,mistral-7b-instruct-v0.2,mistralai--Mistral-7B-Instruct-v0.2,DistServe,DistServe-2A100,distserve_2a100,realistic_pcie,1,long_extra_22,232.66387003241107,4738.778841972817,74.04341940582526,230.8053959859535,4971.442712005228
mid_l70,mid,70,mistral-7b-instruct-v0.2,mistralai--Mistral-7B-Instruct-v0.2,DistServe,DistServe-2A100,distserve_2a100,realistic_pcie,1,long_extra_23,231.69821297051385,4721.824676031247,4.182157048489898,235.88037001900375,4953.522889001761
mid_l70,mid,70,mistral-7b-instruct-v0.2,mistralai--Mistral-7B-Instruct-v0.2,DistServe,DistServe-2A100,distserve_2a100,realistic_pcie,1,long_extra_24,276.3028150075115,4743.036640982609,9.048059000633657,285.3508740081452,5019.339455990121
mid_l70,mid,70,mistral-7b-instruct-v0.2,mistralai--Mistral-7B-Instruct-v0.2,DistServe,DistServe-2A100,distserve_2a100,realistic_pcie,1,long_extra_25,232.77409397996962,4732.609876024071,73.94702931287611,228.967190021649,4965.383970004041
mid_l70,mid,70,mistral-7b-instruct-v0.2,mistralai--Mistral-7B-Instruct-v0.2,DistServe,DistServe-2A100,distserve_2a100,realistic_pcie,1,mid_b,88.35041400743648,4733.987788029481,73.96855918796064,81.30355400498956,4822.338202036917
mid_l70,mid,70,mistral-7b-instruct-v0.2,mistralai--Mistral-7B-Instruct-v0.2,DistServe,DistServe-2A100,distserve_2a100,realistic_pcie,1,short_a,88.49920297507197,4725.64046503976,73.83813226624625,79.95277497684583,4814.139668014832
mid_l70,mid,70,mistral-7b-instruct-v0.2,mistralai--Mistral-7B-Instruct-v0.2,DistServe,DistServe-2A100,distserve_2a100,realistic_pcie,1,short_extra_00,87.2684859787114,4706.435281026643,73.5380512660413,80.32217703294009,4793.703767005354
mid_l70,mid,70,mistral-7b-instruct-v0.2,mistralai--Mistral-7B-Instruct-v0.2,DistServe,DistServe-2A100,distserve_2a100,realistic_pcie,1,short_extra_01,89.75326595827937,4731.114892056212,73.92367018837831,79.80637403670698,4820.868158014491
mid_l70,mid,70,mistral-7b-instruct-v0.2,mistralai--Mistral-7B-Instruct-v0.2,DistServe,DistServe-2A100,distserve_2a100,realistic_pcie,1,short_extra_02,88.16964097786695,4708.044056023937,73.56318837537401,79.6547299833037,4796.213697001804
mid_l70,mid,70,mistral-7b-instruct-v0.2,mistralai--Mistral-7B-Instruct-v0.2,DistServe,DistServe-2A100,distserve_2a100,realistic_pcie,1,short_extra_03,88.55647197924554,4720.583639049437,73.75911936014745,78.57898104703054,4809.140111028682
mid_l70,mid,70,mistral-7b-instruct-v0.2,mistralai--Mistral-7B-Instruct-v0.2,DistServe,DistServe-2A100,distserve_2a100,realistic_pcie,1,short_extra_04,89.52398598194122,4735.171029053163,73.98704732895567,79.3994790292345,4824.695015035104
mid_l70,mid,70,mistral-7b-instruct-v0.2,mistralai--Mistral-7B-Instruct-v0.2,DistServe,DistServe-2A100,distserve_2a100,realistic_pcie,1,short_extra_05,92.34504704363644,4727.32130298391,73.86439535912359,80.58062999043614,4819.666350027546
mid_l70,mid,70,mistral-7b-instruct-v0.2,mistralai--Mistral-7B-Instruct-v0.2,DistServe,DistServe-2A100,distserve_2a100,realistic_pcie,1,short_extra_06,87.82436099136248,4752.86003301153,74.26343801580515,80.15845302725211,4840.684394002892
mid_l70,mid,70,mistral-7b-instruct-v0.2,mistralai--Mistral-7B-Instruct-v0.2,DistServe,DistServe-2A100,distserve_2a100,realistic_pcie,1,short_extra_07,88.41680904151872,4918.962082942016,3.3073589438572526,91.72416798537597,5007.378891983535
mid_l70,mid,70,mistral-7b-instruct-v0.2,mistralai--Mistral-7B-Instruct-v0.2,DistServe,DistServe-2A100,distserve_2a100,realistic_pcie,1,short_extra_08,87.9209180129692,4701.633610995486,73.46302517180447,79.35959298629314,4789.554529008456
mid_l70,mid,70,mistral-7b-instruct-v0.2,mistralai--Mistral-7B-Instruct-v0.2,DistServe,DistServe-2A100,distserve_2a100,realistic_pcie,1,short_extra_09,88.91746599692851,4705.442649021279,73.52254139095749,78.77577003091574,4794.360115018208
mid_l70,mid,70,qwen2.5-7b-instruct,Qwen--Qwen2.5-7B-Instruct,DistServe,DistServe-2A100,distserve_2a100,realistic_pcie,0,long_a,220.08391696726903,4493.589394085575,1.4133850345388055,221.49730200180784,4713.673311052844
mid_l70,mid,70,qwen2.5-7b-instruct,Qwen--Qwen2.5-7B-Instruct,DistServe,DistServe-2A100,distserve_2a100,realistic_pcie,0,long_b,275.66027198918164,4666.736572980881,7.029541011434048,282.6898130006157,4942.396844970062
mid_l70,mid,70,qwen2.5-7b-instruct,Qwen--Qwen2.5-7B-Instruct,DistServe,DistServe-2A100,distserve_2a100,realistic_pcie,0,long_extra_00,223.8755639991723,4093.03046297282,0.7120650261640549,224.58762902533635,4316.906026971992
mid_l70,mid,70,qwen2.5-7b-instruct,Qwen--Qwen2.5-7B-Instruct,DistServe,DistServe-2A100,distserve_2a100,realistic_pcie,0,long_extra_01,223.26111100846902,4100.871506961994,64.07611729628115,222.25819597952068,4324.132617970463
mid_l70,mid,70,qwen2.5-7b-instruct,Qwen--Qwen2.5-7B-Instruct,DistServe,DistServe-2A100,distserve_2a100,realistic_pcie,0,long_extra_02,262.8610390238464,4120.063903974369,4.174792964477092,267.0358319883235,4382.924942998216
mid_l70,mid,70,qwen2.5-7b-instruct,Qwen--Qwen2.5-7B-Instruct,DistServe,DistServe-2A100,distserve_2a100,realistic_pcie,0,long_extra_03,263.4972449741326,4632.179148029536,12.41176703479141,275.90901200892404,4895.676393003669
mid_l70,mid,70,qwen2.5-7b-instruct,Qwen--Qwen2.5-7B-Instruct,DistServe,DistServe-2A100,distserve_2a100,realistic_pcie,0,long_extra_04,274.24201398389414,4629.225115000736,8.20617302088067,282.4481870047748,4903.46712898463
mid_l70,mid,70,qwen2.5-7b-instruct,Qwen--Qwen2.5-7B-Instruct,DistServe,DistServe-2A100,distserve_2a100,realistic_pcie,0,long_extra_05,218.29299395903945,4630.918120034039,10.22627903148532,228.51927299052477,4849.2111139930785
mid_l70,mid,70,qwen2.5-7b-instruct,Qwen--Qwen2.5-7B-Instruct,DistServe,DistServe-2A100,distserve_2a100,realistic_pcie,0,long_extra_06,321.3537409901619,4661.602644016966,4.929404007270932,326.2831449974328,4982.956385007128
mid_l70,mid,70,qwen2.5-7b-instruct,Qwen--Qwen2.5-7B-Instruct,DistServe,DistServe-2A100,distserve_2a100,realistic_pcie,0,long_extra_07,224.65823200764135,4616.052524012048,5.057448986917734,229.71568099455908,4840.710756019689
mid_l70,mid,70,qwen2.5-7b-instruct,Qwen--Qwen2.5-7B-Instruct,DistServe,DistServe-2A100,distserve_2a100,realistic_pcie,0,long_extra_08,228.46006404142827,4644.824240007438,3.443959983997047,231.90402402542531,4873.284304048866
mid_l70,mid,70,qwen2.5-7b-instruct,Qwen--Qwen2.5-7B-Instruct,DistServe,DistServe-2A100,distserve_2a100,realistic_pcie,0,long_extra_09,225.46707099536434,4110.380973026622,64.22470270354097,218.84949901141226,4335.848044021986
mid_l70,mid,70,qwen2.5-7b-instruct,Qwen--Qwen2.5-7B-Instruct,DistServe,DistServe-2A100,distserve_2a100,realistic_pcie,0,long_extra_10,224.82972097350284,4111.9955100584775,64.24992984466371,221.03466099360958,4336.82523103198
mid_l70,mid,70,qwen2.5-7b-instruct,Qwen--Qwen2.5-7B-Instruct,DistServe,DistServe-2A100,distserve_2a100,realistic_pcie,0,long_extra_11,222.96866902615875,4102.568088972475,64.10262639019493,216.4096650085412,4325.536757998634
mid_l70,mid,70,qwen2.5-7b-instruct,Qwen--Qwen2.5-7B-Instruct,DistServe,DistServe-2A100,distserve_2a100,realistic_pcie,0,long_extra_12,221.44361695973203,4119.984651042614,64.37476017254085,215.44430998619646,4341.428268002346
mid_l70,mid,70,qwen2.5-7b-instruct,Qwen--Qwen2.5-7B-Instruct,DistServe,DistServe-2A100,distserve_2a100,realistic_pcie,0,long_extra_13,220.06600903114304,4112.124621984549,0.2971689682453871,220.36317799938843,4332.190631015692
mid_l70,mid,70,qwen2.5-7b-instruct,Qwen--Qwen2.5-7B-Instruct,DistServe,DistServe-2A100,distserve_2a100,realistic_pcie,0,long_extra_14,259.0030020219274,4115.810836025048,13.408983999397606,272.411986021325,4374.813838046975
mid_l70,mid,70,qwen2.5-7b-instruct,Qwen--Qwen2.5-7B-Instruct,DistServe,DistServe-2A100,distserve_2a100,realistic_pcie,0,long_extra_15,230.48412095522508,4629.753348068334,2.2395910345949233,232.72371198982,4860.237469023559
mid_l70,mid,70,qwen2.5-7b-instruct,Qwen--Qwen2.5-7B-Instruct,DistServe,DistServe-2A100,distserve_2a100,realistic_pcie,0,long_extra_16,282.15087798889726,4625.358618970495,72.27122842141398,280.58808197965845,4907.509496959392
mid_l70,mid,70,qwen2.5-7b-instruct,Qwen--Qwen2.5-7B-Instruct,DistServe,DistServe-2A100,distserve_2a100,realistic_pcie,0,long_extra_17,237.2008379898034,4610.833616985474,72.04427526539803,225.89154995512217,4848.034454975277
mid_l70,mid,70,qwen2.5-7b-instruct,Qwen--Qwen2.5-7B-Instruct,DistServe,DistServe-2A100,distserve_2a100,realistic_pcie,0,long_extra_18,225.09674599859864,4632.69473798573,4.505157005041838,229.60190300364047,4857.791483984329
mid_l70,mid,70,qwen2.5-7b-instruct,Qwen--Qwen2.5-7B-Instruct,DistServe,DistServe-2A100,distserve_2a100,realistic_pcie,0,long_extra_19,227.25708596408367,4640.329196001403,7.063014025334269,234.32009998941794,4867.586281965487
mid_l70,mid,70,qwen2.5-7b-instruct,Qwen--Qwen2.5-7B-Instruct,DistServe,DistServe-2A100,distserve_2a100,realistic_pcie,0,long_extra_20,224.13566202158108,4099.670809984673,64.05735640601051,220.60380299808457,4323.806472006254
mid_l70,mid,70,qwen2.5-7b-instruct,Qwen--Qwen2.5-7B-Instruct,DistServe,DistServe-2A100,distserve_2a100,realistic_pcie,0,long_extra_21,225.0627979519777,4121.985997015145,5.540363024920225,230.60316097689793,4347.048794967122
mid_l70,mid,70,qwen2.5-7b-instruct,Qwen--Qwen2.5-7B-Instruct,DistServe,DistServe-2A100,distserve_2a100,realistic_pcie,0,long_extra_22,222.98446903005242,4657.813927973621,9.0786520158872,232.06312104593962,4880.798397003673
mid_l70,mid,70,qwen2.5-7b-instruct,Qwen--Qwen2.5-7B-Instruct,DistServe,DistServe-2A100,distserve_2a100,realistic_pcie,0,long_extra_23,225.28435703134164,4142.6795269944705,0.3547569504007697,225.6391139817424,4367.963884025812
mid_l70,mid,70,qwen2.5-7b-instruct,Qwen--Qwen2.5-7B-Instruct,DistServe,DistServe-2A100,distserve_2a100,realistic_pcie,0,long_extra_24,262.70793500589207,4652.092292031739,11.359715019352734,274.0676500252448,4914.800227037631
mid_l70,mid,70,qwen2.5-7b-instruct,Qwen--Qwen2.5-7B-Instruct,DistServe,DistServe-2A100,distserve_2a100,realistic_pcie,0,long_extra_25,222.81869198195636,4098.5967660089955,64.04057446889055,216.7755650007166,4321.415457990952
mid_l70,mid,70,qwen2.5-7b-instruct,Qwen--Qwen2.5-7B-Instruct,DistServe,DistServe-2A100,distserve_2a100,realistic_pcie,0,mid_b,78.25616403715685,4610.459868912585,72.03843545175914,77.20354298362508,4688.716032949742
mid_l70,mid,70,qwen2.5-7b-instruct,Qwen--Qwen2.5-7B-Instruct,DistServe,DistServe-2A100,distserve_2a100,realistic_pcie,0,short_a,77.08469202043489,4594.889906002209,0.13560400111600757,77.2202960215509,4671.9745980226435
mid_l70,mid,70,qwen2.5-7b-instruct,Qwen--Qwen2.5-7B-Instruct,DistServe,DistServe-2A100,distserve_2a100,realistic_pcie,0,short_extra_00,77.671833045315,4665.733580943197,0.5994659150019288,78.27129896031693,4743.405413988512
mid_l70,mid,70,qwen2.5-7b-instruct,Qwen--Qwen2.5-7B-Instruct,DistServe,DistServe-2A100,distserve_2a100,realistic_pcie,0,short_extra_01,81.52804401470348,4632.295089948457,72.37961078044464,77.99301098566502,4713.82313396316
mid_l70,mid,70,qwen2.5-7b-instruct,Qwen--Qwen2.5-7B-Instruct,DistServe,DistServe-2A100,distserve_2a100,realistic_pcie,0,short_extra_02,78.94447102444246,4673.423285945319,0.5857589421793818,79.53022996662185,4752.367756969761
mid_l70,mid,70,qwen2.5-7b-instruct,Qwen--Qwen2.5-7B-Instruct,DistServe,DistServe-2A100,distserve_2a100,realistic_pcie,0,short_extra_03,82.42886199150234,4616.805655998178,72.13758837497153,79.88268695771694,4699.23451798968
mid_l70,mid,70,qwen2.5-7b-instruct,Qwen--Qwen2.5-7B-Instruct,DistServe,DistServe-2A100,distserve_2a100,realistic_pcie,0,short_extra_04,79.85354500124231,4606.487146986183,71.9763616716591,78.19283002754673,4686.340691987425
mid_l70,mid,70,qwen2.5-7b-instruct,Qwen--Qwen2.5-7B-Instruct,DistServe,DistServe-2A100,distserve_2a100,realistic_pcie,0,short_extra_05,80.22867399267852,4642.5851449603215,72.54039289000502,79.90076899295673,4722.813818953
mid_l70,mid,70,qwen2.5-7b-instruct,Qwen--Qwen2.5-7B-Instruct,DistServe,DistServe-2A100,distserve_2a100,realistic_pcie,0,short_extra_06,78.71918001910672,4655.072695983108,0.48783200327306986,79.20701202237979,4733.791876002215
mid_l70,mid,70,qwen2.5-7b-instruct,Qwen--Qwen2.5-7B-Instruct,DistServe,DistServe-2A100,distserve_2a100,realistic_pcie,0,short_extra_07,79.00184096070006,4651.49767906405,72.67965123537579,76.90412498777732,4730.49952002475
mid_l70,mid,70,qwen2.5-7b-instruct,Qwen--Qwen2.5-7B-Instruct,DistServe,DistServe-2A100,distserve_2a100,realistic_pcie,0,short_extra_08,77.20571802929044,4654.592529986985,1.3124769902788103,78.51819501956925,4731.7982480162755
mid_l70,mid,70,qwen2.5-7b-instruct,Qwen--Qwen2.5-7B-Instruct,DistServe,DistServe-2A100,distserve_2a100,realistic_pcie,0,short_extra_09,77.5926070054993,4627.979728044011,2.2547930129803717,79.84740001847968,4705.57233504951
mid_l70,mid,70,qwen2.5-7b-instruct,Qwen--Qwen2.5-7B-Instruct,DistServe,DistServe-2A100,distserve_2a100,realistic_pcie,1,long_a,222.3438679939136,4111.571451998316,64.24330393747368,217.65044901985675,4333.915319992229
mid_l70,mid,70,qwen2.5-7b-instruct,Qwen--Qwen2.5-7B-Instruct,DistServe,DistServe-2A100,distserve_2a100,realistic_pcie,1,long_b,270.79779899213463,4123.664564045612,8.595934021286666,279.3937330134213,4394.462363037746
mid_l70,mid,70,qwen2.5-7b-instruct,Qwen--Qwen2.5-7B-Instruct,DistServe,DistServe-2A100,distserve_2a100,realistic_pcie,1,long_extra_00,229.39910303102806,4095.0524629442953,63.98519473350461,221.8683899845928,4324.451565975323
mid_l70,mid,70,qwen2.5-7b-instruct,Qwen--Qwen2.5-7B-Instruct,DistServe,DistServe-2A100,distserve_2a100,realistic_pcie,1,long_extra_01,220.51442001247779,4108.9005040121265,64.20157037518948,219.31481402134523,4329.414924024604
mid_l70,mid,70,qwen2.5-7b-instruct,Qwen--Qwen2.5-7B-Instruct,DistServe,DistServe-2A100,distserve_2a100,realistic_pcie,1,long_extra_02,266.0798379802145,4117.2352760331705,64.33180118801829,265.36275702528656,4383.315114013385
mid_l70,mid,70,qwen2.5-7b-instruct,Qwen--Qwen2.5-7B-Instruct,DistServe,DistServe-2A100,distserve_2a100,realistic_pcie,1,long_extra_03,258.6893020197749,4110.163282952271,8.40776099357754,267.09706301335245,4368.852584972046
mid_l70,mid,70,qwen2.5-7b-instruct,Qwen--Qwen2.5-7B-Instruct,DistServe,DistServe-2A100,distserve_2a100,realistic_pcie,1,long_extra_04,268.5068910359405,4118.092068994883,11.162526963744313,279.6694179996848,4386.598960030824
mid_l70,mid,70,qwen2.5-7b-instruct,Qwen--Qwen2.5-7B-Instruct,DistServe,DistServe-2A100,distserve_2a100,realistic_pcie,1,long_extra_05,215.99841100396588,4107.04665700905,2.3571980418637395,218.35560904582962,4323.045068013016
mid_l70,mid,70,qwen2.5-7b-instruct,Qwen--Qwen2.5-7B-Instruct,DistServe,DistServe-2A100,distserve_2a100,realistic_pcie,1,long_extra_06,218.80744502414018,4101.884228002746,4.483741999138147,223.29118702327833,4320.691673026886
mid_l70,mid,70,qwen2.5-7b-instruct,Qwen--Qwen2.5-7B-Instruct,DistServe,DistServe-2A100,distserve_2a100,realistic_pcie,1,long_extra_07,216.5823690011166,4122.228160966188,4.249559016898274,220.83192801801488,4338.810529967304
mid_l70,mid,70,qwen2.5-7b-instruct,Qwen--Qwen2.5-7B-Instruct,DistServe,DistServe-2A100,distserve_2a100,realistic_pcie,1,long_extra_08,225.2762129646726,4118.128544010688,5.018148047383875,230.29436101205647,4343.40475697536
mid_l70,mid,70,qwen2.5-7b-instruct,Qwen--Qwen2.5-7B-Instruct,DistServe,DistServe-2A100,distserve_2a100,realistic_pcie,1,long_extra_09,223.3715369948186,4134.410399012268,64.60016248456668,220.17666295869276,4357.781936007086
mid_l70,mid,70,qwen2.5-7b-instruct,Qwen--Qwen2.5-7B-Instruct,DistServe,DistServe-2A100,distserve_2a100,realistic_pcie,1,long_extra_10,225.6362959742546,4119.184221024625,64.36225345350977,222.40997100016102,4344.82051699888
mid_l70,mid,70,qwen2.5-7b-instruct,Qwen--Qwen2.5-7B-Instruct,DistServe,DistServe-2A100,distserve_2a100,realistic_pcie,1,long_extra_11,220.1172310160473,4130.642982956488,64.54129660869512,220.0269600143656,4350.760213972535
mid_l70,mid,70,qwen2.5-7b-instruct,Qwen--Qwen2.5-7B-Instruct,DistServe,DistServe-2A100,distserve_2a100,realistic_pcie,1,long_extra_12,222.11242996854708,4115.512752032373,64.30488675050583,220.00232298159972,4337.62518200092
mid_l70,mid,70,qwen2.5-7b-instruct,Qwen--Qwen2.5-7B-Instruct,DistServe,DistServe-2A100,distserve_2a100,realistic_pcie,1,long_extra_13,221.50244301883504,4118.0286050075665,64.34419695324323,215.93960700556636,4339.531048026402
mid_l70,mid,70,qwen2.5-7b-instruct,Qwen--Qwen2.5-7B-Instruct,DistServe,DistServe-2A100,distserve_2a100,realistic_pcie,1,long_extra_14,264.28151701111346,4123.209477984346,1.4462590334005654,265.72777604451403,4387.49099499546
mid_l70,mid,70,qwen2.5-7b-instruct,Qwen--Qwen2.5-7B-Instruct,DistServe,DistServe-2A100,distserve_2a100,realistic_pcie,1,long_extra_15,228.40223601087928,4103.524513018783,64.11757051591849,223.89261203352362,4331.9267490296625
mid_l70,mid,70,qwen2.5-7b-instruct,Qwen--Qwen2.5-7B-Instruct,DistServe,DistServe-2A100,distserve_2a100,realistic_pcie,1,long_extra_16,268.295916961506,4121.057517069858,9.636538045015186,277.9324550065212,4389.353434031364
mid_l70,mid,70,qwen2.5-7b-instruct,Qwen--Qwen2.5-7B-Instruct,DistServe,DistServe-2A100,distserve_2a100,realistic_pcie,1,long_extra_17,222.66114002559334,4109.386759984773,64.20916812476207,214.75328702945262,4332.047900010366
mid_l70,mid,70,qwen2.5-7b-instruct,Qwen--Qwen2.5-7B-Instruct,DistServe,DistServe-2A100,distserve_2a100,realistic_pcie,1,long_extra_18,222.40287100430578,4109.039849950932,64.20374765548331,219.69512099167332,4331.442720955238
mid_l70,mid,70,qwen2.5-7b-instruct,Qwen--Qwen2.5-7B-Instruct,DistServe,DistServe-2A100,distserve_2a100,realistic_pcie,1,long_extra_19,220.4526420100592,4113.23044099845,64.26922564060078,218.62240601330996,4333.683083008509
mid_l70,mid,70,qwen2.5-7b-instruct,Qwen--Qwen2.5-7B-Instruct,DistServe,DistServe-2A100,distserve_2a100,realistic_pcie,1,long_extra_20,223.65921799791977,4123.757328023203,64.43370825036254,221.0413120337762,4347.4165460211225
mid_l70,mid,70,qwen2.5-7b-instruct,Qwen--Qwen2.5-7B-Instruct,DistServe,DistServe-2A100,distserve_2a100,realistic_pcie,1,long_extra_21,229.08626100979745,4125.886406982318,1.2735099880956113,230.35977099789307,4354.972667992115
mid_l70,mid,70,qwen2.5-7b-instruct,Qwen--Qwen2.5-7B-Instruct,DistServe,DistServe-2A100,distserve_2a100,realistic_pcie,1,long_extra_22,220.78772098757327,4133.670732029714,64.58860518796428,219.9425959843211,4354.458453017287
mid_l70,mid,70,qwen2.5-7b-instruct,Qwen--Qwen2.5-7B-Instruct,DistServe,DistServe-2A100,distserve_2a100,realistic_pcie,1,long_extra_23,221.65159997530282,4113.943948061205,64.28037418845634,219.62629002518952,4335.595548036508
mid_l70,mid,70,qwen2.5-7b-instruct,Qwen--Qwen2.5-7B-Instruct,DistServe,DistServe-2A100,distserve_2a100,realistic_pcie,1,long_extra_24,263.04721500491723,4124.600896029733,7.464117021299899,270.51133202621713,4387.64811103465
mid_l70,mid,70,qwen2.5-7b-instruct,Qwen--Qwen2.5-7B-Instruct,DistServe,DistServe-2A100,distserve_2a100,realistic_pcie,1,long_extra_25,219.127512013074,4125.710110994987,2.8130949940532446,221.94060700712726,4344.837623008061
mid_l70,mid,70,qwen2.5-7b-instruct,Qwen--Qwen2.5-7B-Instruct,DistServe,DistServe-2A100,distserve_2a100,realistic_pcie,1,mid_b,76.57878799363971,4090.1107690297067,63.90798076608917,69.1170750069432,4166.689557023346
mid_l70,mid,70,qwen2.5-7b-instruct,Qwen--Qwen2.5-7B-Instruct,DistServe,DistServe-2A100,distserve_2a100,realistic_pcie,1,short_a,75.4490340477787,4078.1160669284873,63.720563545757614,70.16664696857333,4153.565100976266
mid_l70,mid,70,qwen2.5-7b-instruct,Qwen--Qwen2.5-7B-Instruct,DistServe,DistServe-2A100,distserve_2a100,realistic_pcie,1,short_extra_00,79.8818760085851,4100.885869993363,64.07634171864629,69.10733797121793,4180.767746001948
mid_l70,mid,70,qwen2.5-7b-instruct,Qwen--Qwen2.5-7B-Instruct,DistServe,DistServe-2A100,distserve_2a100,realistic_pcie,1,short_extra_01,77.51075300620869,4101.533540990204,64.08646157797193,68.85196798248217,4179.044293996412
mid_l70,mid,70,qwen2.5-7b-instruct,Qwen--Qwen2.5-7B-Instruct,DistServe,DistServe-2A100,distserve_2a100,realistic_pcie,1,short_extra_02,78.94863799447194,4105.200103018433,64.14375160966301,69.84836101764813,4184.148741012905
mid_l70,mid,70,qwen2.5-7b-instruct,Qwen--Qwen2.5-7B-Instruct,DistServe,DistServe-2A100,distserve_2a100,realistic_pcie,1,short_extra_03,79.23040399327874,4103.505864040926,64.11727912563947,69.7799670160748,4182.736268034205
mid_l70,mid,70,qwen2.5-7b-instruct,Qwen--Qwen2.5-7B-Instruct,DistServe,DistServe-2A100,distserve_2a100,realistic_pcie,1,short_extra_04,77.34441803768277,4080.3773389779963,63.75589592153119,70.45981200644746,4157.721757015679
mid_l70,mid,70,qwen2.5-7b-instruct,Qwen--Qwen2.5-7B-Instruct,DistServe,DistServe-2A100,distserve_2a100,realistic_pcie,1,short_extra_05,76.73159695696086,4112.58734902367,64.25917732849484,70.70224196650088,4189.318945980631
mid_l70,mid,70,qwen2.5-7b-instruct,Qwen--Qwen2.5-7B-Instruct,DistServe,DistServe-2A100,distserve_2a100,realistic_pcie,1,short_extra_06,77.74848397821188,4104.863029031549,64.13848482861795,70.1646190136671,4182.6115130097605
mid_l70,mid,70,qwen2.5-7b-instruct,Qwen--Qwen2.5-7B-Instruct,DistServe,DistServe-2A100,distserve_2a100,realistic_pcie,1,short_extra_07,77.08298496436328,4101.112194068264,64.07987803231663,69.61653003236279,4178.1951790326275
mid_l70,mid,70,qwen2.5-7b-instruct,Qwen--Qwen2.5-7B-Instruct,DistServe,DistServe-2A100,distserve_2a100,realistic_pcie,1,short_extra_08,80.1273729884997,4086.6517380345613,63.85393340679002,70.60522201936692,4166.779111023061
mid_l70,mid,70,qwen2.5-7b-instruct,Qwen--Qwen2.5-7B-Instruct,DistServe,DistServe-2A100,distserve_2a100,realistic_pcie,1,short_extra_09,76.8933180370368,4088.1854839390144,63.8778981865471,68.95006902050227,4165.078801976051
mid_l90,mid,90,baichuan2-7b-chat,baichuan-inc--Baichuan2-7B-Chat,DistServe,DistServe-2A100,distserve_2a100,realistic_pcie,0,long_a,218.76722399611026,1020.3276480315253,15.942619500492583,215.83022398408502,1239.0948720276356
mid_l90,mid,90,baichuan2-7b-chat,baichuan-inc--Baichuan2-7B-Chat,DistServe,DistServe-2A100,distserve_2a100,realistic_pcie,0,long_b,266.45435101818293,4605.549441999756,0.08036399958655238,266.5347150177695,4872.003793017939
mid_l90,mid,90,baichuan2-7b-chat,baichuan-inc--Baichuan2-7B-Chat,DistServe,DistServe-2A100,distserve_2a100,realistic_pcie,0,long_extra_00,285.92165297595784,1318.5540090198629,5.531498056370765,291.4531510323286,1604.4756619958207
mid_l90,mid,90,baichuan2-7b-chat,baichuan-inc--Baichuan2-7B-Chat,DistServe,DistServe-2A100,distserve_2a100,realistic_pcie,0,long_extra_01,220.0451460084878,4601.513597997837,71.8986499687162,219.59492802852765,4821.558744006325
mid_l90,mid,90,baichuan2-7b-chat,baichuan-inc--Baichuan2-7B-Chat,DistServe,DistServe-2A100,distserve_2a100,realistic_pcie,0,long_extra_02,264.3928860197775,0.01,0.00015625,263.5324469883926,263.5324469883926
mid_l90,mid,90,baichuan2-7b-chat,baichuan-inc--Baichuan2-7B-Chat,DistServe,DistServe-2A100,distserve_2a100,realistic_pcie,0,long_extra_03,257.1355940308422,4611.282673955429,4.360312945209444,261.49590697605163,4868.4182679862715
mid_l90,mid,90,baichuan2-7b-chat,baichuan-inc--Baichuan2-7B-Chat,DistServe,DistServe-2A100,distserve_2a100,realistic_pcie,0,long_extra_04,278.7730430136435,0.01,0.00015625,276.6690109856427,276.6690109856427
mid_l90,mid,90,baichuan2-7b-chat,baichuan-inc--Baichuan2-7B-Chat,DistServe,DistServe-2A100,distserve_2a100,realistic_pcie,0,long_extra_05,211.49043599143624,4614.720698038582,7.827081019058824,219.31751701049507,4826.211134030018
mid_l90,mid,90,baichuan2-7b-chat,baichuan-inc--Baichuan2-7B-Chat,DistServe,DistServe-2A100,distserve_2a100,realistic_pcie,0,long_extra_06,224.34874199097976,4598.92552299425,4.171075997874141,228.5198179888539,4823.27426498523
mid_l90,mid,90,baichuan2-7b-chat,baichuan-inc--Baichuan2-7B-Chat,DistServe,DistServe-2A100,distserve_2a100,realistic_pcie,0,long_extra_07,216.16313199047,4591.308961971663,71.73920253080723,214.55536998109892,4807.472093962133
mid_l90,mid,90,baichuan2-7b-chat,baichuan-inc--Baichuan2-7B-Chat,DistServe,DistServe-2A100,distserve_2a100,realistic_pcie,0,long_extra_08,249.27660200046375,0.20724599016830325,0.20724599016830325,249.48384799063206,249.48384799063206
mid_l90,mid,90,baichuan2-7b-chat,baichuan-inc--Baichuan2-7B-Chat,DistServe,DistServe-2A100,distserve_2a100,realistic_pcie,0,long_extra_09,217.4068499589339,4622.77786701452,72.23090417210187,216.55929798725992,4840.184716973454
mid_l90,mid,90,baichuan2-7b-chat,baichuan-inc--Baichuan2-7B-Chat,DistServe,DistServe-2A100,distserve_2a100,realistic_pcie,0,long_extra_10,222.15787100140005,1167.149679036811,1.5016170218586922,223.65948802325875,1389.307550038211
mid_l90,mid,90,baichuan2-7b-chat,baichuan-inc--Baichuan2-7B-Chat,DistServe,DistServe-2A100,distserve_2a100,realistic_pcie,0,long_extra_11,211.3742309738882,4611.630077066366,5.621804040856659,216.99603501474485,4823.004308040254
mid_l90,mid,90,baichuan2-7b-chat,baichuan-inc--Baichuan2-7B-Chat,DistServe,DistServe-2A100,distserve_2a100,realistic_pcie,0,long_extra_12,221.45861195167527,0.01,0.00015625,219.98956700554118,219.98956700554118
mid_l90,mid,90,baichuan2-7b-chat,baichuan-inc--Baichuan2-7B-Chat,DistServe,DistServe-2A100,distserve_2a100,realistic_pcie,0,long_extra_13,218.51774404058233,4592.199508973863,3.6048839683644474,222.12262800894678,4810.717253014445
mid_l90,mid,90,baichuan2-7b-chat,baichuan-inc--Baichuan2-7B-Chat,DistServe,DistServe-2A100,distserve_2a100,realistic_pcie,0,long_extra_14,264.3211369868368,0.01,0.00015625,263.14293500036,263.14293500036
mid_l90,mid,90,baichuan2-7b-chat,baichuan-inc--Baichuan2-7B-Chat,DistServe,DistServe-2A100,distserve_2a100,realistic_pcie,0,long_extra_15,219.54536001430824,4603.597773995716,4.583931004162878,224.12929101847112,4823.143134010024
mid_l90,mid,90,baichuan2-7b-chat,baichuan-inc--Baichuan2-7B-Chat,DistServe,DistServe-2A100,distserve_2a100,realistic_pcie,0,long_extra_16,278.8291519973427,4.570666991639882,4.570666991639882,283.3998189889826,283.3998189889826
mid_l90,mid,90,baichuan2-7b-chat,baichuan-inc--Baichuan2-7B-Chat,DistServe,DistServe-2A100,distserve_2a100,realistic_pcie,0,long_extra_17,211.50292799575254,4604.845219990239,8.139697019942105,219.64262501569465,4816.348147985991
mid_l90,mid,90,baichuan2-7b-chat,baichuan-inc--Baichuan2-7B-Chat,DistServe,DistServe-2A100,distserve_2a100,realistic_pcie,0,long_extra_18,226.37621499598026,4606.920705991797,1.606567995622754,227.98278299160302,4833.296920987777
mid_l90,mid,90,baichuan2-7b-chat,baichuan-inc--Baichuan2-7B-Chat,DistServe,DistServe-2A100,distserve_2a100,realistic_pcie,0,long_extra_19,217.2835470410064,4605.386781971902,0.5699629546143115,217.8535099956207,4822.670329012908
mid_l90,mid,90,baichuan2-7b-chat,baichuan-inc--Baichuan2-7B-Chat,DistServe,DistServe-2A100,distserve_2a100,realistic_pcie,0,long_extra_20,223.75680302502587,1695.6434729509056,2.7454119408503175,226.5022149658762,1919.4002759759314
mid_l90,mid,90,baichuan2-7b-chat,baichuan-inc--Baichuan2-7B-Chat,DistServe,DistServe-2A100,distserve_2a100,realistic_pcie,0,long_extra_21,239.35374099528417,4603.726680972613,71.93322939019708,237.0479839737527,4843.080421967898
mid_l90,mid,90,baichuan2-7b-chat,baichuan-inc--Baichuan2-7B-Chat,DistServe,DistServe-2A100,distserve_2a100,realistic_pcie,0,long_extra_22,222.63136098627,0.01,0.00015625,218.8555839820765,218.8555839820765
mid_l90,mid,90,baichuan2-7b-chat,baichuan-inc--Baichuan2-7B-Chat,DistServe,DistServe-2A100,distserve_2a100,realistic_pcie,0,long_extra_23,213.3018330205232,4620.211536996067,4.445342987310141,217.74717600783333,4833.51337001659
mid_l90,mid,90,baichuan2-7b-chat,baichuan-inc--Baichuan2-7B-Chat,DistServe,DistServe-2A100,distserve_2a100,realistic_pcie,0,long_extra_24,265.82314097322524,4.759847070090473,4.759847070090473,270.5829880433157,270.5829880433157
mid_l90,mid,90,baichuan2-7b-chat,baichuan-inc--Baichuan2-7B-Chat,DistServe,DistServe-2A100,distserve_2a100,realistic_pcie,0,long_extra_25,217.93198195518926,4617.327204032335,3.414886014070362,221.34686796925962,4835.259185987525
mid_l90,mid,90,baichuan2-7b-chat,baichuan-inc--Baichuan2-7B-Chat,DistServe,DistServe-2A100,distserve_2a100,realistic_pcie,0,long_extra_26,224.373098986689,1827.554288029205,1.9330960349179804,226.30619502160698,2051.927387015894
mid_l90,mid,90,baichuan2-7b-chat,baichuan-inc--Baichuan2-7B-Chat,DistServe,DistServe-2A100,distserve_2a100,realistic_pcie,0,long_extra_27,214.96366400970146,4593.249055964407,71.76951649944385,212.59721397655085,4808.212719974108
mid_l90,mid,90,baichuan2-7b-chat,baichuan-inc--Baichuan2-7B-Chat,DistServe,DistServe-2A100,distserve_2a100,realistic_pcie,0,long_extra_28,219.30999803589657,515.6278199865483,4.54390695085749,223.85390498675406,734.9378180224448
mid_l90,mid,90,baichuan2-7b-chat,baichuan-inc--Baichuan2-7B-Chat,DistServe,DistServe-2A100,distserve_2a100,realistic_pcie,0,long_extra_29,213.5054760146886,4627.642668958288,7.5433930032886565,221.04886901797727,4841.148144972976
mid_l90,mid,90,baichuan2-7b-chat,baichuan-inc--Baichuan2-7B-Chat,DistServe,DistServe-2A100,distserve_2a100,realistic_pcie,0,long_extra_30,223.2994920341298,813.3783849771135,6.641457963269204,229.940949997399,1036.6778770112433
mid_l90,mid,90,baichuan2-7b-chat,baichuan-inc--Baichuan2-7B-Chat,DistServe,DistServe-2A100,distserve_2a100,realistic_pcie,0,long_extra_31,257.195751008112,4611.773653014097,9.341638011392206,266.5373890195042,4868.969404022209
mid_l90,mid,90,baichuan2-7b-chat,baichuan-inc--Baichuan2-7B-Chat,DistServe,DistServe-2A100,distserve_2a100,realistic_pcie,0,long_extra_32,223.16973499255255,1689.1774809919298,5.8320999960415065,229.00183498859406,1912.3472159844823
mid_l90,mid,90,baichuan2-7b-chat,baichuan-inc--Baichuan2-7B-Chat,DistServe,DistServe-2A100,distserve_2a100,realistic_pcie,0,long_extra_33,256.6469020093791,4602.05801401753,5.939038994256407,262.5859410036355,4858.704916026909
mid_l90,mid,90,baichuan2-7b-chat,baichuan-inc--Baichuan2-7B-Chat,DistServe,DistServe-2A100,distserve_2a100,realistic_pcie,0,mid_b,94.1104760277085,4601.8235449446365,71.90349288975995,76.83733099838719,4695.934020972345
mid_l90,mid,90,baichuan2-7b-chat,baichuan-inc--Baichuan2-7B-Chat,DistServe,DistServe-2A100,distserve_2a100,realistic_pcie,0,short_a,78.68981797946617,4586.9016500073485,71.67033828136482,77.31527101714164,4665.591467986815
mid_l90,mid,90,baichuan2-7b-chat,baichuan-inc--Baichuan2-7B-Chat,DistServe,DistServe-2A100,distserve_2a100,realistic_pcie,0,short_extra_00,78.08647298952565,4598.92098401906,71.85814037529781,76.89484301954508,4677.007457008585
mid_l90,mid,90,baichuan2-7b-chat,baichuan-inc--Baichuan2-7B-Chat,DistServe,DistServe-2A100,distserve_2a100,realistic_pcie,0,short_extra_01,76.992756978143,4583.652317000087,1.0001990012824535,77.99295597942546,4660.64507397823
mid_l90,mid,90,baichuan2-7b-chat,baichuan-inc--Baichuan2-7B-Chat,DistServe,DistServe-2A100,distserve_2a100,realistic_pcie,1,long_a,219.98174098553136,1024.7015450149775,16.010961640859023,217.2675479669124,1244.6832860005088
mid_l90,mid,90,baichuan2-7b-chat,baichuan-inc--Baichuan2-7B-Chat,DistServe,DistServe-2A100,distserve_2a100,realistic_pcie,1,long_b,268.41334701748565,4613.680520968046,72.08875814012572,265.44882799498737,4882.093867985532
mid_l90,mid,90,baichuan2-7b-chat,baichuan-inc--Baichuan2-7B-Chat,DistServe,DistServe-2A100,distserve_2a100,realistic_pcie,1,long_extra_00,223.5384969972074,1323.5102290054783,4.440329037606716,227.97882603481412,1547.0487260026857
mid_l90,mid,90,baichuan2-7b-chat,baichuan-inc--Baichuan2-7B-Chat,DistServe,DistServe-2A100,distserve_2a100,realistic_pcie,1,long_extra_01,219.53963703708723,4604.224257986061,71.94100403103221,217.7154750097543,4823.7638950231485
mid_l90,mid,90,baichuan2-7b-chat,baichuan-inc--Baichuan2-7B-Chat,DistServe,DistServe-2A100,distserve_2a100,realistic_pcie,1,long_extra_02,265.8575850073248,0.6216220208443701,0.6216220208443701,266.4792070281692,266.4792070281692
mid_l90,mid,90,baichuan2-7b-chat,baichuan-inc--Baichuan2-7B-Chat,DistServe,DistServe-2A100,distserve_2a100,realistic_pcie,1,long_extra_03,256.60536595387384,4631.955896038562,5.929718026891351,262.5350839807652,4888.561261992436
mid_l90,mid,90,baichuan2-7b-chat,baichuan-inc--Baichuan2-7B-Chat,DistServe,DistServe-2A100,distserve_2a100,realistic_pcie,1,long_extra_04,277.9375949758105,3.6131610395386815,3.6131610395386815,281.5507560153492,281.5507560153492
mid_l90,mid,90,baichuan2-7b-chat,baichuan-inc--Baichuan2-7B-Chat,DistServe,DistServe-2A100,distserve_2a100,realistic_pcie,1,long_extra_05,212.88497396744788,4605.8737560524605,3.7479200400412083,216.63289400748909,4818.758730019908
mid_l90,mid,90,baichuan2-7b-chat,baichuan-inc--Baichuan2-7B-Chat,DistServe,DistServe-2A100,distserve_2a100,realistic_pcie,1,long_extra_06,230.46488303225487,803.0103799537756,12.547037186777743,228.88833697652444,1033.4752629860304
mid_l90,mid,90,baichuan2-7b-chat,baichuan-inc--Baichuan2-7B-Chat,DistServe,DistServe-2A100,distserve_2a100,realistic_pcie,1,long_extra_07,216.09233797062188,4596.149983059149,71.8148434852992,212.54444803344086,4812.242321029771
mid_l90,mid,90,baichuan2-7b-chat,baichuan-inc--Baichuan2-7B-Chat,DistServe,DistServe-2A100,distserve_2a100,realistic_pcie,1,long_extra_08,251.47154403384775,732.3844389757141,11.443506858995534,250.86218997603282,983.8559830095619
mid_l90,mid,90,baichuan2-7b-chat,baichuan-inc--Baichuan2-7B-Chat,DistServe,DistServe-2A100,distserve_2a100,realistic_pcie,1,long_extra_09,220.61872499762103,4596.576136013027,71.82150212520355,215.65802802797407,4817.194861010648
mid_l90,mid,90,baichuan2-7b-chat,baichuan-inc--Baichuan2-7B-Chat,DistServe,DistServe-2A100,distserve_2a100,realistic_pcie,1,long_extra_10,219.00233998894691,1183.8760059908964,4.161728022154421,223.16406801110134,1402.8783459798433
mid_l90,mid,90,baichuan2-7b-chat,baichuan-inc--Baichuan2-7B-Chat,DistServe,DistServe-2A100,distserve_2a100,realistic_pcie,1,long_extra_11,211.32241102168337,4600.558892998379,7.067793980240822,218.3902050019242,4811.881304020062
mid_l90,mid,90,baichuan2-7b-chat,baichuan-inc--Baichuan2-7B-Chat,DistServe,DistServe-2A100,distserve_2a100,realistic_pcie,1,long_extra_12,226.9454119959846,0.01,0.00015625,221.70872002607211,221.70872002607211
mid_l90,mid,90,baichuan2-7b-chat,baichuan-inc--Baichuan2-7B-Chat,DistServe,DistServe-2A100,distserve_2a100,realistic_pcie,1,long_extra_13,215.43313597794622,4624.638248991687,8.137248980347067,223.5703849582933,4840.071384969633
mid_l90,mid,90,baichuan2-7b-chat,baichuan-inc--Baichuan2-7B-Chat,DistServe,DistServe-2A100,distserve_2a100,realistic_pcie,1,long_extra_14,267.35681504942477,0.01,0.00015625,265.334943018388,265.334943018388
mid_l90,mid,90,baichuan2-7b-chat,baichuan-inc--Baichuan2-7B-Chat,DistServe,DistServe-2A100,distserve_2a100,realistic_pcie,1,long_extra_15,217.28752396302298,4608.781908056699,6.772474036552012,224.059997999575,4826.069432019722
mid_l90,mid,90,baichuan2-7b-chat,baichuan-inc--Baichuan2-7B-Chat,DistServe,DistServe-2A100,distserve_2a100,realistic_pcie,1,long_extra_16,277.9209050349891,4.7294459654949605,4.7294459654949605,282.6503510004841,282.6503510004841
mid_l90,mid,90,baichuan2-7b-chat,baichuan-inc--Baichuan2-7B-Chat,DistServe,DistServe-2A100,distserve_2a100,realistic_pcie,1,long_extra_17,212.8916720394045,4610.869737982284,6.394839962013066,219.28651200141758,4823.761410021689
mid_l90,mid,90,baichuan2-7b-chat,baichuan-inc--Baichuan2-7B-Chat,DistServe,DistServe-2A100,distserve_2a100,realistic_pcie,1,long_extra_18,226.5884990338236,2492.346038983669,2.3035439662635326,228.89204300008714,2718.9345380174927
mid_l90,mid,90,baichuan2-7b-chat,baichuan-inc--Baichuan2-7B-Chat,DistServe,DistServe-2A100,distserve_2a100,realistic_pcie,1,long_extra_19,218.44490902731195,4638.0116660147905,72.4689322814811,215.9173469990492,4856.4565750421025
mid_l90,mid,90,baichuan2-7b-chat,baichuan-inc--Baichuan2-7B-Chat,DistServe,DistServe-2A100,distserve_2a100,realistic_pcie,1,long_extra_20,221.5978769818321,885.4074680129997,5.347644037101418,226.9455210189335,1107.0053449948318
mid_l90,mid,90,baichuan2-7b-chat,baichuan-inc--Baichuan2-7B-Chat,DistServe,DistServe-2A100,distserve_2a100,realistic_pcie,1,long_extra_21,240.20758998813108,4620.654000027571,72.1977187504308,237.58155503310263,4860.861590015702
mid_l90,mid,90,baichuan2-7b-chat,baichuan-inc--Baichuan2-7B-Chat,DistServe,DistServe-2A100,distserve_2a100,realistic_pcie,1,long_extra_22,219.22256599646062,0.6510920356959105,0.6510920356959105,219.87365803215653,219.87365803215653
mid_l90,mid,90,baichuan2-7b-chat,baichuan-inc--Baichuan2-7B-Chat,DistServe,DistServe-2A100,distserve_2a100,realistic_pcie,1,long_extra_23,213.9220450189896,4619.559152983129,5.084534990601242,219.00658000959083,4833.481198002119
mid_l90,mid,90,baichuan2-7b-chat,baichuan-inc--Baichuan2-7B-Chat,DistServe,DistServe-2A100,distserve_2a100,realistic_pcie,1,long_extra_24,266.24347403412685,0.01,0.00015625,265.2031290344894,265.2031290344894
mid_l90,mid,90,baichuan2-7b-chat,baichuan-inc--Baichuan2-7B-Chat,DistServe,DistServe-2A100,distserve_2a100,realistic_pcie,1,long_extra_25,218.8535279710777,4616.65072204778,72.13516753199656,215.53323802072555,4835.504250018857
mid_l90,mid,90,baichuan2-7b-chat,baichuan-inc--Baichuan2-7B-Chat,DistServe,DistServe-2A100,distserve_2a100,realistic_pcie,1,long_extra_26,222.46557200560346,1829.9516860279255,5.88406203314662,228.34963403875008,2052.417258033529
mid_l90,mid,90,baichuan2-7b-chat,baichuan-inc--Baichuan2-7B-Chat,DistServe,DistServe-2A100,distserve_2a100,realistic_pcie,1,long_extra_27,213.36918597808108,4612.270515004639,72.06672679694748,211.83428296353668,4825.63970098272
mid_l90,mid,90,baichuan2-7b-chat,baichuan-inc--Baichuan2-7B-Chat,DistServe,DistServe-2A100,distserve_2a100,realistic_pcie,1,long_extra_28,220.3096760204062,516.5643149521202,2.8367069899104536,223.14638301031664,736.8739909725264
mid_l90,mid,90,baichuan2-7b-chat,baichuan-inc--Baichuan2-7B-Chat,DistServe,DistServe-2A100,distserve_2a100,realistic_pcie,1,long_extra_29,214.19714903458953,4627.525395015255,6.454132962971926,220.65128199756145,4841.722544049844
mid_l90,mid,90,baichuan2-7b-chat,baichuan-inc--Baichuan2-7B-Chat,DistServe,DistServe-2A100,distserve_2a100,realistic_pcie,1,long_extra_30,227.47403796529397,808.9268440380692,3.5615390515886247,231.0355770168826,1036.4008820033632
mid_l90,mid,90,baichuan2-7b-chat,baichuan-inc--Baichuan2-7B-Chat,DistServe,DistServe-2A100,distserve_2a100,realistic_pcie,1,long_extra_31,261.69026497518644,4622.232900059316,72.22238906342682,256.62549800472334,4883.923165034503
mid_l90,mid,90,baichuan2-7b-chat,baichuan-inc--Baichuan2-7B-Chat,DistServe,DistServe-2A100,distserve_2a100,realistic_pcie,1,long_extra_32,221.81693703169003,1692.877328954637,7.686536991968751,229.50347402365878,1914.694265986327
mid_l90,mid,90,baichuan2-7b-chat,baichuan-inc--Baichuan2-7B-Chat,DistServe,DistServe-2A100,distserve_2a100,realistic_pcie,1,long_extra_33,257.78483104659244,4606.27983591985,3.3927399199455976,261.17757096653804,4864.064666966442
mid_l90,mid,90,baichuan2-7b-chat,baichuan-inc--Baichuan2-7B-Chat,DistServe,DistServe-2A100,distserve_2a100,realistic_pcie,1,mid_b,76.24911901075393,4612.723347032443,1.2031369842588902,77.45225599501282,4688.972466043197
mid_l90,mid,90,baichuan2-7b-chat,baichuan-inc--Baichuan2-7B-Chat,DistServe,DistServe-2A100,distserve_2a100,realistic_pcie,1,short_a,75.95962099730968,4616.879773966502,1.378146989736706,77.33776798704639,4692.839394963812
mid_l90,mid,90,baichuan2-7b-chat,baichuan-inc--Baichuan2-7B-Chat,DistServe,DistServe-2A100,distserve_2a100,realistic_pcie,1,short_extra_00,78.1081150053069,4613.228412985336,72.08169395289588,77.59065000573173,4691.336527990643
mid_l90,mid,90,baichuan2-7b-chat,baichuan-inc--Baichuan2-7B-Chat,DistServe,DistServe-2A100,distserve_2a100,realistic_pcie,1,short_extra_01,78.56658200034872,4608.875625999644,72.01368165624444,78.44547601416707,4687.442207999993
mid_l90,mid,90,gemma-2-9b-it,google--gemma-2-9b-it,DistServe,DistServe-2A100,distserve_2a100,realistic_pcie,0,long_a,328.39714601868764,2134.329443972092,6.632081989664584,335.0292280083522,2462.7265899907798
mid_l90,mid,90,gemma-2-9b-it,google--gemma-2-9b-it,DistServe,DistServe-2A100,distserve_2a100,realistic_pcie,0,long_b,360.1520549855195,8401.711578015238,6.662290019448847,366.81434500496835,8761.863633000758
mid_l90,mid,90,gemma-2-9b-it,google--gemma-2-9b-it,DistServe,DistServe-2A100,distserve_2a100,realistic_pcie,0,long_extra_00,470.4331069951877,1472.7600030018948,7.087885984219611,477.5209929794073,1943.1931099970825
mid_l90,mid,90,gemma-2-9b-it,google--gemma-2-9b-it,DistServe,DistServe-2A100,distserve_2a100,realistic_pcie,0,long_extra_01,323.5475599649362,8382.100752089173,17.1900320565328,340.737592021469,8705.648312054109
mid_l90,mid,90,gemma-2-9b-it,google--gemma-2-9b-it,DistServe,DistServe-2A100,distserve_2a100,realistic_pcie,0,long_extra_02,336.46199299255386,8389.911072037648,9.440021007321775,345.90201399987563,8726.373065030202
mid_l90,mid,90,gemma-2-9b-it,google--gemma-2-9b-it,DistServe,DistServe-2A100,distserve_2a100,realistic_pcie,0,long_extra_03,337.67761499620974,8423.245746002067,8.715784002561122,346.39339899877086,8760.923360998277
mid_l90,mid,90,gemma-2-9b-it,google--gemma-2-9b-it,DistServe,DistServe-2A100,distserve_2a100,realistic_pcie,0,long_extra_04,360.26472004596144,8402.215842914302,9.516917925793678,369.7816379717551,8762.480562960263
mid_l90,mid,90,gemma-2-9b-it,google--gemma-2-9b-it,DistServe,DistServe-2A100,distserve_2a100,realistic_pcie,0,long_extra_05,328.7509710062295,8358.775179018266,9.0317860012874,337.7827570075169,8687.526150024496
mid_l90,mid,90,gemma-2-9b-it,google--gemma-2-9b-it,DistServe,DistServe-2A100,distserve_2a100,realistic_pcie,0,long_extra_06,334.04104301007465,1471.2424029712565,5.742831970565021,339.78387498063967,1805.2834459813312
mid_l90,mid,90,gemma-2-9b-it,google--gemma-2-9b-it,DistServe,DistServe-2A100,distserve_2a100,realistic_pcie,0,long_extra_07,332.17599999625236,8375.48050202895,0.651278009172529,332.8272780054249,8707.656502025202
mid_l90,mid,90,gemma-2-9b-it,google--gemma-2-9b-it,DistServe,DistServe-2A100,distserve_2a100,realistic_pcie,0,long_extra_08,338.3915349841118,1196.9814210315235,0.5960350390523672,338.98757002316415,1535.3729560156353
mid_l90,mid,90,gemma-2-9b-it,google--gemma-2-9b-it,DistServe,DistServe-2A100,distserve_2a100,realistic_pcie,0,long_extra_09,321.44360098754987,8387.872490042355,17.39220804302022,338.8358090305701,8709.316091029905
mid_l90,mid,90,gemma-2-9b-it,google--gemma-2-9b-it,DistServe,DistServe-2A100,distserve_2a100,realistic_pcie,0,long_extra_10,327.20634900033474,8400.839355017524,12.499294010922313,339.70564301125705,8728.045704017859
mid_l90,mid,90,gemma-2-9b-it,google--gemma-2-9b-it,DistServe,DistServe-2A100,distserve_2a100,realistic_pcie,0,long_extra_11,331.95142599288374,8370.203018013854,3.3189590321853757,335.2703850250691,8702.154444006737
mid_l90,mid,90,gemma-2-9b-it,google--gemma-2-9b-it,DistServe,DistServe-2A100,distserve_2a100,realistic_pcie,0,long_extra_12,335.3264359757304,3620.800275064539,1.6538140480406582,336.9802500237711,3956.1267110402696
mid_l90,mid,90,gemma-2-9b-it,google--gemma-2-9b-it,DistServe,DistServe-2A100,distserve_2a100,realistic_pcie,0,long_extra_13,329.9869339680299,8434.24389604479,8.820642018690705,338.8075759867206,8764.23083001282
mid_l90,mid,90,gemma-2-9b-it,google--gemma-2-9b-it,DistServe,DistServe-2A100,distserve_2a100,realistic_pcie,0,long_extra_14,340.61156201642007,8384.538383979816,6.211125000845641,346.8226870172657,8725.149945996236
mid_l90,mid,90,gemma-2-9b-it,google--gemma-2-9b-it,DistServe,DistServe-2A100,distserve_2a100,realistic_pcie,0,long_extra_15,332.97933597350493,8395.21762804361,10.75512106763199,343.7344570411369,8728.196964017116
mid_l90,mid,90,gemma-2-9b-it,google--gemma-2-9b-it,DistServe,DistServe-2A100,distserve_2a100,realistic_pcie,0,long_extra_16,358.92736399546266,8375.013374025002,11.518515006173402,370.44587900163606,8733.940738020465
mid_l90,mid,90,gemma-2-9b-it,google--gemma-2-9b-it,DistServe,DistServe-2A100,distserve_2a100,realistic_pcie,0,long_extra_17,331.8480760208331,8483.028538001236,11.183913971763104,343.0319899925962,8814.876614022069
mid_l90,mid,90,gemma-2-9b-it,google--gemma-2-9b-it,DistServe,DistServe-2A100,distserve_2a100,realistic_pcie,0,long_extra_18,321.1180350044742,282.1187020163052,13.089226034935564,334.2072610394098,603.2367370207794
mid_l90,mid,90,gemma-2-9b-it,google--gemma-2-9b-it,DistServe,DistServe-2A100,distserve_2a100,realistic_pcie,0,long_extra_19,334.02241294970736,8367.690554063302,3.795292053837329,337.8177050035447,8701.712967013009
mid_l90,mid,90,gemma-2-9b-it,google--gemma-2-9b-it,DistServe,DistServe-2A100,distserve_2a100,realistic_pcie,0,long_extra_20,318.20147403050214,3346.416821994353,20.216425007674843,338.417899038177,3664.618296024855
mid_l90,mid,90,gemma-2-9b-it,google--gemma-2-9b-it,DistServe,DistServe-2A100,distserve_2a100,realistic_pcie,0,long_extra_21,321.21396803995594,8401.917101989966,12.16290396405384,333.3768720040098,8723.131070029922
mid_l90,mid,90,gemma-2-9b-it,google--gemma-2-9b-it,DistServe,DistServe-2A100,distserve_2a100,realistic_pcie,0,long_extra_22,328.60693900147453,8376.788150984794,2.7604299830272794,331.3673689845018,8705.395089986268
mid_l90,mid,90,gemma-2-9b-it,google--gemma-2-9b-it,DistServe,DistServe-2A100,distserve_2a100,realistic_pcie,0,long_extra_23,322.61069398373365,8446.25369599089,19.73447296768427,342.3451669514179,8768.864389974624
mid_l90,mid,90,gemma-2-9b-it,google--gemma-2-9b-it,DistServe,DistServe-2A100,distserve_2a100,realistic_pcie,0,long_extra_24,340.44213400920853,8411.100000957958,6.515819986816496,346.957953996025,8751.542134967167
mid_l90,mid,90,gemma-2-9b-it,google--gemma-2-9b-it,DistServe,DistServe-2A100,distserve_2a100,realistic_pcie,0,long_extra_25,335.1271079736762,8394.88497003913,131.1700776568614,331.4974720124155,8730.012078012805
mid_l90,mid,90,gemma-2-9b-it,google--gemma-2-9b-it,DistServe,DistServe-2A100,distserve_2a100,realistic_pcie,0,long_extra_26,321.73897500615567,8443.68665694492,14.404941990505904,336.1439169966616,8765.425631951075
mid_l90,mid,90,gemma-2-9b-it,google--gemma-2-9b-it,DistServe,DistServe-2A100,distserve_2a100,realistic_pcie,0,long_extra_27,316.0865069949068,8358.419642958324,18.56223098002374,334.64873797493055,8674.506149953231
mid_l90,mid,90,gemma-2-9b-it,google--gemma-2-9b-it,DistServe,DistServe-2A100,distserve_2a100,realistic_pcie,0,long_extra_28,313.80213098600507,1360.2902889833786,23.768256010953337,337.5703869969584,1674.0924199693836
mid_l90,mid,90,gemma-2-9b-it,google--gemma-2-9b-it,DistServe,DistServe-2A100,distserve_2a100,realistic_pcie,0,long_extra_29,318.93900595605373,8415.043474000413,18.548961030319333,337.48796698637307,8733.982479956467
mid_l90,mid,90,gemma-2-9b-it,google--gemma-2-9b-it,DistServe,DistServe-2A100,distserve_2a100,realistic_pcie,0,long_extra_30,329.150160017889,1486.4954139920883,5.441768968012184,334.5919289859012,1815.6455740099773
mid_l90,mid,90,gemma-2-9b-it,google--gemma-2-9b-it,DistServe,DistServe-2A100,distserve_2a100,realistic_pcie,0,long_extra_31,342.4143510055728,8388.036888034549,5.870478984434158,348.284829990007,8730.451239040121
mid_l90,mid,90,gemma-2-9b-it,google--gemma-2-9b-it,DistServe,DistServe-2A100,distserve_2a100,realistic_pcie,0,long_extra_32,330.99875797051936,3323.0110260192305,6.9910670281387866,337.98982499865815,3654.00978398975
mid_l90,mid,90,gemma-2-9b-it,google--gemma-2-9b-it,DistServe,DistServe-2A100,distserve_2a100,realistic_pcie,0,long_extra_33,340.18222097074613,8400.715969037265,8.04607302416116,348.2282939949073,8740.89819000801
mid_l90,mid,90,gemma-2-9b-it,google--gemma-2-9b-it,DistServe,DistServe-2A100,distserve_2a100,realistic_pcie,0,mid_b,141.75192295806482,8430.415653041564,3.9658600580878556,145.71778301615268,8572.167575999629
mid_l90,mid,90,gemma-2-9b-it,google--gemma-2-9b-it,DistServe,DistServe-2A100,distserve_2a100,realistic_pcie,0,short_a,142.70625595236197,8371.453867061064,0.2949320478364825,143.00118800019845,8514.160123013426
mid_l90,mid,90,gemma-2-9b-it,google--gemma-2-9b-it,DistServe,DistServe-2A100,distserve_2a100,realistic_pcie,0,short_extra_00,142.74016802664846,8424.554174998775,131.63365898435586,142.59810699149966,8567.294343025424
mid_l90,mid,90,gemma-2-9b-it,google--gemma-2-9b-it,DistServe,DistServe-2A100,distserve_2a100,realistic_pcie,0,short_extra_01,140.46246104408056,8514.163867977913,4.348542948719114,144.81100399279967,8654.626329021994
mid_l90,mid,90,gemma-2-9b-it,google--gemma-2-9b-it,DistServe,DistServe-2A100,distserve_2a100,realistic_pcie,1,long_a,316.524054040201,2150.2134829643182,17.056918994057924,333.58097303425893,2466.7375370045193
mid_l90,mid,90,gemma-2-9b-it,google--gemma-2-9b-it,DistServe,DistServe-2A100,distserve_2a100,realistic_pcie,1,long_b,364.04029198456556,8424.705039011315,2.3399959900416434,366.3802879746072,8788.74533099588
mid_l90,mid,90,gemma-2-9b-it,google--gemma-2-9b-it,DistServe,DistServe-2A100,distserve_2a100,realistic_pcie,1,long_extra_00,321.57338300021365,1478.7873980239965,17.559077008627355,339.132460008841,1800.3607810242102
mid_l90,mid,90,gemma-2-9b-it,google--gemma-2-9b-it,DistServe,DistServe-2A100,distserve_2a100,realistic_pcie,1,long_extra_01,325.2637070254423,8388.569071947131,19.05373897170648,344.31744599714875,8713.832778972574
mid_l90,mid,90,gemma-2-9b-it,google--gemma-2-9b-it,DistServe,DistServe-2A100,distserve_2a100,realistic_pcie,1,long_extra_02,337.32606197008863,8383.059591054916,8.128164045047015,345.45422601513565,8720.385653025005
mid_l90,mid,90,gemma-2-9b-it,google--gemma-2-9b-it,DistServe,DistServe-2A100,distserve_2a100,realistic_pcie,1,long_extra_03,341.5348270209506,8395.298812014516,5.202660977374762,346.7374879983254,8736.833639035467
mid_l90,mid,90,gemma-2-9b-it,google--gemma-2-9b-it,DistServe,DistServe-2A100,distserve_2a100,realistic_pcie,1,long_extra_04,362.58726904634386,8433.07113397168,4.687000997364521,367.2742700437084,8795.658403018024
mid_l90,mid,90,gemma-2-9b-it,google--gemma-2-9b-it,DistServe,DistServe-2A100,distserve_2a100,realistic_pcie,1,long_extra_05,316.80632499046624,8394.82357102679,18.56028102338314,335.3666060138494,8711.629896017257
mid_l90,mid,90,gemma-2-9b-it,google--gemma-2-9b-it,DistServe,DistServe-2A100,distserve_2a100,realistic_pcie,1,long_extra_06,322.3489540396258,1471.5466869529337,13.669672945979983,336.0186269856058,1793.8956409925595
mid_l90,mid,90,gemma-2-9b-it,google--gemma-2-9b-it,DistServe,DistServe-2A100,distserve_2a100,realistic_pcie,1,long_extra_07,322.20644399058074,8400.278886023443,8.669785980600864,330.8762299711816,8722.485330014024
mid_l90,mid,90,gemma-2-9b-it,google--gemma-2-9b-it,DistServe,DistServe-2A100,distserve_2a100,realistic_pcie,1,long_extra_08,325.62530401628464,1226.894708990585,14.38440999481827,340.0097140111029,1552.5200130068697
mid_l90,mid,90,gemma-2-9b-it,google--gemma-2-9b-it,DistServe,DistServe-2A100,distserve_2a100,realistic_pcie,1,long_extra_09,322.3670849693008,8417.754242022056,18.769240006804466,341.13632497610524,8740.121326991357
mid_l90,mid,90,gemma-2-9b-it,google--gemma-2-9b-it,DistServe,DistServe-2A100,distserve_2a100,realistic_pcie,1,long_extra_10,321.8184090219438,8393.473676987924,18.399719963781536,340.21812898572534,8715.292086009867
mid_l90,mid,90,gemma-2-9b-it,google--gemma-2-9b-it,DistServe,DistServe-2A100,distserve_2a100,realistic_pcie,1,long_extra_11,317.66199198318645,8396.740706055425,18.471837043762207,336.13382902694866,8714.402698038612
mid_l90,mid,90,gemma-2-9b-it,google--gemma-2-9b-it,DistServe,DistServe-2A100,distserve_2a100,realistic_pcie,1,long_extra_12,322.5724220392294,3611.8216359172948,12.590396916493773,335.1628189557232,3934.394057956524
mid_l90,mid,90,gemma-2-9b-it,google--gemma-2-9b-it,DistServe,DistServe-2A100,distserve_2a100,realistic_pcie,1,long_extra_13,317.7761980332434,8405.047398002353,19.76092701079324,337.53712504403666,8722.823596035596
mid_l90,mid,90,gemma-2-9b-it,google--gemma-2-9b-it,DistServe,DistServe-2A100,distserve_2a100,realistic_pcie,1,long_extra_14,337.3571790289134,8424.340004916303,4.240409936755896,341.5975889656693,8761.697183945216
mid_l90,mid,90,gemma-2-9b-it,google--gemma-2-9b-it,DistServe,DistServe-2A100,distserve_2a100,realistic_pcie,1,long_extra_15,321.3845390127972,8424.331810965668,20.051405008416623,341.4359440212138,8745.716349978466
mid_l90,mid,90,gemma-2-9b-it,google--gemma-2-9b-it,DistServe,DistServe-2A100,distserve_2a100,realistic_pcie,1,long_extra_16,359.4743239809759,8407.493642065674,7.970790029503405,367.4451140104793,8766.96796604665
mid_l90,mid,90,gemma-2-9b-it,google--gemma-2-9b-it,DistServe,DistServe-2A100,distserve_2a100,realistic_pcie,1,long_extra_17,319.64407803025097,8425.266381003894,17.126643972005695,336.77072200225666,8744.910459034145
mid_l90,mid,90,gemma-2-9b-it,google--gemma-2-9b-it,DistServe,DistServe-2A100,distserve_2a100,realistic_pcie,1,long_extra_18,322.95181800145656,1482.9141040099785,13.313116040080786,336.26493404153734,1805.865922011435
mid_l90,mid,90,gemma-2-9b-it,google--gemma-2-9b-it,DistServe,DistServe-2A100,distserve_2a100,realistic_pcie,1,long_extra_19,324.0883370162919,8375.994123984128,13.210734003223479,337.2990710195154,8700.08246100042
mid_l90,mid,90,gemma-2-9b-it,google--gemma-2-9b-it,DistServe,DistServe-2A100,distserve_2a100,realistic_pcie,1,long_extra_20,322.3004509927705,3334.5041089924052,19.21342103742063,341.5138720301911,3656.8045599851757
mid_l90,mid,90,gemma-2-9b-it,google--gemma-2-9b-it,DistServe,DistServe-2A100,distserve_2a100,realistic_pcie,1,long_extra_21,318.8048770534806,8415.808489953633,12.45546992868185,331.26034698216245,8734.613367007114
mid_l90,mid,90,gemma-2-9b-it,google--gemma-2-9b-it,DistServe,DistServe-2A100,distserve_2a100,realistic_pcie,1,long_extra_22,316.72043702565134,8402.034993981943,11.833382013719529,328.55381903937086,8718.755431007594
mid_l90,mid,90,gemma-2-9b-it,google--gemma-2-9b-it,DistServe,DistServe-2A100,distserve_2a100,realistic_pcie,1,long_extra_23,324.1559329908341,8402.075961988885,16.476097982376814,340.63203097321093,8726.231894979719
mid_l90,mid,90,gemma-2-9b-it,google--gemma-2-9b-it,DistServe,DistServe-2A100,distserve_2a100,realistic_pcie,1,long_extra_24,341.5247810189612,8398.25467497576,2.902634965721518,344.42741598468274,8739.779455994722
mid_l90,mid,90,gemma-2-9b-it,google--gemma-2-9b-it,DistServe,DistServe-2A100,distserve_2a100,realistic_pcie,1,long_extra_25,321.4141600183211,8409.321122977417,10.10898593813181,331.52314595645294,8730.735282995738
mid_l90,mid,90,gemma-2-9b-it,google--gemma-2-9b-it,DistServe,DistServe-2A100,distserve_2a100,realistic_pcie,1,long_extra_26,320.6230689538643,8413.846416049637,16.049326048232615,336.6723950020969,8734.469485003501
mid_l90,mid,90,gemma-2-9b-it,google--gemma-2-9b-it,DistServe,DistServe-2A100,distserve_2a100,realistic_pcie,1,long_extra_27,316.4056799723767,8422.352252004202,16.329120029695332,332.734800002072,8738.75793197658
mid_l90,mid,90,gemma-2-9b-it,google--gemma-2-9b-it,DistServe,DistServe-2A100,distserve_2a100,realistic_pcie,1,long_extra_28,315.9964599763043,1352.8855220065452,19.813697028439492,335.8101570047438,1668.8819819828495
mid_l90,mid,90,gemma-2-9b-it,google--gemma-2-9b-it,DistServe,DistServe-2A100,distserve_2a100,realistic_pcie,1,long_extra_29,317.4711350002326,8394.749492988922,21.454347006510943,338.92548200674355,8712.220627989154
mid_l90,mid,90,gemma-2-9b-it,google--gemma-2-9b-it,DistServe,DistServe-2A100,distserve_2a100,realistic_pcie,1,long_extra_30,317.5345589988865,1469.7394800023176,16.450893017463386,333.9854520163499,1787.274039001204
mid_l90,mid,90,gemma-2-9b-it,google--gemma-2-9b-it,DistServe,DistServe-2A100,distserve_2a100,realistic_pcie,1,long_extra_31,341.83809999376535,8373.958040960133,4.815267981030047,346.6533679747954,8715.796140953898
mid_l90,mid,90,gemma-2-9b-it,google--gemma-2-9b-it,DistServe,DistServe-2A100,distserve_2a100,realistic_pcie,1,long_extra_32,318.7728339689784,3345.5594510305673,25.641658052336425,344.4144920213148,3664.3322849995457
mid_l90,mid,90,gemma-2-9b-it,google--gemma-2-9b-it,DistServe,DistServe-2A100,distserve_2a100,realistic_pcie,1,long_extra_33,339.9107219884172,8381.135511037428,8.306299045216292,348.2170210336335,8721.046233025845
mid_l90,mid,90,gemma-2-9b-it,google--gemma-2-9b-it,DistServe,DistServe-2A100,distserve_2a100,realistic_pcie,1,mid_b,130.49187895376235,8390.079108066857,12.052865058649331,142.54474401241168,8520.57098702062
mid_l90,mid,90,gemma-2-9b-it,google--gemma-2-9b-it,DistServe,DistServe-2A100,distserve_2a100,realistic_pcie,1,short_a,129.99788799788803,8368.034817976877,13.140520022716373,143.1384080206044,8498.032705974765
mid_l90,mid,90,gemma-2-9b-it,google--gemma-2-9b-it,DistServe,DistServe-2A100,distserve_2a100,realistic_pcie,1,short_extra_00,130.12754399096593,8412.627663987223,12.230212974827737,142.35775696579367,8542.755207978189
mid_l90,mid,90,gemma-2-9b-it,google--gemma-2-9b-it,DistServe,DistServe-2A100,distserve_2a100,realistic_pcie,1,short_extra_01,129.8477600212209,8398.98987597553,13.186246971599758,143.03400699282065,8528.837635996751
mid_l90,mid,90,gemma-7b-it,google--gemma-7b-it,DistServe,DistServe-2A100,distserve_2a100,realistic_pcie,0,long_a,300.31651398167014,4874.817925039679,10.81497099949047,311.1314849811606,5175.134439021349
mid_l90,mid,90,gemma-7b-it,google--gemma-7b-it,DistServe,DistServe-2A100,distserve_2a100,realistic_pcie,0,long_b,348.7886399962008,4859.172004042193,7.129820005502552,355.91846000170335,5207.960644038394
mid_l90,mid,90,gemma-7b-it,google--gemma-7b-it,DistServe,DistServe-2A100,distserve_2a100,realistic_pcie,0,long_extra_00,413.6116690351628,2252.9351079720072,16.634191968478262,430.24586100364104,2666.54677700717
mid_l90,mid,90,gemma-7b-it,google--gemma-7b-it,DistServe,DistServe-2A100,distserve_2a100,realistic_pcie,0,long_extra_01,355.27964896755293,4872.620255046058,3.5419060150161386,358.82155498256907,5227.899904013611
mid_l90,mid,90,gemma-7b-it,google--gemma-7b-it,DistServe,DistServe-2A100,distserve_2a100,realistic_pcie,0,long_extra_02,348.0947859934531,3152.4547950248234,49.257106172262866,342.60899102082476,3500.5495810182765
mid_l90,mid,90,gemma-7b-it,google--gemma-7b-it,DistServe,DistServe-2A100,distserve_2a100,realistic_pcie,0,long_extra_03,349.6756280073896,4874.913357954938,9.849991940427572,359.5256199478172,5224.588985962328
mid_l90,mid,90,gemma-7b-it,google--gemma-7b-it,DistServe,DistServe-2A100,distserve_2a100,realistic_pcie,0,long_extra_04,344.95334001258016,4855.882877018303,0.7684570155106485,345.7217970280908,5200.836217030883
mid_l90,mid,90,gemma-7b-it,google--gemma-7b-it,DistServe,DistServe-2A100,distserve_2a100,realistic_pcie,0,long_extra_05,308.2907240022905,4862.379947968293,3.4151329891756177,311.70585699146613,5170.6706719705835
mid_l90,mid,90,gemma-7b-it,google--gemma-7b-it,DistServe,DistServe-2A100,distserve_2a100,realistic_pcie,0,long_extra_06,334.23402201151475,2701.163050951436,2.4855959927663207,336.7196180042811,3035.397072962951
mid_l90,mid,90,gemma-7b-it,google--gemma-7b-it,DistServe,DistServe-2A100,distserve_2a100,realistic_pcie,0,long_extra_07,313.2958040223457,4854.426033969503,0.9577509481459856,314.2535549704917,5167.721837991849
mid_l90,mid,90,gemma-7b-it,google--gemma-7b-it,DistServe,DistServe-2A100,distserve_2a100,realistic_pcie,0,long_extra_08,351.7988779931329,4868.6732510104775,1.3979689683765173,353.19684696150944,5220.4721290036105
mid_l90,mid,90,gemma-7b-it,google--gemma-7b-it,DistServe,DistServe-2A100,distserve_2a100,realistic_pcie,0,long_extra_09,337.91642799042165,4868.866560980678,4.903466964606196,342.81989495502785,5206.782988971099
mid_l90,mid,90,gemma-7b-it,google--gemma-7b-it,DistServe,DistServe-2A100,distserve_2a100,realistic_pcie,0,long_extra_10,348.2410319847986,4859.547575993929,6.9562349817715585,355.19726696657017,5207.788607978728
mid_l90,mid,90,gemma-7b-it,google--gemma-7b-it,DistServe,DistServe-2A100,distserve_2a100,realistic_pcie,0,long_extra_11,311.35689798975363,4863.111459009815,4.661303013563156,316.0182010033168,5174.468356999569
mid_l90,mid,90,gemma-7b-it,google--gemma-7b-it,DistServe,DistServe-2A100,distserve_2a100,realistic_pcie,0,long_extra_12,304.7613279777579,2011.429553036578,8.67377599934116,313.43510397709906,2316.190881014336
mid_l90,mid,90,gemma-7b-it,google--gemma-7b-it,DistServe,DistServe-2A100,distserve_2a100,realistic_pcie,0,long_extra_13,310.84586202632636,4874.488537956495,3.5249589709565043,314.37082099728286,5185.334399982821
mid_l90,mid,90,gemma-7b-it,google--gemma-7b-it,DistServe,DistServe-2A100,distserve_2a100,realistic_pcie,0,long_extra_14,341.79342497373,4866.262058028951,13.937167008407414,355.7305919821374,5208.055483002681
mid_l90,mid,90,gemma-7b-it,google--gemma-7b-it,DistServe,DistServe-2A100,distserve_2a100,realistic_pcie,0,long_extra_15,344.4380500004627,4875.7330639637075,11.206417984794825,355.6444679852575,5220.17111396417
mid_l90,mid,90,gemma-7b-it,google--gemma-7b-it,DistServe,DistServe-2A100,distserve_2a100,realistic_pcie,0,long_extra_16,345.89566104114056,4876.8711379379965,6.716997944749892,352.61265898589045,5222.766798979137
mid_l90,mid,90,gemma-7b-it,google--gemma-7b-it,DistServe,DistServe-2A100,distserve_2a100,realistic_pcie,0,long_extra_17,308.41381300706416,4865.241897001397,13.194488012231886,321.60830101929605,5173.655710008461
mid_l90,mid,90,gemma-7b-it,google--gemma-7b-it,DistServe,DistServe-2A100,distserve_2a100,realistic_pcie,0,long_extra_18,372.81683599576354,2579.7683129785582,40.30887989028997,335.2672120090574,2952.585148974322
mid_l90,mid,90,gemma-7b-it,google--gemma-7b-it,DistServe,DistServe-2A100,distserve_2a100,realistic_pcie,0,long_extra_19,312.7498659887351,4859.511744056363,3.765924018807709,316.5157900075428,5172.261610045098
mid_l90,mid,90,gemma-7b-it,google--gemma-7b-it,DistServe,DistServe-2A100,distserve_2a100,realistic_pcie,0,long_extra_20,346.99432097841054,4861.598892020993,9.346674021799117,356.34099500020966,5208.5932129994035
mid_l90,mid,90,gemma-7b-it,google--gemma-7b-it,DistServe,DistServe-2A100,distserve_2a100,realistic_pcie,0,long_extra_21,351.23058303724974,4863.247303001117,6.634135963395238,357.864719000645,5214.477886038367
mid_l90,mid,90,gemma-7b-it,google--gemma-7b-it,DistServe,DistServe-2A100,distserve_2a100,realistic_pcie,0,long_extra_22,307.8268980025314,1538.6392819928005,4.2163539910689,312.0432519936003,1846.466179995332
mid_l90,mid,90,gemma-7b-it,google--gemma-7b-it,DistServe,DistServe-2A100,distserve_2a100,realistic_pcie,0,long_extra_23,354.97160902014,4849.775618989952,4.995253984816372,359.9668630049564,5204.747228010092
mid_l90,mid,90,gemma-7b-it,google--gemma-7b-it,DistServe,DistServe-2A100,distserve_2a100,realistic_pcie,0,long_extra_24,350.13211995828897,4874.7676140628755,76.16824396973243,348.28263701638207,5224.8997340211645
mid_l90,mid,90,gemma-7b-it,google--gemma-7b-it,DistServe,DistServe-2A100,distserve_2a100,realistic_pcie,0,long_extra_25,336.62566798739135,4863.620938034728,3.609973064158112,340.23564105154946,5200.2466060221195
mid_l90,mid,90,gemma-7b-it,google--gemma-7b-it,DistServe,DistServe-2A100,distserve_2a100,realistic_pcie,0,long_extra_26,306.187936977949,3192.4261830281466,3.9809170411899686,310.16885401913896,3498.6141200060956
mid_l90,mid,90,gemma-7b-it,google--gemma-7b-it,DistServe,DistServe-2A100,distserve_2a100,realistic_pcie,0,long_extra_27,312.1099300333299,4880.01619692659,2.2636099602095783,314.37353999353945,5192.12612695992
mid_l90,mid,90,gemma-7b-it,google--gemma-7b-it,DistServe,DistServe-2A100,distserve_2a100,realistic_pcie,0,long_extra_28,308.6344529874623,4851.8256500246935,4.53730602748692,313.1717590149492,5160.460103012156
mid_l90,mid,90,gemma-7b-it,google--gemma-7b-it,DistServe,DistServe-2A100,distserve_2a100,realistic_pcie,0,long_extra_29,314.9838729877956,4851.300574024208,2.0754639990627766,317.0593369868584,5166.2844470120035
mid_l90,mid,90,gemma-7b-it,google--gemma-7b-it,DistServe,DistServe-2A100,distserve_2a100,realistic_pcie,0,long_extra_30,334.34327703434974,4880.804717948195,2.0039189839735627,336.3471960183233,5215.147994982544
mid_l90,mid,90,gemma-7b-it,google--gemma-7b-it,DistServe,DistServe-2A100,distserve_2a100,realistic_pcie,0,long_extra_31,352.438268950209,4862.7879450214095,6.224527023732662,358.6627959739417,5215.226213971619
mid_l90,mid,90,gemma-7b-it,google--gemma-7b-it,DistServe,DistServe-2A100,distserve_2a100,realistic_pcie,0,long_extra_32,349.7435540193692,4859.6813610056415,3.962888033129275,353.70644205249846,5209.424915025011
mid_l90,mid,90,gemma-7b-it,google--gemma-7b-it,DistServe,DistServe-2A100,distserve_2a100,realistic_pcie,0,long_extra_33,347.86552999867126,4872.865249984898,11.520608968567103,359.38613896723837,5220.730779983569
mid_l90,mid,90,gemma-7b-it,google--gemma-7b-it,DistServe,DistServe-2A100,distserve_2a100,realistic_pcie,0,mid_b,85.91650996822864,4838.930854049977,75.60829459453089,82.71163702011108,4924.847364018206
mid_l90,mid,90,gemma-7b-it,google--gemma-7b-it,DistServe,DistServe-2A100,distserve_2a100,realistic_pcie,0,short_a,81.46336098434404,4853.2998420414515,1.1033440241590142,82.56670500850305,4934.7632030257955
mid_l90,mid,90,gemma-7b-it,google--gemma-7b-it,DistServe,DistServe-2A100,distserve_2a100,realistic_pcie,0,short_extra_00,81.17708301870152,4845.261040027253,0.02621603198349476,81.20329905068502,4926.438123045955
mid_l90,mid,90,gemma-7b-it,google--gemma-7b-it,DistServe,DistServe-2A100,distserve_2a100,realistic_pcie,0,short_extra_01,79.65632702689618,4867.753223981708,2.6392629952169955,82.29559002211317,4947.4095510086045
mid_l90,mid,90,gemma-7b-it,google--gemma-7b-it,DistServe,DistServe-2A100,distserve_2a100,realistic_pcie,1,long_a,304.9643480335362,4860.479784954805,75.94499663991883,299.9695400358178,5165.444132988341
mid_l90,mid,90,gemma-7b-it,google--gemma-7b-it,DistServe,DistServe-2A100,distserve_2a100,realistic_pcie,1,long_b,350.51536199171096,5045.070669963025,6.146628002170473,356.66198999388143,5395.5860319547355
mid_l90,mid,90,gemma-7b-it,google--gemma-7b-it,DistServe,DistServe-2A100,distserve_2a100,realistic_pcie,1,long_extra_00,345.0689259916544,4846.2627659901045,2.6788730174303055,347.7477990090847,5191.331691981759
mid_l90,mid,90,gemma-7b-it,google--gemma-7b-it,DistServe,DistServe-2A100,distserve_2a100,realistic_pcie,1,long_extra_01,357.30464896187186,4855.989192030393,75.87483112547488,354.61683402536437,5213.293840992264
mid_l90,mid,90,gemma-7b-it,google--gemma-7b-it,DistServe,DistServe-2A100,distserve_2a100,realistic_pcie,1,long_extra_02,347.14182501193136,4926.534732978325,0.8960289997048676,348.0378540116362,5273.676557990257
mid_l90,mid,90,gemma-7b-it,google--gemma-7b-it,DistServe,DistServe-2A100,distserve_2a100,realistic_pcie,1,long_extra_03,354.57333497470245,4857.014606997836,1.7607920453883708,356.3341270200908,5211.587941972539
mid_l90,mid,90,gemma-7b-it,google--gemma-7b-it,DistServe,DistServe-2A100,distserve_2a100,realistic_pcie,1,long_extra_04,348.10430998913944,4859.85582601279,4.330104042310268,352.4344140314497,5207.96013600193
mid_l90,mid,90,gemma-7b-it,google--gemma-7b-it,DistServe,DistServe-2A100,distserve_2a100,realistic_pcie,1,long_extra_05,308.50625497987494,4855.903096031398,4.575114056933671,313.0813690368086,5164.4093510112725
mid_l90,mid,90,gemma-7b-it,google--gemma-7b-it,DistServe,DistServe-2A100,distserve_2a100,realistic_pcie,1,long_extra_06,335.5811620131135,4845.131127978675,0.8948830072768033,336.4760450203903,5180.712289991789
mid_l90,mid,90,gemma-7b-it,google--gemma-7b-it,DistServe,DistServe-2A100,distserve_2a100,realistic_pcie,1,long_extra_07,310.28642097953707,4863.046719052363,5.188619019463658,315.4750399990007,5173.3331400319
mid_l90,mid,90,gemma-7b-it,google--gemma-7b-it,DistServe,DistServe-2A100,distserve_2a100,realistic_pcie,1,long_extra_08,346.5440190047957,4857.402072986588,3.951722988858819,350.4957419936545,5203.946091991384
mid_l90,mid,90,gemma-7b-it,google--gemma-7b-it,DistServe,DistServe-2A100,distserve_2a100,realistic_pcie,1,long_extra_09,337.14474202133715,4869.809423980769,5.334060988388956,342.4788030097261,5206.954166002106
mid_l90,mid,90,gemma-7b-it,google--gemma-7b-it,DistServe,DistServe-2A100,distserve_2a100,realistic_pcie,1,long_extra_10,349.3365069734864,4856.778317014687,1.4206190244294703,350.75712599791586,5206.114823988173
mid_l90,mid,90,gemma-7b-it,google--gemma-7b-it,DistServe,DistServe-2A100,distserve_2a100,realistic_pcie,1,long_extra_11,314.74297697423026,4845.385081018321,75.70914189091127,314.16938098846003,5160.1280579925515
mid_l90,mid,90,gemma-7b-it,google--gemma-7b-it,DistServe,DistServe-2A100,distserve_2a100,realistic_pcie,1,long_extra_12,309.46818395750597,1617.8884070832282,25.27950636067544,307.6976709999144,1927.3565910407342
mid_l90,mid,90,gemma-7b-it,google--gemma-7b-it,DistServe,DistServe-2A100,distserve_2a100,realistic_pcie,1,long_extra_13,314.05742798233405,4890.909799025394,6.103723018895835,320.1611510012299,5204.967227007728
mid_l90,mid,90,gemma-7b-it,google--gemma-7b-it,DistServe,DistServe-2A100,distserve_2a100,realistic_pcie,1,long_extra_14,346.6558529762551,3085.4952040244825,2.1636230521835387,348.81947602843866,3432.1510570007376
mid_l90,mid,90,gemma-7b-it,google--gemma-7b-it,DistServe,DistServe-2A100,distserve_2a100,realistic_pcie,1,long_extra_15,342.6425310317427,4871.094771951903,12.789037951733917,355.4315689834766,5213.737302983645
mid_l90,mid,90,gemma-7b-it,google--gemma-7b-it,DistServe,DistServe-2A100,distserve_2a100,realistic_pcie,1,long_extra_16,346.8271470046602,4861.233485979028,5.383956013247371,352.2111030179076,5208.060632983688
mid_l90,mid,90,gemma-7b-it,google--gemma-7b-it,DistServe,DistServe-2A100,distserve_2a100,realistic_pcie,1,long_extra_17,305.54942396702245,4863.460952008609,9.960711002349854,315.5101349693723,5169.010375975631
mid_l90,mid,90,gemma-7b-it,google--gemma-7b-it,DistServe,DistServe-2A100,distserve_2a100,realistic_pcie,1,long_extra_18,335.0972490152344,4848.062689998187,0.7821079925633967,335.8793570077978,5183.1599390134215
mid_l90,mid,90,gemma-7b-it,google--gemma-7b-it,DistServe,DistServe-2A100,distserve_2a100,realistic_pcie,1,long_extra_19,312.1636669966392,4882.64500699006,1.7189370119012892,313.8826040085405,5194.808673986699
mid_l90,mid,90,gemma-7b-it,google--gemma-7b-it,DistServe,DistServe-2A100,distserve_2a100,realistic_pcie,1,long_extra_20,350.8139440091327,4853.893827996217,0.41484698886051774,351.2287909979932,5204.707772005349
mid_l90,mid,90,gemma-7b-it,google--gemma-7b-it,DistServe,DistServe-2A100,distserve_2a100,realistic_pcie,1,long_extra_21,354.92836800403893,4852.524770016316,2.2615130292251706,357.1898810332641,5207.453138020355
mid_l90,mid,90,gemma-7b-it,google--gemma-7b-it,DistServe,DistServe-2A100,distserve_2a100,realistic_pcie,1,long_extra_22,308.95511800190434,1849.1369420080446,3.6942370352335274,312.64935503713787,2158.092060009949
mid_l90,mid,90,gemma-7b-it,google--gemma-7b-it,DistServe,DistServe-2A100,distserve_2a100,realistic_pcie,1,long_extra_23,354.45210902253166,4871.851454954594,5.782248976174742,360.2343579987064,5226.303563977126
mid_l90,mid,90,gemma-7b-it,google--gemma-7b-it,DistServe,DistServe-2A100,distserve_2a100,realistic_pcie,1,long_extra_24,346.47492703516036,4874.151337950025,3.4774949308484793,349.95242196600884,5220.626264985185
mid_l90,mid,90,gemma-7b-it,google--gemma-7b-it,DistServe,DistServe-2A100,distserve_2a100,realistic_pcie,1,long_extra_25,337.66979997744784,4866.547679004725,6.194064044393599,343.86386402184144,5204.217478982173
mid_l90,mid,90,gemma-7b-it,google--gemma-7b-it,DistServe,DistServe-2A100,distserve_2a100,realistic_pcie,1,long_extra_26,309.94716699933633,4868.646263028495,2.278362982906401,312.22552998224273,5178.593430027831
mid_l90,mid,90,gemma-7b-it,google--gemma-7b-it,DistServe,DistServe-2A100,distserve_2a100,realistic_pcie,1,long_extra_27,309.33588999323547,4865.884755039588,2.7097040438093245,312.0455940370448,5175.220645032823
mid_l90,mid,90,gemma-7b-it,google--gemma-7b-it,DistServe,DistServe-2A100,distserve_2a100,realistic_pcie,1,long_extra_28,310.2281339815818,4864.4559170352295,0.45116106048226357,310.67929504206404,5174.684051016811
mid_l90,mid,90,gemma-7b-it,google--gemma-7b-it,DistServe,DistServe-2A100,distserve_2a100,realistic_pcie,1,long_extra_29,311.6437220014632,4872.578737034928,2.7486690087243915,314.39239101018757,5184.222459036391
mid_l90,mid,90,gemma-7b-it,google--gemma-7b-it,DistServe,DistServe-2A100,distserve_2a100,realistic_pcie,1,long_extra_30,335.71281895274296,4887.595802079886,1.0950570576824248,336.8078760104254,5223.308621032629
mid_l90,mid,90,gemma-7b-it,google--gemma-7b-it,DistServe,DistServe-2A100,distserve_2a100,realistic_pcie,1,long_extra_31,353.4558629617095,4853.842307056766,75.84128604776197,348.8286010106094,5207.2981700184755
mid_l90,mid,90,gemma-7b-it,google--gemma-7b-it,DistServe,DistServe-2A100,distserve_2a100,realistic_pcie,1,long_extra_32,345.9993140422739,4854.939880955499,8.950361923780292,354.9496759660542,5200.939194997773
mid_l90,mid,90,gemma-7b-it,google--gemma-7b-it,DistServe,DistServe-2A100,distserve_2a100,realistic_pcie,1,long_extra_33,345.77682201052085,4877.785292977933,12.61299999896437,358.3898220094852,5223.562114988454
mid_l90,mid,90,gemma-7b-it,google--gemma-7b-it,DistServe,DistServe-2A100,distserve_2a100,realistic_pcie,1,mid_b,80.4844000376761,4860.682147962507,4.1186229209415615,84.60302295861766,4941.166548000183
mid_l90,mid,90,gemma-7b-it,google--gemma-7b-it,DistServe,DistServe-2A100,distserve_2a100,realistic_pcie,1,short_a,79.53220600029454,4845.156341034453,2.678758988622576,82.21096498891711,4924.688547034748
mid_l90,mid,90,gemma-7b-it,google--gemma-7b-it,DistServe,DistServe-2A100,distserve_2a100,realistic_pcie,1,short_extra_00,82.35273201717064,4847.534978936892,2.1689769346266985,84.52170895179734,4929.887710954063
mid_l90,mid,90,gemma-7b-it,google--gemma-7b-it,DistServe,DistServe-2A100,distserve_2a100,realistic_pcie,1,short_extra_01,80.93615301186219,4840.237073018216,0.9436350082978606,81.87978802016005,4921.173226030078
mid_l90,mid,90,mistral-7b-instruct-v0.2,mistralai--Mistral-7B-Instruct-v0.2,DistServe,DistServe-2A100,distserve_2a100,realistic_pcie,0,long_a,218.94389996305108,4752.634256030433,7.494389021303505,226.43828898435459,4971.578155993484
mid_l90,mid,90,mistral-7b-instruct-v0.2,mistralai--Mistral-7B-Instruct-v0.2,DistServe,DistServe-2A100,distserve_2a100,realistic_pcie,0,long_b,299.6114609995857,4764.060643967241,9.256333985831589,308.8677949854173,5063.672104966827
mid_l90,mid,90,mistral-7b-instruct-v0.2,mistralai--Mistral-7B-Instruct-v0.2,DistServe,DistServe-2A100,distserve_2a100,realistic_pcie,0,long_extra_00,311.4059509825893,4757.331303029787,15.935260045807809,327.3412110283971,5068.737254012376
mid_l90,mid,90,mistral-7b-instruct-v0.2,mistralai--Mistral-7B-Instruct-v0.2,DistServe,DistServe-2A100,distserve_2a100,realistic_pcie,0,long_extra_01,232.46959003154188,4742.198602936696,5.9073049342259765,238.37689496576786,4974.668192968238
mid_l90,mid,90,mistral-7b-instruct-v0.2,mistralai--Mistral-7B-Instruct-v0.2,DistServe,DistServe-2A100,distserve_2a100,realistic_pcie,0,long_extra_02,276.13986999494955,4755.1046490552835,6.818787020165473,282.958657015115,5031.244519050233
mid_l90,mid,90,mistral-7b-instruct-v0.2,mistralai--Mistral-7B-Instruct-v0.2,DistServe,DistServe-2A100,distserve_2a100,realistic_pcie,0,long_extra_03,280.81814997131005,4737.577886029612,5.555556039325893,286.37370601063594,5018.396036000922
mid_l90,mid,90,mistral-7b-instruct-v0.2,mistralai--Mistral-7B-Instruct-v0.2,DistServe,DistServe-2A100,distserve_2a100,realistic_pcie,0,long_extra_04,296.74978100229055,4738.007711013779,6.633991026319563,303.3837720286101,5034.75749201607
mid_l90,mid,90,mistral-7b-instruct-v0.2,mistralai--Mistral-7B-Instruct-v0.2,DistServe,DistServe-2A100,distserve_2a100,realistic_pcie,0,long_extra_05,222.0806289697066,4764.451615978032,6.1379289836622775,228.21855795336887,4986.532244947739
mid_l90,mid,90,mistral-7b-instruct-v0.2,mistralai--Mistral-7B-Instruct-v0.2,DistServe,DistServe-2A100,distserve_2a100,realistic_pcie,0,long_extra_06,227.96603199094534,4750.906736997422,4.441010998561978,232.40704298950732,4978.872768988367
mid_l90,mid,90,mistral-7b-instruct-v0.2,mistralai--Mistral-7B-Instruct-v0.2,DistServe,DistServe-2A100,distserve_2a100,realistic_pcie,0,long_extra_07,223.70477399090305,4738.924410019536,6.367714027874172,230.07248801877722,4962.629184010439
mid_l90,mid,90,mistral-7b-instruct-v0.2,mistralai--Mistral-7B-Instruct-v0.2,DistServe,DistServe-2A100,distserve_2a100,realistic_pcie,0,long_extra_08,253.61755001358688,4754.223423951771,5.786520952824503,259.4040709664114,5007.840973965358
mid_l90,mid,90,mistral-7b-instruct-v0.2,mistralai--Mistral-7B-Instruct-v0.2,DistServe,DistServe-2A100,distserve_2a100,realistic_pcie,0,long_extra_09,223.153657047078,4758.927177928854,5.161304958164692,228.3149620052427,4982.080834975932
mid_l90,mid,90,mistral-7b-instruct-v0.2,mistralai--Mistral-7B-Instruct-v0.2,DistServe,DistServe-2A100,distserve_2a100,realistic_pcie,0,long_extra_10,226.8791549722664,4734.923085023183,5.685206037014723,232.56436100928113,4961.80223999545
mid_l90,mid,90,mistral-7b-instruct-v0.2,mistralai--Mistral-7B-Instruct-v0.2,DistServe,DistServe-2A100,distserve_2a100,realistic_pcie,0,long_extra_11,220.5097849946469,4738.561031990685,8.856966043822467,229.36675103846937,4959.0708169853315
mid_l90,mid,90,mistral-7b-instruct-v0.2,mistralai--Mistral-7B-Instruct-v0.2,DistServe,DistServe-2A100,distserve_2a100,realistic_pcie,0,long_extra_12,221.75319399684668,4763.557824015152,8.325249014887959,230.07844301173463,4985.311018011998
mid_l90,mid,90,mistral-7b-instruct-v0.2,mistralai--Mistral-7B-Instruct-v0.2,DistServe,DistServe-2A100,distserve_2a100,realistic_pcie,0,long_extra_13,221.51303995633498,4743.668735027313,9.435596002731472,230.94863595906645,4965.181774983648
mid_l90,mid,90,mistral-7b-instruct-v0.2,mistralai--Mistral-7B-Instruct-v0.2,DistServe,DistServe-2A100,distserve_2a100,realistic_pcie,0,long_extra_14,277.39838196430355,4784.111301065423,5.720821034628898,283.11920299893245,5061.509683029726
mid_l90,mid,90,mistral-7b-instruct-v0.2,mistralai--Mistral-7B-Instruct-v0.2,DistServe,DistServe-2A100,distserve_2a100,realistic_pcie,0,long_extra_15,233.04435098543763,4759.578293014783,6.490194995421916,239.53454598085955,4992.622644000221
mid_l90,mid,90,mistral-7b-instruct-v0.2,mistralai--Mistral-7B-Instruct-v0.2,DistServe,DistServe-2A100,distserve_2a100,realistic_pcie,0,long_extra_16,296.9735360238701,4752.303448971361,6.272652943152934,303.24618896702304,5049.276984995231
mid_l90,mid,90,mistral-7b-instruct-v0.2,mistralai--Mistral-7B-Instruct-v0.2,DistServe,DistServe-2A100,distserve_2a100,realistic_pcie,0,long_extra_17,224.49065401451662,4746.949418971781,5.545410967897624,230.03606498241425,4971.440072986297
mid_l90,mid,90,mistral-7b-instruct-v0.2,mistralai--Mistral-7B-Instruct-v0.2,DistServe,DistServe-2A100,distserve_2a100,realistic_pcie,0,long_extra_18,229.82985997805372,4729.131449013948,4.525114025454968,234.3549740035087,4958.961308992002
mid_l90,mid,90,mistral-7b-instruct-v0.2,mistralai--Mistral-7B-Instruct-v0.2,DistServe,DistServe-2A100,distserve_2a100,realistic_pcie,0,long_extra_19,225.12227698462084,4721.438209002372,4.9595009768381715,230.081777961459,4946.560485986993
mid_l90,mid,90,mistral-7b-instruct-v0.2,mistralai--Mistral-7B-Instruct-v0.2,DistServe,DistServe-2A100,distserve_2a100,realistic_pcie,0,long_extra_20,229.31524697924033,4733.25907101389,8.489688043482602,237.80493502272293,4962.5743179931305
mid_l90,mid,90,mistral-7b-instruct-v0.2,mistralai--Mistral-7B-Instruct-v0.2,DistServe,DistServe-2A100,distserve_2a100,realistic_pcie,0,long_extra_21,256.83548202505335,4756.0413489700295,3.2972859335131943,260.13276795856655,5012.876830995083
mid_l90,mid,90,mistral-7b-instruct-v0.2,mistralai--Mistral-7B-Instruct-v0.2,DistServe,DistServe-2A100,distserve_2a100,realistic_pcie,0,long_extra_22,223.9869449986145,4728.300193964969,4.343367996625602,228.3303129952401,4952.287138963584
mid_l90,mid,90,mistral-7b-instruct-v0.2,mistralai--Mistral-7B-Instruct-v0.2,DistServe,DistServe-2A100,distserve_2a100,realistic_pcie,0,long_extra_23,230.79587396932766,4769.063829036895,2.8439370216801763,233.63981099100783,4999.859703006223
mid_l90,mid,90,mistral-7b-instruct-v0.2,mistralai--Mistral-7B-Instruct-v0.2,DistServe,DistServe-2A100,distserve_2a100,realistic_pcie,0,long_extra_24,277.67898194724694,4745.861855044495,5.119794048368931,282.79877599561587,5023.540836991742
mid_l90,mid,90,mistral-7b-instruct-v0.2,mistralai--Mistral-7B-Instruct-v0.2,DistServe,DistServe-2A100,distserve_2a100,realistic_pcie,0,long_extra_25,223.52294996380806,4756.885135022458,6.241832044906914,229.76478200871497,4980.408084986266
mid_l90,mid,90,mistral-7b-instruct-v0.2,mistralai--Mistral-7B-Instruct-v0.2,DistServe,DistServe-2A100,distserve_2a100,realistic_pcie,0,long_extra_26,228.82128902710974,4751.594311965164,74.24366112445568,227.17002901481465,4980.4156009922735
mid_l90,mid,90,mistral-7b-instruct-v0.2,mistralai--Mistral-7B-Instruct-v0.2,DistServe,DistServe-2A100,distserve_2a100,realistic_pcie,0,long_extra_27,223.77838095417246,4733.255048049614,2.7813910273835063,226.55977198155597,4957.033429003786
mid_l90,mid,90,mistral-7b-instruct-v0.2,mistralai--Mistral-7B-Instruct-v0.2,DistServe,DistServe-2A100,distserve_2a100,realistic_pcie,0,long_extra_28,223.68526697391644,4722.000660025515,3.9722200017422438,227.65748697565868,4945.685926999431
mid_l90,mid,90,mistral-7b-instruct-v0.2,mistralai--Mistral-7B-Instruct-v0.2,DistServe,DistServe-2A100,distserve_2a100,realistic_pcie,0,long_extra_29,222.35152899520472,4769.516736036167,8.447698026429862,230.79922702163458,4991.868265031371
mid_l90,mid,90,mistral-7b-instruct-v0.2,mistralai--Mistral-7B-Instruct-v0.2,DistServe,DistServe-2A100,distserve_2a100,realistic_pcie,0,long_extra_30,225.27673398144543,4750.39820902748,8.74991505406797,234.0266490355134,4975.674943008926
mid_l90,mid,90,mistral-7b-instruct-v0.2,mistralai--Mistral-7B-Instruct-v0.2,DistServe,DistServe-2A100,distserve_2a100,realistic_pcie,0,long_extra_31,282.25951798958704,4752.318197977729,5.910499021410942,288.170017010998,5034.577715967316
mid_l90,mid,90,mistral-7b-instruct-v0.2,mistralai--Mistral-7B-Instruct-v0.2,DistServe,DistServe-2A100,distserve_2a100,realistic_pcie,0,long_extra_32,231.28570296103135,4746.493167011067,6.6523110144771636,237.9380139755085,4977.778869972099
mid_l90,mid,90,mistral-7b-instruct-v0.2,mistralai--Mistral-7B-Instruct-v0.2,DistServe,DistServe-2A100,distserve_2a100,realistic_pcie,0,long_extra_33,277.6966239907779,4742.874016985297,10.883531998842955,288.58015598962083,5020.570640976075
mid_l90,mid,90,mistral-7b-instruct-v0.2,mistralai--Mistral-7B-Instruct-v0.2,DistServe,DistServe-2A100,distserve_2a100,realistic_pcie,0,mid_b,81.02617098484188,4724.49802205665,73.82028159463516,79.80711403070018,4805.524193041492
mid_l90,mid,90,mistral-7b-instruct-v0.2,mistralai--Mistral-7B-Instruct-v0.2,DistServe,DistServe-2A100,distserve_2a100,realistic_pcie,0,short_a,79.57835902925581,4720.089691982139,73.75140143722092,79.47470096405596,4799.668051011395
mid_l90,mid,90,mistral-7b-instruct-v0.2,mistralai--Mistral-7B-Instruct-v0.2,DistServe,DistServe-2A100,distserve_2a100,realistic_pcie,0,short_extra_00,77.38959597190842,4766.255596012343,0.446746067609638,77.83634203951806,4843.645191984251
mid_l90,mid,90,mistral-7b-instruct-v0.2,mistralai--Mistral-7B-Instruct-v0.2,DistServe,DistServe-2A100,distserve_2a100,realistic_pcie,0,short_extra_01,77.73275498766452,4717.2749589663,2.7993599651381373,80.53211495280266,4795.007713953964
mid_l90,mid,90,mistral-7b-instruct-v0.2,mistralai--Mistral-7B-Instruct-v0.2,DistServe,DistServe-2A100,distserve_2a100,realistic_pcie,1,long_a,219.0812220214866,4749.851817032322,8.406570996157825,227.48779301764444,4968.933039053809
mid_l90,mid,90,mistral-7b-instruct-v0.2,mistralai--Mistral-7B-Instruct-v0.2,DistServe,DistServe-2A100,distserve_2a100,realistic_pcie,1,long_b,299.0881309960969,4742.484354006592,9.201476990710944,308.2896079868078,5041.572485002689
mid_l90,mid,90,mistral-7b-instruct-v0.2,mistralai--Mistral-7B-Instruct-v0.2,DistServe,DistServe-2A100,distserve_2a100,realistic_pcie,1,long_extra_00,226.2723339954391,4755.153842968866,9.561036014929414,235.83337001036853,4981.426176964305
mid_l90,mid,90,mistral-7b-instruct-v0.2,mistralai--Mistral-7B-Instruct-v0.2,DistServe,DistServe-2A100,distserve_2a100,realistic_pcie,1,long_extra_01,235.17979501048103,4703.734357957728,3.1904689967632294,238.37026400724426,4938.914152968209
mid_l90,mid,90,mistral-7b-instruct-v0.2,mistralai--Mistral-7B-Instruct-v0.2,DistServe,DistServe-2A100,distserve_2a100,realistic_pcie,1,long_extra_02,279.55336502054706,4717.308171966579,4.569640965200961,284.123005985748,4996.861536987126
mid_l90,mid,90,mistral-7b-instruct-v0.2,mistralai--Mistral-7B-Instruct-v0.2,DistServe,DistServe-2A100,distserve_2a100,realistic_pcie,1,long_extra_03,284.4315560068935,4716.492470994126,2.324690984096378,286.7562469909899,5000.92402700102
mid_l90,mid,90,mistral-7b-instruct-v0.2,mistralai--Mistral-7B-Instruct-v0.2,DistServe,DistServe-2A100,distserve_2a100,realistic_pcie,1,long_extra_04,301.54785100603476,4736.937807989307,3.2284880289807916,304.77633903501555,5038.4856589953415
mid_l90,mid,90,mistral-7b-instruct-v0.2,mistralai--Mistral-7B-Instruct-v0.2,DistServe,DistServe-2A100,distserve_2a100,realistic_pcie,1,long_extra_05,223.6773029435426,4703.684910025913,4.703317070379853,228.38062001392245,4927.362212969456
mid_l90,mid,90,mistral-7b-instruct-v0.2,mistralai--Mistral-7B-Instruct-v0.2,DistServe,DistServe-2A100,distserve_2a100,realistic_pcie,1,long_extra_06,233.41512796469033,4736.734898004215,1.8571490072645247,235.27227697195485,4970.1500259689055
mid_l90,mid,90,mistral-7b-instruct-v0.2,mistralai--Mistral-7B-Instruct-v0.2,DistServe,DistServe-2A100,distserve_2a100,realistic_pcie,1,long_extra_07,224.09563598921522,4742.252436059061,6.596347026061267,230.6919830152765,4966.348072048277
mid_l90,mid,90,mistral-7b-instruct-v0.2,mistralai--Mistral-7B-Instruct-v0.2,DistServe,DistServe-2A100,distserve_2a100,realistic_pcie,1,long_extra_08,254.56879998091608,4728.597971028648,4.177199036348611,258.7459990172647,4983.166771009564
mid_l90,mid,90,mistral-7b-instruct-v0.2,mistralai--Mistral-7B-Instruct-v0.2,DistServe,DistServe-2A100,distserve_2a100,realistic_pcie,1,long_extra_09,223.36504800477996,4752.870849973988,8.377055986784399,231.74210399156436,4976.235897978768
mid_l90,mid,90,mistral-7b-instruct-v0.2,mistralai--Mistral-7B-Instruct-v0.2,DistServe,DistServe-2A100,distserve_2a100,realistic_pcie,1,long_extra_10,229.97766098706052,4714.884512068238,1.9507900578901172,231.92845104495063,4944.862173055299
mid_l90,mid,90,mistral-7b-instruct-v0.2,mistralai--Mistral-7B-Instruct-v0.2,DistServe,DistServe-2A100,distserve_2a100,realistic_pcie,1,long_extra_11,222.01755200512707,4703.878870001063,5.813143972773105,227.83069597790018,4925.89642200619
mid_l90,mid,90,mistral-7b-instruct-v0.2,mistralai--Mistral-7B-Instruct-v0.2,DistServe,DistServe-2A100,distserve_2a100,realistic_pcie,1,long_extra_12,224.0350850042887,4735.429390042555,3.453657031059265,227.48874203534797,4959.464475046843
mid_l90,mid,90,mistral-7b-instruct-v0.2,mistralai--Mistral-7B-Instruct-v0.2,DistServe,DistServe-2A100,distserve_2a100,realistic_pcie,1,long_extra_13,221.41447599278763,4727.30298404349,7.021834026090801,228.43631001887843,4948.717460036278
mid_l90,mid,90,mistral-7b-instruct-v0.2,mistralai--Mistral-7B-Instruct-v0.2,DistServe,DistServe-2A100,distserve_2a100,realistic_pcie,1,long_extra_14,277.79600699432194,4756.309179996606,6.540518952533603,284.33652594685555,5034.105186990928
mid_l90,mid,90,mistral-7b-instruct-v0.2,mistralai--Mistral-7B-Instruct-v0.2,DistServe,DistServe-2A100,distserve_2a100,realistic_pcie,1,long_extra_15,228.82552101509646,4754.453962959815,9.189125965349376,238.01464698044583,4983.279483974911
mid_l90,mid,90,mistral-7b-instruct-v0.2,mistralai--Mistral-7B-Instruct-v0.2,DistServe,DistServe-2A100,distserve_2a100,realistic_pcie,1,long_extra_16,299.8460939852521,4720.0709549942985,5.025341990403831,304.8714359756559,5019.917048979551
mid_l90,mid,90,mistral-7b-instruct-v0.2,mistralai--Mistral-7B-Instruct-v0.2,DistServe,DistServe-2A100,distserve_2a100,realistic_pcie,1,long_extra_17,219.9962000013329,4767.4115400295705,9.486346039921045,229.48254604125395,4987.407740030903
mid_l90,mid,90,mistral-7b-instruct-v0.2,mistralai--Mistral-7B-Instruct-v0.2,DistServe,DistServe-2A100,distserve_2a100,realistic_pcie,1,long_extra_18,232.45528602274135,4730.678082967643,2.3966360022313893,234.85192202497274,4963.133368990384
mid_l90,mid,90,mistral-7b-instruct-v0.2,mistralai--Mistral-7B-Instruct-v0.2,DistServe,DistServe-2A100,distserve_2a100,realistic_pcie,1,long_extra_19,225.53602600237355,4713.791398040485,4.689310037065297,230.22533603943884,4939.327424042858
mid_l90,mid,90,mistral-7b-instruct-v0.2,mistralai--Mistral-7B-Instruct-v0.2,DistServe,DistServe-2A100,distserve_2a100,realistic_pcie,1,long_extra_20,232.76729101780802,4720.442201010883,2.543087990488857,235.31037900829688,4953.209492028691
mid_l90,mid,90,mistral-7b-instruct-v0.2,mistralai--Mistral-7B-Instruct-v0.2,DistServe,DistServe-2A100,distserve_2a100,realistic_pcie,1,long_extra_21,256.05362601345405,4740.572575945407,7.044699974358082,263.09832598781213,4996.626201958861
mid_l90,mid,90,mistral-7b-instruct-v0.2,mistralai--Mistral-7B-Instruct-v0.2,DistServe,DistServe-2A100,distserve_2a100,realistic_pcie,1,long_extra_22,224.803151038941,4725.873105926439,4.554191953502595,229.3573429924436,4950.67625696538
mid_l90,mid,90,mistral-7b-instruct-v0.2,mistralai--Mistral-7B-Instruct-v0.2,DistServe,DistServe-2A100,distserve_2a100,realistic_pcie,1,long_extra_23,231.53423599433154,4724.218657996971,5.520706996321678,237.05494299065322,4955.752893991303
mid_l90,mid,90,mistral-7b-instruct-v0.2,mistralai--Mistral-7B-Instruct-v0.2,DistServe,DistServe-2A100,distserve_2a100,realistic_pcie,1,long_extra_24,279.4463220052421,4744.71195298247,4.5296759926714,283.9759979979135,5024.1582749877125
mid_l90,mid,90,mistral-7b-instruct-v0.2,mistralai--Mistral-7B-Instruct-v0.2,DistServe,DistServe-2A100,distserve_2a100,realistic_pcie,1,long_extra_25,225.36613803822547,4730.673468962777,3.0695259338244796,228.43566397204995,4956.039607001003
mid_l90,mid,90,mistral-7b-instruct-v0.2,mistralai--Mistral-7B-Instruct-v0.2,DistServe,DistServe-2A100,distserve_2a100,realistic_pcie,1,long_extra_26,224.88757397513837,4711.146082030609,2.2653700434602797,227.15294401859865,4936.033656005748
mid_l90,mid,90,mistral-7b-instruct-v0.2,mistralai--Mistral-7B-Instruct-v0.2,DistServe,DistServe-2A100,distserve_2a100,realistic_pcie,1,long_extra_27,226.5666219755076,4729.501741065178,2.3013160680420697,228.86793804354966,4956.068363040686
mid_l90,mid,90,mistral-7b-instruct-v0.2,mistralai--Mistral-7B-Instruct-v0.2,DistServe,DistServe-2A100,distserve_2a100,realistic_pcie,1,long_extra_28,222.39027998875827,4701.932495052461,4.328353039454669,226.71863302821293,4924.322775041219
mid_l90,mid,90,mistral-7b-instruct-v0.2,mistralai--Mistral-7B-Instruct-v0.2,DistServe,DistServe-2A100,distserve_2a100,realistic_pcie,1,long_extra_29,221.71461302787066,4773.27309595421,7.016111980192363,228.73072500806302,4994.98770898208
mid_l90,mid,90,mistral-7b-instruct-v0.2,mistralai--Mistral-7B-Instruct-v0.2,DistServe,DistServe-2A100,distserve_2a100,realistic_pcie,1,long_extra_30,227.73337695980445,4721.398571040481,6.7221460049040616,234.4555229647085,4949.131948000286
mid_l90,mid,90,mistral-7b-instruct-v0.2,mistralai--Mistral-7B-Instruct-v0.2,DistServe,DistServe-2A100,distserve_2a100,realistic_pcie,1,long_extra_31,285.17503099283203,4715.920785965864,1.4507289743050933,286.6257599671371,5001.095816958696
mid_l90,mid,90,mistral-7b-instruct-v0.2,mistralai--Mistral-7B-Instruct-v0.2,DistServe,DistServe-2A100,distserve_2a100,realistic_pcie,1,long_extra_32,233.08750498108566,4740.822212013882,0.6083420012146235,233.69584698230028,4973.909716994967
mid_l90,mid,90,mistral-7b-instruct-v0.2,mistralai--Mistral-7B-Instruct-v0.2,DistServe,DistServe-2A100,distserve_2a100,realistic_pcie,1,long_extra_33,277.88316196529195,4760.648129042238,8.4184700390324,286.30163200432435,5038.53129100753
mid_l90,mid,90,mistral-7b-instruct-v0.2,mistralai--Mistral-7B-Instruct-v0.2,DistServe,DistServe-2A100,distserve_2a100,realistic_pcie,1,mid_b,78.02101597189903,4718.84546399815,2.983468002639711,81.00448397453874,4796.866479970049
mid_l90,mid,90,mistral-7b-instruct-v0.2,mistralai--Mistral-7B-Instruct-v0.2,DistServe,DistServe-2A100,distserve_2a100,realistic_pcie,1,short_a,77.45436497498304,4736.700808047317,1.5288210124708712,78.98318598745391,4814.1551730223
mid_l90,mid,90,mistral-7b-instruct-v0.2,mistralai--Mistral-7B-Instruct-v0.2,DistServe,DistServe-2A100,distserve_2a100,realistic_pcie,1,short_extra_00,77.090559003409,4727.268421964254,2.3291700053960085,79.419729008805,4804.358980967663
mid_l90,mid,90,mistral-7b-instruct-v0.2,mistralai--Mistral-7B-Instruct-v0.2,DistServe,DistServe-2A100,distserve_2a100,realistic_pcie,1,short_extra_01,77.59499299572781,4728.215745009948,1.4928079908713698,79.08780098659918,4805.810738005675
mid_l90,mid,90,qwen2.5-7b-instruct,Qwen--Qwen2.5-7B-Instruct,DistServe,DistServe-2A100,distserve_2a100,realistic_pcie,0,long_a,219.70757097005844,4210.0874880561605,65.78261700087751,217.82025403808802,4429.795059026219
mid_l90,mid,90,qwen2.5-7b-instruct,Qwen--Qwen2.5-7B-Instruct,DistServe,DistServe-2A100,distserve_2a100,realistic_pcie,0,long_b,271.5172989992425,4235.506139986683,7.804471009876579,279.32177000911906,4507.023438985925
mid_l90,mid,90,qwen2.5-7b-instruct,Qwen--Qwen2.5-7B-Instruct,DistServe,DistServe-2A100,distserve_2a100,realistic_pcie,0,long_extra_00,319.0280990093015,4675.701408996247,3.218921017833054,322.24702002713457,4994.729508005548
mid_l90,mid,90,qwen2.5-7b-instruct,Qwen--Qwen2.5-7B-Instruct,DistServe,DistServe-2A100,distserve_2a100,realistic_pcie,0,long_extra_01,221.6573779587634,4207.038043066859,3.261379082687199,224.9187570414506,4428.695421025623
mid_l90,mid,90,qwen2.5-7b-instruct,Qwen--Qwen2.5-7B-Instruct,DistServe,DistServe-2A100,distserve_2a100,realistic_pcie,0,long_extra_02,259.2238269862719,4225.030966044869,13.06458906037733,272.2884160466492,4484.254793031141
mid_l90,mid,90,qwen2.5-7b-instruct,Qwen--Qwen2.5-7B-Instruct,DistServe,DistServe-2A100,distserve_2a100,realistic_pcie,0,long_extra_03,260.4607430403121,4214.366728963796,9.251287963707,269.7120310040191,4474.827472004108
mid_l90,mid,90,qwen2.5-7b-instruct,Qwen--Qwen2.5-7B-Instruct,DistServe,DistServe-2A100,distserve_2a100,realistic_pcie,0,long_extra_04,270.6372420070693,4207.980161998421,7.254277996253222,277.8915200033225,4478.61740400549
mid_l90,mid,90,qwen2.5-7b-instruct,Qwen--Qwen2.5-7B-Instruct,DistServe,DistServe-2A100,distserve_2a100,realistic_pcie,0,long_extra_05,220.44450300745666,4226.7700679949485,66.04328231242107,216.4326380006969,4447.214571002405
mid_l90,mid,90,qwen2.5-7b-instruct,Qwen--Qwen2.5-7B-Instruct,DistServe,DistServe-2A100,distserve_2a100,realistic_pcie,0,long_extra_06,222.7686019614339,4197.229628043715,65.58171293818305,221.05562797514722,4419.998230005149
mid_l90,mid,90,qwen2.5-7b-instruct,Qwen--Qwen2.5-7B-Instruct,DistServe,DistServe-2A100,distserve_2a100,realistic_pcie,0,long_extra_07,223.95201597828418,4208.760554029141,65.76188365670532,221.98650002246723,4432.712570007425
mid_l90,mid,90,qwen2.5-7b-instruct,Qwen--Qwen2.5-7B-Instruct,DistServe,DistServe-2A100,distserve_2a100,realistic_pcie,0,long_extra_08,228.67143398616463,4247.099175991025,4.983875958714634,233.65530994487926,4475.770609977189
mid_l90,mid,90,qwen2.5-7b-instruct,Qwen--Qwen2.5-7B-Instruct,DistServe,DistServe-2A100,distserve_2a100,realistic_pcie,0,long_extra_09,222.4195179878734,4195.847466005944,1.8359500099904835,224.2554679978639,4418.266983993817
mid_l90,mid,90,qwen2.5-7b-instruct,Qwen--Qwen2.5-7B-Instruct,DistServe,DistServe-2A100,distserve_2a100,realistic_pcie,0,long_extra_10,221.08681401005015,4207.432456023525,65.74113212536759,218.89517200179398,4428.519270033576
mid_l90,mid,90,qwen2.5-7b-instruct,Qwen--Qwen2.5-7B-Instruct,DistServe,DistServe-2A100,distserve_2a100,realistic_pcie,0,long_extra_11,215.3498930274509,4214.584481960628,0.4543059621937573,215.80419898964465,4429.934374988079
mid_l90,mid,90,qwen2.5-7b-instruct,Qwen--Qwen2.5-7B-Instruct,DistServe,DistServe-2A100,distserve_2a100,realistic_pcie,0,long_extra_12,227.1180110401474,4398.417918942869,2.305453992448747,229.42346503259614,4625.535929983016
mid_l90,mid,90,qwen2.5-7b-instruct,Qwen--Qwen2.5-7B-Instruct,DistServe,DistServe-2A100,distserve_2a100,realistic_pcie,0,long_extra_13,218.42414297861978,4212.791634025052,3.763308050110936,222.18745102873072,4431.215777003672
mid_l90,mid,90,qwen2.5-7b-instruct,Qwen--Qwen2.5-7B-Instruct,DistServe,DistServe-2A100,distserve_2a100,realistic_pcie,0,long_extra_14,260.54305804427713,4661.593534925487,8.701504906639457,269.2445629509166,4922.136592969764
mid_l90,mid,90,qwen2.5-7b-instruct,Qwen--Qwen2.5-7B-Instruct,DistServe,DistServe-2A100,distserve_2a100,realistic_pcie,0,long_extra_15,221.743188041728,4650.15516593121,11.04116695933044,232.78435500105843,4871.898353972938
mid_l90,mid,90,qwen2.5-7b-instruct,Qwen--Qwen2.5-7B-Instruct,DistServe,DistServe-2A100,distserve_2a100,realistic_pcie,0,long_extra_16,266.95772795937955,4225.475166051183,7.210320036392659,274.1680479957722,4492.432894010562
mid_l90,mid,90,qwen2.5-7b-instruct,Qwen--Qwen2.5-7B-Instruct,DistServe,DistServe-2A100,distserve_2a100,realistic_pcie,0,long_extra_17,224.50743202352896,4666.3437049719505,6.057013990357518,230.56444601388648,4890.8511369954795
mid_l90,mid,90,qwen2.5-7b-instruct,Qwen--Qwen2.5-7B-Instruct,DistServe,DistServe-2A100,distserve_2a100,realistic_pcie,0,long_extra_18,224.34019501088187,4189.669242943637,65.46358192099433,219.02895794482902,4414.009437954519
mid_l90,mid,90,qwen2.5-7b-instruct,Qwen--Qwen2.5-7B-Instruct,DistServe,DistServe-2A100,distserve_2a100,realistic_pcie,0,long_extra_19,224.47789000580087,4191.480308014434,65.49187981272553,222.4801080301404,4415.958198020235
mid_l90,mid,90,qwen2.5-7b-instruct,Qwen--Qwen2.5-7B-Instruct,DistServe,DistServe-2A100,distserve_2a100,realistic_pcie,0,long_extra_20,222.5950039573945,4199.471194995567,65.61673742180574,218.78836496034637,4422.066198952962
mid_l90,mid,90,qwen2.5-7b-instruct,Qwen--Qwen2.5-7B-Instruct,DistServe,DistServe-2A100,distserve_2a100,realistic_pcie,0,long_extra_21,222.26189100183547,4213.059830013663,9.315772040281445,231.5776630421169,4435.321721015498
mid_l90,mid,90,qwen2.5-7b-instruct,Qwen--Qwen2.5-7B-Instruct,DistServe,DistServe-2A100,distserve_2a100,realistic_pcie,0,long_extra_22,218.11626304406673,4208.279331913218,65.75436456114403,217.6094159949571,4426.395594957285
mid_l90,mid,90,qwen2.5-7b-instruct,Qwen--Qwen2.5-7B-Instruct,DistServe,DistServe-2A100,distserve_2a100,realistic_pcie,0,long_extra_23,219.80425697984174,4207.154655014165,0.5042569828219712,220.3085139626637,4426.9589119940065
mid_l90,mid,90,qwen2.5-7b-instruct,Qwen--Qwen2.5-7B-Instruct,DistServe,DistServe-2A100,distserve_2a100,realistic_pcie,0,long_extra_24,265.0348040042445,4196.40041195089,65.56875643673266,263.47238197922707,4461.4352159551345
mid_l90,mid,90,qwen2.5-7b-instruct,Qwen--Qwen2.5-7B-Instruct,DistServe,DistServe-2A100,distserve_2a100,realistic_pcie,0,long_extra_25,223.41855900594965,4199.154125992209,65.61178321862826,221.46946599241346,4422.572684998158
mid_l90,mid,90,qwen2.5-7b-instruct,Qwen--Qwen2.5-7B-Instruct,DistServe,DistServe-2A100,distserve_2a100,realistic_pcie,0,long_extra_26,220.76100198319182,4223.346426035278,65.98978790680121,220.20187397720292,4444.107428018469
mid_l90,mid,90,qwen2.5-7b-instruct,Qwen--Qwen2.5-7B-Instruct,DistServe,DistServe-2A100,distserve_2a100,realistic_pcie,0,long_extra_27,217.90542697999626,4194.865495024715,1.6602220130153,219.56564899301156,4412.770922004711
mid_l90,mid,90,qwen2.5-7b-instruct,Qwen--Qwen2.5-7B-Instruct,DistServe,DistServe-2A100,distserve_2a100,realistic_pcie,0,long_extra_28,219.1716440138407,4188.893638027366,65.4514630941776,218.02084101364017,4408.065282041207
mid_l90,mid,90,qwen2.5-7b-instruct,Qwen--Qwen2.5-7B-Instruct,DistServe,DistServe-2A100,distserve_2a100,realistic_pcie,0,long_extra_29,217.3088489798829,4188.046656025108,65.43822900039231,216.6328980238177,4405.355505004991
mid_l90,mid,90,qwen2.5-7b-instruct,Qwen--Qwen2.5-7B-Instruct,DistServe,DistServe-2A100,distserve_2a100,realistic_pcie,0,long_extra_30,221.2501289905049,4198.251109977718,1.4612829545512795,222.71141194505617,4419.501238968223
mid_l90,mid,90,qwen2.5-7b-instruct,Qwen--Qwen2.5-7B-Instruct,DistServe,DistServe-2A100,distserve_2a100,realistic_pcie,0,long_extra_31,263.65449401782826,4211.170915979892,4.091182956472039,267.7456769743003,4474.82540999772
mid_l90,mid,90,qwen2.5-7b-instruct,Qwen--Qwen2.5-7B-Instruct,DistServe,DistServe-2A100,distserve_2a100,realistic_pcie,0,long_extra_32,224.00524298427626,4668.887634004932,8.177666983101517,232.18290996737778,4892.892876989208
mid_l90,mid,90,qwen2.5-7b-instruct,Qwen--Qwen2.5-7B-Instruct,DistServe,DistServe-2A100,distserve_2a100,realistic_pcie,0,long_extra_33,264.5564660197124,4647.395833977498,8.030088967643678,272.58655498735607,4911.9522999972105
mid_l90,mid,90,qwen2.5-7b-instruct,Qwen--Qwen2.5-7B-Instruct,DistServe,DistServe-2A100,distserve_2a100,realistic_pcie,0,mid_b,76.76002499647439,4627.702128025703,2.105697989463806,78.86572298593819,4704.4621530221775
mid_l90,mid,90,qwen2.5-7b-instruct,Qwen--Qwen2.5-7B-Instruct,DistServe,DistServe-2A100,distserve_2a100,realistic_pcie,0,short_a,75.83456503925845,4638.276563957334,3.7300249678082764,79.56459000706673,4714.111128996592
mid_l90,mid,90,qwen2.5-7b-instruct,Qwen--Qwen2.5-7B-Instruct,DistServe,DistServe-2A100,distserve_2a100,realistic_pcie,0,short_extra_00,78.15985404886305,4648.810881946702,72.63767003041721,77.79037998989224,4726.970735995565
mid_l90,mid,90,qwen2.5-7b-instruct,Qwen--Qwen2.5-7B-Instruct,DistServe,DistServe-2A100,distserve_2a100,realistic_pcie,0,short_extra_01,77.01237697619945,4686.505534045864,73.22664896946662,76.26557804178447,4763.517911022063
mid_l90,mid,90,qwen2.5-7b-instruct,Qwen--Qwen2.5-7B-Instruct,DistServe,DistServe-2A100,distserve_2a100,realistic_pcie,1,long_a,217.34990796539932,4654.997656005435,6.645785004366189,223.9956929697655,4872.347563970834
mid_l90,mid,90,qwen2.5-7b-instruct,Qwen--Qwen2.5-7B-Instruct,DistServe,DistServe-2A100,distserve_2a100,realistic_pcie,1,long_b,270.60672699008137,4666.028412000742,7.626040023751557,278.2327670138329,4936.635138990823
mid_l90,mid,90,qwen2.5-7b-instruct,Qwen--Qwen2.5-7B-Instruct,DistServe,DistServe-2A100,distserve_2a100,realistic_pcie,1,long_extra_00,222.37351699732244,4501.1679729796015,0.8704179781489074,223.24393497547135,4723.541489976924
mid_l90,mid,90,qwen2.5-7b-instruct,Qwen--Qwen2.5-7B-Instruct,DistServe,DistServe-2A100,distserve_2a100,realistic_pcie,1,long_extra_01,224.65887502767146,4667.066697962582,5.062731972429901,229.72160700010136,4891.725572990254
mid_l90,mid,90,qwen2.5-7b-instruct,Qwen--Qwen2.5-7B-Instruct,DistServe,DistServe-2A100,distserve_2a100,realistic_pcie,1,long_extra_02,260.2514550089836,4669.288592995144,7.862043974455446,268.11349898343906,4929.540048004128
mid_l90,mid,90,qwen2.5-7b-instruct,Qwen--Qwen2.5-7B-Instruct,DistServe,DistServe-2A100,distserve_2a100,realistic_pcie,1,long_extra_03,259.33930597966537,4674.512398021761,11.242574022617191,270.58188000228256,4933.851704001427
mid_l90,mid,90,qwen2.5-7b-instruct,Qwen--Qwen2.5-7B-Instruct,DistServe,DistServe-2A100,distserve_2a100,realistic_pcie,1,long_extra_04,270.027216989547,4674.781429988798,8.57762701343745,278.60484400298446,4944.808646978345
mid_l90,mid,90,qwen2.5-7b-instruct,Qwen--Qwen2.5-7B-Instruct,DistServe,DistServe-2A100,distserve_2a100,realistic_pcie,1,long_extra_05,218.65204302594066,4676.618648984004,7.346199010498822,225.99824203643948,4895.2706920099445
mid_l90,mid,90,qwen2.5-7b-instruct,Qwen--Qwen2.5-7B-Instruct,DistServe,DistServe-2A100,distserve_2a100,realistic_pcie,1,long_extra_06,222.3320909542963,4676.309077069163,3.046410041861236,225.37850099615753,4898.64116802346
mid_l90,mid,90,qwen2.5-7b-instruct,Qwen--Qwen2.5-7B-Instruct,DistServe,DistServe-2A100,distserve_2a100,realistic_pcie,1,long_extra_07,221.05140500934795,4658.477558987215,3.5530520253814757,224.60445703472942,4879.528963996563
mid_l90,mid,90,qwen2.5-7b-instruct,Qwen--Qwen2.5-7B-Instruct,DistServe,DistServe-2A100,distserve_2a100,realistic_pcie,1,long_extra_08,227.67481295159087,4672.650978085585,5.737476050853729,233.4122890024446,4900.325791037176
mid_l90,mid,90,qwen2.5-7b-instruct,Qwen--Qwen2.5-7B-Instruct,DistServe,DistServe-2A100,distserve_2a100,realistic_pcie,1,long_extra_09,223.37810299359262,4654.525525984354,3.29143600538373,226.66953899897635,4877.903628977947
mid_l90,mid,90,qwen2.5-7b-instruct,Qwen--Qwen2.5-7B-Instruct,DistServe,DistServe-2A100,distserve_2a100,realistic_pcie,1,long_extra_10,223.0936770210974,4674.217719933949,9.023547929245979,232.11722495034337,4897.311396955047
mid_l90,mid,90,qwen2.5-7b-instruct,Qwen--Qwen2.5-7B-Instruct,DistServe,DistServe-2A100,distserve_2a100,realistic_pcie,1,long_extra_11,219.89799902075902,4672.553543990944,4.3964110082015395,224.29441002896056,4892.451543011703
mid_l90,mid,90,qwen2.5-7b-instruct,Qwen--Qwen2.5-7B-Instruct,DistServe,DistServe-2A100,distserve_2a100,realistic_pcie,1,long_extra_12,224.39846297493204,4645.861407043412,3.199538041371852,227.5980010163039,4870.259870018344
mid_l90,mid,90,qwen2.5-7b-instruct,Qwen--Qwen2.5-7B-Instruct,DistServe,DistServe-2A100,distserve_2a100,realistic_pcie,1,long_extra_13,218.57328398618847,4667.383445019368,11.488922988064587,230.06220697425306,4885.956729005557
mid_l90,mid,90,qwen2.5-7b-instruct,Qwen--Qwen2.5-7B-Instruct,DistServe,DistServe-2A100,distserve_2a100,realistic_pcie,1,long_extra_14,262.2270709834993,4652.503584977239,4.8165759653784335,267.0436469488777,4914.730655960739
mid_l90,mid,90,qwen2.5-7b-instruct,Qwen--Qwen2.5-7B-Instruct,DistServe,DistServe-2A100,distserve_2a100,realistic_pcie,1,long_extra_15,220.90459399623796,4657.022619037889,10.67628205055371,231.58087604679167,4877.927213034127
mid_l90,mid,90,qwen2.5-7b-instruct,Qwen--Qwen2.5-7B-Instruct,DistServe,DistServe-2A100,distserve_2a100,realistic_pcie,1,long_extra_16,270.5571469850838,4672.416337009054,4.2097720433957875,274.7669190284796,4942.9734839941375
mid_l90,mid,90,qwen2.5-7b-instruct,Qwen--Qwen2.5-7B-Instruct,DistServe,DistServe-2A100,distserve_2a100,realistic_pcie,1,long_extra_17,215.48163902480155,4205.321699962951,4.222690011374652,219.7043290361762,4420.803338987753
mid_l90,mid,90,qwen2.5-7b-instruct,Qwen--Qwen2.5-7B-Instruct,DistServe,DistServe-2A100,distserve_2a100,realistic_pcie,1,long_extra_18,222.97076100949198,4695.180628041271,4.151125031057745,227.12188604054973,4918.151389050763
mid_l90,mid,90,qwen2.5-7b-instruct,Qwen--Qwen2.5-7B-Instruct,DistServe,DistServe-2A100,distserve_2a100,realistic_pcie,1,long_extra_19,223.79762504715472,4662.406937975902,5.520585982594639,229.31821102974936,4886.204563023057
mid_l90,mid,90,qwen2.5-7b-instruct,Qwen--Qwen2.5-7B-Instruct,DistServe,DistServe-2A100,distserve_2a100,realistic_pcie,1,long_extra_20,223.91219896962866,4664.754794037435,7.449376047588885,231.36157501721755,4888.666993007064
mid_l90,mid,90,qwen2.5-7b-instruct,Qwen--Qwen2.5-7B-Instruct,DistServe,DistServe-2A100,distserve_2a100,realistic_pcie,1,long_extra_21,225.46924004564062,4663.040797982831,5.954453954473138,231.42369400011376,4888.510038028471
mid_l90,mid,90,qwen2.5-7b-instruct,Qwen--Qwen2.5-7B-Instruct,DistServe,DistServe-2A100,distserve_2a100,realistic_pcie,1,long_extra_22,219.40639801323414,4686.3859329605475,9.19648096896708,228.60287898220122,4905.792330973782
mid_l90,mid,90,qwen2.5-7b-instruct,Qwen--Qwen2.5-7B-Instruct,DistServe,DistServe-2A100,distserve_2a100,realistic_pcie,1,long_extra_23,221.50964400498196,4682.352866046131,7.964300049934536,229.4739440549165,4903.862510051113
mid_l90,mid,90,qwen2.5-7b-instruct,Qwen--Qwen2.5-7B-Instruct,DistServe,DistServe-2A100,distserve_2a100,realistic_pcie,1,long_extra_24,262.2604829957709,4678.882697015069,4.666756023652852,266.9272390194237,4941.14318001084
mid_l90,mid,90,qwen2.5-7b-instruct,Qwen--Qwen2.5-7B-Instruct,DistServe,DistServe-2A100,distserve_2a100,realistic_pcie,1,long_extra_25,221.8559539760463,4675.496885029133,9.278131008613855,231.13408498466015,4897.35283900518
mid_l90,mid,90,qwen2.5-7b-instruct,Qwen--Qwen2.5-7B-Instruct,DistServe,DistServe-2A100,distserve_2a100,realistic_pcie,1,long_extra_26,223.07006298797205,4704.965018026996,7.977964996825904,231.04802798479795,4928.0350810149685
mid_l90,mid,90,qwen2.5-7b-instruct,Qwen--Qwen2.5-7B-Instruct,DistServe,DistServe-2A100,distserve_2a100,realistic_pcie,1,long_extra_27,225.34989699488506,4661.364010011312,72.83381265642674,224.44924799492583,4886.713907006197
mid_l90,mid,90,qwen2.5-7b-instruct,Qwen--Qwen2.5-7B-Instruct,DistServe,DistServe-2A100,distserve_2a100,realistic_pcie,1,long_extra_28,220.51050601294264,4655.799261992797,6.565703020896763,227.0762090338394,4876.30976800574
mid_l90,mid,90,qwen2.5-7b-instruct,Qwen--Qwen2.5-7B-Instruct,DistServe,DistServe-2A100,distserve_2a100,realistic_pcie,1,long_extra_29,221.67745500337332,4656.247775012162,8.088884002063423,229.76633900543675,4877.925230015535
mid_l90,mid,90,qwen2.5-7b-instruct,Qwen--Qwen2.5-7B-Instruct,DistServe,DistServe-2A100,distserve_2a100,realistic_pcie,1,long_extra_30,217.87257899995893,4683.131037047133,9.708248020615429,227.58082702057436,4901.003616047092
mid_l90,mid,90,qwen2.5-7b-instruct,Qwen--Qwen2.5-7B-Instruct,DistServe,DistServe-2A100,distserve_2a100,realistic_pcie,1,long_extra_31,264.6083770086989,4665.924280008767,5.641758034471422,270.2501350431703,4930.532657017466
mid_l90,mid,90,qwen2.5-7b-instruct,Qwen--Qwen2.5-7B-Instruct,DistServe,DistServe-2A100,distserve_2a100,realistic_pcie,1,long_extra_32,223.37390400934964,4662.3006369918585,6.092247960623354,229.466151969973,4885.674541001208
mid_l90,mid,90,qwen2.5-7b-instruct,Qwen--Qwen2.5-7B-Instruct,DistServe,DistServe-2A100,distserve_2a100,realistic_pcie,1,long_extra_33,258.4545119898394,4656.253096007276,11.704017000738531,270.1585289905779,4914.707607997116
mid_l90,mid,90,qwen2.5-7b-instruct,Qwen--Qwen2.5-7B-Instruct,DistServe,DistServe-2A100,distserve_2a100,realistic_pcie,1,mid_b,76.19158201850951,4646.699431992602,1.4130789786577225,77.60466099716723,4722.891014011111
mid_l90,mid,90,qwen2.5-7b-instruct,Qwen--Qwen2.5-7B-Instruct,DistServe,DistServe-2A100,distserve_2a100,realistic_pcie,1,short_a,76.27383799990639,4626.263812999241,2.4528479552827775,78.72668595518917,4702.537650999147
mid_l90,mid,90,qwen2.5-7b-instruct,Qwen--Qwen2.5-7B-Instruct,DistServe,DistServe-2A100,distserve_2a100,realistic_pcie,1,short_extra_00,76.69563702074811,4650.407269014977,1.8001520074903965,78.4957890282385,4727.102906035725
mid_l90,mid,90,qwen2.5-7b-instruct,Qwen--Qwen2.5-7B-Instruct,DistServe,DistServe-2A100,distserve_2a100,realistic_pcie,1,short_extra_01,77.47743703657761,4177.832741988823,65.27863659357536,71.54345704475418,4255.3101790254
