{
  "passed": true,
  "buckets": [
    256,
    512,
    1024,
    1536
  ],
  "solo_bucket_count": 4,
  "ratio_count": 10,
  "ratio_min": 0.5643392458954911,
  "ratio_median": 0.9367902862541984,
  "ratio_max": 1.1091261615860812,
  "reasons": []
}