{
  "passed": true,
  "buckets": [
    256,
    512,
    1024,
    1536
  ],
  "solo_bucket_count": 4,
  "ratio_count": 10,
  "ratio_min": 0.6166196194993033,
  "ratio_median": 0.8940302974258374,
  "ratio_max": 1.083760966851519,
  "reasons": []
}