{
  "passed": true,
  "buckets": [
    256,
    512,
    1024,
    1536
  ],
  "solo_bucket_count": 4,
  "ratio_count": 10,
  "ratio_min": 0.5833610775317606,
  "ratio_median": 0.8372012421954547,
  "ratio_max": 1.058940928481978,
  "reasons": []
}