{
  "passed": true,
  "buckets": [
    256,
    512,
    1024,
    1536
  ],
  "solo_bucket_count": 4,
  "ratio_count": 10,
  "ratio_min": 0.69716504963779,
  "ratio_median": 1.031115652844115,
  "ratio_max": 1.1015744877449682,
  "reasons": []
}