{
  "config": {
    "model_name": "Mistral-7B-v0.1",
    "model_path": "/home/onceas/.cache/huggingface/hub/models--mistralai--Mistral-7B-v0.1/snapshots/27d67f1b5f57dc0953326b2601d68371d40ea8da",
    "max_new_tokens": 32,
    "timeout_sec": 240,
    "warmup_iters": 0,
    "repeats": 1,
    "short_repeat": 16,
    "long_repeat": 320,
    "include_strict": false,
    "phase2_dispatch_mode": "async_experimental",
    "adapter_a": "/tmp/waveslice_synthetic_adapters/mistral-7b-v0.1/adapter_rank8_seed7",
    "adapter_b": "/tmp/waveslice_synthetic_adapters/mistral-7b-v0.1/adapter_rank16_seed11"
  },
  "token_lengths": {
    "short_a": 353,
    "short_b": 801,
    "long_b": 3878
  },
  "phase1": {
    "ttft_improve_ratio": {
      "count": 1.0,
      "mean": 0.65368326627378,
      "p50": 0.65368326627378,
      "p95": 0.65368326627378,
      "p99": 0.65368326627378,
      "min": 0.65368326627378,
      "max": 0.65368326627378
    },
    "error_rate": {
      "count": 1.0,
      "mean": 0.0,
      "p50": 0.0,
      "p95": 0.0,
      "p99": 0.0,
      "min": 0.0,
      "max": 0.0
    },
    "scheduler_apply_ratio": {
      "count": 1.0,
      "mean": 0.08571428571428572,
      "p50": 0.08571428571428572,
      "p95": 0.08571428571428572,
      "p99": 0.08571428571428572,
      "min": 0.08571428571428572,
      "max": 0.08571428571428572
    }
  },
  "phase2": {
    "ttft_improve_ratio": {
      "count": 1.0,
      "mean": 1.080129159178933,
      "p50": 1.080129159178933,
      "p95": 1.080129159178933,
      "p99": 1.080129159178933,
      "min": 1.080129159178933,
      "max": 1.080129159178933
    },
    "slowdown_improve_ratio": {
      "count": 1.0,
      "mean": 1.0768030831151532,
      "p50": 1.0768030831151532,
      "p95": 1.0768030831151532,
      "p99": 1.0768030831151532,
      "min": 1.0768030831151532,
      "max": 1.0768030831151532
    },
    "wave_error_rate": {
      "count": 1.0,
      "mean": 0.6666666666666667,
      "p50": 0.6666666666666667,
      "p95": 0.6666666666666667,
      "p99": 0.6666666666666667,
      "min": 0.6666666666666667,
      "max": 0.6666666666666667
    },
    "baseline_noise_error_rate": {
      "count": 1.0,
      "mean": 0.6666666666666667,
      "p50": 0.6666666666666667,
      "p95": 0.6666666666666667,
      "p99": 0.6666666666666667,
      "min": 0.6666666666666667,
      "max": 0.6666666666666667
    },
    "incremental_error_rate": {
      "count": 1.0,
      "mean": 0.0,
      "p50": 0.0,
      "p95": 0.0,
      "p99": 0.0,
      "min": 0.0,
      "max": 0.0
    },
    "phase2_apply_ratio": {
      "count": 1.0,
      "mean": 0.4626865671641791,
      "p50": 0.4626865671641791,
      "p95": 0.4626865671641791,
      "p99": 0.4626865671641791,
      "min": 0.4626865671641791,
      "max": 0.4626865671641791
    }
  },
  "per_repeat": {
    "phase1": [
      {
        "base_ttft_short_p99_ms": 185.1955819875002,
        "wave_ttft_short_p99_ms": 283.31088088452816,
        "ttft_improve_ratio": 0.65368326627378,
        "text_match_rate": 1.0,
        "error_rate": 0.0,
        "scheduler_apply_ratio": 0.08571428571428572,
        "scheduler_applied": 3,
        "scheduler_attempts": 35
      }
    ],
    "phase2": [
      {
        "base_ttft_short_p99_ms": 2924.026849186048,
        "wave_ttft_short_p99_ms": 2707.1085196966305,
        "ttft_improve_ratio": 1.080129159178933,
        "base_slowdown_short_p99": 2041.0970284584255,
        "wave_slowdown_short_p99": 1895.5155872637401,
        "slowdown_improve_ratio": 1.0768030831151532,
        "baseline_noise_match_rate": 0.3333333333333333,
        "baseline_noise_error_rate": 0.6666666666666667,
        "wave_match_rate": 0.3333333333333333,
        "wave_error_rate": 0.6666666666666667,
        "incremental_error_rate": 0.0,
        "phase2_apply_ratio": 0.4626865671641791,
        "phase2_applied": 31,
        "phase2_attempts": 67
      }
    ]
  }
}