{
  "config": {
    "model_name": "Mistral-7B-v0.1",
    "model_path": "/home/onceas/.cache/huggingface/hub/models--mistralai--Mistral-7B-v0.1/snapshots/27d67f1b5f57dc0953326b2601d68371d40ea8da",
    "max_new_tokens": 64,
    "timeout_sec": 240,
    "warmup_iters": 2,
    "repeats": 6,
    "short_repeat": 24,
    "long_repeat": 360,
    "include_strict": true,
    "phase2_dispatch_mode": "synchronized",
    "adapter_a": "/tmp/waveslice_synthetic_adapters/mistral-7b-v0.1/adapter_rank8_seed7",
    "adapter_b": "/tmp/waveslice_synthetic_adapters/mistral-7b-v0.1/adapter_rank16_seed11"
  },
  "token_lengths": {
    "short_a": 529,
    "short_b": 1201,
    "long_b": 3842
  },
  "phase1": {
    "ttft_improve_ratio": {
      "count": 6.0,
      "mean": 0.5438012665844091,
      "p50": 0.5393054709506189,
      "p95": 0.5658526698230838,
      "p99": 0.5717568719624552,
      "min": 0.533129885321052,
      "max": 0.5732329224972981
    },
    "error_rate": {
      "count": 6.0,
      "mean": 0.0,
      "p50": 0.0,
      "p95": 0.0,
      "p99": 0.0,
      "min": 0.0,
      "max": 0.0
    },
    "scheduler_apply_ratio": {
      "count": 6.0,
      "mean": 0.04477611940298507,
      "p50": 0.04477611940298507,
      "p95": 0.04477611940298507,
      "p99": 0.04477611940298507,
      "min": 0.04477611940298507,
      "max": 0.04477611940298507
    }
  },
  "phase2": {
    "ttft_improve_ratio": {
      "count": 6.0,
      "mean": 1.0007940940046571,
      "p50": 1.0026735133621738,
      "p95": 1.0147753954260765,
      "p99": 1.0167055925358939,
      "min": 0.9835345063205022,
      "max": 1.0171881418133482
    },
    "slowdown_improve_ratio": {
      "count": 6.0,
      "mean": 1.0009992721152225,
      "p50": 1.0049477010051622,
      "p95": 1.0142487469406505,
      "p99": 1.014922826744074,
      "min": 0.9742956517816407,
      "max": 1.0150913466949298
    },
    "wave_error_rate": {
      "count": 6.0,
      "mean": 0.6666666666666669,
      "p50": 0.6666666666666667,
      "p95": 0.6666666666666667,
      "p99": 0.6666666666666667,
      "min": 0.6666666666666667,
      "max": 0.6666666666666667
    },
    "baseline_noise_error_rate": {
      "count": 6.0,
      "mean": 0.6666666666666669,
      "p50": 0.6666666666666667,
      "p95": 0.6666666666666667,
      "p99": 0.6666666666666667,
      "min": 0.6666666666666667,
      "max": 0.6666666666666667
    },
    "incremental_error_rate": {
      "count": 6.0,
      "mean": 0.0,
      "p50": 0.0,
      "p95": 0.0,
      "p99": 0.0,
      "min": 0.0,
      "max": 0.0
    },
    "phase2_apply_ratio": {
      "count": 6.0,
      "mean": 0.48091603053435117,
      "p50": 0.48091603053435117,
      "p95": 0.48091603053435117,
      "p99": 0.48091603053435117,
      "min": 0.48091603053435117,
      "max": 0.48091603053435117
    }
  },
  "per_repeat": {
    "phase1": [
      {
        "base_ttft_short_p99_ms": 182.0235508494079,
        "wave_ttft_short_p99_ms": 334.7794059664011,
        "ttft_improve_ratio": 0.543711911800441,
        "text_match_rate": 1.0,
        "error_rate": 0.0,
        "scheduler_apply_ratio": 0.04477611940298507,
        "scheduler_applied": 3,
        "scheduler_attempts": 67
      },
      {
        "base_ttft_short_p99_ms": 179.80609694495797,
        "wave_ttft_short_p99_ms": 332.7913098037243,
        "ttft_improve_ratio": 0.5402968516545853,
        "text_match_rate": 1.0,
        "error_rate": 0.0,
        "scheduler_apply_ratio": 0.04477611940298507,
        "scheduler_applied": 3,
        "scheduler_attempts": 67
      },
      {
        "base_ttft_short_p99_ms": 191.28309236839414,
        "wave_ttft_short_p99_ms": 333.69174180552363,
        "ttft_improve_ratio": 0.5732329224972981,
        "text_match_rate": 1.0,
        "error_rate": 0.0,
        "scheduler_apply_ratio": 0.04477611940298507,
        "scheduler_applied": 3,
        "scheduler_attempts": 67
      },
      {
        "base_ttft_short_p99_ms": 181.0762770473957,
        "wave_ttft_short_p99_ms": 339.0167378820479,
        "ttft_improve_ratio": 0.5341219379864263,
        "text_match_rate": 1.0,
        "error_rate": 0.0,
        "scheduler_apply_ratio": 0.04477611940298507,
        "scheduler_applied": 3,
        "scheduler_attempts": 67
      },
      {
        "base_ttft_short_p99_ms": 179.7720747999847,
        "wave_ttft_short_p99_ms": 337.20127074047923,
        "ttft_improve_ratio": 0.533129885321052,
        "text_match_rate": 1.0,
        "error_rate": 0.0,
        "scheduler_apply_ratio": 0.04477611940298507,
        "scheduler_applied": 3,
        "scheduler_attempts": 67
      },
      {
        "base_ttft_short_p99_ms": 179.48601581156254,
        "wave_ttft_short_p99_ms": 333.4224740974605,
        "ttft_improve_ratio": 0.5383140902466526,
        "text_match_rate": 1.0,
        "error_rate": 0.0,
        "scheduler_apply_ratio": 0.04477611940298507,
        "scheduler_applied": 3,
        "scheduler_attempts": 67
      }
    ],
    "phase2": [
      {
        "base_ttft_short_p99_ms": 5172.871959581971,
        "wave_ttft_short_p99_ms": 5167.189204939641,
        "ttft_improve_ratio": 1.0010997767677827,
        "base_slowdown_short_p99": 3769.2548120273,
        "wave_slowdown_short_p99": 3725.587397077042,
        "slowdown_improve_ratio": 1.0117209476778126,
        "baseline_noise_match_rate": 0.3333333333333333,
        "baseline_noise_error_rate": 0.6666666666666667,
        "wave_match_rate": 0.3333333333333333,
        "wave_error_rate": 0.6666666666666667,
        "incremental_error_rate": 0.0,
        "phase2_apply_ratio": 0.48091603053435117,
        "phase2_applied": 63,
        "phase2_attempts": 131,
        "strict_ttft_short_p99_ms": 5215.964061021805,
        "strict_ttft_improve_ratio": 0.991738420561243,
        "strict_slowdown_short_p99": 3840.6057499360245,
        "strict_slowdown_improve_ratio": 0.9814219572238277,
        "strict_match_rate": 0.3333333333333333,
        "strict_error_rate": 0.6666666666666667,
        "strict_incremental_error_rate": 0.0,
        "strict_phase2_apply_ratio": 0.0,
        "strict_phase2_applied": 0,
        "strict_phase2_attempts": 131
      },
      {
        "base_ttft_short_p99_ms": 5131.766313496046,
        "wave_ttft_short_p99_ms": 5217.677956917323,
        "ttft_improve_ratio": 0.9835345063205022,
        "base_slowdown_short_p99": 3691.681005976123,
        "wave_slowdown_short_p99": 3710.2609370809914,
        "slowdown_improve_ratio": 0.9949922845266279,
        "baseline_noise_match_rate": 0.3333333333333333,
        "baseline_noise_error_rate": 0.6666666666666667,
        "wave_match_rate": 0.3333333333333333,
        "wave_error_rate": 0.6666666666666667,
        "incremental_error_rate": 0.0,
        "phase2_apply_ratio": 0.48091603053435117,
        "phase2_applied": 63,
        "phase2_attempts": 131,
        "strict_ttft_short_p99_ms": 5086.403332967311,
        "strict_ttft_improve_ratio": 1.0089184788462835,
        "strict_slowdown_short_p99": 3691.280048044315,
        "strict_slowdown_improve_ratio": 1.0001086230051877,
        "strict_match_rate": 0.3333333333333333,
        "strict_error_rate": 0.6666666666666667,
        "strict_incremental_error_rate": 0.0,
        "strict_phase2_apply_ratio": 0.0,
        "strict_phase2_applied": 0,
        "strict_phase2_attempts": 131
      },
      {
        "base_ttft_short_p99_ms": 5198.224998572841,
        "wave_ttft_short_p99_ms": 5159.338259887882,
        "ttft_improve_ratio": 1.0075371562642619,
        "base_slowdown_short_p99": 3744.363160763662,
        "wave_slowdown_short_p99": 3725.4488666258,
        "slowdown_improve_ratio": 1.0050770510655251,
        "baseline_noise_match_rate": 0.3333333333333333,
        "baseline_noise_error_rate": 0.6666666666666667,
        "wave_match_rate": 0.3333333333333333,
        "wave_error_rate": 0.6666666666666667,
        "incremental_error_rate": 0.0,
        "phase2_apply_ratio": 0.48091603053435117,