Batch Size,Serial Total Time (s),Parallel Total Time (s),Serial Avg Req Time (s),Parallel Avg Req Time (s),Serial Throughput (samples/s),Parallel Throughput (samples/s),Serial Model1 Time (s),Parallel Model1 Time (s),Serial Model2 Time (s),Parallel Model2 Time (s),Serial GPU Util (%),Parallel GPU Util (%),Serial Mem Util (%),Parallel Mem Util (%),Serial Mem Used (MB),Parallel Mem Used (MB)
1,866.7885,623.0708,4.333943,3.115354,0.23,0.32,4.3745,6.2292,4.2934,5.8646,41.62,52.02,25.69,35.61,29133.87,30107.77
2,905.9813,635.1671,2.264953,1.587918,0.44,0.63,4.5286,3.1752,4.5312,3.0239,41.66,53.29,24.74,35.22,30218.81,30917.63
4,917.2820,642.3813,1.146602,0.802977,0.87,1.25,4.6183,1.6050,4.5545,1.5198,42.25,54.01,24.67,35.13,31011.34,32927.27
8,921.9564,641.4446,0.576223,0.400903,1.74,2.49,4.6727,0.8563,4.5469,0.8106,43.96,56.68,24.91,36.06,33140.00,34101.46
16,911.4172,635.2560,0.284818,0.198517,3.51,5.04,4.6040,0.5542,4.5102,0.5286,48.09,61.49,26.43,38.41,34276.00,41254.64
32,932.5315,648.0709,0.145708,0.101261,6.86,9.88,4.7233,0.5346,4.6020,0.5112,51.54,66.64,28.35,41.30,42410.00,59086.14
64,1005.9470,888.5446,0.078590,0.069418,12.72,14.41,5.0560,0.1852,5.0034,0.1839,60.70,63.15,32.25,37.01,60751.96,55787.90
128,1293.0350,1280.1946,0.050509,0.050008,19.80,20.00,6.2350,0.1257,6.6953,0.1279,77.03,74.37,36.25,38.07,48046.89,56184.01
